disease_flag,disease_label,phenotype,variant,effect_allele,other_allele,family,analysis_tier,confirmatory_role,panel,metric,region,source,analysis,model,status,n,n_case,n_control,beta_per_A_controls,se_per_A_controls,p_per_A_controls,beta_interaction,se_interaction,p_interaction,beta_per_A_cases_from_interaction,se_per_A_cases_from_interaction,p_per_A_cases_from_interaction,vcov_type,n_case_AA,n_case_AG,n_case_GG,raw_p,minus_log10_raw_p,stratum,beta_per_A,se_per_A,p_per_A
broad_neurodeg_case,"Broad clinical neurodegeneration, excluding MS definition",dMRI_TBSS_L1_body_of_corpus_callosum,rs2546890,A,G,directional_tensor_context,directional_tensor_context,directional_context,primary,L1,body of corpus callosum,basket,interaction,dosage_A_x_disease_flag,ok,33493,286.0,33207.0,-0.0013438773123643,0.0066679306286163,0.840274934800002,0.1417595847705331,0.0728545361100668,0.0516884093133573,0.1404157074581688,0.0725488373155691,0.0529417277899854,nonrobust,84.0,144.0,58.0,0.0516884093133573,1.2866068328363949,,,,
ms_case,"Multiple sclerosis current union, corrected G35-first-occurrence",free_water_like__wm__forceps_minor,rs2546890,A,G,secondary_composite,secondary_composite,mechanistic_composite,secondary,free_water_like,forceps minor,composite,interaction,dosage_A_x_disease_flag,ok,33498,135.0,33363.0,-0.0150644722185734,0.0123631253832277,0.2230425000260618,0.3789166133157008,0.1999794251482523,0.0581304382723774,0.3638521410971274,0.1995949191108349,0.0683194457760543,nonrobust,35.0,71.0,29.0,0.0581304382723774,1.2355964026834267,,,,
broad_neurodeg_case,"Broad clinical neurodegeneration, excluding MS definition",dMRI_weighted_mean_FA_forceps_major,rs2546890,A,G,replication_weighted_tensor,replication_weighted_tensor,replication,primary,FA,forceps major,basket,interaction,dosage_A_x_disease_flag,ok,33486,286.0,33200.0,0.0054099550450839,0.0073003421713777,0.4586653003004198,-0.149207355958221,0.0797598991894695,0.0613945139518163,-0.143797400913137,0.0794251646739346,0.0702308868486603,nonrobust,84.0,144.0,58.0,0.0613945139518163,1.2118704345086695,,,,
broad_neurodeg_case,"Broad clinical neurodegeneration, excluding MS definition",dMRI_weighted_mean_FA_forceps_major,rs2546890,A,G,replication_weighted_tensor,replication_weighted_tensor,replication,primary,FA,forceps major,basket,stratified_case,additive_dosage_within_stratum,ok,286,,,,,,,,,,,,nonrobust,,,,0.0652300549434183,1.1855522556701634,1.0,-0.1675547810367611,0.0904480472512476,0.0652300549434183
ms_case,"Multiple sclerosis current union, corrected G35-first-occurrence",axonal_loss_like__tbss__genu_of_corpus_callosum,rs2546890,A,G,secondary_composite,secondary_composite,mechanistic_composite,secondary,axonal_loss_like,genu of corpus callosum,composite,stratified_case,additive_dosage_within_stratum,ok,135,,,,,,,,,,,,nonrobust,,,,0.078138651706658,1.107134086858487,1.0,0.2599401189723919,0.1456680132332446,0.078138651706658
ms_case,"Multiple sclerosis current union, corrected G35-first-occurrence",tract_geometry_like__tbss__body_of_corpus_callosum,rs2546890,A,G,secondary_composite,secondary_composite,mechanistic_composite,secondary,tract_geometry_like,body of corpus callosum,composite,stratified_noncase,additive_dosage_within_stratum,ok,33363,,,,,,,,,,,,nonrobust,,,,0.0826907563077631,1.0825430358997468,0.0,0.0140231680564224,0.0080809578691899,0.0826907563077631
ms_case,"Multiple sclerosis current union, corrected G35-first-occurrence",roi__genu_of_corpus_callosum__PC1,rs2546890,A,G,secondary_roi_pca,secondary_roi_pca,dimension_reduction,secondary,PC1,genu of corpus callosum,roi_pca,interaction,dosage_A_x_disease_flag,ok,33498,135.0,33363.0,-0.0217565762744386,0.0150812678359343,0.1491362083602525,0.4227083092557349,0.2439466703483014,0.0831422505996999,0.4009517329812963,0.2434776272580572,0.0996146581650046,nonrobust,35.0,71.0,29.0,0.0831422505996999,1.0801782236378208,,,,
ms_case,"Multiple sclerosis current union, corrected G35-first-occurrence",roi__genu_of_corpus_callosum__PC1,rs2546890,A,G,secondary_roi_pca,secondary_roi_pca,dimension_reduction,secondary,PC1,genu of corpus callosum,roi_pca,interaction,dosage_A_x_disease_flag,ok,33498,135.0,33363.0,-0.0217565762744386,0.0150812678359343,0.1491362083602525,0.4227083092557349,0.2439466703483014,0.0831422505996999,0.4009517329812963,0.2434776272580572,0.0996146581650046,nonrobust,35.0,71.0,29.0,0.0831422505996999,1.0801782236378208,,,,
ms_case,"Multiple sclerosis current union, corrected G35-first-occurrence",demyelination_like__wm__forceps_minor,rs2546890,A,G,secondary_composite,secondary_composite,mechanistic_composite,secondary,demyelination_like,forceps minor,composite,interaction,dosage_A_x_disease_flag,ok,33498,135.0,33363.0,-0.0132261815645991,0.0112703341346621,0.2405879103642763,0.3152341841599339,0.1823030076631026,0.0837866343638352,0.3020080025953347,0.1819524885682814,0.0969604625109538,nonrobust,35.0,71.0,29.0,0.0837866343638352,1.07682525446024,,,,
broad_neurodeg_case,"Broad clinical neurodegeneration, excluding MS definition",free_water_like__tbss__body_of_corpus_callosum,rs2546890,A,G,secondary_composite,secondary_composite,mechanistic_composite,secondary,free_water_like,body of corpus callosum,composite,interaction,dosage_A_x_disease_flag,ok,33498,286.0,33212.0,-0.0166385799867195,0.0120755450584971,0.1682514031520983,0.2278521833807782,0.1319424928709522,0.0841939165870654,0.2112136033940586,0.1313888897168107,0.1079442226532882,nonrobust,84.0,144.0,58.0,0.0841939165870654,1.0747192872190512,,,,
broad_neurodeg_case,"Broad clinical neurodegeneration, excluding MS definition",dMRI_TBSS_RD_splenium_of_corpus_callosum,rs2546890,A,G,primary_skeleton_tensor,primary_skeleton_tensor,primary,primary,RD,splenium of corpus callosum,derived,interaction,dosage_A_x_disease_flag,ok,33463,286.0,33177.0,-0.0096668250567517,0.0071553904736346,0.1767093943135866,0.1340560152673784,0.0781402230411965,0.0862477190323153,0.1243891902106267,0.0778118757944508,0.1099214660721229,nonrobust,84.0,144.0,58.0,0.0862477190323153,1.06425238175936,,,,
ms_case,"Multiple sclerosis current union, corrected G35-first-occurrence",dMRI_TBSS_ICVF_genu_of_corpus_callosum,rs2546890,A,G,secondary_mechanistic,secondary_mechanistic,mechanistic_support,primary,ICVF,genu of corpus callosum,basket,stratified_case,additive_dosage_within_stratum,ok,135,,,,,,,,,,,,nonrobust,,,,0.0865619958628804,1.0626727385794337,1.0,-0.2799273424569962,0.1613258489939885,0.0865619958628804
ms_case,"Multiple sclerosis current union, corrected G35-first-occurrence",axonal_loss_like__tbss__body_of_corpus_callosum,rs2546890,A,G,secondary_composite,secondary_composite,mechanistic_composite,secondary,axonal_loss_like,body of corpus callosum,composite,stratified_case,additive_dosage_within_stratum,ok,135,,,,,,,,,,,,nonrobust,,,,0.0906046225886811,1.0428496443370598,1.0,0.2925619057648473,0.1707993795166868,0.0906046225886811
ms_case,"Multiple sclerosis current union, corrected G35-first-occurrence",free_water_like__tbss__genu_of_corpus_callosum,rs2546890,A,G,secondary_composite,secondary_composite,mechanistic_composite,secondary,free_water_like,genu of corpus callosum,composite,interaction,dosage_A_x_disease_flag,ok,33498,135.0,33363.0,-0.0177785965832667,0.0117062464830656,0.128840595630366,0.3204150285686076,0.189354096942438,0.090627203407966,0.3026364319853409,0.1889900205209255,0.1093120725916276,nonrobust,35.0,71.0,29.0,0.090627203407966,1.0427414213446675,,,,
broad_neurodeg_case,"Broad clinical neurodegeneration, excluding MS definition",dMRI_TBSS_MD_body_of_corpus_callosum,rs2546890,A,G,primary_skeleton_tensor,primary_skeleton_tensor,primary,primary,MD,body of corpus callosum,basket,interaction,dosage_A_x_disease_flag,ok,33491,286.0,33205.0,-0.0070966102797587,0.0064742394098357,0.2730296320634969,0.119210550129384,0.0707315872920377,0.0919220290262249,0.1121139398496253,0.070434714839854,0.1114519945273859,nonrobust,84.0,144.0,58.0,0.0919220290262249,1.0365803978840922,,,,
ms_case,"Multiple sclerosis current union, corrected G35-first-occurrence",demyelination_like__tbss__genu_of_corpus_callosum,rs2546890,A,G,secondary_composite,secondary_composite,mechanistic_composite,secondary,demyelination_like,genu of corpus callosum,composite,interaction,dosage_A_x_disease_flag,ok,33498,135.0,33363.0,-0.0164013933054103,0.0119509304591185,0.1699498122033433,0.3221401413406216,0.193311976471867,0.0956379225506252,0.3057387480352113,0.1929402901246169,0.1130601445227803,nonrobust,35.0,71.0,29.0,0.0956379225506252,1.0193698662095343,,,,
broad_neurodeg_case,"Broad clinical neurodegeneration, excluding MS definition",roi__body_of_corpus_callosum__PC1,rs2546890,A,G,secondary_roi_pca,secondary_roi_pca,dimension_reduction,secondary,PC1,body of corpus callosum,roi_pca,stratified_noncase,additive_dosage_within_stratum,ok,33212,,,,,,,,,,,,nonrobust,,,,0.0971696953524083,1.012469158873283,0.0,-0.0259636147831572,0.0156522401571649,0.0971696953524083
ms_case,"Multiple sclerosis current union, corrected G35-first-occurrence",tract_geometry_like__tbss__body_of_corpus_callosum,rs2546890,A,G,secondary_composite,secondary_composite,mechanistic_composite,secondary,tract_geometry_like,body of corpus callosum,composite,interaction,dosage_A_x_disease_flag,ok,33498,135.0,33363.0,0.0140372062279584,0.0081118248960692,0.0835569574925441,-0.217251036985607,0.1312126205417226,0.0977884171259162,-0.2032138307576485,0.1309603343640508,0.1207385875099207,nonrobust,35.0,71.0,29.0,0.0977884171259162,1.0097125836194265,,,,
broad_neurodeg_case,"Broad clinical neurodegeneration, excluding MS definition",roi__body_of_corpus_callosum__PC2,rs2546890,A,G,secondary_roi_pca,secondary_roi_pca,dimension_reduction,secondary,PC2,body of corpus callosum,roi_pca,interaction,dosage_A_x_disease_flag,ok,33498,286.0,33212.0,-0.0039438219611196,0.0081277438113864,0.6275166589797248,-0.1459485299807545,0.0888071531923255,0.1003029556762108,-0.1498923519418742,0.0884345369180091,0.0900937155370287,nonrobust,84.0,144.0,58.0,0.1003029556762108,0.9986862692232936,,,,
ms_case,"Multiple sclerosis current union, corrected G35-first-occurrence",dMRI_TBSS_RD_genu_of_corpus_callosum,rs2546890,A,G,primary_skeleton_tensor,primary_skeleton_tensor,primary,primary,RD,genu of corpus callosum,derived,stratified_case,additive_dosage_within_stratum,ok,135,,,,,,,,,,,,nonrobust,,,,0.102600647597444,0.9888498980243112,1.0,0.2028402165216213,0.1228377434673836,0.102600647597444
broad_neurodeg_case,"Broad clinical neurodegeneration, excluding MS definition",dMRI_TBSS_FA_splenium_of_corpus_callosum,rs2546890,A,G,primary_skeleton_tensor,primary_skeleton_tensor,primary,primary,FA,splenium of corpus callosum,basket,interaction,dosage_A_x_disease_flag,ok,33472,286.0,33186.0,0.0089329267349392,0.0074164610570693,0.2284153619992633,-0.1320741076963576,0.08100694712925,0.1030254162254913,-0.1231411809614184,0.080666733969438,0.126884331291073,nonrobust,84.0,144.0,58.0,0.1030254162254913,0.9870556222382788,,,,
broad_neurodeg_case,"Broad clinical neurodegeneration, excluding MS definition",tract_geometry_like__tbss__body_of_corpus_callosum,rs2546890,A,G,secondary_composite,secondary_composite,mechanistic_composite,secondary,tract_geometry_like,body of corpus callosum,composite,stratified_noncase,additive_dosage_within_stratum,ok,33212,,,,,,,,,,,,nonrobust,,,,0.1038847094562469,0.9834483705127,0.0,0.0132382745205926,0.0081398677767221,0.1038847094562469
broad_neurodeg_case,"Broad clinical neurodegeneration, excluding MS definition",dMRI_TBSS_ICVF_splenium_of_corpus_callosum,rs2546890,A,G,secondary_mechanistic,secondary_mechanistic,mechanistic_support,primary,ICVF,splenium of corpus callosum,basket,stratified_noncase,additive_dosage_within_stratum,ok,33201,,,,,,,,,,,,nonrobust,,,,0.1098749422340018,0.9591013402454605,0.0,0.0110285360347539,0.006898015543767,0.1098749422340018
ms_case,"Multiple sclerosis current union, corrected G35-first-occurrence",roi__body_of_corpus_callosum__PC1,rs2546890,A,G,secondary_roi_pca,secondary_roi_pca,dimension_reduction,secondary,PC1,body of corpus callosum,roi_pca,stratified_noncase,additive_dosage_within_stratum,ok,33363,,,,,,,,,,,,nonrobust,,,,0.1106811960547476,0.9559261563871542,0.0,-0.0247124405856559,0.0154919326163498,0.1106811960547476
broad_neurodeg_case,"Broad clinical neurodegeneration, excluding MS definition",free_water_like__tbss__genu_of_corpus_callosum,rs2546890,A,G,secondary_composite,secondary_composite,mechanistic_composite,secondary,free_water_like,genu of corpus callosum,composite,stratified_noncase,additive_dosage_within_stratum,ok,33212,,,,,,,,,,,,nonrobust,,,,0.1174901359149009,0.9299985937969624,0.0,-0.0183409955158212,0.0117162180356671,0.1174901359149009
broad_neurodeg_case,"Broad clinical neurodegeneration, excluding MS definition",dMRI_TBSS_FA_splenium_of_corpus_callosum,rs2546890,A,G,primary_skeleton_tensor,primary_skeleton_tensor,primary,primary,FA,splenium of corpus callosum,basket,stratified_case,additive_dosage_within_stratum,ok,286,,,,,,,,,,,,nonrobust,,,,0.1194474251184935,0.9228232077297808,1.0,-0.1455408173210928,0.093122892486171,0.1194474251184935
ms_case,"Multiple sclerosis current union, corrected G35-first-occurrence",dMRI_TBSS_ICVF_splenium_of_corpus_callosum,rs2546890,A,G,secondary_mechanistic,secondary_mechanistic,mechanistic_support,primary,ICVF,splenium of corpus callosum,basket,stratified_noncase,additive_dosage_within_stratum,ok,33352,,,,,,,,,,,,nonrobust,,,,0.1196613183248462,0.9220462167868674,0.0,0.010680408554706,0.0068629717164222,0.1196613183248462
broad_neurodeg_case,"Broad clinical neurodegeneration, excluding MS definition",roi__splenium_of_corpus_callosum__PC1,rs2546890,A,G,secondary_roi_pca,secondary_roi_pca,dimension_reduction,secondary,PC1,splenium of corpus callosum,roi_pca,stratified_noncase,additive_dosage_within_stratum,ok,33212,,,,,,,,,,,,nonrobust,,,,0.1211692944572649,0.9166074209063276,0.0,-0.0243682582965442,0.0157222275068929,0.1211692944572649
broad_neurodeg_case,"Broad clinical neurodegeneration, excluding MS definition",roi__splenium_of_corpus_callosum__PC1,rs2546890,A,G,secondary_roi_pca,secondary_roi_pca,dimension_reduction,secondary,PC1,splenium of corpus callosum,roi_pca,stratified_noncase,additive_dosage_within_stratum,ok,33212,,,,,,,,,,,,nonrobust,,,,0.1211692944572649,0.9166074209063276,0.0,-0.0243682582965442,0.0157222275068929,0.1211692944572649
ms_case,"Multiple sclerosis current union, corrected G35-first-occurrence",dMRI_weighted_mean_MD_forceps_minor,rs2546890,A,G,replication_weighted_tensor,replication_weighted_tensor,replication,primary,MD,forceps minor,basket,interaction,dosage_A_x_disease_flag,ok,33493,135.0,33358.0,-0.0080466685418944,0.0066587371607954,0.2268875199101875,0.1668899096380748,0.1077053848777719,0.1212701090098415,0.1588432410961804,0.1074982748404494,0.1395148510049273,nonrobust,35.0,71.0,29.0,0.1212701090098415,0.9162462320420004,,,,
ms_case,"Multiple sclerosis current union, corrected G35-first-occurrence",demyelination_like__wm__forceps_minor,rs2546890,A,G,secondary_composite,secondary_composite,mechanistic_composite,secondary,demyelination_like,forceps minor,composite,stratified_case,additive_dosage_within_stratum,ok,135,,,,,,,,,,,,nonrobust,,,,0.1215295891329563,0.9153179703563682,1.0,0.4075186727901358,0.2603948672771818,0.1215295891329563
ms_case,"Multiple sclerosis current union, corrected G35-first-occurrence",free_water_like__wm__forceps_minor,rs2546890,A,G,secondary_composite,secondary_composite,mechanistic_composite,secondary,free_water_like,forceps minor,composite,stratified_case,additive_dosage_within_stratum,ok,135,,,,,,,,,,,,nonrobust,,,,0.1225731590264821,0.9116046208690106,1.0,0.4339852287706939,0.2780944174237195,0.1225731590264821
broad_neurodeg_case,"Broad clinical neurodegeneration, excluding MS definition",demyelination_like__tbss__splenium_of_corpus_callosum,rs2546890,A,G,secondary_composite,secondary_composite,mechanistic_composite,secondary,demyelination_like,splenium of corpus callosum,composite,stratified_noncase,additive_dosage_within_stratum,ok,33212,,,,,,,,,,,,nonrobust,,,,0.1229099014991926,0.9104131293735238,0.0,-0.0195051318357825,0.0126433939926874,0.1229099014991926
broad_neurodeg_case,"Broad clinical neurodegeneration, excluding MS definition",demyelination_like__tbss__body_of_corpus_callosum,rs2546890,A,G,secondary_composite,secondary_composite,mechanistic_composite,secondary,demyelination_like,body of corpus callosum,composite,stratified_noncase,additive_dosage_within_stratum,ok,33212,,,,,,,,,,,,nonrobust,,,,0.1250442793291184,0.9029361720872304,0.0,-0.0189455759427876,0.0123506070581842,0.1250442793291184
ms_case,"Multiple sclerosis current union, corrected G35-first-occurrence",dMRI_TBSS_FA_genu_of_corpus_callosum,rs2546890,A,G,primary_skeleton_tensor,primary_skeleton_tensor,primary,primary,FA,genu of corpus callosum,basket,stratified_case,additive_dosage_within_stratum,ok,135,,,,,,,,,,,,nonrobust,,,,0.1256142868884849,0.9009609627965232,1.0,-0.1921793352951153,0.124161826423815,0.1256142868884849
broad_neurodeg_case,"Broad clinical neurodegeneration, excluding MS definition",demyelination_like__wm__forceps_major,rs2546890,A,G,secondary_composite,secondary_composite,mechanistic_composite,secondary,demyelination_like,forceps major,composite,interaction,dosage_A_x_disease_flag,ok,33498,286.0,33212.0,0.0024675840356347,0.0134196305503527,0.8541097405209906,0.2236667594475325,0.146628537233175,0.1271695150340903,0.2261343434831673,0.1460133145029297,0.1214575139390567,nonrobust,84.0,144.0,58.0,0.1271695150340903,0.8956169849079179,,,,
ms_case,"Multiple sclerosis current union, corrected G35-first-occurrence",free_water_like__tbss__genu_of_corpus_callosum,rs2546890,A,G,secondary_composite,secondary_composite,mechanistic_composite,secondary,free_water_like,genu of corpus callosum,composite,stratified_noncase,additive_dosage_within_stratum,ok,33363,,,,,,,,,,,,nonrobust,,,,0.1281188933519322,0.892386821282216,0.0,-0.0177700606769591,0.0116785381163572,0.1281188933519322
broad_neurodeg_case,"Broad clinical neurodegeneration, excluding MS definition",roi__genu_of_corpus_callosum__PC1,rs2546890,A,G,secondary_roi_pca,secondary_roi_pca,dimension_reduction,secondary,PC1,genu of corpus callosum,roi_pca,stratified_noncase,additive_dosage_within_stratum,ok,33212,,,,,,,,,,,,nonrobust,,,,0.1415998573404353,0.8489371841906915,0.0,-0.0221866972310516,0.0150940760858833,0.1415998573404353
broad_neurodeg_case,"Broad clinical neurodegeneration, excluding MS definition",roi__genu_of_corpus_callosum__PC1,rs2546890,A,G,secondary_roi_pca,secondary_roi_pca,dimension_reduction,secondary,PC1,genu of corpus callosum,roi_pca,stratified_noncase,additive_dosage_within_stratum,ok,33212,,,,,,,,,,,,nonrobust,,,,0.1415998573404353,0.8489371841906915,0.0,-0.0221866972310516,0.0150940760858833,0.1415998573404353
ms_case,"Multiple sclerosis current union, corrected G35-first-occurrence",demyelination_like__tbss__body_of_corpus_callosum,rs2546890,A,G,secondary_composite,secondary_composite,mechanistic_composite,secondary,demyelination_like,body of corpus callosum,composite,stratified_noncase,additive_dosage_within_stratum,ok,33363,,,,,,,,,,,,nonrobust,,,,0.1458779236722558,0.8360104267683142,0.0,-0.0177964955944198,0.0122373181928896,0.1458779236722558
ms_case,"Multiple sclerosis current union, corrected G35-first-occurrence",roi__genu_of_corpus_callosum__PC1,rs2546890,A,G,secondary_roi_pca,secondary_roi_pca,dimension_reduction,secondary,PC1,genu of corpus callosum,roi_pca,stratified_noncase,additive_dosage_within_stratum,ok,33363,,,,,,,,,,,,nonrobust,,,,0.1487784193521315,0.8274600596234272,0.0,-0.0217257043276026,0.0150466142514851,0.1487784193521315
ms_case,"Multiple sclerosis current union, corrected G35-first-occurrence",roi__genu_of_corpus_callosum__PC1,rs2546890,A,G,secondary_roi_pca,secondary_roi_pca,dimension_reduction,secondary,PC1,genu of corpus callosum,roi_pca,stratified_noncase,additive_dosage_within_stratum,ok,33363,,,,,,,,,,,,nonrobust,,,,0.1487784193521315,0.8274600596234272,0.0,-0.0217257043276026,0.0150466142514851,0.1487784193521315
broad_neurodeg_case,"Broad clinical neurodegeneration, excluding MS definition",dMRI_TBSS_RD_splenium_of_corpus_callosum,rs2546890,A,G,primary_skeleton_tensor,primary_skeleton_tensor,primary,primary,RD,splenium of corpus callosum,derived,stratified_case,additive_dosage_within_stratum,ok,286,,,,,,,,,,,,nonrobust,,,,0.1557714648259423,0.8075120961091968,1.0,0.1286646138137016,0.0903490105667618,0.1557714648259423
broad_neurodeg_case,"Broad clinical neurodegeneration, excluding MS definition",dMRI_weighted_mean_RD_forceps_major,rs2546890,A,G,replication_weighted_tensor,replication_weighted_tensor,replication,primary,RD,forceps major,derived,interaction,dosage_A_x_disease_flag,ok,33483,286.0,33197.0,-0.000627754625738,0.0073303278269929,0.9317547014763302,0.1136079529834325,0.0800806105849936,0.1560045961524867,0.1129801983576944,0.0797444682833915,0.1565572000051582,nonrobust,84.0,144.0,58.0,0.1560045961524867,0.8068626064259311,,,,
broad_neurodeg_case,"Broad clinical neurodegeneration, excluding MS definition",axonal_loss_like__wm__forceps_major,rs2546890,A,G,secondary_composite,secondary_composite,mechanistic_composite,secondary,axonal_loss_like,forceps major,composite,stratified_case,additive_dosage_within_stratum,ok,286,,,,,,,,,,,,nonrobust,,,,0.1585199740720111,0.7999160073723132,1.0,0.1127672885659063,0.0797143606723366,0.1585199740720111
ms_case,"Multiple sclerosis current union, corrected G35-first-occurrence",roi__splenium_of_corpus_callosum__PC1,rs2546890,A,G,secondary_roi_pca,secondary_roi_pca,dimension_reduction,secondary,PC1,splenium of corpus callosum,roi_pca,stratified_noncase,additive_dosage_within_stratum,ok,33363,,,,,,,,,,,,nonrobust,,,,0.1614789796428188,0.7918840034832578,0.0,-0.0217525100658481,0.0155358893323134,0.1614789796428188
ms_case,"Multiple sclerosis current union, corrected G35-first-occurrence",roi__splenium_of_corpus_callosum__PC1,rs2546890,A,G,secondary_roi_pca,secondary_roi_pca,dimension_reduction,secondary,PC1,splenium of corpus callosum,roi_pca,stratified_noncase,additive_dosage_within_stratum,ok,33363,,,,,,,,,,,,nonrobust,,,,0.1614789796428188,0.7918840034832578,0.0,-0.0217525100658481,0.0155358893323134,0.1614789796428188
broad_neurodeg_case,"Broad clinical neurodegeneration, excluding MS definition",demyelination_like__tbss__genu_of_corpus_callosum,rs2546890,A,G,secondary_composite,secondary_composite,mechanistic_composite,secondary,demyelination_like,genu of corpus callosum,composite,stratified_noncase,additive_dosage_within_stratum,ok,33212,,,,,,,,,,,,nonrobust,,,,0.1617046564075717,0.7912774740762984,0.0,-0.016742315414282,0.0119639878531457,0.1617046564075717
ms_case,"Multiple sclerosis current union, corrected G35-first-occurrence",tract_geometry_like__wm__forceps_major,rs2546890,A,G,secondary_composite,secondary_composite,mechanistic_composite,secondary,tract_geometry_like,forceps major,composite,interaction,dosage_A_x_disease_flag,ok,33498,135.0,33363.0,0.0013575258942809,0.0098441517520096,0.8903188863491038,0.2220603442233508,0.1592338302343643,0.1631593178500572,0.2234178701176317,0.1589276668926064,0.1597977546391669,nonrobust,35.0,71.0,29.0,0.1631593178500572,0.7873881190853625,,,,
ms_case,"Multiple sclerosis current union, corrected G35-first-occurrence",dMRI_TBSS_ICVF_body_of_corpus_callosum,rs2546890,A,G,secondary_mechanistic,secondary_mechanistic,mechanistic_support,primary,ICVF,body of corpus callosum,basket,stratified_case,additive_dosage_within_stratum,ok,135,,,,,,,,,,,,nonrobust,,,,0.1638534282154011,0.7855444676813238,1.0,-0.211332986292334,0.1504008158322158,0.1638534282154011
ms_case,"Multiple sclerosis current union, corrected G35-first-occurrence",tract_geometry_like__tbss__genu_of_corpus_callosum,rs2546890,A,G,secondary_composite,secondary_composite,mechanistic_composite,secondary,tract_geometry_like,genu of corpus callosum,composite,stratified_case,additive_dosage_within_stratum,ok,135,,,,,,,,,,,,nonrobust,,,,0.164119480071877,0.7848398675415402,1.0,-0.2285414080128251,0.1627515838489787,0.164119480071877
ms_case,"Multiple sclerosis current union, corrected G35-first-occurrence",demyelination_like__tbss__splenium_of_corpus_callosum,rs2546890,A,G,secondary_composite,secondary_composite,mechanistic_composite,secondary,demyelination_like,splenium of corpus callosum,composite,stratified_noncase,additive_dosage_within_stratum,ok,33363,,,,,,,,,,,,nonrobust,,,,0.1643057175167405,0.7843473237057365,0.0,-0.0173854879949989,0.0125006573530342,0.1643057175167405
broad_neurodeg_case,"Broad clinical neurodegeneration, excluding MS definition",free_water_like__tbss__splenium_of_corpus_callosum,rs2546890,A,G,secondary_composite,secondary_composite,mechanistic_composite,secondary,free_water_like,splenium of corpus callosum,composite,stratified_noncase,additive_dosage_within_stratum,ok,33212,,,,,,,,,,,,nonrobust,,,,0.1643851811673863,0.784137335380548,0.0,-0.0169957442538491,0.0122227212232309,0.1643851811673863
broad_neurodeg_case,"Broad clinical neurodegeneration, excluding MS definition",demyelination_like__tbss__body_of_corpus_callosum,rs2546890,A,G,secondary_composite,secondary_composite,mechanistic_composite,secondary,demyelination_like,body of corpus callosum,composite,interaction,dosage_A_x_disease_flag,ok,33498,286.0,33212.0,-0.0188809767650067,0.012373596210114,0.127042088095943,0.1874407416038059,0.1351991253257935,0.1656325175438518,0.1685597648387991,0.1346318580217663,0.2105767841758233,nonrobust,84.0,144.0,58.0,0.1656325175438518,0.7808543969985372,,,,
broad_neurodeg_case,"Broad clinical neurodegeneration, excluding MS definition",free_water_like__tbss__body_of_corpus_callosum,rs2546890,A,G,secondary_composite,secondary_composite,mechanistic_composite,secondary,free_water_like,body of corpus callosum,composite,stratified_noncase,additive_dosage_within_stratum,ok,33212,,,,,,,,,,,,nonrobust,,,,0.1659837938106531,0.7799343131779731,0.0,-0.0166980935648367,0.012054164926075,0.1659837938106531
ms_case,"Multiple sclerosis current union, corrected G35-first-occurrence",demyelination_like__tbss__genu_of_corpus_callosum,rs2546890,A,G,secondary_composite,secondary_composite,mechanistic_composite,secondary,demyelination_like,genu of corpus callosum,composite,stratified_case,additive_dosage_within_stratum,ok,135,,,,,,,,,,,,nonrobust,,,,0.1661009208526776,0.779627959841634,1.0,0.406337244003218,0.2907420455212858,0.1661009208526776
broad_neurodeg_case,"Broad clinical neurodegeneration, excluding MS definition",tract_geometry_like__wm__forceps_major,rs2546890,A,G,secondary_composite,secondary_composite,mechanistic_composite,secondary,tract_geometry_like,forceps major,composite,stratified_case,additive_dosage_within_stratum,ok,286,,,,,,,,,,,,nonrobust,,,,0.1666066892557877,0.7783075656629894,1.0,-0.1675994302514563,0.1207867438928672,0.1666066892557877
ms_case,"Multiple sclerosis current union, corrected G35-first-occurrence",demyelination_like__tbss__genu_of_corpus_callosum,rs2546890,A,G,secondary_composite,secondary_composite,mechanistic_composite,secondary,demyelination_like,genu of corpus callosum,composite,stratified_noncase,additive_dosage_within_stratum,ok,33363,,,,,,,,,,,,nonrobust,,,,0.1695566329478233,0.7706852162291976,0.0,-0.0163824927125454,0.0119261663031104,0.1695566329478233
ms_case,"Multiple sclerosis current union, corrected G35-first-occurrence",roi__genu_of_corpus_callosum__PC1,rs2546890,A,G,secondary_roi_pca,secondary_roi_pca,dimension_reduction,secondary,PC1,genu of corpus callosum,roi_pca,stratified_case,additive_dosage_within_stratum,ok,135,,,,,,,,,,,,nonrobust,,,,0.1702861194050298,0.7688207514002088,1.0,0.5153007809684306,0.3723964548473429,0.1702861194050298
ms_case,"Multiple sclerosis current union, corrected G35-first-occurrence",roi__genu_of_corpus_callosum__PC1,rs2546890,A,G,secondary_roi_pca,secondary_roi_pca,dimension_reduction,secondary,PC1,genu of corpus callosum,roi_pca,stratified_case,additive_dosage_within_stratum,ok,135,,,,,,,,,,,,nonrobust,,,,0.1702861194050298,0.7688207514002088,1.0,0.5153007809684306,0.3723964548473429,0.1702861194050298
broad_neurodeg_case,"Broad clinical neurodegeneration, excluding MS definition",dMRI_TBSS_MD_splenium_of_corpus_callosum,rs2546890,A,G,primary_skeleton_tensor,primary_skeleton_tensor,primary,primary,MD,splenium of corpus callosum,basket,stratified_noncase,additive_dosage_within_stratum,ok,33187,,,,,,,,,,,,nonrobust,,,,0.171821784375097,0.7649217751140519,0.0,-0.0089363827302126,0.0065400784409469,0.171821784375097
broad_neurodeg_case,"Broad clinical neurodegeneration, excluding MS definition",dMRI_TBSS_RD_splenium_of_corpus_callosum,rs2546890,A,G,primary_skeleton_tensor,primary_skeleton_tensor,primary,primary,RD,splenium of corpus callosum,derived,stratified_noncase,additive_dosage_within_stratum,ok,33177,,,,,,,,,,,,nonrobust,,,,0.1746355938508834,0.7578672346419526,0.0,-0.0097083380711359,0.0071516958133116,0.1746355938508834
ms_case,"Multiple sclerosis current union, corrected G35-first-occurrence",dMRI_weighted_mean_MD_forceps_minor,rs2546890,A,G,replication_weighted_tensor,replication_weighted_tensor,replication,primary,MD,forceps minor,basket,stratified_case,additive_dosage_within_stratum,ok,135,,,,,,,,,,,,nonrobust,,,,0.1748726317763567,0.757278153920699,1.0,0.1978533864327088,0.1445381970284646,0.1748726317763567
ms_case,"Multiple sclerosis current union, corrected G35-first-occurrence",dMRI_weighted_mean_RD_forceps_minor,rs2546890,A,G,replication_weighted_tensor,replication_weighted_tensor,replication,primary,RD,forceps minor,derived,stratified_case,additive_dosage_within_stratum,ok,135,,,,,,,,,,,,nonrobust,,,,0.1827571080861589,0.7381257227555323,1.0,0.1936219137135831,0.144067081249475,0.1827571080861589
broad_neurodeg_case,"Broad clinical neurodegeneration, excluding MS definition",dMRI_weighted_mean_RD_forceps_minor,rs2546890,A,G,replication_weighted_tensor,replication_weighted_tensor,replication,primary,RD,forceps minor,derived,interaction,dosage_A_x_disease_flag,ok,33492,285.0,33207.0,-0.0076110563060908,0.0068072129675806,0.2635378728680524,0.0989335857670574,0.0746946695639827,0.1853438928844422,0.0913225294609665,0.074383756515023,0.2195602148061389,nonrobust,84.0,144.0,57.0,0.1853438928844422,0.7320217194821828,,,,
ms_case,"Multiple sclerosis current union, corrected G35-first-occurrence",dMRI_weighted_mean_ICVF_forceps_minor,rs2546890,A,G,replication_mechanistic,replication_mechanistic,replication_support,primary,ICVF,forceps minor,basket,stratified_case,additive_dosage_within_stratum,ok,135,,,,,,,,,,,,nonrobust,,,,0.1854344746978055,0.7318095216522844,1.0,-0.2159406345109336,0.1616683149613272,0.1854344746978055
broad_neurodeg_case,"Broad clinical neurodegeneration, excluding MS definition",dMRI_weighted_mean_RD_forceps_major,rs2546890,A,G,replication_weighted_tensor,replication_weighted_tensor,replication,primary,RD,forceps major,derived,stratified_case,additive_dosage_within_stratum,ok,286,,,,,,,,,,,,nonrobust,,,,0.1869283255018428,0.728324884404685,1.0,0.1240851488412347,0.0937448029405432,0.1869283255018428
ms_case,"Multiple sclerosis current union, corrected G35-first-occurrence",dMRI_TBSS_L1_genu_of_corpus_callosum,rs2546890,A,G,directional_tensor_context,directional_tensor_context,directional_context,primary,L1,genu of corpus callosum,basket,interaction,dosage_A_x_disease_flag,ok,33496,135.0,33361.0,-0.0063057573822414,0.0064898016261032,0.3312362032285574,0.1382333187137205,0.1049755959532244,0.1879100535952675,0.1319275613314791,0.1047737584380508,0.2079791450241666,nonrobust,35.0,71.0,29.0,0.1879100535952675,0.7260499835815141,,,,
ms_case,"Multiple sclerosis current union, corrected G35-first-occurrence",dMRI_TBSS_MD_genu_of_corpus_callosum,rs2546890,A,G,primary_skeleton_tensor,primary_skeleton_tensor,primary,primary,MD,genu of corpus callosum,basket,interaction,dosage_A_x_disease_flag,ok,33493,134.0,33359.0,-0.0060723443959095,0.006102303100045,0.319699407963143,0.1302597204804335,0.0994138275243896,0.1901109123923926,0.1241873760845239,0.0992252804399857,0.2107353779700573,nonrobust,34.0,71.0,29.0,0.1901109123923926,0.720992953856373,,,,
broad_neurodeg_case,"Broad clinical neurodegeneration, excluding MS definition",dMRI_TBSS_RD_body_of_corpus_callosum,rs2546890,A,G,primary_skeleton_tensor,primary_skeleton_tensor,primary,primary,RD,body of corpus callosum,derived,interaction,dosage_A_x_disease_flag,ok,33485,286.0,33199.0,-0.0076550637496819,0.0066732303037822,0.2513360408150373,0.0953305702361713,0.0729000473789146,0.1909879015743517,0.0876755064864893,0.0725939869891354,0.2271513550267396,nonrobust,84.0,144.0,58.0,0.1909879015743517,0.7189941429403116,,,,
broad_neurodeg_case,"Broad clinical neurodegeneration, excluding MS definition",roi__body_of_corpus_callosum__PC1,rs2546890,A,G,secondary_roi_pca,secondary_roi_pca,dimension_reduction,secondary,PC1,body of corpus callosum,roi_pca,interaction,dosage_A_x_disease_flag,ok,33498,286.0,33212.0,-0.0258993638160928,0.0156842292710148,0.0986867739250876,0.2238409459964196,0.171372496955828,0.1915050625848151,0.1979415821803267,0.1706534537364412,0.2460962741506167,nonrobust,84.0,144.0,58.0,0.1915050625848151,0.7178197406322381,,,,
ms_case,"Multiple sclerosis current union, corrected G35-first-occurrence",dMRI_weighted_mean_ICVF_forceps_minor,rs2546890,A,G,replication_mechanistic,replication_mechanistic,replication_support,primary,ICVF,forceps minor,basket,interaction,dosage_A_x_disease_flag,ok,33485,135.0,33350.0,0.0070065012673939,0.0068156897259148,0.3039591827775467,-0.1430033595465212,0.1102276207610044,0.1945211274620498,-0.1359968582791273,0.1100156218162265,0.2164079602591744,nonrobust,35.0,71.0,29.0,0.1945211274620498,0.7110332218864648,,,,
ms_case,"Multiple sclerosis current union, corrected G35-first-occurrence",dMRI_TBSS_MD_splenium_of_corpus_callosum,rs2546890,A,G,primary_skeleton_tensor,primary_skeleton_tensor,primary,primary,MD,splenium of corpus callosum,basket,stratified_noncase,additive_dosage_within_stratum,ok,33340,,,,,,,,,,,,nonrobust,,,,0.1948943843035006,0.7102006744849347,0.0,-0.0084242139370775,0.0064988536082656,0.1948943843035006
ms_case,"Multiple sclerosis current union, corrected G35-first-occurrence",dMRI_TBSS_ICVF_genu_of_corpus_callosum,rs2546890,A,G,secondary_mechanistic,secondary_mechanistic,mechanistic_support,primary,ICVF,genu of corpus callosum,basket,interaction,dosage_A_x_disease_flag,ok,33488,135.0,33353.0,0.0042705972650836,0.0070090629889011,0.5423320939489722,-0.1456403707224519,0.1133579729196756,0.198877106113975,-0.1413697734573683,0.1131399749926475,0.2114865602418702,nonrobust,35.0,71.0,29.0,0.198877106113975,0.7014152081306071,,,,
broad_neurodeg_case,"Broad clinical neurodegeneration, excluding MS definition",free_water_like__tbss__genu_of_corpus_callosum,rs2546890,A,G,secondary_composite,secondary_composite,mechanistic_composite,secondary,free_water_like,genu of corpus callosum,composite,interaction,dosage_A_x_disease_flag,ok,33498,286.0,33212.0,-0.0182417342453618,0.0117442270385818,0.1203726073121737,0.1644043988134302,0.1283223725973806,0.2001383992203958,0.1461626645680683,0.1277839587121259,0.2527038297323459,nonrobust,84.0,144.0,58.0,0.2001383992203958,0.6986695781823101,,,,
broad_neurodeg_case,"Broad clinical neurodegeneration, excluding MS definition",free_water_like__wm__forceps_major,rs2546890,A,G,secondary_composite,secondary_composite,mechanistic_composite,secondary,free_water_like,forceps major,composite,interaction,dosage_A_x_disease_flag,ok,33498,286.0,33212.0,0.008230304731866,0.0149542704386927,0.5820728322013228,0.2092283948014613,0.1633966592140792,0.2003804360796022,0.2174586995333274,0.1627110809447223,0.1814043489571848,nonrobust,84.0,144.0,58.0,0.2003804360796022,0.6981446825923814,,,,
broad_neurodeg_case,"Broad clinical neurodegeneration, excluding MS definition",demyelination_like__wm__forceps_major,rs2546890,A,G,secondary_composite,secondary_composite,mechanistic_composite,secondary,demyelination_like,forceps major,composite,stratified_case,additive_dosage_within_stratum,ok,286,,,,,,,,,,,,nonrobust,,,,0.2040533316212337,0.6902563100163874,1.0,0.2343605837750908,0.1840012548377768,0.2040533316212337
ms_case,"Multiple sclerosis current union, corrected G35-first-occurrence",dMRI_TBSS_RD_genu_of_corpus_callosum,rs2546890,A,G,primary_skeleton_tensor,primary_skeleton_tensor,primary,primary,RD,genu of corpus callosum,derived,interaction,dosage_A_x_disease_flag,ok,33489,135.0,33354.0,-0.0042627140704853,0.0062522154463889,0.4953748429134574,0.1282086452980666,0.1011113264935652,0.2048086060545964,0.1239459312275812,0.100916814548374,0.2193809186805345,nonrobust,35.0,71.0,29.0,0.2048086060545964,0.6886517982650793,,,,
ms_case,"Multiple sclerosis current union, corrected G35-first-occurrence",free_water_like__tbss__body_of_corpus_callosum,rs2546890,A,G,secondary_composite,secondary_composite,mechanistic_composite,secondary,free_water_like,body of corpus callosum,composite,stratified_noncase,additive_dosage_within_stratum,ok,33363,,,,,,,,,,,,nonrobust,,,,0.2102275575537334,0.6773103553435914,0.0,-0.0149425287446334,0.011925743438169,0.2102275575537334
ms_case,"Multiple sclerosis current union, corrected G35-first-occurrence",free_water_like__tbss__splenium_of_corpus_callosum,rs2546890,A,G,secondary_composite,secondary_composite,mechanistic_composite,secondary,free_water_like,splenium of corpus callosum,composite,stratified_noncase,additive_dosage_within_stratum,ok,33363,,,,,,,,,,,,nonrobust,,,,0.216379354321045,0.6647841794813111,0.0,-0.0149273601020563,0.0120748409504106,0.216379354321045
ms_case,"Multiple sclerosis current union, corrected G35-first-occurrence",dMRI_TBSS_MD_genu_of_corpus_callosum,rs2546890,A,G,primary_skeleton_tensor,primary_skeleton_tensor,primary,primary,MD,genu of corpus callosum,basket,stratified_case,additive_dosage_within_stratum,ok,134,,,,,,,,,,,,nonrobust,,,,0.2167700353081576,0.6640007516526673,1.0,0.1626789297891283,0.1306536919833548,0.2167700353081576
ms_case,"Multiple sclerosis current union, corrected G35-first-occurrence",dMRI_weighted_mean_RD_forceps_minor,rs2546890,A,G,replication_weighted_tensor,replication_weighted_tensor,replication,primary,RD,forceps minor,derived,interaction,dosage_A_x_disease_flag,ok,33492,135.0,33357.0,-0.0071674226622885,0.0067888727739851,0.2910853482332968,0.1350321984339348,0.1098069600391098,0.218809319584034,0.1278647757716463,0.109595813038479,0.2433422945208112,nonrobust,35.0,71.0,29.0,0.218809319584034,0.6599341843599803,,,,
broad_neurodeg_case,"Broad clinical neurodegeneration, excluding MS definition",free_water_like__wm__forceps_minor,rs2546890,A,G,secondary_composite,secondary_composite,mechanistic_composite,secondary,free_water_like,forceps minor,composite,stratified_noncase,additive_dosage_within_stratum,ok,33212,,,,,,,,,,,,nonrobust,,,,0.2192863269708245,0.6589884467823313,0.0,-0.0151987238736985,0.012372264255021,0.2192863269708245
broad_neurodeg_case,"Broad clinical neurodegeneration, excluding MS definition",dMRI_weighted_mean_MD_forceps_minor,rs2546890,A,G,replication_weighted_tensor,replication_weighted_tensor,replication,primary,MD,forceps minor,basket,stratified_noncase,additive_dosage_within_stratum,ok,33207,,,,,,,,,,,,nonrobust,,,,0.2193443984616627,0.6588734519736597,0.0,-0.008191570961636,0.0066690500661667,0.2193443984616627
ms_case,"Multiple sclerosis current union, corrected G35-first-occurrence",free_water_like__wm__forceps_minor,rs2546890,A,G,secondary_composite,secondary_composite,mechanistic_composite,secondary,free_water_like,forceps minor,composite,stratified_noncase,additive_dosage_within_stratum,ok,33363,,,,,,,,,,,,nonrobust,,,,0.2248659997250551,0.6480762059608669,0.0,-0.0149827886294092,0.0123445908603229,0.2248659997250551
broad_neurodeg_case,"Broad clinical neurodegeneration, excluding MS definition",dMRI_TBSS_FA_splenium_of_corpus_callosum,rs2546890,A,G,primary_skeleton_tensor,primary_skeleton_tensor,primary,primary,FA,splenium of corpus callosum,basket,stratified_noncase,additive_dosage_within_stratum,ok,33186,,,,,,,,,,,,nonrobust,,,,0.226445039604524,0.6450371883216215,0.0,0.0089667151245769,0.0074130226317247,0.226445039604524
ms_case,"Multiple sclerosis current union, corrected G35-first-occurrence",dMRI_weighted_mean_MD_forceps_minor,rs2546890,A,G,replication_weighted_tensor,replication_weighted_tensor,replication,primary,MD,forceps minor,basket,stratified_noncase,additive_dosage_within_stratum,ok,33358,,,,,,,,,,,,nonrobust,,,,0.2281859819392849,0.6417110389423946,0.0,-0.0080159895301278,0.0066519033377817,0.2281859819392849
broad_neurodeg_case,"Broad clinical neurodegeneration, excluding MS definition",demyelination_like__wm__forceps_minor,rs2546890,A,G,secondary_composite,secondary_composite,mechanistic_composite,secondary,demyelination_like,forceps minor,composite,stratified_noncase,additive_dosage_within_stratum,ok,33212,,,,,,,,,,,,nonrobust,,,,0.2298591450493464,0.6385382129688815,0.0,-0.0135356981445519,0.0112727604644762,0.2298591450493464
broad_neurodeg_case,"Broad clinical neurodegeneration, excluding MS definition",dMRI_weighted_mean_MD_forceps_major,rs2546890,A,G,replication_weighted_tensor,replication_weighted_tensor,replication,primary,MD,forceps major,basket,interaction,dosage_A_x_disease_flag,ok,33488,286.0,33202.0,0.0031253547529382,0.0072424410805987,0.666083402493967,0.0949074782273411,0.0791254485871598,0.2303592626654434,0.0980328329802794,0.0787933591532959,0.2134433939166763,nonrobust,84.0,144.0,58.0,0.2303592626654434,0.6375943202308695,,,,
ms_case,"Multiple sclerosis current union, corrected G35-first-occurrence",axonal_loss_like__tbss__body_of_corpus_callosum,rs2546890,A,G,secondary_composite,secondary_composite,mechanistic_composite,secondary,axonal_loss_like,body of corpus callosum,composite,interaction,dosage_A_x_disease_flag,ok,33498,135.0,33363.0,-0.0095532813705677,0.0080213152338662,0.2336671809294176,0.1542104142951459,0.1297485837665015,0.2346321066731622,0.1446571329245781,0.1294991125333103,0.26398048016917,nonrobust,35.0,71.0,29.0,0.2346321066731622,0.6296125600085412,,,,
ms_case,"Multiple sclerosis current union, corrected G35-first-occurrence",axonal_loss_like__tbss__body_of_corpus_callosum,rs2546890,A,G,secondary_composite,secondary_composite,mechanistic_composite,secondary,axonal_loss_like,body of corpus callosum,composite,stratified_noncase,additive_dosage_within_stratum,ok,33363,,,,,,,,,,,,nonrobust,,,,0.2351137298337906,0.6287220088293521,0.0,-0.009515337140758,0.0080141959994436,0.2351137298337906
ms_case,"Multiple sclerosis current union, corrected G35-first-occurrence",roi__body_of_corpus_callosum__PC1,rs2546890,A,G,secondary_roi_pca,secondary_roi_pca,dimension_reduction,secondary,PC1,body of corpus callosum,roi_pca,interaction,dosage_A_x_disease_flag,ok,33498,135.0,33363.0,-0.0247638019453649,0.0155858413166194,0.112100267789486,0.298807196846082,0.2521083860540533,0.2359337298860321,0.2740433949007171,0.2516236502046053,0.2761175027174865,nonrobust,35.0,71.0,29.0,0.2359337298860321,0.6272099664640658,,,,
broad_neurodeg_case,"Broad clinical neurodegeneration, excluding MS definition",dMRI_TBSS_FA_body_of_corpus_callosum,rs2546890,A,G,primary_skeleton_tensor,primary_skeleton_tensor,primary,primary,FA,body of corpus callosum,basket,stratified_noncase,additive_dosage_within_stratum,ok,33200,,,,,,,,,,,,nonrobust,,,,0.2401631436762826,0.6194936402560064,0.0,0.0079769242297492,0.0067911824426265,0.2401631436762826
broad_neurodeg_case,"Broad clinical neurodegeneration, excluding MS definition",dMRI_weighted_mean_ISOVF_forceps_major,rs2546890,A,G,replication_mechanistic,replication_mechanistic,replication_support,primary,ISOVF,forceps major,basket,interaction,dosage_A_x_disease_flag,ok,33494,286.0,33208.0,0.00550106359449,0.0072839690690371,0.4501169999123662,0.0934040807280277,0.0795806723562099,0.2405223339870447,0.0989051443225177,0.0792467099482117,0.2120155354655181,nonrobust,84.0,144.0,58.0,0.2405223339870447,0.6188445904877049,,,,
ms_case,"Multiple sclerosis current union, corrected G35-first-occurrence",demyelination_like__wm__forceps_minor,rs2546890,A,G,secondary_composite,secondary_composite,mechanistic_composite,secondary,demyelination_like,forceps minor,composite,stratified_noncase,additive_dosage_within_stratum,ok,33363,,,,,,,,,,,,nonrobust,,,,0.2425178784831724,0.6152562395756225,0.0,-0.0131511893768988,0.0112524774132955,0.2425178784831724
broad_neurodeg_case,"Broad clinical neurodegeneration, excluding MS definition",dMRI_TBSS_RD_body_of_corpus_callosum,rs2546890,A,G,primary_skeleton_tensor,primary_skeleton_tensor,primary,primary,RD,body of corpus callosum,derived,stratified_noncase,additive_dosage_within_stratum,ok,33199,,,,,,,,,,,,nonrobust,,,,0.2485448065874358,0.6045953071336444,0.0,-0.0076980310473804,0.0066712495431677,0.2485448065874358
ms_case,"Multiple sclerosis current union, corrected G35-first-occurrence",tract_geometry_like__tbss__genu_of_corpus_callosum,rs2546890,A,G,secondary_composite,secondary_composite,mechanistic_composite,secondary,tract_geometry_like,genu of corpus callosum,composite,interaction,dosage_A_x_disease_flag,ok,33498,135.0,33363.0,0.0046168530576117,0.0080181891607814,0.5647559564670952,-0.1481310689948274,0.1296980180495736,0.2534111397006686,-0.1435142159372156,0.1294486440405016,0.2675859165576966,nonrobust,35.0,71.0,29.0,0.2534111397006686,0.5961742978811726,,,,
ms_case,"Multiple sclerosis current union, corrected G35-first-occurrence",dMRI_TBSS_MD_body_of_corpus_callosum,rs2546890,A,G,primary_skeleton_tensor,primary_skeleton_tensor,primary,primary,MD,body of corpus callosum,basket,interaction,dosage_A_x_disease_flag,ok,33491,134.0,33357.0,-0.0064580283044768,0.0064432850401131,0.3162116934498392,0.1194744494551009,0.1051177362735343,0.2557231144821167,0.113016421150624,0.1049195083736958,0.281410929509908,nonrobust,35.0,71.0,28.0,0.2557231144821167,0.5922300148820003,,,,
broad_neurodeg_case,"Broad clinical neurodegeneration, excluding MS definition",demyelination_like__wm__forceps_minor,rs2546890,A,G,secondary_composite,secondary_composite,mechanistic_composite,secondary,demyelination_like,forceps minor,composite,interaction,dosage_A_x_disease_flag,ok,33498,286.0,33212.0,-0.0134798366981248,0.0113013775523942,0.2329716484282839,0.139975935162692,0.1234836125338671,0.2569877915546054,0.1264960984645672,0.1229655010756396,0.3036224243008579,nonrobust,84.0,144.0,58.0,0.2569877915546054,0.5900875077442119,,,,
ms_case,"Multiple sclerosis current union, corrected G35-first-occurrence",dMRI_TBSS_RD_splenium_of_corpus_callosum,rs2546890,A,G,primary_skeleton_tensor,primary_skeleton_tensor,primary,primary,RD,splenium of corpus callosum,derived,stratified_noncase,additive_dosage_within_stratum,ok,33332,,,,,,,,,,,,nonrobust,,,,0.2583238059880867,0.58783556930923,0.0,-0.0080472377273417,0.007119048132347,0.2583238059880867
ms_case,"Multiple sclerosis current union, corrected G35-first-occurrence",dMRI_TBSS_FA_body_of_corpus_callosum,rs2546890,A,G,primary_skeleton_tensor,primary_skeleton_tensor,primary,primary,FA,body of corpus callosum,basket,stratified_noncase,additive_dosage_within_stratum,ok,33351,,,,,,,,,,,,nonrobust,,,,0.2598496739002438,0.5852778238609928,0.0,0.0076134771978408,0.0067569301693347,0.2598496739002438
broad_neurodeg_case,"Broad clinical neurodegeneration, excluding MS definition",axonal_loss_like__tbss__body_of_corpus_callosum,rs2546890,A,G,secondary_composite,secondary_composite,mechanistic_composite,secondary,axonal_loss_like,body of corpus callosum,composite,stratified_noncase,additive_dosage_within_stratum,ok,33212,,,,,,,,,,,,nonrobust,,,,0.2599769549213716,0.585065147390929,0.0,-0.009053549623812,0.0080371344570332,0.2599769549213716
broad_neurodeg_case,"Broad clinical neurodegeneration, excluding MS definition",dMRI_TBSS_ISOVF_genu_of_corpus_callosum,rs2546890,A,G,secondary_mechanistic,secondary_mechanistic,mechanistic_support,primary,ISOVF,genu of corpus callosum,basket,interaction,dosage_A_x_disease_flag,ok,33491,286.0,33205.0,-0.004466493604764,0.0061829751649594,0.4700623532219011,0.0759861048618588,0.0675496846180466,0.2606428465203668,0.0715196112570948,0.067266205981595,0.2876842410109584,nonrobust,84.0,144.0,58.0,0.2606428465203668,0.5839541900132462,,,,
broad_neurodeg_case,"Broad clinical neurodegeneration, excluding MS definition",dMRI_weighted_mean_RD_forceps_minor,rs2546890,A,G,replication_weighted_tensor,replication_weighted_tensor,replication,primary,RD,forceps minor,derived,stratified_noncase,additive_dosage_within_stratum,ok,33207,,,,,,,,,,,,nonrobust,,,,0.2610965882390806,0.5831988030856023,0.0,-0.0076395786136714,0.0067978532862425,0.2610965882390806
broad_neurodeg_case,"Broad clinical neurodegeneration, excluding MS definition",roi__genu_of_corpus_callosum__PC1,rs2546890,A,G,secondary_roi_pca,secondary_roi_pca,dimension_reduction,secondary,PC1,genu of corpus callosum,roi_pca,interaction,dosage_A_x_disease_flag,ok,33498,286.0,33212.0,-0.0220758682617106,0.0151322970510024,0.1446136666491982,0.1849834173669733,0.1653418529847724,0.2632362122496014,0.1629075491052626,0.1646481130884564,0.3224606550046346,nonrobust,84.0,144.0,58.0,0.2632362122496014,0.5796543669638665,,,,
broad_neurodeg_case,"Broad clinical neurodegeneration, excluding MS definition",roi__genu_of_corpus_callosum__PC1,rs2546890,A,G,secondary_roi_pca,secondary_roi_pca,dimension_reduction,secondary,PC1,genu of corpus callosum,roi_pca,interaction,dosage_A_x_disease_flag,ok,33498,286.0,33212.0,-0.0220758682617106,0.0151322970510024,0.1446136666491982,0.1849834173669733,0.1653418529847724,0.2632362122496014,0.1629075491052626,0.1646481130884564,0.3224606550046346,nonrobust,84.0,144.0,58.0,0.2632362122496014,0.5796543669638665,,,,
broad_neurodeg_case,"Broad clinical neurodegeneration, excluding MS definition",dMRI_TBSS_MD_body_of_corpus_callosum,rs2546890,A,G,primary_skeleton_tensor,primary_skeleton_tensor,primary,primary,MD,body of corpus callosum,basket,stratified_noncase,additive_dosage_within_stratum,ok,33205,,,,,,,,,,,,nonrobust,,,,0.2692291300660811,0.5698779520909893,0.0,-0.0071492107349739,0.0064707053224512,0.2692291300660811
ms_case,"Multiple sclerosis current union, corrected G35-first-occurrence",demyelination_like__tbss__body_of_corpus_callosum,rs2546890,A,G,secondary_composite,secondary_composite,mechanistic_composite,secondary,demyelination_like,body of corpus callosum,composite,interaction,dosage_A_x_disease_flag,ok,33498,135.0,33363.0,-0.0178392561987281,0.0123019932875558,0.1470369376151724,0.2178359297419012,0.1989905844650412,0.273653909894544,0.199996673543173,0.1986079796992793,0.3139458399968374,nonrobust,35.0,71.0,29.0,0.273653909894544,0.5627983423926816,,,,
broad_neurodeg_case,"Broad clinical neurodegeneration, excluding MS definition",free_water_like__wm__forceps_minor,rs2546890,A,G,secondary_composite,secondary_composite,mechanistic_composite,secondary,free_water_like,forceps minor,composite,interaction,dosage_A_x_disease_flag,ok,33498,286.0,33212.0,-0.0151630587954031,0.0123971143369026,0.2212960317628118,0.1481731939003212,0.1354560942875342,0.2740139317354017,0.1330101351049181,0.1348877487953916,0.3241009051363176,nonrobust,84.0,144.0,58.0,0.2740139317354017,0.5622273557124843,,,,
ms_case,"Multiple sclerosis current union, corrected G35-first-occurrence",dMRI_TBSS_RD_body_of_corpus_callosum,rs2546890,A,G,primary_skeleton_tensor,primary_skeleton_tensor,primary,primary,RD,body of corpus callosum,derived,stratified_noncase,additive_dosage_within_stratum,ok,33351,,,,,,,,,,,,nonrobust,,,,0.2761511448064641,0.5588531520343665,0.0,-0.0072239513857153,0.0066334174349997,0.2761511448064641
broad_neurodeg_case,"Broad clinical neurodegeneration, excluding MS definition",dMRI_weighted_mean_ICVF_forceps_major,rs2546890,A,G,replication_mechanistic,replication_mechanistic,replication_support,primary,ICVF,forceps major,basket,interaction,dosage_A_x_disease_flag,ok,33482,286.0,33196.0,0.0031926535683228,0.0070884872846653,0.6524250786638406,-0.083856084662021,0.0774365202345137,0.2788601829962728,-0.0806634310936982,0.0771114705805704,0.2955396618230501,nonrobust,84.0,144.0,58.0,0.2788601829962728,0.5546134919708998,,,,
broad_neurodeg_case,"Broad clinical neurodegeneration, excluding MS definition",tract_geometry_like__wm__forceps_major,rs2546890,A,G,secondary_composite,secondary_composite,mechanistic_composite,secondary,tract_geometry_like,forceps major,composite,interaction,dosage_A_x_disease_flag,ok,33498,286.0,33212.0,0.0032455474440499,0.009868112598114,0.7422390626287427,-0.1162919190133173,0.1078231557928917,0.2807992449755159,-0.1130463715692673,0.1073707523416789,0.2924127632928455,nonrobust,84.0,144.0,58.0,0.2807992449755159,0.5516040642894118,,,,
broad_neurodeg_case,"Broad clinical neurodegeneration, excluding MS definition",demyelination_like__tbss__genu_of_corpus_callosum,rs2546890,A,G,secondary_composite,secondary_composite,mechanistic_composite,secondary,demyelination_like,genu of corpus callosum,composite,interaction,dosage_A_x_disease_flag,ok,33498,286.0,33212.0,-0.0166390928790233,0.0119909666581404,0.1652572646513896,0.1411052883186014,0.1310183536348318,0.2814930766862381,0.1244661954395781,0.1304686279759903,0.3400939355286703,nonrobust,84.0,144.0,58.0,0.2814930766862381,0.5505322821410135,,,,
broad_neurodeg_case,"Broad clinical neurodegeneration, excluding MS definition",tract_geometry_like__tbss__splenium_of_corpus_callosum,rs2546890,A,G,secondary_composite,secondary_composite,mechanistic_composite,secondary,tract_geometry_like,splenium of corpus callosum,composite,stratified_case,additive_dosage_within_stratum,ok,286,,,,,,,,,,,,nonrobust,,,,0.2877690342945695,0.5409559406236208,1.0,-0.1150775647917365,0.1080048952796434,0.2877690342945695
broad_neurodeg_case,"Broad clinical neurodegeneration, excluding MS definition",axonal_loss_like__tbss__splenium_of_corpus_callosum,rs2546890,A,G,secondary_composite,secondary_composite,mechanistic_composite,secondary,axonal_loss_like,splenium of corpus callosum,composite,stratified_noncase,additive_dosage_within_stratum,ok,33212,,,,,,,,,,,,nonrobust,,,,0.2886666269103347,0.5396034225150991,0.0,-0.0084637022138128,0.0079765862681089,0.2886666269103347
broad_neurodeg_case,"Broad clinical neurodegeneration, excluding MS definition",dMRI_TBSS_ISOVF_body_of_corpus_callosum,rs2546890,A,G,secondary_mechanistic,secondary_mechanistic,mechanistic_support,primary,ISOVF,body of corpus callosum,basket,interaction,dosage_A_x_disease_flag,ok,33492,286.0,33206.0,-0.0031477524767288,0.006177092855146,0.6103457554179902,0.0714795703743352,0.0674865160018748,0.2895308451997269,0.0683318178976064,0.067203245963754,0.3092590735317818,nonrobust,84.0,144.0,58.0,0.2895308451997269,0.5383051618624778,,,,
broad_neurodeg_case,"Broad clinical neurodegeneration, excluding MS definition",tract_geometry_like__wm__forceps_minor,rs2546890,A,G,secondary_composite,secondary_composite,mechanistic_composite,secondary,tract_geometry_like,forceps minor,composite,stratified_case,additive_dosage_within_stratum,ok,286,,,,,,,,,,,,nonrobust,,,,0.2907634927693045,0.5364601228616267,1.0,-0.1261533509595074,0.1191392420355886,0.2907634927693045
ms_case,"Multiple sclerosis current union, corrected G35-first-occurrence",dMRI_weighted_mean_RD_forceps_minor,rs2546890,A,G,replication_weighted_tensor,replication_weighted_tensor,replication,primary,RD,forceps minor,derived,stratified_noncase,additive_dosage_within_stratum,ok,33357,,,,,,,,,,,,nonrobust,,,,0.2933450002392579,0.5326213094827795,0.0,-0.0071272179072403,0.0067824750385426,0.2933450002392579
broad_neurodeg_case,"Broad clinical neurodegeneration, excluding MS definition",dMRI_TBSS_MD_genu_of_corpus_callosum,rs2546890,A,G,primary_skeleton_tensor,primary_skeleton_tensor,primary,primary,MD,genu of corpus callosum,basket,interaction,dosage_A_x_disease_flag,ok,33493,286.0,33207.0,-0.0063194351725464,0.0061211080635569,0.3018919940739246,0.070243165978716,0.066875065646009,0.2935583511137224,0.0639237308061695,0.0665944225827325,0.3371144180890991,nonrobust,84.0,144.0,58.0,0.2935583511137224,0.5323055603518296,,,,
broad_neurodeg_case,"Broad clinical neurodegeneration, excluding MS definition",dMRI_weighted_mean_ICVF_forceps_minor,rs2546890,A,G,replication_mechanistic,replication_mechanistic,replication_support,primary,ICVF,forceps minor,basket,stratified_noncase,additive_dosage_within_stratum,ok,33199,,,,,,,,,,,,nonrobust,,,,0.294862040477223,0.5303811334244061,0.0,0.0071533439891651,0.0068287610963785,0.294862040477223
broad_neurodeg_case,"Broad clinical neurodegeneration, excluding MS definition",dMRI_TBSS_MD_genu_of_corpus_callosum,rs2546890,A,G,primary_skeleton_tensor,primary_skeleton_tensor,primary,primary,MD,genu of corpus callosum,basket,stratified_noncase,additive_dosage_within_stratum,ok,33207,,,,,,,,,,,,nonrobust,,,,0.2967782331479736,0.5275679550452437,0.0,-0.0063852304085925,0.0061197337808823,0.2967782331479736
ms_case,"Multiple sclerosis current union, corrected G35-first-occurrence",dMRI_TBSS_FA_splenium_of_corpus_callosum,rs2546890,A,G,primary_skeleton_tensor,primary_skeleton_tensor,primary,primary,FA,splenium of corpus callosum,basket,stratified_noncase,additive_dosage_within_stratum,ok,33339,,,,,,,,,,,,nonrobust,,,,0.297395703086651,0.5266653106601908,0.0,0.0076942203436597,0.0073837287515498,0.297395703086651
ms_case,"Multiple sclerosis current union, corrected G35-first-occurrence",dMRI_weighted_mean_ISOVF_forceps_major,rs2546890,A,G,replication_mechanistic,replication_mechanistic,replication_support,primary,ISOVF,forceps major,basket,stratified_case,additive_dosage_within_stratum,ok,134,,,,,,,,,,,,nonrobust,,,,0.298121874139543,0.5256061572462165,1.0,-0.1864367295663435,0.1780190421616679,0.298121874139543
ms_case,"Multiple sclerosis current union, corrected G35-first-occurrence",dMRI_weighted_mean_ICVF_forceps_major,rs2546890,A,G,replication_mechanistic,replication_mechanistic,replication_support,primary,ICVF,forceps major,basket,interaction,dosage_A_x_disease_flag,ok,33482,135.0,33347.0,0.0027774801965651,0.0070540905065587,0.6937752456814537,-0.1181540864135193,0.1140807948282801,0.300347131480868,-0.1153766062169542,0.1138614019650482,0.3109206679677838,nonrobust,35.0,71.0,29.0,0.300347131480868,0.522376511504138,,,,
broad_neurodeg_case,"Broad clinical neurodegeneration, excluding MS definition",dMRI_TBSS_L1_genu_of_corpus_callosum,rs2546890,A,G,directional_tensor_context,directional_tensor_context,directional_context,primary,L1,genu of corpus callosum,basket,interaction,dosage_A_x_disease_flag,ok,33496,286.0,33210.0,-0.0065116067151631,0.0065062849135274,0.3169220731537227,0.0733547765717499,0.0710903785342774,0.3021487380470217,0.0668431698565868,0.0707920961994941,0.3450650928614126,nonrobust,84.0,144.0,58.0,0.3021487380470217,0.5197792152839987,,,,
ms_case,"Multiple sclerosis current union, corrected G35-first-occurrence",dMRI_weighted_mean_ICVF_forceps_minor,rs2546890,A,G,replication_mechanistic,replication_mechanistic,replication_support,primary,ICVF,forceps minor,basket,stratified_noncase,additive_dosage_within_stratum,ok,33350,,,,,,,,,,,,nonrobust,,,,0.3034979814922072,0.517844192989749,0.0,0.0070071620510868,0.0068098338362458,0.3034979814922072
broad_neurodeg_case,"Broad clinical neurodegeneration, excluding MS definition",axonal_loss_like__tbss__splenium_of_corpus_callosum,rs2546890,A,G,secondary_composite,secondary_composite,mechanistic_composite,secondary,axonal_loss_like,splenium of corpus callosum,composite,stratified_case,additive_dosage_within_stratum,ok,286,,,,,,,,,,,,nonrobust,,,,0.3051496258054763,0.5154871582674945,1.0,0.1084316617074265,0.1055055081797697,0.3051496258054763
broad_neurodeg_case,"Broad clinical neurodegeneration, excluding MS definition",free_water_like__wm__forceps_major,rs2546890,A,G,secondary_composite,secondary_composite,mechanistic_composite,secondary,free_water_like,forceps major,composite,stratified_case,additive_dosage_within_stratum,ok,286,,,,,,,,,,,,nonrobust,,,,0.3089007311039362,0.5101810638124068,1.0,0.2019781203837927,0.1980609314836307,0.3089007311039362
ms_case,"Multiple sclerosis current union, corrected G35-first-occurrence",dMRI_TBSS_RD_body_of_corpus_callosum,rs2546890,A,G,primary_skeleton_tensor,primary_skeleton_tensor,primary,primary,RD,body of corpus callosum,derived,interaction,dosage_A_x_disease_flag,ok,33485,134.0,33351.0,-0.0072044820396882,0.0066447299006989,0.278266214388854,0.1098680990177342,0.1083958824794227,0.310789658559403,0.1026636169780459,0.1081914323015992,0.342674729329109,nonrobust,35.0,71.0,28.0,0.310789658559403,0.5075334406604014,,,,
broad_neurodeg_case,"Broad clinical neurodegeneration, excluding MS definition",dMRI_TBSS_L1_genu_of_corpus_callosum,rs2546890,A,G,directional_tensor_context,directional_tensor_context,directional_context,primary,L1,genu of corpus callosum,basket,stratified_noncase,additive_dosage_within_stratum,ok,33210,,,,,,,,,,,,nonrobust,,,,0.3111895703134298,0.5069749670526243,0.0,-0.0065876345178602,0.0065047344279593,0.3111895703134298
broad_neurodeg_case,"Broad clinical neurodegeneration, excluding MS definition",roi__splenium_of_corpus_callosum__PC2,rs2546890,A,G,secondary_roi_pca,secondary_roi_pca,dimension_reduction,secondary,PC2,splenium of corpus callosum,roi_pca,stratified_case,additive_dosage_within_stratum,ok,286,,,,,,,,,,,,nonrobust,,,,0.3121489360069592,0.5056381410693696,1.0,0.136141024669035,0.1344019525721005,0.3121489360069592
broad_neurodeg_case,"Broad clinical neurodegeneration, excluding MS definition",roi__splenium_of_corpus_callosum__PC2,rs2546890,A,G,secondary_roi_pca,secondary_roi_pca,dimension_reduction,secondary,PC2,splenium of corpus callosum,roi_pca,stratified_case,additive_dosage_within_stratum,ok,286,,,,,,,,,,,,nonrobust,,,,0.3121489360069592,0.5056381410693696,1.0,0.136141024669035,0.1344019525721005,0.3121489360069592
ms_case,"Multiple sclerosis current union, corrected G35-first-occurrence",dMRI_TBSS_MD_body_of_corpus_callosum,rs2546890,A,G,primary_skeleton_tensor,primary_skeleton_tensor,primary,primary,MD,body of corpus callosum,basket,stratified_noncase,additive_dosage_within_stratum,ok,33357,,,,,,,,,,,,nonrobust,,,,0.313065806207751,0.5043643644694638,0.0,-0.0064867835809481,0.0064300372567143,0.313065806207751
ms_case,"Multiple sclerosis current union, corrected G35-first-occurrence",free_water_like__tbss__genu_of_corpus_callosum,rs2546890,A,G,secondary_composite,secondary_composite,mechanistic_composite,secondary,free_water_like,genu of corpus callosum,composite,stratified_case,additive_dosage_within_stratum,ok,135,,,,,,,,,,,,nonrobust,,,,0.3155114248470809,0.5009849100863797,1.0,0.2978161877001693,0.2948497526758413,0.3155114248470809
broad_neurodeg_case,"Broad clinical neurodegeneration, excluding MS definition",demyelination_like__tbss__splenium_of_corpus_callosum,rs2546890,A,G,secondary_composite,secondary_composite,mechanistic_composite,secondary,demyelination_like,splenium of corpus callosum,composite,interaction,dosage_A_x_disease_flag,ok,33498,286.0,33212.0,-0.0194227090439931,0.0126606778026961,0.1250152281969712,0.1387413658187831,0.1383358997570218,0.3159013989291316,0.11931865677479,0.1377554712023529,0.3864071359590769,nonrobust,84.0,144.0,58.0,0.3159013989291316,0.5004484508727642,,,,
broad_neurodeg_case,"Broad clinical neurodegeneration, excluding MS definition",axonal_loss_like__wm__forceps_major,rs2546890,A,G,secondary_composite,secondary_composite,mechanistic_composite,secondary,axonal_loss_like,forceps major,composite,interaction,dosage_A_x_disease_flag,ok,33498,286.0,33212.0,-0.0070888646879628,0.007727619797371,0.3589704447504817,0.0843620736278373,0.0844352296384837,0.3177372136262154,0.0772732089398744,0.0840809570426623,0.3580847244699162,nonrobust,84.0,144.0,58.0,0.3177372136262154,0.4979319172910575,,,,
broad_neurodeg_case,"Broad clinical neurodegeneration, excluding MS definition",dMRI_weighted_mean_MD_forceps_minor,rs2546890,A,G,replication_weighted_tensor,replication_weighted_tensor,replication,primary,MD,forceps minor,basket,interaction,dosage_A_x_disease_flag,ok,33493,286.0,33207.0,-0.0081590765418647,0.0066773940587102,0.22175583044379,0.0728432408298959,0.072958064985863,0.318079978127103,0.0646841642880312,0.0726519121614257,0.3732952168128145,nonrobust,84.0,144.0,58.0,0.318079978127103,0.4974636671472136,,,,
ms_case,"Multiple sclerosis current union, corrected G35-first-occurrence",dMRI_TBSS_MD_genu_of_corpus_callosum,rs2546890,A,G,primary_skeleton_tensor,primary_skeleton_tensor,primary,primary,MD,genu of corpus callosum,basket,stratified_noncase,additive_dosage_within_stratum,ok,33359,,,,,,,,,,,,nonrobust,,,,0.318339460203546,0.4971095244752295,0.0,-0.0060848835663802,0.0060977436225397,0.318339460203546
broad_neurodeg_case,"Broad clinical neurodegeneration, excluding MS definition",dMRI_weighted_mean_MD_forceps_major,rs2546890,A,G,replication_weighted_tensor,replication_weighted_tensor,replication,primary,MD,forceps major,basket,stratified_case,additive_dosage_within_stratum,ok,286,,,,,,,,,,,,nonrobust,,,,0.3198573161580825,0.4950437111313633,1.0,0.0941913695531055,0.0944844963932612,0.3198573161580825
broad_neurodeg_case,"Broad clinical neurodegeneration, excluding MS definition",dMRI_TBSS_ICVF_body_of_corpus_callosum,rs2546890,A,G,secondary_mechanistic,secondary_mechanistic,mechanistic_support,primary,ICVF,body of corpus callosum,basket,stratified_case,additive_dosage_within_stratum,ok,286,,,,,,,,,,,,nonrobust,,,,0.3203918781056002,0.4943185017595485,1.0,-0.0907765236059123,0.0911598821246606,0.3203918781056002
broad_neurodeg_case,"Broad clinical neurodegeneration, excluding MS definition",roi__splenium_of_corpus_callosum__PC1,rs2546890,A,G,secondary_roi_pca,secondary_roi_pca,dimension_reduction,secondary,PC1,splenium of corpus callosum,roi_pca,interaction,dosage_A_x_disease_flag,ok,33498,286.0,33212.0,-0.0242622694852712,0.0157448269421901,0.1233341137764709,0.1707614380075868,0.1720346126415638,0.3209124427615552,0.1464991685223156,0.171312791322991,0.3924708947683998,nonrobust,84.0,144.0,58.0,0.3209124427615552,0.4936134436464083,,,,
broad_neurodeg_case,"Broad clinical neurodegeneration, excluding MS definition",roi__splenium_of_corpus_callosum__PC1,rs2546890,A,G,secondary_roi_pca,secondary_roi_pca,dimension_reduction,secondary,PC1,splenium of corpus callosum,roi_pca,interaction,dosage_A_x_disease_flag,ok,33498,286.0,33212.0,-0.0242622694852712,0.0157448269421901,0.1233341137764709,0.1707614380075868,0.1720346126415638,0.3209124427615552,0.1464991685223156,0.171312791322991,0.3924708947683998,nonrobust,84.0,144.0,58.0,0.3209124427615552,0.4936134436464083,,,,
ms_case,"Multiple sclerosis current union, corrected G35-first-occurrence",dMRI_TBSS_FA_body_of_corpus_callosum,rs2546890,A,G,primary_skeleton_tensor,primary_skeleton_tensor,primary,primary,FA,body of corpus callosum,basket,stratified_case,additive_dosage_within_stratum,ok,135,,,,,,,,,,,,nonrobust,,,,0.3237287694646368,0.4898187035491134,1.0,-0.1486553248349713,0.1497109641274693,0.3237287694646368
broad_neurodeg_case,"Broad clinical neurodegeneration, excluding MS definition",dMRI_TBSS_ICVF_body_of_corpus_callosum,rs2546890,A,G,secondary_mechanistic,secondary_mechanistic,mechanistic_support,primary,ICVF,body of corpus callosum,basket,interaction,dosage_A_x_disease_flag,ok,33488,286.0,33202.0,0.0057992882993565,0.0073966714563693,0.4330220354008534,-0.0795290532161341,0.0808070509056794,0.3250318903200233,-0.0737297649167775,0.0804679093487253,0.3595355990410221,nonrobust,84.0,144.0,58.0,0.3250318903200233,0.4880740263732552,,,,
ms_case,"Multiple sclerosis current union, corrected G35-first-occurrence",dMRI_weighted_mean_FA_forceps_minor,rs2546890,A,G,replication_weighted_tensor,replication_weighted_tensor,replication,primary,FA,forceps minor,basket,stratified_case,additive_dosage_within_stratum,ok,135,,,,,,,,,,,,nonrobust,,,,0.3259694469145596,0.4868231044052057,1.0,-0.1458458985259354,0.1475675701594904,0.3259694469145596
ms_case,"Multiple sclerosis current union, corrected G35-first-occurrence",axonal_loss_like__tbss__splenium_of_corpus_callosum,rs2546890,A,G,secondary_composite,secondary_composite,mechanistic_composite,secondary,axonal_loss_like,splenium of corpus callosum,composite,stratified_noncase,additive_dosage_within_stratum,ok,33363,,,,,,,,,,,,nonrobust,,,,0.3297986519950165,0.4817511238046665,0.0,-0.0077459349353225,0.0079483493380908,0.3297986519950165
ms_case,"Multiple sclerosis current union, corrected G35-first-occurrence",dMRI_TBSS_L1_genu_of_corpus_callosum,rs2546890,A,G,directional_tensor_context,directional_tensor_context,directional_context,primary,L1,genu of corpus callosum,basket,stratified_noncase,additive_dosage_within_stratum,ok,33361,,,,,,,,,,,,nonrobust,,,,0.330032030353829,0.4814439088164409,0.0,-0.0063184928188715,0.0064867353078872,0.330032030353829
broad_neurodeg_case,"Broad clinical neurodegeneration, excluding MS definition",dMRI_weighted_mean_ICVF_forceps_major,rs2546890,A,G,replication_mechanistic,replication_mechanistic,replication_support,primary,ICVF,forceps major,basket,stratified_case,additive_dosage_within_stratum,ok,286,,,,,,,,,,,,nonrobust,,,,0.3335786558533127,0.4768017456292678,1.0,-0.085306264260732,0.0880390109633111,0.3335786558533127
broad_neurodeg_case,"Broad clinical neurodegeneration, excluding MS definition",dMRI_TBSS_RD_genu_of_corpus_callosum,rs2546890,A,G,primary_skeleton_tensor,primary_skeleton_tensor,primary,primary,RD,genu of corpus callosum,derived,interaction,dosage_A_x_disease_flag,ok,33489,286.0,33203.0,-0.0044213041351067,0.0062716456988173,0.4808355966901649,0.0652028878678078,0.0685122909352402,0.3412579505700583,0.060781583732701,0.068224657159182,0.3729873706077308,nonrobust,84.0,144.0,58.0,0.3412579505700583,0.4669172217138788,,,,
ms_case,"Multiple sclerosis current union, corrected G35-first-occurrence",roi__body_of_corpus_callosum__PC2,rs2546890,A,G,secondary_roi_pca,secondary_roi_pca,dimension_reduction,secondary,PC2,body of corpus callosum,roi_pca,stratified_case,additive_dosage_within_stratum,ok,135,,,,,,,,,,,,nonrobust,,,,0.3459920870153077,0.4609338335912835,1.0,0.1475030806008377,0.155596472402025,0.3459920870153077
broad_neurodeg_case,"Broad clinical neurodegeneration, excluding MS definition",dMRI_weighted_mean_FA_forceps_minor,rs2546890,A,G,replication_weighted_tensor,replication_weighted_tensor,replication,primary,FA,forceps minor,basket,stratified_noncase,additive_dosage_within_stratum,ok,33207,,,,,,,,,,,,nonrobust,,,,0.3460631115090496,0.4608446917254723,0.0,0.0065755195565612,0.0069784078806388,0.3460631115090496
broad_neurodeg_case,"Broad clinical neurodegeneration, excluding MS definition",dMRI_TBSS_MD_splenium_of_corpus_callosum,rs2546890,A,G,primary_skeleton_tensor,primary_skeleton_tensor,primary,primary,MD,splenium of corpus callosum,basket,interaction,dosage_A_x_disease_flag,ok,33473,286.0,33187.0,-0.0088829060651379,0.0065452864383459,0.1747441488691113,0.0670328217449278,0.0714910051842288,0.3484362559710188,0.0581499156797899,0.0711907578320866,0.4140380807224407,nonrobust,84.0,144.0,58.0,0.3484362559710188,0.4578766615032927,,,,
ms_case,"Multiple sclerosis current union, corrected G35-first-occurrence",free_water_like__tbss__splenium_of_corpus_callosum,rs2546890,A,G,secondary_composite,secondary_composite,mechanistic_composite,secondary,free_water_like,splenium of corpus callosum,composite,interaction,dosage_A_x_disease_flag,ok,33498,135.0,33363.0,-0.0149947669461954,0.0121675569179882,0.2178246351898331,-0.1826333659203338,0.1968160123344682,0.3534456143383472,-0.1976281328665293,0.1964375886794,0.3143936640946132,nonrobust,35.0,71.0,29.0,0.3534456143383472,0.4516774028284627,,,,
broad_neurodeg_case,"Broad clinical neurodegeneration, excluding MS definition",dMRI_TBSS_L1_body_of_corpus_callosum,rs2546890,A,G,directional_tensor_context,directional_tensor_context,directional_context,primary,L1,body of corpus callosum,basket,stratified_case,additive_dosage_within_stratum,ok,286,,,,,,,,,,,,nonrobust,,,,0.3538830787428761,0.4511402030711262,1.0,0.0773576318812169,0.0832739914409789,0.3538830787428761
broad_neurodeg_case,"Broad clinical neurodegeneration, excluding MS definition",dMRI_TBSS_MD_body_of_corpus_callosum,rs2546890,A,G,primary_skeleton_tensor,primary_skeleton_tensor,primary,primary,MD,body of corpus callosum,basket,stratified_case,additive_dosage_within_stratum,ok,286,,,,,,,,,,,,nonrobust,,,,0.3548290159782096,0.4499808731583232,1.0,0.0730817344050794,0.0788261481479156,0.3548290159782096
broad_neurodeg_case,"Broad clinical neurodegeneration, excluding MS definition",axonal_loss_like__wm__forceps_major,rs2546890,A,G,secondary_composite,secondary_composite,mechanistic_composite,secondary,axonal_loss_like,forceps major,composite,stratified_noncase,additive_dosage_within_stratum,ok,33212,,,,,,,,,,,,nonrobust,,,,0.3555167051511243,0.4491399876641707,0.0,-0.0071434863002165,0.0077314260975429,0.3555167051511243
broad_neurodeg_case,"Broad clinical neurodegeneration, excluding MS definition",axonal_loss_like__tbss__splenium_of_corpus_callosum,rs2546890,A,G,secondary_composite,secondary_composite,mechanistic_composite,secondary,axonal_loss_like,splenium of corpus callosum,composite,interaction,dosage_A_x_disease_flag,ok,33498,286.0,33212.0,-0.0084394210076746,0.0079850898375022,0.2905660319485147,0.0794103719904002,0.0872484557719564,0.3627427771808797,0.0709709509827256,0.0868823794666029,0.4140128736256939,nonrobust,84.0,144.0,58.0,0.3627427771808797,0.4404012263381032,,,,
ms_case,"Multiple sclerosis current union, corrected G35-first-occurrence",roi__body_of_corpus_callosum__PC2,rs2546890,A,G,secondary_roi_pca,secondary_roi_pca,dimension_reduction,secondary,PC2,body of corpus callosum,roi_pca,interaction,dosage_A_x_disease_flag,ok,33498,135.0,33363.0,-0.0056961910664987,0.008109118659546,0.4824080242181915,0.1187303766994937,0.1311688458805881,0.3653807535015394,0.1130341856329949,0.1309166438696823,0.3879206008639811,nonrobust,35.0,71.0,29.0,0.3653807535015394,0.4372543329227809,,,,
broad_neurodeg_case,"Broad clinical neurodegeneration, excluding MS definition",roi__body_of_corpus_callosum__PC2,rs2546890,A,G,secondary_roi_pca,secondary_roi_pca,dimension_reduction,secondary,PC2,body of corpus callosum,roi_pca,stratified_case,additive_dosage_within_stratum,ok,286,,,,,,,,,,,,nonrobust,,,,0.3662575504090835,0.436213413553325,1.0,-0.087833111446556,0.0970225877972519,0.3662575504090835
ms_case,"Multiple sclerosis current union, corrected G35-first-occurrence",tract_geometry_like__wm__forceps_major,rs2546890,A,G,secondary_composite,secondary_composite,mechanistic_composite,secondary,tract_geometry_like,forceps major,composite,stratified_case,additive_dosage_within_stratum,ok,135,,,,,,,,,,,,nonrobust,,,,0.3673777254525191,0.434887179021817,1.0,0.2131071149584428,0.2350800114417985,0.3673777254525191
ms_case,"Multiple sclerosis current union, corrected G35-first-occurrence",dMRI_weighted_mean_ISOVF_forceps_major,rs2546890,A,G,replication_mechanistic,replication_mechanistic,replication_support,primary,ISOVF,forceps major,basket,stratified_noncase,additive_dosage_within_stratum,ok,33360,,,,,,,,,,,,nonrobust,,,,0.3729539657610242,0.4283447704694926,0.0,0.0064690494002911,0.0072607159033503,0.3729539657610242
broad_neurodeg_case,"Broad clinical neurodegeneration, excluding MS definition",dMRI_weighted_mean_FA_forceps_minor,rs2546890,A,G,replication_weighted_tensor,replication_weighted_tensor,replication,primary,FA,forceps minor,basket,interaction,dosage_A_x_disease_flag,ok,33493,286.0,33207.0,0.0065299526729286,0.0069889407184633,0.3501422349363142,-0.0678262866220513,0.0763590894241074,0.374410386499028,-0.0612963339491226,0.0760385899244826,0.4201785914764815,nonrobust,84.0,144.0,58.0,0.374410386499028,0.4266521120262223,,,,
ms_case,"Multiple sclerosis current union, corrected G35-first-occurrence",dMRI_TBSS_ISOVF_body_of_corpus_callosum,rs2546890,A,G,secondary_mechanistic,secondary_mechanistic,mechanistic_support,primary,ISOVF,body of corpus callosum,basket,interaction,dosage_A_x_disease_flag,ok,33492,134.0,33358.0,-0.0028420284275305,0.0061503073207113,0.6440159498697957,0.0889397301930249,0.1003398656983485,0.3754165910778405,0.0860977017654944,0.1001506671021879,0.3899706558844577,nonrobust,35.0,71.0,28.0,0.3754165910778405,0.4254865381762191,,,,
ms_case,"Multiple sclerosis current union, corrected G35-first-occurrence",dMRI_TBSS_FA_genu_of_corpus_callosum,rs2546890,A,G,primary_skeleton_tensor,primary_skeleton_tensor,primary,primary,FA,genu of corpus callosum,basket,interaction,dosage_A_x_disease_flag,ok,33489,135.0,33354.0,0.003675095276272,0.0064786308531616,0.5705385123295437,-0.092372592902698,0.1047820187029955,0.3780161938041373,-0.0886974976264259,0.1045805537485947,0.3963738174195776,nonrobust,35.0,71.0,29.0,0.3780161938041373,0.4224895950592423,,,,
broad_neurodeg_case,"Broad clinical neurodegeneration, excluding MS definition",dMRI_TBSS_FA_body_of_corpus_callosum,rs2546890,A,G,primary_skeleton_tensor,primary_skeleton_tensor,primary,primary,FA,body of corpus callosum,basket,interaction,dosage_A_x_disease_flag,ok,33486,286.0,33200.0,0.0079315952326013,0.0067929108756237,0.2429650427742455,-0.0651569995759345,0.0742039363127743,0.3799065642775567,-0.0572254043433331,0.0738923998203378,0.438674720464162,nonrobust,84.0,144.0,58.0,0.3799065642775567,0.4203232023523837,,,,
ms_case,"Multiple sclerosis current union, corrected G35-first-occurrence",dMRI_weighted_mean_FA_forceps_minor,rs2546890,A,G,replication_weighted_tensor,replication_weighted_tensor,replication,primary,FA,forceps minor,basket,stratified_noncase,additive_dosage_within_stratum,ok,33358,,,,,,,,,,,,nonrobust,,,,0.3826599689391194,0.4171869680816744,0.0,0.0060828710222825,0.0069676412541716,0.3826599689391194
ms_case,"Multiple sclerosis current union, corrected G35-first-occurrence",dMRI_TBSS_ICVF_splenium_of_corpus_callosum,rs2546890,A,G,secondary_mechanistic,secondary_mechanistic,mechanistic_support,primary,ICVF,splenium of corpus callosum,basket,stratified_case,additive_dosage_within_stratum,ok,135,,,,,,,,,,,,nonrobust,,,,0.3849361802631337,0.4146112675227638,1.0,-0.1483422405309144,0.1698003724261574,0.3849361802631337
broad_neurodeg_case,"Broad clinical neurodegeneration, excluding MS definition",dMRI_weighted_mean_ISOVF_forceps_minor,rs2546890,A,G,replication_mechanistic,replication_mechanistic,replication_support,primary,ISOVF,forceps minor,basket,interaction,dosage_A_x_disease_flag,ok,33492,286.0,33206.0,-0.0003567626470871,0.0071674331966409,0.9603015795250808,0.0672912778315392,0.0783056361125798,0.3901583306694427,0.0669345151844521,0.0779770352055602,0.3906846607988331,nonrobust,84.0,144.0,58.0,0.3901583306694427,0.4087591155839097,,,,
broad_neurodeg_case,"Broad clinical neurodegeneration, excluding MS definition",dMRI_weighted_mean_ISOVF_forceps_major,rs2546890,A,G,replication_mechanistic,replication_mechanistic,replication_support,primary,ISOVF,forceps major,basket,stratified_case,additive_dosage_within_stratum,ok,286,,,,,,,,,,,,nonrobust,,,,0.3903291032547349,0.4085690661624516,1.0,0.0796905709866713,0.0925946194877011,0.3903291032547349
broad_neurodeg_case,"Broad clinical neurodegeneration, excluding MS definition",dMRI_TBSS_RD_body_of_corpus_callosum,rs2546890,A,G,primary_skeleton_tensor,primary_skeleton_tensor,primary,primary,RD,body of corpus callosum,derived,stratified_case,additive_dosage_within_stratum,ok,286,,,,,,,,,,,,nonrobust,,,,0.3974507117333348,0.4007167209683836,1.0,0.0673731479360048,0.0794722183383302,0.3974507117333348
ms_case,"Multiple sclerosis current union, corrected G35-first-occurrence",dMRI_TBSS_L1_splenium_of_corpus_callosum,rs2546890,A,G,directional_tensor_context,directional_tensor_context,directional_context,primary,L1,splenium of corpus callosum,basket,stratified_noncase,additive_dosage_within_stratum,ok,33359,,,,,,,,,,,,nonrobust,,,,0.4032394542615362,0.3944369816969938,0.0,-0.0055194365567619,0.0066032997049124,0.4032394542615362
broad_neurodeg_case,"Broad clinical neurodegeneration, excluding MS definition",tract_geometry_like__tbss__splenium_of_corpus_callosum,rs2546890,A,G,secondary_composite,secondary_composite,mechanistic_composite,secondary,tract_geometry_like,splenium of corpus callosum,composite,interaction,dosage_A_x_disease_flag,ok,33498,286.0,33212.0,0.0054966903354683,0.0095959455437049,0.5667746041455085,-0.0873073173901631,0.1048493438894024,0.4050238257930487,-0.0818106270546948,0.104409417932087,0.4333062251956679,nonrobust,84.0,144.0,58.0,0.4050238257930487,0.3925194283752192,,,,
ms_case,"Multiple sclerosis current union, corrected G35-first-occurrence",axonal_loss_like__wm__forceps_major,rs2546890,A,G,secondary_composite,secondary_composite,mechanistic_composite,secondary,axonal_loss_like,forceps major,composite,stratified_noncase,additive_dosage_within_stratum,ok,33363,,,,,,,,,,,,nonrobust,,,,0.4068072382207516,0.3906113283860553,0.0,-0.0063820842561103,0.0076935610606033,0.4068072382207516
broad_neurodeg_case,"Broad clinical neurodegeneration, excluding MS definition",free_water_like__tbss__splenium_of_corpus_callosum,rs2546890,A,G,secondary_composite,secondary_composite,mechanistic_composite,secondary,free_water_like,splenium of corpus callosum,composite,interaction,dosage_A_x_disease_flag,ok,33498,286.0,33212.0,-0.0169165691004506,0.0122407520632871,0.1669847013625496,0.1106849483575629,0.1337476142088416,0.407922361598806,0.0937683792571123,0.1331864371424257,0.4814137010066771,nonrobust,84.0,144.0,58.0,0.407922361598806,0.3894224867574855,,,,
broad_neurodeg_case,"Broad clinical neurodegeneration, excluding MS definition",dMRI_weighted_mean_ICVF_forceps_minor,rs2546890,A,G,replication_mechanistic,replication_mechanistic,replication_support,primary,ICVF,forceps minor,basket,interaction,dosage_A_x_disease_flag,ok,33485,286.0,33199.0,0.0070834607862361,0.0068337687897439,0.2999587359671491,-0.0617364751126792,0.0746554831512573,0.4082703684821523,-0.054653014326443,0.0743421239801931,0.4622500118519895,nonrobust,84.0,144.0,58.0,0.4082703684821523,0.3890521392336953,,,,
broad_neurodeg_case,"Broad clinical neurodegeneration, excluding MS definition",dMRI_TBSS_FA_genu_of_corpus_callosum,rs2546890,A,G,primary_skeleton_tensor,primary_skeleton_tensor,primary,primary,FA,genu of corpus callosum,basket,interaction,dosage_A_x_disease_flag,ok,33489,286.0,33203.0,0.0039004561554244,0.0064985045238988,0.5483715114322221,-0.0582639021773302,0.0709966571023789,0.4118475334135028,-0.0543634460219058,0.0706986738552919,0.4419309383732893,nonrobust,84.0,144.0,58.0,0.4118475334135028,0.3852635306955033,,,,
ms_case,"Multiple sclerosis current union, corrected G35-first-occurrence",tract_geometry_like__tbss__body_of_corpus_callosum,rs2546890,A,G,secondary_composite,secondary_composite,mechanistic_composite,secondary,tract_geometry_like,body of corpus callosum,composite,stratified_case,additive_dosage_within_stratum,ok,135,,,,,,,,,,,,nonrobust,,,,0.4131827323805861,0.3838578366890283,1.0,-0.2027394073314059,0.2464627926933769,0.4131827323805861
broad_neurodeg_case,"Broad clinical neurodegeneration, excluding MS definition",tract_geometry_like__tbss__genu_of_corpus_callosum,rs2546890,A,G,secondary_composite,secondary_composite,mechanistic_composite,secondary,tract_geometry_like,genu of corpus callosum,composite,interaction,dosage_A_x_disease_flag,ok,33498,286.0,33212.0,0.0047920438120012,0.0080408975293467,0.5512067700794807,-0.0715154715968705,0.0878582341254522,0.4156581215634659,-0.0667234277848692,0.0874895993174322,0.4456810488812344,nonrobust,84.0,144.0,58.0,0.4156581215634659,0.381263729379003,,,,
ms_case,"Multiple sclerosis current union, corrected G35-first-occurrence",axonal_loss_like__tbss__genu_of_corpus_callosum,rs2546890,A,G,secondary_composite,secondary_composite,mechanistic_composite,secondary,axonal_loss_like,genu of corpus callosum,composite,interaction,dosage_A_x_disease_flag,ok,33498,135.0,33363.0,-0.0031666784675523,0.0071112534873939,0.6561020614231363,0.0935349538899162,0.1150279027681641,0.4161377781417524,0.0903682754223638,0.1148067354003059,0.4312090546360059,nonrobust,35.0,71.0,29.0,0.4161377781417524,0.3807628559596411,,,,
broad_neurodeg_case,"Broad clinical neurodegeneration, excluding MS definition",dMRI_TBSS_L1_splenium_of_corpus_callosum,rs2546890,A,G,directional_tensor_context,directional_tensor_context,directional_context,primary,L1,splenium of corpus callosum,basket,stratified_noncase,additive_dosage_within_stratum,ok,33208,,,,,,,,,,,,nonrobust,,,,0.4191072237575025,0.3776748535756403,0.0,-0.0053630621287468,0.0066376078760774,0.4191072237575025
ms_case,"Multiple sclerosis current union, corrected G35-first-occurrence",axonal_loss_like__tbss__splenium_of_corpus_callosum,rs2546890,A,G,secondary_composite,secondary_composite,mechanistic_composite,secondary,axonal_loss_like,splenium of corpus callosum,composite,stratified_case,additive_dosage_within_stratum,ok,135,,,,,,,,,,,,nonrobust,,,,0.419368915207679,0.377403763794592,1.0,0.1683187781326932,0.2073641945115443,0.419368915207679
ms_case,"Multiple sclerosis current union, corrected G35-first-occurrence",axonal_loss_like__wm__forceps_minor,rs2546890,A,G,secondary_composite,secondary_composite,mechanistic_composite,secondary,axonal_loss_like,forceps minor,composite,stratified_case,additive_dosage_within_stratum,ok,135,,,,,,,,,,,,nonrobust,,,,0.4226670287545363,0.3740016291249823,1.0,0.1116354645776367,0.1385159628798236,0.4226670287545363
ms_case,"Multiple sclerosis current union, corrected G35-first-occurrence",dMRI_weighted_mean_RD_forceps_major,rs2546890,A,G,replication_weighted_tensor,replication_weighted_tensor,replication,primary,RD,forceps major,derived,stratified_case,additive_dosage_within_stratum,ok,133,,,,,,,,,,,,nonrobust,,,,0.4274861478930369,0.3690779534295726,1.0,-0.1420285670519732,0.1780670513055637,0.4274861478930369
broad_neurodeg_case,"Broad clinical neurodegeneration, excluding MS definition",dMRI_TBSS_ICVF_body_of_corpus_callosum,rs2546890,A,G,secondary_mechanistic,secondary_mechanistic,mechanistic_support,primary,ICVF,body of corpus callosum,basket,stratified_noncase,additive_dosage_within_stratum,ok,33202,,,,,,,,,,,,nonrobust,,,,0.428579926048655,0.3679681744291975,0.0,0.0058517801967256,0.007392029695414,0.428579926048655
ms_case,"Multiple sclerosis current union, corrected G35-first-occurrence",dMRI_TBSS_FA_body_of_corpus_callosum,rs2546890,A,G,primary_skeleton_tensor,primary_skeleton_tensor,primary,primary,FA,body of corpus callosum,basket,interaction,dosage_A_x_disease_flag,ok,33486,135.0,33351.0,0.0076123582921444,0.0067665635061928,0.2605987182727608,-0.086331687728401,0.1094253810381767,0.4301439769889356,-0.0787193294362566,0.1092148099011494,0.4710528597097374,nonrobust,35.0,71.0,29.0,0.4301439769889356,0.3663861538484335,,,,
broad_neurodeg_case,"Broad clinical neurodegeneration, excluding MS definition",dMRI_TBSS_L1_splenium_of_corpus_callosum,rs2546890,A,G,directional_tensor_context,directional_tensor_context,directional_context,primary,L1,splenium of corpus callosum,basket,stratified_case,additive_dosage_within_stratum,ok,286,,,,,,,,,,,,nonrobust,,,,0.4307287734905973,0.3657961155817266,1.0,-0.0704834704203182,0.0892953529358636,0.4307287734905973
broad_neurodeg_case,"Broad clinical neurodegeneration, excluding MS definition",dMRI_weighted_mean_FA_forceps_minor,rs2546890,A,G,replication_weighted_tensor,replication_weighted_tensor,replication,primary,FA,forceps minor,basket,stratified_case,additive_dosage_within_stratum,ok,286,,,,,,,,,,,,nonrobust,,,,0.4328021318097508,0.3637106087357497,1.0,-0.075626987156752,0.0962445831500032,0.4328021318097508
ms_case,"Multiple sclerosis current union, corrected G35-first-occurrence",dMRI_TBSS_ICVF_body_of_corpus_callosum,rs2546890,A,G,secondary_mechanistic,secondary_mechanistic,mechanistic_support,primary,ICVF,body of corpus callosum,basket,interaction,dosage_A_x_disease_flag,ok,33488,135.0,33353.0,0.0053773365492331,0.0073754143697655,0.4659520767002444,-0.0918882222987453,0.1192829945633505,0.4411048702131321,-0.0865108857495121,0.1190536022685277,0.4674424639206682,nonrobust,35.0,71.0,29.0,0.4411048702131321,0.3554581471750894,,,,
broad_neurodeg_case,"Broad clinical neurodegeneration, excluding MS definition",dMRI_weighted_mean_RD_forceps_minor,rs2546890,A,G,replication_weighted_tensor,replication_weighted_tensor,replication,primary,RD,forceps minor,derived,stratified_case,additive_dosage_within_stratum,ok,285,,,,,,,,,,,,nonrobust,,,,0.4429213320846812,0.3536734026153007,1.0,0.0718310259637105,0.0934573889844888,0.4429213320846812
broad_neurodeg_case,"Broad clinical neurodegeneration, excluding MS definition",dMRI_weighted_mean_ISOVF_forceps_major,rs2546890,A,G,replication_mechanistic,replication_mechanistic,replication_support,primary,ISOVF,forceps major,basket,stratified_noncase,additive_dosage_within_stratum,ok,33208,,,,,,,,,,,,nonrobust,,,,0.4455032299611893,0.3511491429195055,0.0,0.0055543535489752,0.0072801750145885,0.4455032299611893
ms_case,"Multiple sclerosis current union, corrected G35-first-occurrence",free_water_like__tbss__body_of_corpus_callosum,rs2546890,A,G,secondary_composite,secondary_composite,mechanistic_composite,secondary,free_water_like,body of corpus callosum,composite,interaction,dosage_A_x_disease_flag,ok,33498,135.0,33363.0,-0.0149670493493907,0.0119988144466166,0.212267903695564,0.1478780821232049,0.1940865227129551,0.4461141139986937,0.1329110327738142,0.1937133471239706,0.4926407938656519,nonrobust,35.0,71.0,29.0,0.4461141139986937,0.3505540364876241,,,,
broad_neurodeg_case,"Broad clinical neurodegeneration, excluding MS definition",dMRI_weighted_mean_FA_forceps_major,rs2546890,A,G,replication_weighted_tensor,replication_weighted_tensor,replication,primary,FA,forceps major,basket,stratified_noncase,additive_dosage_within_stratum,ok,33200,,,,,,,,,,,,nonrobust,,,,0.4577034659811223,0.3394157988447641,0.0,0.0054188623451384,0.0072967315703494,0.4577034659811223
broad_neurodeg_case,"Broad clinical neurodegeneration, excluding MS definition",dMRI_TBSS_FA_body_of_corpus_callosum,rs2546890,A,G,primary_skeleton_tensor,primary_skeleton_tensor,primary,primary,FA,body of corpus callosum,basket,stratified_case,additive_dosage_within_stratum,ok,286,,,,,,,,,,,,nonrobust,,,,0.4635755163904452,0.3338795092427681,1.0,-0.0593319274157854,0.0808124078863928,0.4635755163904452
ms_case,"Multiple sclerosis current union, corrected G35-first-occurrence",dMRI_TBSS_ICVF_body_of_corpus_callosum,rs2546890,A,G,secondary_mechanistic,secondary_mechanistic,mechanistic_support,primary,ICVF,body of corpus callosum,basket,stratified_noncase,additive_dosage_within_stratum,ok,33353,,,,,,,,,,,,nonrobust,,,,0.4679757240586065,0.3297766750900613,0.0,0.0053502518582044,0.0073716766365244,0.4679757240586065
broad_neurodeg_case,"Broad clinical neurodegeneration, excluding MS definition",dMRI_TBSS_ISOVF_genu_of_corpus_callosum,rs2546890,A,G,secondary_mechanistic,secondary_mechanistic,mechanistic_support,primary,ISOVF,genu of corpus callosum,basket,stratified_noncase,additive_dosage_within_stratum,ok,33205,,,,,,,,,,,,nonrobust,,,,0.4681713219515095,0.3295951927317975,0.0,-0.0044848051785726,0.0061819647314591,0.4681713219515095
ms_case,"Multiple sclerosis current union, corrected G35-first-occurrence",free_water_like__wm__forceps_major,rs2546890,A,G,secondary_composite,secondary_composite,mechanistic_composite,secondary,free_water_like,forceps major,composite,stratified_noncase,additive_dosage_within_stratum,ok,33363,,,,,,,,,,,,nonrobust,,,,0.4739829957925766,0.3242372384227873,0.0,0.0106478904510136,0.0148709055606529,0.4739829957925766
broad_neurodeg_case,"Broad clinical neurodegeneration, excluding MS definition",dMRI_TBSS_RD_genu_of_corpus_callosum,rs2546890,A,G,primary_skeleton_tensor,primary_skeleton_tensor,primary,primary,RD,genu of corpus callosum,derived,stratified_noncase,additive_dosage_within_stratum,ok,33203,,,,,,,,,,,,nonrobust,,,,0.4751872512374924,0.3231352195240842,0.0,-0.0044766348142068,0.0062691582872143,0.4751872512374924
ms_case,"Multiple sclerosis current union, corrected G35-first-occurrence",dMRI_TBSS_RD_body_of_corpus_callosum,rs2546890,A,G,primary_skeleton_tensor,primary_skeleton_tensor,primary,primary,RD,body of corpus callosum,derived,stratified_case,additive_dosage_within_stratum,ok,134,,,,,,,,,,,,nonrobust,,,,0.4790413627846127,0.3196269858473216,1.0,0.1085494074625411,0.1526328782590845,0.4790413627846127
ms_case,"Multiple sclerosis current union, corrected G35-first-occurrence",roi__body_of_corpus_callosum__PC2,rs2546890,A,G,secondary_roi_pca,secondary_roi_pca,dimension_reduction,secondary,PC2,body of corpus callosum,roi_pca,stratified_noncase,additive_dosage_within_stratum,ok,33363,,,,,,,,,,,,nonrobust,,,,0.482690003877966,0.3163316949778514,0.0,-0.005691089257081,0.0081070746613654,0.482690003877966
broad_neurodeg_case,"Broad clinical neurodegeneration, excluding MS definition",free_water_like__tbss__body_of_corpus_callosum,rs2546890,A,G,secondary_composite,secondary_composite,mechanistic_composite,secondary,free_water_like,body of corpus callosum,composite,stratified_case,additive_dosage_within_stratum,ok,286,,,,,,,,,,,,nonrobust,,,,0.4878428665832649,0.3117200410402799,1.0,0.1146152117166732,0.1649477701728205,0.4878428665832649
ms_case,"Multiple sclerosis current union, corrected G35-first-occurrence",dMRI_TBSS_RD_genu_of_corpus_callosum,rs2546890,A,G,primary_skeleton_tensor,primary_skeleton_tensor,primary,primary,RD,genu of corpus callosum,derived,stratified_noncase,additive_dosage_within_stratum,ok,33354,,,,,,,,,,,,nonrobust,,,,0.4949814905392582,0.30541104087847,0.0,-0.0042640796502486,0.0062485164156951,0.4949814905392582
broad_neurodeg_case,"Broad clinical neurodegeneration, excluding MS definition",demyelination_like__tbss__body_of_corpus_callosum,rs2546890,A,G,secondary_composite,secondary_composite,mechanistic_composite,secondary,demyelination_like,body of corpus callosum,composite,stratified_case,additive_dosage_within_stratum,ok,286,,,,,,,,,,,,nonrobust,,,,0.4964937520464203,0.3040862123626303,1.0,0.1165304353457029,0.1710928520615387,0.4964937520464203
broad_neurodeg_case,"Broad clinical neurodegeneration, excluding MS definition",tract_geometry_like__tbss__genu_of_corpus_callosum,rs2546890,A,G,secondary_composite,secondary_composite,mechanistic_composite,secondary,tract_geometry_like,genu of corpus callosum,composite,stratified_case,additive_dosage_within_stratum,ok,286,,,,,,,,,,,,nonrobust,,,,0.4990856496740673,0.3018249173247495,1.0,-0.0742391710379072,0.1096596310653672,0.4990856496740673
ms_case,"Multiple sclerosis current union, corrected G35-first-occurrence",dMRI_TBSS_RD_splenium_of_corpus_callosum,rs2546890,A,G,primary_skeleton_tensor,primary_skeleton_tensor,primary,primary,RD,splenium of corpus callosum,derived,interaction,dosage_A_x_disease_flag,ok,33463,131.0,33332.0,-0.0080473400524889,0.0071322498286668,0.2592000107184185,-0.0795337875337564,0.1180457980409603,0.5004726073136274,-0.0875811275862453,0.1178292117363012,0.4573121081022906,nonrobust,33.0,70.0,28.0,0.5004726073136274,0.3006196880509948,,,,
broad_neurodeg_case,"Broad clinical neurodegeneration, excluding MS definition",dMRI_TBSS_ICVF_splenium_of_corpus_callosum,rs2546890,A,G,secondary_mechanistic,secondary_mechanistic,mechanistic_support,primary,ICVF,splenium of corpus callosum,basket,interaction,dosage_A_x_disease_flag,ok,33487,286.0,33201.0,0.0109855139765375,0.0069034233960454,0.1115483937168607,-0.0507165450522593,0.0754162711330351,0.5012776600436223,-0.0397310310757218,0.0750997182706909,0.5967786642660293,nonrobust,84.0,144.0,58.0,0.5012776600436223,0.2999216497375747,,,,
ms_case,"Multiple sclerosis current union, corrected G35-first-occurrence",dMRI_TBSS_L1_body_of_corpus_callosum,rs2546890,A,G,directional_tensor_context,directional_tensor_context,directional_context,primary,L1,body of corpus callosum,basket,stratified_case,additive_dosage_within_stratum,ok,135,,,,,,,,,,,,nonrobust,,,,0.5099218549472083,0.2924963740306195,1.0,-0.1012798992525538,0.1530082405645546,0.5099218549472083
broad_neurodeg_case,"Broad clinical neurodegeneration, excluding MS definition",demyelination_like__wm__forceps_minor,rs2546890,A,G,secondary_composite,secondary_composite,mechanistic_composite,secondary,demyelination_like,forceps minor,composite,stratified_case,additive_dosage_within_stratum,ok,286,,,,,,,,,,,,nonrobust,,,,0.5126889901411005,0.2901460088172702,1.0,0.1102402121795014,0.1681336974613453,0.5126889901411005
ms_case,"Multiple sclerosis current union, corrected G35-first-occurrence",dMRI_TBSS_ISOVF_genu_of_corpus_callosum,rs2546890,A,G,secondary_mechanistic,secondary_mechanistic,mechanistic_support,primary,ISOVF,genu of corpus callosum,basket,stratified_noncase,additive_dosage_within_stratum,ok,33357,,,,,,,,,,,,nonrobust,,,,0.5173760658812644,0.286193665870962,0.0,-0.0039892735348139,0.0061619699075999,0.5173760658812644
broad_neurodeg_case,"Broad clinical neurodegeneration, excluding MS definition",roi__splenium_of_corpus_callosum__PC2,rs2546890,A,G,secondary_roi_pca,secondary_roi_pca,dimension_reduction,secondary,PC2,splenium of corpus callosum,roi_pca,interaction,dosage_A_x_disease_flag,ok,33498,286.0,33212.0,-0.0016274941820305,0.0114255252092211,0.8867303981491713,0.0804396910860979,0.1248401021371509,0.5193582615042069,0.0788121969040673,0.1243162991317456,0.5261079249978832,nonrobust,84.0,144.0,58.0,0.5193582615042069,0.2845329556053898,,,,
broad_neurodeg_case,"Broad clinical neurodegeneration, excluding MS definition",roi__splenium_of_corpus_callosum__PC2,rs2546890,A,G,secondary_roi_pca,secondary_roi_pca,dimension_reduction,secondary,PC2,splenium of corpus callosum,roi_pca,interaction,dosage_A_x_disease_flag,ok,33498,286.0,33212.0,-0.0016274941820305,0.0114255252092211,0.8867303981491713,0.0804396910860979,0.1248401021371509,0.5193582615042069,0.0788121969040673,0.1243162991317456,0.5261079249978832,nonrobust,84.0,144.0,58.0,0.5193582615042069,0.2845329556053898,,,,
ms_case,"Multiple sclerosis current union, corrected G35-first-occurrence",dMRI_weighted_mean_FA_forceps_minor,rs2546890,A,G,replication_weighted_tensor,replication_weighted_tensor,replication,primary,FA,forceps minor,basket,interaction,dosage_A_x_disease_flag,ok,33493,135.0,33358.0,0.0061187512963161,0.0069713422540406,0.380112524171887,-0.0724696067414224,0.1127573333552915,0.5204204910463834,-0.0663508554451062,0.1125405034109492,0.5554808625865315,nonrobust,35.0,71.0,29.0,0.5204204910463834,0.2836456118545466,,,,
ms_case,"Multiple sclerosis current union, corrected G35-first-occurrence",dMRI_TBSS_ISOVF_genu_of_corpus_callosum,rs2546890,A,G,secondary_mechanistic,secondary_mechanistic,mechanistic_support,primary,ISOVF,genu of corpus callosum,basket,interaction,dosage_A_x_disease_flag,ok,33491,134.0,33357.0,-0.0039608831216052,0.0061668489023692,0.5206916532378026,0.0639345864250042,0.1004634202425311,0.524522265418859,0.059973703303399,0.10027293472854,0.5497741940053708,nonrobust,34.0,71.0,29.0,0.524522265418859,0.2802360717348475,,,,
broad_neurodeg_case,"Broad clinical neurodegeneration, excluding MS definition",axonal_loss_like__wm__forceps_minor,rs2546890,A,G,secondary_composite,secondary_composite,mechanistic_composite,secondary,axonal_loss_like,forceps minor,composite,stratified_case,additive_dosage_within_stratum,ok,286,,,,,,,,,,,,nonrobust,,,,0.525680586228028,0.2792780615011209,1.0,0.0558733030700043,0.0879094237561595,0.525680586228028
ms_case,"Multiple sclerosis current union, corrected G35-first-occurrence",demyelination_like__tbss__body_of_corpus_callosum,rs2546890,A,G,secondary_composite,secondary_composite,mechanistic_composite,secondary,demyelination_like,body of corpus callosum,composite,stratified_case,additive_dosage_within_stratum,ok,135,,,,,,,,,,,,nonrobust,,,,0.5359015230550136,0.2709150086711706,1.0,0.2342522899939269,0.3767881950070744,0.5359015230550136
broad_neurodeg_case,"Broad clinical neurodegeneration, excluding MS definition",dMRI_TBSS_ISOVF_splenium_of_corpus_callosum,rs2546890,A,G,secondary_mechanistic,secondary_mechanistic,mechanistic_support,primary,ISOVF,splenium of corpus callosum,basket,interaction,dosage_A_x_disease_flag,ok,33470,286.0,33184.0,-0.0029089047146588,0.006876884762738,0.6722998443291115,0.0464679925623339,0.075105985226815,0.536118934033216,0.0435590878476751,0.0747905154889174,0.560291382535861,nonrobust,84.0,144.0,58.0,0.536118934033216,0.2707388545897654,,,,
ms_case,"Multiple sclerosis current union, corrected G35-first-occurrence",dMRI_TBSS_ICVF_splenium_of_corpus_callosum,rs2546890,A,G,secondary_mechanistic,secondary_mechanistic,mechanistic_support,primary,ICVF,splenium of corpus callosum,basket,interaction,dosage_A_x_disease_flag,ok,33487,135.0,33352.0,0.0106804626747035,0.0068731942660725,0.1202105845649035,-0.0679458002787033,0.1111573870428602,0.541033196674441,-0.0572653376039997,0.1109436104910789,0.6057417757475445,nonrobust,35.0,71.0,29.0,0.541033196674441,0.2667760866675238,,,,
ms_case,"Multiple sclerosis current union, corrected G35-first-occurrence",dMRI_TBSS_ICVF_genu_of_corpus_callosum,rs2546890,A,G,secondary_mechanistic,secondary_mechanistic,mechanistic_support,primary,ICVF,genu of corpus callosum,basket,stratified_noncase,additive_dosage_within_stratum,ok,33353,,,,,,,,,,,,nonrobust,,,,0.5429515368054645,0.2652389332790395,0.0,0.0042613541798758,0.007004635319014,0.5429515368054645
broad_neurodeg_case,"Broad clinical neurodegeneration, excluding MS definition",dMRI_TBSS_FA_genu_of_corpus_callosum,rs2546890,A,G,primary_skeleton_tensor,primary_skeleton_tensor,primary,primary,FA,genu of corpus callosum,basket,stratified_noncase,additive_dosage_within_stratum,ok,33203,,,,,,,,,,,,nonrobust,,,,0.5432721331635526,0.2649825712844921,0.0,0.0039482468007752,0.0064951234558622,0.5432721331635526
broad_neurodeg_case,"Broad clinical neurodegeneration, excluding MS definition",dMRI_TBSS_ICVF_genu_of_corpus_callosum,rs2546890,A,G,secondary_mechanistic,secondary_mechanistic,mechanistic_support,primary,ICVF,genu of corpus callosum,basket,stratified_noncase,additive_dosage_within_stratum,ok,33202,,,,,,,,,,,,nonrobust,,,,0.5439318080598174,0.2644555437571009,0.0,0.0042636428170566,0.0070254615628442,0.5439318080598174
broad_neurodeg_case,"Broad clinical neurodegeneration, excluding MS definition",dMRI_TBSS_RD_genu_of_corpus_callosum,rs2546890,A,G,primary_skeleton_tensor,primary_skeleton_tensor,primary,primary,RD,genu of corpus callosum,derived,stratified_case,additive_dosage_within_stratum,ok,286,,,,,,,,,,,,nonrobust,,,,0.5444915109365752,0.264008886857961,1.0,0.046567985114164,0.0767267432724841,0.5444915109365752
broad_neurodeg_case,"Broad clinical neurodegeneration, excluding MS definition",dMRI_TBSS_FA_genu_of_corpus_callosum,rs2546890,A,G,primary_skeleton_tensor,primary_skeleton_tensor,primary,primary,FA,genu of corpus callosum,basket,stratified_case,additive_dosage_within_stratum,ok,286,,,,,,,,,,,,nonrobust,,,,0.547378444035753,0.2617123092654174,1.0,-0.0483041974918577,0.0801621459641925,0.547378444035753
broad_neurodeg_case,"Broad clinical neurodegeneration, excluding MS definition",dMRI_TBSS_ICVF_genu_of_corpus_callosum,rs2546890,A,G,secondary_mechanistic,secondary_mechanistic,mechanistic_support,primary,ICVF,genu of corpus callosum,basket,interaction,dosage_A_x_disease_flag,ok,33488,286.0,33202.0,0.0041758788699897,0.0070282882915512,0.5524137773232962,-0.0458504648355323,0.0767825437570458,0.5504132922149327,-0.0416745859655426,0.0764602927759148,0.5857236347755392,nonrobust,84.0,144.0,58.0,0.5504132922149327,0.2593110866441065,,,,
broad_neurodeg_case,"Broad clinical neurodegeneration, excluding MS definition",tract_geometry_like__tbss__genu_of_corpus_callosum,rs2546890,A,G,secondary_composite,secondary_composite,mechanistic_composite,secondary,tract_geometry_like,genu of corpus callosum,composite,stratified_noncase,additive_dosage_within_stratum,ok,33212,,,,,,,,,,,,nonrobust,,,,0.5572365468815885,0.2539604077030279,0.0,0.0047119610935586,0.008027778293472,0.5572365468815885
broad_neurodeg_case,"Broad clinical neurodegeneration, excluding MS definition",dMRI_weighted_mean_ISOVF_forceps_minor,rs2546890,A,G,replication_mechanistic,replication_mechanistic,replication_support,primary,ISOVF,forceps minor,basket,stratified_case,additive_dosage_within_stratum,ok,286,,,,,,,,,,,,nonrobust,,,,0.5575932376883415,0.2536825018620675,1.0,0.0563460115837987,0.0959450052036701,0.5575932376883415
ms_case,"Multiple sclerosis current union, corrected G35-first-occurrence",dMRI_TBSS_ISOVF_splenium_of_corpus_callosum,rs2546890,A,G,secondary_mechanistic,secondary_mechanistic,mechanistic_support,primary,ISOVF,splenium of corpus callosum,basket,stratified_case,additive_dosage_within_stratum,ok,132,,,,,,,,,,,,nonrobust,,,,0.5593481769946558,0.2523177730160171,1.0,-0.1189472339207948,0.2028681058863318,0.5593481769946558
ms_case,"Multiple sclerosis current union, corrected G35-first-occurrence",dMRI_weighted_mean_ICVF_forceps_major,rs2546890,A,G,replication_mechanistic,replication_mechanistic,replication_support,primary,ICVF,forceps major,basket,stratified_case,additive_dosage_within_stratum,ok,135,,,,,,,,,,,,nonrobust,,,,0.5600208642610096,0.2517957925212465,1.0,-0.1021421943358491,0.174524785559064,0.5600208642610096
ms_case,"Multiple sclerosis current union, corrected G35-first-occurrence",demyelination_like__tbss__splenium_of_corpus_callosum,rs2546890,A,G,secondary_composite,secondary_composite,mechanistic_composite,secondary,demyelination_like,splenium of corpus callosum,composite,interaction,dosage_A_x_disease_flag,ok,33498,135.0,33363.0,-0.0174872768298378,0.0125905731427485,0.1648668595818431,-0.1178354648272972,0.203658500688644,0.562867454264167,-0.135322741657135,0.2032669207897213,0.5055824539921119,nonrobust,35.0,71.0,29.0,0.562867454264167,0.2495938620914582,,,,
broad_neurodeg_case,"Broad clinical neurodegeneration, excluding MS definition",roi__body_of_corpus_callosum__PC1,rs2546890,A,G,secondary_roi_pca,secondary_roi_pca,dimension_reduction,secondary,PC1,body of corpus callosum,roi_pca,stratified_case,additive_dosage_within_stratum,ok,286,,,,,,,,,,,,nonrobust,,,,0.5651777884283212,0.2478149143262457,1.0,0.1269422048124278,0.220386829311475,0.5651777884283212
broad_neurodeg_case,"Broad clinical neurodegeneration, excluding MS definition",tract_geometry_like__tbss__splenium_of_corpus_callosum,rs2546890,A,G,secondary_composite,secondary_composite,mechanistic_composite,secondary,tract_geometry_like,splenium of corpus callosum,composite,stratified_noncase,additive_dosage_within_stratum,ok,33212,,,,,,,,,,,,nonrobust,,,,0.5668853490618685,0.2465047670411465,0.0,0.0054984401898252,0.0096017408528635,0.5668853490618685
ms_case,"Multiple sclerosis current union, corrected G35-first-occurrence",tract_geometry_like__tbss__genu_of_corpus_callosum,rs2546890,A,G,secondary_composite,secondary_composite,mechanistic_composite,secondary,tract_geometry_like,genu of corpus callosum,composite,stratified_noncase,additive_dosage_within_stratum,ok,33363,,,,,,,,,,,,nonrobust,,,,0.567874113611128,0.2457479280625851,0.0,0.0045749556001635,0.0080095039341285,0.567874113611128
ms_case,"Multiple sclerosis current union, corrected G35-first-occurrence",roi__splenium_of_corpus_callosum__PC1,rs2546890,A,G,secondary_roi_pca,secondary_roi_pca,dimension_reduction,secondary,PC1,splenium of corpus callosum,roi_pca,interaction,dosage_A_x_disease_flag,ok,33498,135.0,33363.0,-0.0218754843100904,0.0156538365011296,0.1622869781012854,-0.1438217635341485,0.2532082404589628,0.5700401681087882,-0.165697247844239,0.2527213898886696,0.5120526640802958,nonrobust,35.0,71.0,29.0,0.5700401681087882,0.2440945405146072,,,,
ms_case,"Multiple sclerosis current union, corrected G35-first-occurrence",roi__splenium_of_corpus_callosum__PC1,rs2546890,A,G,secondary_roi_pca,secondary_roi_pca,dimension_reduction,secondary,PC1,splenium of corpus callosum,roi_pca,interaction,dosage_A_x_disease_flag,ok,33498,135.0,33363.0,-0.0218754843100904,0.0156538365011296,0.1622869781012854,-0.1438217635341485,0.2532082404589628,0.5700401681087882,-0.165697247844239,0.2527213898886696,0.5120526640802958,nonrobust,35.0,71.0,29.0,0.5700401681087882,0.2440945405146072,,,,
ms_case,"Multiple sclerosis current union, corrected G35-first-occurrence",dMRI_TBSS_FA_genu_of_corpus_callosum,rs2546890,A,G,primary_skeleton_tensor,primary_skeleton_tensor,primary,primary,FA,genu of corpus callosum,basket,stratified_noncase,additive_dosage_within_stratum,ok,33354,,,,,,,,,,,,nonrobust,,,,0.5705586619220044,0.243699697013873,0.0,0.003673287829361,0.0064757829630237,0.5705586619220044
ms_case,"Multiple sclerosis current union, corrected G35-first-occurrence",free_water_like__wm__forceps_major,rs2546890,A,G,secondary_composite,secondary_composite,mechanistic_composite,secondary,free_water_like,forceps major,composite,stratified_case,additive_dosage_within_stratum,ok,135,,,,,,,,,,,,nonrobust,,,,0.5729133965784503,0.241911022414248,1.0,-0.2311765954214137,0.4083702593729441,0.5729133965784503
broad_neurodeg_case,"Broad clinical neurodegeneration, excluding MS definition",demyelination_like__tbss__splenium_of_corpus_callosum,rs2546890,A,G,secondary_composite,secondary_composite,mechanistic_composite,secondary,demyelination_like,splenium of corpus callosum,composite,stratified_case,additive_dosage_within_stratum,ok,286,,,,,,,,,,,,nonrobust,,,,0.573435526440665,0.2415154044150088,1.0,0.0984631552066148,0.1746412380237845,0.573435526440665
ms_case,"Multiple sclerosis current union, corrected G35-first-occurrence",tract_geometry_like__wm__forceps_minor,rs2546890,A,G,secondary_composite,secondary_composite,mechanistic_composite,secondary,tract_geometry_like,forceps minor,composite,stratified_noncase,additive_dosage_within_stratum,ok,33363,,,,,,,,,,,,nonrobust,,,,0.5752188942078428,0.2401668571254535,0.0,-0.0051261436048847,0.0091474973852253,0.5752188942078428
ms_case,"Multiple sclerosis current union, corrected G35-first-occurrence",dMRI_weighted_mean_FA_forceps_major,rs2546890,A,G,replication_weighted_tensor,replication_weighted_tensor,replication,primary,FA,forceps major,basket,interaction,dosage_A_x_disease_flag,ok,33486,135.0,33351.0,0.0037919597650821,0.0072778541346935,0.602351293524566,0.0657877635901965,0.1177128756173705,0.5762450925876179,0.0695797233552786,0.1174865163941018,0.5536966919851001,nonrobust,35.0,71.0,29.0,0.5762450925876179,0.2393927601206348,,,,
broad_neurodeg_case,"Broad clinical neurodegeneration, excluding MS definition",free_water_like__wm__forceps_major,rs2546890,A,G,secondary_composite,secondary_composite,mechanistic_composite,secondary,free_water_like,forceps major,composite,stratified_noncase,additive_dosage_within_stratum,ok,33212,,,,,,,,,,,,nonrobust,,,,0.5789050619195821,0.237392652965359,0.0,0.0082932727027538,0.0149430957620779,0.5789050619195821
ms_case,"Multiple sclerosis current union, corrected G35-first-occurrence",roi__body_of_corpus_callosum__PC1,rs2546890,A,G,secondary_roi_pca,secondary_roi_pca,dimension_reduction,secondary,PC1,body of corpus callosum,roi_pca,stratified_case,additive_dosage_within_stratum,ok,135,,,,,,,,,,,,nonrobust,,,,0.5795116306284775,0.2369378434500292,1.0,0.2828777198084883,0.5084354967028551,0.5795116306284775
ms_case,"Multiple sclerosis current union, corrected G35-first-occurrence",dMRI_weighted_mean_FA_forceps_major,rs2546890,A,G,replication_weighted_tensor,replication_weighted_tensor,replication,primary,FA,forceps major,basket,stratified_case,additive_dosage_within_stratum,ok,135,,,,,,,,,,,,nonrobust,,,,0.5893406729806965,0.2296335853064658,1.0,0.0948751276118941,0.175053736573235,0.5893406729806965
broad_neurodeg_case,"Broad clinical neurodegeneration, excluding MS definition",dMRI_TBSS_ICVF_genu_of_corpus_callosum,rs2546890,A,G,secondary_mechanistic,secondary_mechanistic,mechanistic_support,primary,ICVF,genu of corpus callosum,basket,stratified_case,additive_dosage_within_stratum,ok,286,,,,,,,,,,,,nonrobust,,,,0.5953432239321621,0.2252325850549064,1.0,-0.045114304292412,0.0848257538387596,0.5953432239321621
broad_neurodeg_case,"Broad clinical neurodegeneration, excluding MS definition",demyelination_like__tbss__genu_of_corpus_callosum,rs2546890,A,G,secondary_composite,secondary_composite,mechanistic_composite,secondary,demyelination_like,genu of corpus callosum,composite,stratified_case,additive_dosage_within_stratum,ok,286,,,,,,,,,,,,nonrobust,,,,0.5964488150265381,0.2244268198986231,1.0,0.0919948453739588,0.1734937578001205,0.5964488150265381
broad_neurodeg_case,"Broad clinical neurodegeneration, excluding MS definition",roi__splenium_of_corpus_callosum__PC1,rs2546890,A,G,secondary_roi_pca,secondary_roi_pca,dimension_reduction,secondary,PC1,splenium of corpus callosum,roi_pca,stratified_case,additive_dosage_within_stratum,ok,286,,,,,,,,,,,,nonrobust,,,,0.5973157115513842,0.2237960615959265,1.0,0.1155641348290855,0.2184591055802363,0.5973157115513842
broad_neurodeg_case,"Broad clinical neurodegeneration, excluding MS definition",roi__splenium_of_corpus_callosum__PC1,rs2546890,A,G,secondary_roi_pca,secondary_roi_pca,dimension_reduction,secondary,PC1,splenium of corpus callosum,roi_pca,stratified_case,additive_dosage_within_stratum,ok,286,,,,,,,,,,,,nonrobust,,,,0.5973157115513842,0.2237960615959265,1.0,0.1155641348290855,0.2184591055802363,0.5973157115513842
broad_neurodeg_case,"Broad clinical neurodegeneration, excluding MS definition",dMRI_TBSS_MD_genu_of_corpus_callosum,rs2546890,A,G,primary_skeleton_tensor,primary_skeleton_tensor,primary,primary,MD,genu of corpus callosum,basket,stratified_case,additive_dosage_within_stratum,ok,286,,,,,,,,,,,,nonrobust,,,,0.6011520506600995,0.2210156670808035,1.0,0.0386407081265964,0.0738170847614346,0.6011520506600995
broad_neurodeg_case,"Broad clinical neurodegeneration, excluding MS definition",roi__genu_of_corpus_callosum__PC1,rs2546890,A,G,secondary_roi_pca,secondary_roi_pca,dimension_reduction,secondary,PC1,genu of corpus callosum,roi_pca,stratified_case,additive_dosage_within_stratum,ok,286,,,,,,,,,,,,nonrobust,,,,0.6021212535908208,0.2203160428571154,1.0,0.1166619446766251,0.2234599835227418,0.6021212535908208
broad_neurodeg_case,"Broad clinical neurodegeneration, excluding MS definition",roi__genu_of_corpus_callosum__PC1,rs2546890,A,G,secondary_roi_pca,secondary_roi_pca,dimension_reduction,secondary,PC1,genu of corpus callosum,roi_pca,stratified_case,additive_dosage_within_stratum,ok,286,,,,,,,,,,,,nonrobust,,,,0.6021212535908208,0.2203160428571154,1.0,0.1166619446766251,0.2234599835227418,0.6021212535908208
ms_case,"Multiple sclerosis current union, corrected G35-first-occurrence",dMRI_weighted_mean_FA_forceps_major,rs2546890,A,G,replication_weighted_tensor,replication_weighted_tensor,replication,primary,FA,forceps major,basket,stratified_noncase,additive_dosage_within_stratum,ok,33351,,,,,,,,,,,,nonrobust,,,,0.6031100106234188,0.2196034629028991,0.0,0.0037814522967486,0.007272886084258,0.6031100106234188
ms_case,"Multiple sclerosis current union, corrected G35-first-occurrence",dMRI_weighted_mean_MD_forceps_major,rs2546890,A,G,replication_weighted_tensor,replication_weighted_tensor,replication,primary,MD,forceps major,basket,stratified_case,additive_dosage_within_stratum,ok,134,,,,,,,,,,,,nonrobust,,,,0.6044701719835641,0.2186251248487919,1.0,-0.0910359877413118,0.1750549430213984,0.6044701719835641
ms_case,"Multiple sclerosis current union, corrected G35-first-occurrence",dMRI_weighted_mean_MD_forceps_major,rs2546890,A,G,replication_weighted_tensor,replication_weighted_tensor,replication,primary,MD,forceps major,basket,stratified_noncase,additive_dosage_within_stratum,ok,33354,,,,,,,,,,,,nonrobust,,,,0.6059465234164925,0.2175657019226867,0.0,0.0037207876562824,0.0072126036932823,0.6059465234164925
broad_neurodeg_case,"Broad clinical neurodegeneration, excluding MS definition",dMRI_TBSS_ISOVF_body_of_corpus_callosum,rs2546890,A,G,secondary_mechanistic,secondary_mechanistic,mechanistic_support,primary,ISOVF,body of corpus callosum,basket,stratified_noncase,additive_dosage_within_stratum,ok,33206,,,,,,,,,,,,nonrobust,,,,0.607525211410138,0.2164356947681467,0.0,-0.0031713605582822,0.0061745973908995,0.607525211410138
ms_case,"Multiple sclerosis current union, corrected G35-first-occurrence",free_water_like__tbss__splenium_of_corpus_callosum,rs2546890,A,G,secondary_composite,secondary_composite,mechanistic_composite,secondary,free_water_like,splenium of corpus callosum,composite,stratified_case,additive_dosage_within_stratum,ok,135,,,,,,,,,,,,nonrobust,,,,0.608722551837067,0.2155806082897596,1.0,-0.2452340047391355,0.4771805407439833,0.608722551837067
ms_case,"Multiple sclerosis current union, corrected G35-first-occurrence",dMRI_weighted_mean_MD_forceps_major,rs2546890,A,G,replication_weighted_tensor,replication_weighted_tensor,replication,primary,MD,forceps major,basket,interaction,dosage_A_x_disease_flag,ok,33488,134.0,33354.0,0.0037315390805688,0.0072194449506276,0.6052479545278131,0.060212412562535,0.117782072564796,0.6092012156430107,0.0639439516431039,0.1175600368200757,0.5864960761604645,nonrobust,35.0,71.0,28.0,0.6092012156430107,0.2152392387133345,,,,
broad_neurodeg_case,"Broad clinical neurodegeneration, excluding MS definition",free_water_like__wm__forceps_minor,rs2546890,A,G,secondary_composite,secondary_composite,mechanistic_composite,secondary,free_water_like,forceps minor,composite,stratified_case,additive_dosage_within_stratum,ok,286,,,,,,,,,,,,nonrobust,,,,0.6093198441555535,0.2151546776659202,1.0,0.0910902931674971,0.1780001290935981,0.6093198441555535
broad_neurodeg_case,"Broad clinical neurodegeneration, excluding MS definition",free_water_like__tbss__genu_of_corpus_callosum,rs2546890,A,G,secondary_composite,secondary_composite,mechanistic_composite,secondary,free_water_like,genu of corpus callosum,composite,stratified_case,additive_dosage_within_stratum,ok,286,,,,,,,,,,,,nonrobust,,,,0.6194579095209893,0.2079881974134828,1.0,0.0860349094443603,0.1730076935244953,0.6194579095209893
ms_case,"Multiple sclerosis current union, corrected G35-first-occurrence",roi__genu_of_corpus_callosum__PC2,rs2546890,A,G,secondary_roi_pca,secondary_roi_pca,dimension_reduction,secondary,PC2,genu of corpus callosum,roi_pca,stratified_case,additive_dosage_within_stratum,ok,135,,,,,,,,,,,,nonrobust,,,,0.6233307737772781,0.2052814315040509,1.0,0.0792472920289374,0.1607300241685347,0.6233307737772781
ms_case,"Multiple sclerosis current union, corrected G35-first-occurrence",roi__genu_of_corpus_callosum__PC2,rs2546890,A,G,secondary_roi_pca,secondary_roi_pca,dimension_reduction,secondary,PC2,genu of corpus callosum,roi_pca,stratified_case,additive_dosage_within_stratum,ok,135,,,,,,,,,,,,nonrobust,,,,0.6233307737772781,0.2052814315040509,1.0,0.0792472920289374,0.1607300241685347,0.6233307737772781
ms_case,"Multiple sclerosis current union, corrected G35-first-occurrence",free_water_like__wm__forceps_major,rs2546890,A,G,secondary_composite,secondary_composite,mechanistic_composite,secondary,free_water_like,forceps major,composite,interaction,dosage_A_x_disease_flag,ok,33498,135.0,33363.0,0.0105829241571704,0.014907187912369,0.4777581435769694,-0.1171545688182049,0.2411308449024429,0.6270733291356969,-0.1065716446610344,0.2406672158785879,0.6579006393028101,nonrobust,35.0,71.0,29.0,0.6270733291356969,0.2026816703704273,,,,
broad_neurodeg_case,"Broad clinical neurodegeneration, excluding MS definition",tract_geometry_like__wm__forceps_minor,rs2546890,A,G,secondary_composite,secondary_composite,mechanistic_composite,secondary,tract_geometry_like,forceps minor,composite,interaction,dosage_A_x_disease_flag,ok,33498,286.0,33212.0,-0.0042940210557653,0.0091653918985684,0.6394273984053369,-0.048029883594805,0.1001449333655876,0.6315123300832646,-0.0523239046505703,0.0997247461326792,0.5998068761336589,nonrobust,84.0,144.0,58.0,0.6315123300832646,0.1996181655601997,,,,
broad_neurodeg_case,"Broad clinical neurodegeneration, excluding MS definition",roi__body_of_corpus_callosum__PC2,rs2546890,A,G,secondary_roi_pca,secondary_roi_pca,dimension_reduction,secondary,PC2,body of corpus callosum,roi_pca,stratified_noncase,additive_dosage_within_stratum,ok,33212,,,,,,,,,,,,nonrobust,,,,0.6323382237806023,0.1990505650233299,0.0,-0.0038881163012212,0.0081266061702582,0.6323382237806023
broad_neurodeg_case,"Broad clinical neurodegeneration, excluding MS definition",tract_geometry_like__wm__forceps_minor,rs2546890,A,G,secondary_composite,secondary_composite,mechanistic_composite,secondary,tract_geometry_like,forceps minor,composite,stratified_noncase,additive_dosage_within_stratum,ok,33212,,,,,,,,,,,,nonrobust,,,,0.6372171757020301,0.1957125266372533,0.0,-0.0043192885129146,0.0091588441685426,0.6372171757020301
broad_neurodeg_case,"Broad clinical neurodegeneration, excluding MS definition",dMRI_weighted_mean_ICVF_forceps_minor,rs2546890,A,G,replication_mechanistic,replication_mechanistic,replication_support,primary,ICVF,forceps minor,basket,stratified_case,additive_dosage_within_stratum,ok,286,,,,,,,,,,,,nonrobust,,,,0.6396159626463718,0.1940807062723798,1.0,-0.0399730980705293,0.0852569756443033,0.6396159626463718
ms_case,"Multiple sclerosis current union, corrected G35-first-occurrence",dMRI_TBSS_ISOVF_body_of_corpus_callosum,rs2546890,A,G,secondary_mechanistic,secondary_mechanistic,mechanistic_support,primary,ISOVF,body of corpus callosum,basket,stratified_noncase,additive_dosage_within_stratum,ok,33358,,,,,,,,,,,,nonrobust,,,,0.639794044388527,0.1939598069234299,0.0,-0.0028716777580235,0.0061361807811354,0.639794044388527
broad_neurodeg_case,"Broad clinical neurodegeneration, excluding MS definition",dMRI_weighted_mean_MD_forceps_minor,rs2546890,A,G,replication_weighted_tensor,replication_weighted_tensor,replication,primary,MD,forceps minor,basket,stratified_case,additive_dosage_within_stratum,ok,286,,,,,,,,,,,,nonrobust,,,,0.6468217136133673,0.1892154093837828,1.0,0.0410261404249629,0.0894239394837796,0.6468217136133673
broad_neurodeg_case,"Broad clinical neurodegeneration, excluding MS definition",dMRI_weighted_mean_ICVF_forceps_major,rs2546890,A,G,replication_mechanistic,replication_mechanistic,replication_support,primary,ICVF,forceps major,basket,stratified_noncase,additive_dosage_within_stratum,ok,33196,,,,,,,,,,,,nonrobust,,,,0.6478518292180114,0.1885243106590074,0.0,0.0032354238292472,0.0070835358192586,0.6478518292180114
ms_case,"Multiple sclerosis current union, corrected G35-first-occurrence",tract_geometry_like__tbss__splenium_of_corpus_callosum,rs2546890,A,G,secondary_composite,secondary_composite,mechanistic_composite,secondary,tract_geometry_like,splenium of corpus callosum,composite,stratified_noncase,additive_dosage_within_stratum,ok,33363,,,,,,,,,,,,nonrobust,,,,0.6504459797563374,0.1867887662321793,0.0,0.0043341873001418,0.0095646425632672,0.6504459797563374
broad_neurodeg_case,"Broad clinical neurodegeneration, excluding MS definition",roi__genu_of_corpus_callosum__PC2,rs2546890,A,G,secondary_roi_pca,secondary_roi_pca,dimension_reduction,secondary,PC2,genu of corpus callosum,roi_pca,stratified_case,additive_dosage_within_stratum,ok,286,,,,,,,,,,,,nonrobust,,,,0.6581315026275562,0.1816873204295052,1.0,0.0444482944365487,0.100319448035574,0.6581315026275562
broad_neurodeg_case,"Broad clinical neurodegeneration, excluding MS definition",roi__genu_of_corpus_callosum__PC2,rs2546890,A,G,secondary_roi_pca,secondary_roi_pca,dimension_reduction,secondary,PC2,genu of corpus callosum,roi_pca,stratified_case,additive_dosage_within_stratum,ok,286,,,,,,,,,,,,nonrobust,,,,0.6581315026275562,0.1816873204295052,1.0,0.0444482944365487,0.100319448035574,0.6581315026275562
ms_case,"Multiple sclerosis current union, corrected G35-first-occurrence",axonal_loss_like__tbss__genu_of_corpus_callosum,rs2546890,A,G,secondary_composite,secondary_composite,mechanistic_composite,secondary,axonal_loss_like,genu of corpus callosum,composite,stratified_noncase,additive_dosage_within_stratum,ok,33363,,,,,,,,,,,,nonrobust,,,,0.6582068428097032,0.1816376070324578,0.0,-0.0031445922427084,0.0071081225564788,0.6582068428097032
ms_case,"Multiple sclerosis current union, corrected G35-first-occurrence",tract_geometry_like__wm__forceps_minor,rs2546890,A,G,secondary_composite,secondary_composite,mechanistic_composite,secondary,tract_geometry_like,forceps minor,composite,interaction,dosage_A_x_disease_flag,ok,33498,135.0,33363.0,-0.0050670835848151,0.0091448438268966,0.579519681369514,0.0644034841383999,0.1479221923975886,0.6632839400644273,0.0593364005535848,0.1476377782584703,0.6877563155784018,nonrobust,35.0,71.0,29.0,0.6632839400644273,0.1783005180428526,,,,
broad_neurodeg_case,"Broad clinical neurodegeneration, excluding MS definition",dMRI_weighted_mean_MD_forceps_major,rs2546890,A,G,replication_weighted_tensor,replication_weighted_tensor,replication,primary,MD,forceps major,basket,stratified_noncase,additive_dosage_within_stratum,ok,33202,,,,,,,,,,,,nonrobust,,,,0.66334455154946,0.1782608336343321,0.0,0.0031507537532739,0.0072380522771779,0.66334455154946
ms_case,"Multiple sclerosis current union, corrected G35-first-occurrence",axonal_loss_like__wm__forceps_major,rs2546890,A,G,secondary_composite,secondary_composite,mechanistic_composite,secondary,axonal_loss_like,forceps major,composite,stratified_case,additive_dosage_within_stratum,ok,135,,,,,,,,,,,,nonrobust,,,,0.6679062277724366,0.1752845070149871,1.0,0.0814438921299476,0.1891338645050197,0.6679062277724366
broad_neurodeg_case,"Broad clinical neurodegeneration, excluding MS definition",dMRI_TBSS_ISOVF_splenium_of_corpus_callosum,rs2546890,A,G,secondary_mechanistic,secondary_mechanistic,mechanistic_support,primary,ISOVF,splenium of corpus callosum,basket,stratified_noncase,additive_dosage_within_stratum,ok,33184,,,,,,,,,,,,nonrobust,,,,0.6702780985855145,0.1737449709969236,0.0,-0.0029259458040396,0.0068721251030893,0.6702780985855145
broad_neurodeg_case,"Broad clinical neurodegeneration, excluding MS definition",dMRI_TBSS_ICVF_splenium_of_corpus_callosum,rs2546890,A,G,secondary_mechanistic,secondary_mechanistic,mechanistic_support,primary,ICVF,splenium of corpus callosum,basket,stratified_case,additive_dosage_within_stratum,ok,286,,,,,,,,,,,,nonrobust,,,,0.6726197611546694,0.1722303775293249,1.0,-0.0370512334857285,0.0875719550692119,0.6726197611546694
broad_neurodeg_case,"Broad clinical neurodegeneration, excluding MS definition",dMRI_TBSS_ISOVF_genu_of_corpus_callosum,rs2546890,A,G,secondary_mechanistic,secondary_mechanistic,mechanistic_support,primary,ISOVF,genu of corpus callosum,basket,stratified_case,additive_dosage_within_stratum,ok,286,,,,,,,,,,,,nonrobust,,,,0.6799399340318357,0.1675294512212991,1.0,0.0308545110189718,0.0746959545989792,0.6799399340318357
broad_neurodeg_case,"Broad clinical neurodegeneration, excluding MS definition",axonal_loss_like__tbss__genu_of_corpus_callosum,rs2546890,A,G,secondary_composite,secondary_composite,mechanistic_composite,secondary,axonal_loss_like,genu of corpus callosum,composite,stratified_noncase,additive_dosage_within_stratum,ok,33212,,,,,,,,,,,,nonrobust,,,,0.6803181968010583,0.1672879125987485,0.0,-0.002935415471042,0.0071242312191902,0.6803181968010583
ms_case,"Multiple sclerosis current union, corrected G35-first-occurrence",roi__splenium_of_corpus_callosum__PC2,rs2546890,A,G,secondary_roi_pca,secondary_roi_pca,dimension_reduction,secondary,PC2,splenium of corpus callosum,roi_pca,interaction,dosage_A_x_disease_flag,ok,33498,135.0,33363.0,-0.0006433186969655,0.0113968939930485,0.9549861775665602,-0.075176912008602,0.1843501734842374,0.6834274604753594,-0.0758202307055675,0.1839957182463993,0.6802863162046411,nonrobust,35.0,71.0,29.0,0.6834274604753594,0.165307575005619,,,,
ms_case,"Multiple sclerosis current union, corrected G35-first-occurrence",roi__splenium_of_corpus_callosum__PC2,rs2546890,A,G,secondary_roi_pca,secondary_roi_pca,dimension_reduction,secondary,PC2,splenium of corpus callosum,roi_pca,interaction,dosage_A_x_disease_flag,ok,33498,135.0,33363.0,-0.0006433186969655,0.0113968939930485,0.9549861775665602,-0.075176912008602,0.1843501734842374,0.6834274604753594,-0.0758202307055675,0.1839957182463993,0.6802863162046411,nonrobust,35.0,71.0,29.0,0.6834274604753594,0.165307575005619,,,,
ms_case,"Multiple sclerosis current union, corrected G35-first-occurrence",tract_geometry_like__tbss__splenium_of_corpus_callosum,rs2546890,A,G,secondary_composite,secondary_composite,mechanistic_composite,secondary,tract_geometry_like,splenium of corpus callosum,composite,interaction,dosage_A_x_disease_flag,ok,33498,135.0,33363.0,0.0044363714513537,0.009573962527684,0.6430958738082813,0.0624392061727765,0.1548633911999766,0.6868118148655664,0.0668755776241302,0.1545656310236625,0.6652588874696396,nonrobust,35.0,71.0,29.0,0.6868118148655664,0.163162242505318,,,,
broad_neurodeg_case,"Broad clinical neurodegeneration, excluding MS definition",axonal_loss_like__wm__forceps_minor,rs2546890,A,G,secondary_composite,secondary_composite,mechanistic_composite,secondary,axonal_loss_like,forceps minor,composite,interaction,dosage_A_x_disease_flag,ok,33498,286.0,33212.0,-0.0027848930793035,0.0072550576076514,0.7010880607700335,0.0314450132596041,0.0792718160578865,0.6916109194662975,0.0286601201803006,0.0789392080674713,0.7165580884051227,nonrobust,84.0,144.0,58.0,0.6916109194662975,0.1601381585060942,,,,
ms_case,"Multiple sclerosis current union, corrected G35-first-occurrence",dMRI_weighted_mean_ICVF_forceps_major,rs2546890,A,G,replication_mechanistic,replication_mechanistic,replication_support,primary,ICVF,forceps major,basket,stratified_noncase,additive_dosage_within_stratum,ok,33347,,,,,,,,,,,,nonrobust,,,,0.6928138234402222,0.15938345559822,0.0,0.0027821069438027,0.0070425454068342,0.6928138234402222
ms_case,"Multiple sclerosis current union, corrected G35-first-occurrence",dMRI_weighted_mean_ISOVF_forceps_major,rs2546890,A,G,replication_mechanistic,replication_mechanistic,replication_support,primary,ISOVF,forceps major,basket,interaction,dosage_A_x_disease_flag,ok,33494,134.0,33360.0,0.0064686045865241,0.0072670540480072,0.3734038374992656,-0.0463200003926561,0.1185610298584345,0.6960326737741851,-0.0398513958061319,0.1183375095708397,0.7362995851491938,nonrobust,35.0,71.0,28.0,0.6960326737741851,0.157370372879717,,,,
broad_neurodeg_case,"Broad clinical neurodegeneration, excluding MS definition",axonal_loss_like__wm__forceps_minor,rs2546890,A,G,secondary_composite,secondary_composite,mechanistic_composite,secondary,axonal_loss_like,forceps minor,composite,stratified_noncase,additive_dosage_within_stratum,ok,33212,,,,,,,,,,,,nonrobust,,,,0.6965236900605405,0.1570641078292469,0.0,-0.0028289828917395,0.0072534159002371,0.6965236900605405
ms_case,"Multiple sclerosis current union, corrected G35-first-occurrence",dMRI_TBSS_MD_body_of_corpus_callosum,rs2546890,A,G,primary_skeleton_tensor,primary_skeleton_tensor,primary,primary,MD,body of corpus callosum,basket,stratified_case,additive_dosage_within_stratum,ok,134,,,,,,,,,,,,nonrobust,,,,0.7011580006445542,0.1541841060331674,1.0,0.0600709976022604,0.1559730624917882,0.7011580006445542
ms_case,"Multiple sclerosis current union, corrected G35-first-occurrence",dMRI_TBSS_MD_splenium_of_corpus_callosum,rs2546890,A,G,primary_skeleton_tensor,primary_skeleton_tensor,primary,primary,MD,splenium of corpus callosum,basket,interaction,dosage_A_x_disease_flag,ok,33473,133.0,33340.0,-0.0083847757667799,0.0065137647673866,0.1980197146998802,0.0397490123642887,0.1062452222481491,0.7083135634325091,0.0313642365975087,0.1060448432337612,0.7674122303011479,nonrobust,35.0,70.0,28.0,0.7083135634325091,0.1497744418561419,,,,
ms_case,"Multiple sclerosis current union, corrected G35-first-occurrence",dMRI_TBSS_ISOVF_splenium_of_corpus_callosum,rs2546890,A,G,secondary_mechanistic,secondary_mechanistic,mechanistic_support,primary,ISOVF,splenium of corpus callosum,basket,interaction,dosage_A_x_disease_flag,ok,33470,132.0,33338.0,-0.0023313462877556,0.0068581174935743,0.7339040883305228,-0.0412324749932889,0.1128670157572119,0.7148755456854938,-0.0435638212810446,0.1126575417528638,0.6989863658434694,nonrobust,35.0,70.0,27.0,0.7148755456854938,0.1457695589354151,,,,
ms_case,"Multiple sclerosis current union, corrected G35-first-occurrence",dMRI_TBSS_RD_splenium_of_corpus_callosum,rs2546890,A,G,primary_skeleton_tensor,primary_skeleton_tensor,primary,primary,RD,splenium of corpus callosum,derived,stratified_case,additive_dosage_within_stratum,ok,131,,,,,,,,,,,,nonrobust,,,,0.7149534387477128,0.1457222406511979,1.0,-0.0783368608559702,0.2137088179403325,0.7149534387477128
ms_case,"Multiple sclerosis current union, corrected G35-first-occurrence",demyelination_like__wm__forceps_major,rs2546890,A,G,secondary_composite,secondary_composite,mechanistic_composite,secondary,demyelination_like,forceps major,composite,stratified_noncase,additive_dosage_within_stratum,ok,33363,,,,,,,,,,,,nonrobust,,,,0.7153928978926787,0.1454553756510271,0.0,0.0048587959935267,0.0133254228150357,0.7153928978926787
ms_case,"Multiple sclerosis current union, corrected G35-first-occurrence",axonal_loss_like__tbss__splenium_of_corpus_callosum,rs2546890,A,G,secondary_composite,secondary_composite,mechanistic_composite,secondary,axonal_loss_like,splenium of corpus callosum,composite,interaction,dosage_A_x_disease_flag,ok,33498,135.0,33363.0,-0.0078291013159521,0.0079638759511612,0.3255767768987837,0.0460817469119575,0.1288194760869937,0.7205525429099608,0.0382526455960053,0.1285717912751403,0.7660715896397453,nonrobust,35.0,71.0,29.0,0.7205525429099608,0.1423343448099485,,,,
ms_case,"Multiple sclerosis current union, corrected G35-first-occurrence",axonal_loss_like__wm__forceps_minor,rs2546890,A,G,secondary_composite,secondary_composite,mechanistic_composite,secondary,axonal_loss_like,forceps minor,composite,stratified_noncase,additive_dosage_within_stratum,ok,33363,,,,,,,,,,,,nonrobust,,,,0.7262219686007427,0.1389306175853841,0.0,-0.0025351225549,0.0072399287748837,0.7262219686007427
broad_neurodeg_case,"Broad clinical neurodegeneration, excluding MS definition",axonal_loss_like__tbss__body_of_corpus_callosum,rs2546890,A,G,secondary_composite,secondary_composite,mechanistic_composite,secondary,axonal_loss_like,body of corpus callosum,composite,stratified_case,additive_dosage_within_stratum,ok,286,,,,,,,,,,,,nonrobust,,,,0.7285193578892767,0.1375589038626948,1.0,0.0357679916874401,0.1029244295019282,0.7285193578892767
broad_neurodeg_case,"Broad clinical neurodegeneration, excluding MS definition",axonal_loss_like__tbss__genu_of_corpus_callosum,rs2546890,A,G,secondary_composite,secondary_composite,mechanistic_composite,secondary,axonal_loss_like,genu of corpus callosum,composite,stratified_case,additive_dosage_within_stratum,ok,286,,,,,,,,,,,,nonrobust,,,,0.7328146721982982,0.1350058439376839,1.0,0.0311588367207571,0.0911619150695273,0.7328146721982982
ms_case,"Multiple sclerosis current union, corrected G35-first-occurrence",dMRI_TBSS_ISOVF_splenium_of_corpus_callosum,rs2546890,A,G,secondary_mechanistic,secondary_mechanistic,mechanistic_support,primary,ISOVF,splenium of corpus callosum,basket,stratified_noncase,additive_dosage_within_stratum,ok,33338,,,,,,,,,,,,nonrobust,,,,0.7329480998767638,0.134926776702856,0.0,-0.0023357205219703,0.0068454166546393,0.7329480998767638
broad_neurodeg_case,"Broad clinical neurodegeneration, excluding MS definition",tract_geometry_like__wm__forceps_major,rs2546890,A,G,secondary_composite,secondary_composite,mechanistic_composite,secondary,tract_geometry_like,forceps major,composite,stratified_noncase,additive_dosage_within_stratum,ok,33212,,,,,,,,,,,,nonrobust,,,,0.74054775224905,0.1304469319170984,0.0,0.0032663913888644,0.0098643527642354,0.74054775224905
ms_case,"Multiple sclerosis current union, corrected G35-first-occurrence",dMRI_TBSS_L1_genu_of_corpus_callosum,rs2546890,A,G,directional_tensor_context,directional_tensor_context,directional_context,primary,L1,genu of corpus callosum,basket,stratified_case,additive_dosage_within_stratum,ok,135,,,,,,,,,,,,nonrobust,,,,0.7420182908980957,0.1295853891438771,1.0,0.046218797983768,0.13991937936079,0.7420182908980957
ms_case,"Multiple sclerosis current union, corrected G35-first-occurrence",demyelination_like__wm__forceps_major,rs2546890,A,G,secondary_composite,secondary_composite,mechanistic_composite,secondary,demyelination_like,forceps major,composite,stratified_case,additive_dosage_within_stratum,ok,135,,,,,,,,,,,,nonrobust,,,,0.743423249547327,0.1287638610608176,1.0,-0.1305235169968476,0.3973821134123654,0.743423249547327
broad_neurodeg_case,"Broad clinical neurodegeneration, excluding MS definition",dMRI_TBSS_MD_splenium_of_corpus_callosum,rs2546890,A,G,primary_skeleton_tensor,primary_skeleton_tensor,primary,primary,MD,splenium of corpus callosum,basket,stratified_case,additive_dosage_within_stratum,ok,286,,,,,,,,,,,,nonrobust,,,,0.7485936398888171,0.1257538670064282,1.0,0.0273604596816326,0.0852677256064516,0.7485936398888171
ms_case,"Multiple sclerosis current union, corrected G35-first-occurrence",axonal_loss_like__wm__forceps_major,rs2546890,A,G,secondary_composite,secondary_composite,mechanistic_composite,secondary,axonal_loss_like,forceps major,composite,interaction,dosage_A_x_disease_flag,ok,33498,135.0,33363.0,-0.0064005152504972,0.0077016302255682,0.4059457834842689,0.0391616964870982,0.124577526917505,0.7532526105348311,0.0327611812366009,0.1243379982200363,0.7921785075026652,nonrobust,35.0,71.0,29.0,0.7532526105348311,0.1230593545249572,,,,
ms_case,"Multiple sclerosis current union, corrected G35-first-occurrence",dMRI_TBSS_L1_splenium_of_corpus_callosum,rs2546890,A,G,directional_tensor_context,directional_tensor_context,directional_context,primary,L1,splenium of corpus callosum,basket,interaction,dosage_A_x_disease_flag,ok,33494,135.0,33359.0,-0.0054648853811223,0.006612290747814,0.4085412444580572,0.0322831874413305,0.1069568919437604,0.7627807664536015,0.0268183020602082,0.1067512438974883,0.8016437227483186,nonrobust,35.0,71.0,29.0,0.7627807664536015,0.117600266240057,,,,
ms_case,"Multiple sclerosis current union, corrected G35-first-occurrence",demyelination_like__wm__forceps_major,rs2546890,A,G,secondary_composite,secondary_composite,mechanistic_composite,secondary,demyelination_like,forceps major,composite,interaction,dosage_A_x_disease_flag,ok,33498,135.0,33363.0,0.0047954252004104,0.01336870182265,0.7198177715031899,-0.0635375902328768,0.2162451016713669,0.768895669047497,-0.0587421650324664,0.2158293211624823,0.7854933491870617,nonrobust,35.0,71.0,29.0,0.768895669047497,0.1141325853362687,,,,
broad_neurodeg_case,"Broad clinical neurodegeneration, excluding MS definition",roi__genu_of_corpus_callosum__PC2,rs2546890,A,G,secondary_roi_pca,secondary_roi_pca,dimension_reduction,secondary,PC2,genu of corpus callosum,roi_pca,stratified_noncase,additive_dosage_within_stratum,ok,33212,,,,,,,,,,,,nonrobust,,,,0.7858238043374716,0.1046748195865366,0.0,0.0023628258748001,0.0086951784614135,0.7858238043374716
broad_neurodeg_case,"Broad clinical neurodegeneration, excluding MS definition",roi__genu_of_corpus_callosum__PC2,rs2546890,A,G,secondary_roi_pca,secondary_roi_pca,dimension_reduction,secondary,PC2,genu of corpus callosum,roi_pca,stratified_noncase,additive_dosage_within_stratum,ok,33212,,,,,,,,,,,,nonrobust,,,,0.7858238043374716,0.1046748195865366,0.0,0.0023628258748001,0.0086951784614135,0.7858238043374716
ms_case,"Multiple sclerosis current union, corrected G35-first-occurrence",roi__genu_of_corpus_callosum__PC2,rs2546890,A,G,secondary_roi_pca,secondary_roi_pca,dimension_reduction,secondary,PC2,genu of corpus callosum,roi_pca,stratified_noncase,additive_dosage_within_stratum,ok,33363,,,,,,,,,,,,nonrobust,,,,0.7859057469574247,0.1046295354246638,0.0,0.0023567561772484,0.0086762447080062,0.7859057469574247
ms_case,"Multiple sclerosis current union, corrected G35-first-occurrence",roi__genu_of_corpus_callosum__PC2,rs2546890,A,G,secondary_roi_pca,secondary_roi_pca,dimension_reduction,secondary,PC2,genu of corpus callosum,roi_pca,stratified_noncase,additive_dosage_within_stratum,ok,33363,,,,,,,,,,,,nonrobust,,,,0.7859057469574247,0.1046295354246638,0.0,0.0023567561772484,0.0086762447080062,0.7859057469574247
ms_case,"Multiple sclerosis current union, corrected G35-first-occurrence",tract_geometry_like__tbss__splenium_of_corpus_callosum,rs2546890,A,G,secondary_composite,secondary_composite,mechanistic_composite,secondary,tract_geometry_like,splenium of corpus callosum,composite,stratified_case,additive_dosage_within_stratum,ok,135,,,,,,,,,,,,nonrobust,,,,0.7861708358246197,0.1044830710162642,1.0,0.0592939117022966,0.2178335051844241,0.7861708358246197
broad_neurodeg_case,"Broad clinical neurodegeneration, excluding MS definition",free_water_like__tbss__splenium_of_corpus_callosum,rs2546890,A,G,secondary_composite,secondary_composite,mechanistic_composite,secondary,free_water_like,splenium of corpus callosum,composite,stratified_case,additive_dosage_within_stratum,ok,286,,,,,,,,,,,,nonrobust,,,,0.7998963517905985,0.0969662839601275,1.0,0.0431923813512969,0.1702005844034211,0.7998963517905985
ms_case,"Multiple sclerosis current union, corrected G35-first-occurrence",dMRI_TBSS_L1_splenium_of_corpus_callosum,rs2546890,A,G,directional_tensor_context,directional_tensor_context,directional_context,primary,L1,splenium of corpus callosum,basket,stratified_case,additive_dosage_within_stratum,ok,135,,,,,,,,,,,,nonrobust,,,,0.8041094395832034,0.0946848395941074,1.0,-0.0406049946566525,0.1631662011649606,0.8041094395832034
ms_case,"Multiple sclerosis current union, corrected G35-first-occurrence",dMRI_weighted_mean_ISOVF_forceps_minor,rs2546890,A,G,replication_mechanistic,replication_mechanistic,replication_support,primary,ISOVF,forceps minor,basket,interaction,dosage_A_x_disease_flag,ok,33492,135.0,33357.0,0.0001786984510294,0.0071510848531017,0.9800638876648472,0.0274354311456691,0.1156592987560024,0.8124960774343869,0.0276141295966986,0.115436908319555,0.8109410799674359,nonrobust,35.0,71.0,29.0,0.8124960774343869,0.09017872702935,,,,
broad_neurodeg_case,"Broad clinical neurodegeneration, excluding MS definition",dMRI_TBSS_L1_genu_of_corpus_callosum,rs2546890,A,G,directional_tensor_context,directional_tensor_context,directional_context,primary,L1,genu of corpus callosum,basket,stratified_case,additive_dosage_within_stratum,ok,286,,,,,,,,,,,,nonrobust,,,,0.8198353402712424,0.0862733646801863,1.0,0.0180990950225685,0.0793763520273886,0.8198353402712424
ms_case,"Multiple sclerosis current union, corrected G35-first-occurrence",axonal_loss_like__wm__forceps_minor,rs2546890,A,G,secondary_composite,secondary_composite,mechanistic_composite,secondary,axonal_loss_like,forceps minor,composite,interaction,dosage_A_x_disease_flag,ok,33498,135.0,33363.0,-0.0025502061367832,0.0072379592079372,0.7245872139434006,0.0255872220358825,0.1170774279789676,0.8270022707367248,0.0230370158990993,0.116852319931628,0.8437141607706398,nonrobust,35.0,71.0,29.0,0.8270022707367248,0.0824932979842422,,,,
broad_neurodeg_case,"Broad clinical neurodegeneration, excluding MS definition",dMRI_TBSS_L1_body_of_corpus_callosum,rs2546890,A,G,directional_tensor_context,directional_tensor_context,directional_context,primary,L1,body of corpus callosum,basket,stratified_noncase,additive_dosage_within_stratum,ok,33207,,,,,,,,,,,,nonrobust,,,,0.8347498442019164,0.0784436533305,0.0,-0.00139017972042,0.0066638434160093,0.8347498442019164
ms_case,"Multiple sclerosis current union, corrected G35-first-occurrence",roi__splenium_of_corpus_callosum__PC1,rs2546890,A,G,secondary_roi_pca,secondary_roi_pca,dimension_reduction,secondary,PC1,splenium of corpus callosum,roi_pca,stratified_case,additive_dosage_within_stratum,ok,135,,,,,,,,,,,,nonrobust,,,,0.8413025618827068,0.0750477885955877,1.0,-0.1222498847368093,0.6085729262200165,0.8413025618827068
ms_case,"Multiple sclerosis current union, corrected G35-first-occurrence",roi__splenium_of_corpus_callosum__PC1,rs2546890,A,G,secondary_roi_pca,secondary_roi_pca,dimension_reduction,secondary,PC1,splenium of corpus callosum,roi_pca,stratified_case,additive_dosage_within_stratum,ok,135,,,,,,,,,,,,nonrobust,,,,0.8413025618827068,0.0750477885955877,1.0,-0.1222498847368093,0.6085729262200165,0.8413025618827068
ms_case,"Multiple sclerosis current union, corrected G35-first-occurrence",demyelination_like__tbss__splenium_of_corpus_callosum,rs2546890,A,G,secondary_composite,secondary_composite,mechanistic_composite,secondary,demyelination_like,splenium of corpus callosum,composite,stratified_case,additive_dosage_within_stratum,ok,135,,,,,,,,,,,,nonrobust,,,,0.8420369657574797,0.0746688423814685,1.0,-0.0960021730039242,0.4801613539952761,0.8420369657574797
broad_neurodeg_case,"Broad clinical neurodegeneration, excluding MS definition",demyelination_like__wm__forceps_major,rs2546890,A,G,secondary_composite,secondary_composite,mechanistic_composite,secondary,demyelination_like,forceps major,composite,stratified_noncase,additive_dosage_within_stratum,ok,33212,,,,,,,,,,,,nonrobust,,,,0.8530547680383722,0.0690230852530005,0.0,0.0024825980865668,0.0134032470696146,0.8530547680383722
ms_case,"Multiple sclerosis current union, corrected G35-first-occurrence",dMRI_weighted_mean_RD_forceps_major,rs2546890,A,G,replication_weighted_tensor,replication_weighted_tensor,replication,primary,RD,forceps major,derived,interaction,dosage_A_x_disease_flag,ok,33483,133.0,33350.0,0.0004891834081598,0.0073079042082098,0.9466307081666328,-0.0221416546738097,0.1200906639525518,0.8537208009022665,-0.0216524712656498,0.1198674228733203,0.8566537405308206,nonrobust,34.0,71.0,28.0,0.8537208009022665,0.0686841368669306,,,,
broad_neurodeg_case,"Broad clinical neurodegeneration, excluding MS definition",dMRI_TBSS_L1_splenium_of_corpus_callosum,rs2546890,A,G,directional_tensor_context,directional_tensor_context,directional_context,primary,L1,splenium of corpus callosum,basket,interaction,dosage_A_x_disease_flag,ok,33494,286.0,33208.0,-0.0053234875431291,0.0066446143859502,0.4230370271457724,-0.0131709424865276,0.0726018062587927,0.8560441800821629,-0.0184944300296568,0.0722971820433946,0.7980981867607224,nonrobust,84.0,144.0,58.0,0.8560441800821629,0.067503820987842,,,,
ms_case,"Multiple sclerosis current union, corrected G35-first-occurrence",roi__splenium_of_corpus_callosum__PC2,rs2546890,A,G,secondary_roi_pca,secondary_roi_pca,dimension_reduction,secondary,PC2,splenium of corpus callosum,roi_pca,stratified_case,additive_dosage_within_stratum,ok,135,,,,,,,,,,,,nonrobust,,,,0.8610862138676715,0.0649533638395715,1.0,-0.039719338316287,0.2262485617452451,0.8610862138676715
ms_case,"Multiple sclerosis current union, corrected G35-first-occurrence",roi__splenium_of_corpus_callosum__PC2,rs2546890,A,G,secondary_roi_pca,secondary_roi_pca,dimension_reduction,secondary,PC2,splenium of corpus callosum,roi_pca,stratified_case,additive_dosage_within_stratum,ok,135,,,,,,,,,,,,nonrobust,,,,0.8610862138676715,0.0649533638395715,1.0,-0.039719338316287,0.2262485617452451,0.8610862138676715
ms_case,"Multiple sclerosis current union, corrected G35-first-occurrence",free_water_like__tbss__body_of_corpus_callosum,rs2546890,A,G,secondary_composite,secondary_composite,mechanistic_composite,secondary,free_water_like,body of corpus callosum,composite,stratified_case,additive_dosage_within_stratum,ok,135,,,,,,,,,,,,nonrobust,,,,0.8775339025949997,0.0567360960296489,1.0,0.0597933348451146,0.3867865654138407,0.8775339025949997
ms_case,"Multiple sclerosis current union, corrected G35-first-occurrence",dMRI_TBSS_L1_body_of_corpus_callosum,rs2546890,A,G,directional_tensor_context,directional_tensor_context,directional_context,primary,L1,body of corpus callosum,basket,interaction,dosage_A_x_disease_flag,ok,33493,135.0,33358.0,-6.573461579287263e-05,0.0066440986762168,0.9921061697338022,0.016301079517122,0.1074684032569926,0.8794382503356301,0.0162353449013291,0.1072617547930745,0.8796911417513905,nonrobust,35.0,71.0,29.0,0.8794382503356301,0.0557946490774335,,,,
ms_case,"Multiple sclerosis current union, corrected G35-first-occurrence",tract_geometry_like__wm__forceps_minor,rs2546890,A,G,secondary_composite,secondary_composite,mechanistic_composite,secondary,tract_geometry_like,forceps minor,composite,stratified_case,additive_dosage_within_stratum,ok,135,,,,,,,,,,,,nonrobust,,,,0.8882646175598545,0.0514576368942512,1.0,-0.0234146143357802,0.1661212949991827,0.8882646175598545
broad_neurodeg_case,"Broad clinical neurodegeneration, excluding MS definition",roi__splenium_of_corpus_callosum__PC2,rs2546890,A,G,secondary_roi_pca,secondary_roi_pca,dimension_reduction,secondary,PC2,splenium of corpus callosum,roi_pca,stratified_noncase,additive_dosage_within_stratum,ok,33212,,,,,,,,,,,,nonrobust,,,,0.8887003438507771,0.0512446517969983,0.0,-0.0015994826942019,0.0114289579584295,0.8887003438507771
broad_neurodeg_case,"Broad clinical neurodegeneration, excluding MS definition",roi__splenium_of_corpus_callosum__PC2,rs2546890,A,G,secondary_roi_pca,secondary_roi_pca,dimension_reduction,secondary,PC2,splenium of corpus callosum,roi_pca,stratified_noncase,additive_dosage_within_stratum,ok,33212,,,,,,,,,,,,nonrobust,,,,0.8887003438507771,0.0512446517969983,0.0,-0.0015994826942019,0.0114289579584295,0.8887003438507771
broad_neurodeg_case,"Broad clinical neurodegeneration, excluding MS definition",tract_geometry_like__tbss__body_of_corpus_callosum,rs2546890,A,G,secondary_composite,secondary_composite,mechanistic_composite,secondary,tract_geometry_like,body of corpus callosum,composite,stratified_case,additive_dosage_within_stratum,ok,286,,,,,,,,,,,,nonrobust,,,,0.8893770242105502,0.0509140941219181,1.0,0.0152368412843074,0.1094238487380311,0.8893770242105502
broad_neurodeg_case,"Broad clinical neurodegeneration, excluding MS definition",dMRI_TBSS_ISOVF_body_of_corpus_callosum,rs2546890,A,G,secondary_mechanistic,secondary_mechanistic,mechanistic_support,primary,ISOVF,body of corpus callosum,basket,stratified_case,additive_dosage_within_stratum,ok,286,,,,,,,,,,,,nonrobust,,,,0.8901665053086252,0.050528751137869,1.0,0.0102204895294521,0.0739297772100035,0.8901665053086252
ms_case,"Multiple sclerosis current union, corrected G35-first-occurrence",tract_geometry_like__wm__forceps_major,rs2546890,A,G,secondary_composite,secondary_composite,mechanistic_composite,secondary,tract_geometry_like,forceps major,composite,stratified_noncase,additive_dosage_within_stratum,ok,33363,,,,,,,,,,,,nonrobust,,,,0.8909443727019862,0.0501494108708052,0.0,0.0013491642735225,0.009839986034625,0.8909443727019862
broad_neurodeg_case,"Broad clinical neurodegeneration, excluding MS definition",tract_geometry_like__tbss__body_of_corpus_callosum,rs2546890,A,G,secondary_composite,secondary_composite,mechanistic_composite,secondary,tract_geometry_like,body of corpus callosum,composite,interaction,dosage_A_x_disease_flag,ok,33498,286.0,33212.0,0.0132487446207089,0.00815041548316,0.1040591071264027,0.0106377032734434,0.0890548734299518,0.9049186906061344,0.0238864478941523,0.0886812177732354,0.7876606161320673,nonrobust,84.0,144.0,58.0,0.9049186906061344,0.0433904415765475,,,,
ms_case,"Multiple sclerosis current union, corrected G35-first-occurrence",dMRI_TBSS_MD_splenium_of_corpus_callosum,rs2546890,A,G,primary_skeleton_tensor,primary_skeleton_tensor,primary,primary,MD,splenium of corpus callosum,basket,stratified_case,additive_dosage_within_stratum,ok,133,,,,,,,,,,,,nonrobust,,,,0.9158915184833956,0.0381559627012026,1.0,-0.0200782134096998,0.1895085862803294,0.9158915184833956
broad_neurodeg_case,"Broad clinical neurodegeneration, excluding MS definition",dMRI_TBSS_ISOVF_splenium_of_corpus_callosum,rs2546890,A,G,secondary_mechanistic,secondary_mechanistic,mechanistic_support,primary,ISOVF,splenium of corpus callosum,basket,stratified_case,additive_dosage_within_stratum,ok,286,,,,,,,,,,,,nonrobust,,,,0.9177908729362284,0.0372562655051001,1.0,0.0090690333464499,0.0877678376504031,0.9177908729362284
broad_neurodeg_case,"Broad clinical neurodegeneration, excluding MS definition",roi__genu_of_corpus_callosum__PC2,rs2546890,A,G,secondary_roi_pca,secondary_roi_pca,dimension_reduction,secondary,PC2,genu of corpus callosum,roi_pca,interaction,dosage_A_x_disease_flag,ok,33498,286.0,33212.0,0.0022158155107451,0.0086943613064815,0.7988354117503546,0.0091834044353471,0.0949982546660046,0.9229896864528996,0.0113992199460923,0.0945996618224354,0.9040881326910848,nonrobust,84.0,144.0,58.0,0.9229896864528996,0.0348031517819096,,,,
broad_neurodeg_case,"Broad clinical neurodegeneration, excluding MS definition",roi__genu_of_corpus_callosum__PC2,rs2546890,A,G,secondary_roi_pca,secondary_roi_pca,dimension_reduction,secondary,PC2,genu of corpus callosum,roi_pca,interaction,dosage_A_x_disease_flag,ok,33498,286.0,33212.0,0.0022158155107451,0.0086943613064815,0.7988354117503546,0.0091834044353471,0.0949982546660046,0.9229896864528996,0.0113992199460923,0.0945996618224354,0.9040881326910848,nonrobust,84.0,144.0,58.0,0.9229896864528996,0.0348031517819096,,,,
ms_case,"Multiple sclerosis current union, corrected G35-first-occurrence",dMRI_weighted_mean_ISOVF_forceps_minor,rs2546890,A,G,replication_mechanistic,replication_mechanistic,replication_support,primary,ISOVF,forceps minor,basket,stratified_case,additive_dosage_within_stratum,ok,135,,,,,,,,,,,,nonrobust,,,,0.9272979249222424,0.0327807120663025,1.0,0.0140741339897243,0.1537602748466267,0.9272979249222424
broad_neurodeg_case,"Broad clinical neurodegeneration, excluding MS definition",dMRI_weighted_mean_RD_forceps_major,rs2546890,A,G,replication_weighted_tensor,replication_weighted_tensor,replication,primary,RD,forceps major,derived,stratified_noncase,additive_dosage_within_stratum,ok,33197,,,,,,,,,,,,nonrobust,,,,0.933539888661806,0.02986712061195,0.0,-0.0006109662477194,0.0073263858442563,0.933539888661806
ms_case,"Multiple sclerosis current union, corrected G35-first-occurrence",dMRI_TBSS_ISOVF_genu_of_corpus_callosum,rs2546890,A,G,secondary_mechanistic,secondary_mechanistic,mechanistic_support,primary,ISOVF,genu of corpus callosum,basket,stratified_case,additive_dosage_within_stratum,ok,134,,,,,,,,,,,,nonrobust,,,,0.9444217153044872,0.024834035646161,1.0,0.0091946336046013,0.1314730264607965,0.9444217153044872
broad_neurodeg_case,"Broad clinical neurodegeneration, excluding MS definition",axonal_loss_like__tbss__genu_of_corpus_callosum,rs2546890,A,G,secondary_composite,secondary_composite,mechanistic_composite,secondary,axonal_loss_like,genu of corpus callosum,composite,interaction,dosage_A_x_disease_flag,ok,33498,286.0,33212.0,-0.0029051376680772,0.0071304574345001,0.6836973387473794,0.00533464088278,0.0779103820705925,0.9454107143078352,0.0024295032147028,0.0775834863729582,0.975018758105199,nonrobust,84.0,144.0,58.0,0.9454107143078352,0.0243794801604551,,,,
ms_case,"Multiple sclerosis current union, corrected G35-first-occurrence",dMRI_weighted_mean_RD_forceps_major,rs2546890,A,G,replication_weighted_tensor,replication_weighted_tensor,replication,primary,RD,forceps major,derived,stratified_noncase,additive_dosage_within_stratum,ok,33350,,,,,,,,,,,,nonrobust,,,,0.947341397827346,0.0234934840659227,0.0,0.000482311267284,0.0073026287729112,0.947341397827346
ms_case,"Multiple sclerosis current union, corrected G35-first-occurrence",roi__splenium_of_corpus_callosum__PC2,rs2546890,A,G,secondary_roi_pca,secondary_roi_pca,dimension_reduction,secondary,PC2,splenium of corpus callosum,roi_pca,stratified_noncase,additive_dosage_within_stratum,ok,33363,,,,,,,,,,,,nonrobust,,,,0.9637517708772751,0.0160348109316251,0.0,-0.0005179047194894,0.0113959463304133,0.9637517708772751
ms_case,"Multiple sclerosis current union, corrected G35-first-occurrence",roi__splenium_of_corpus_callosum__PC2,rs2546890,A,G,secondary_roi_pca,secondary_roi_pca,dimension_reduction,secondary,PC2,splenium of corpus callosum,roi_pca,stratified_noncase,additive_dosage_within_stratum,ok,33363,,,,,,,,,,,,nonrobust,,,,0.9637517708772751,0.0160348109316251,0.0,-0.0005179047194894,0.0113959463304133,0.9637517708772751
broad_neurodeg_case,"Broad clinical neurodegeneration, excluding MS definition",dMRI_weighted_mean_ISOVF_forceps_minor,rs2546890,A,G,replication_mechanistic,replication_mechanistic,replication_support,primary,ISOVF,forceps minor,basket,stratified_noncase,additive_dosage_within_stratum,ok,33206,,,,,,,,,,,,nonrobust,,,,0.9655812180843844,0.0152111904683318,0.0,-0.0003089015269994,0.0071585749974918,0.9655812180843844
ms_case,"Multiple sclerosis current union, corrected G35-first-occurrence",dMRI_TBSS_FA_splenium_of_corpus_callosum,rs2546890,A,G,primary_skeleton_tensor,primary_skeleton_tensor,primary,primary,FA,splenium of corpus callosum,basket,stratified_case,additive_dosage_within_stratum,ok,133,,,,,,,,,,,,nonrobust,,,,0.9663072136491242,0.0148847783657321,1.0,-0.008701994951286,0.2053600921286089,0.9663072136491242
ms_case,"Multiple sclerosis current union, corrected G35-first-occurrence",dMRI_weighted_mean_ISOVF_forceps_minor,rs2546890,A,G,replication_mechanistic,replication_mechanistic,replication_support,primary,ISOVF,forceps minor,basket,stratified_noncase,additive_dosage_within_stratum,ok,33357,,,,,,,,,,,,nonrobust,,,,0.9736093599141084,0.0116152596141573,0.0,0.0002364450075303,0.0071472308916383,0.9736093599141084
ms_case,"Multiple sclerosis current union, corrected G35-first-occurrence",dMRI_TBSS_FA_splenium_of_corpus_callosum,rs2546890,A,G,primary_skeleton_tensor,primary_skeleton_tensor,primary,primary,FA,splenium of corpus callosum,basket,interaction,dosage_A_x_disease_flag,ok,33472,133.0,33339.0,0.0077193388349284,0.0073957980529976,0.2966102094360947,-0.003969412595215,0.1206327881053912,0.9737506035319096,0.0037499262397133,0.120405298476172,0.9751547292863492,nonrobust,35.0,70.0,28.0,0.9737506035319096,0.0115522601430025,,,,
broad_neurodeg_case,"Broad clinical neurodegeneration, excluding MS definition",axonal_loss_like__tbss__body_of_corpus_callosum,rs2546890,A,G,secondary_composite,secondary_composite,mechanistic_composite,secondary,axonal_loss_like,body of corpus callosum,composite,interaction,dosage_A_x_disease_flag,ok,33498,286.0,33212.0,-0.0090316042330667,0.0080434642189209,0.2615092443842588,0.001436293485723,0.087886278857115,0.9869611407734926,-0.0075953107473436,0.087517526379256,0.9308420020937532,nonrobust,84.0,144.0,58.0,0.9869611407734926,0.0056999462967985,,,,
ms_case,"Multiple sclerosis current union, corrected G35-first-occurrence",dMRI_TBSS_L1_body_of_corpus_callosum,rs2546890,A,G,directional_tensor_context,directional_tensor_context,directional_context,primary,L1,body of corpus callosum,basket,stratified_noncase,additive_dosage_within_stratum,ok,33358,,,,,,,,,,,,nonrobust,,,,0.989599654511647,0.0045404649995011,0.0,-8.649327839450572e-05,0.0066352775526303,0.989599654511647
ms_case,"Multiple sclerosis current union, corrected G35-first-occurrence",roi__genu_of_corpus_callosum__PC2,rs2546890,A,G,secondary_roi_pca,secondary_roi_pca,dimension_reduction,secondary,PC2,genu of corpus callosum,roi_pca,interaction,dosage_A_x_disease_flag,ok,33498,135.0,33363.0,0.0023139418654745,0.0086742686458514,0.7896561347743756,-0.0007556370853422,0.1403104153365789,0.99570307207291,0.0015583047801322,0.1400406365742413,0.9911217743564052,nonrobust,35.0,71.0,29.0,0.99570307207291,0.0018701529277197,,,,
ms_case,"Multiple sclerosis current union, corrected G35-first-occurrence",roi__genu_of_corpus_callosum__PC2,rs2546890,A,G,secondary_roi_pca,secondary_roi_pca,dimension_reduction,secondary,PC2,genu of corpus callosum,roi_pca,interaction,dosage_A_x_disease_flag,ok,33498,135.0,33363.0,0.0023139418654745,0.0086742686458514,0.7896561347743756,-0.0007556370853422,0.1403104153365789,0.99570307207291,0.0015583047801322,0.1400406365742413,0.9911217743564052,nonrobust,35.0,71.0,29.0,0.99570307207291,0.0018701529277197,,,,
ms_case,"Multiple sclerosis current union, corrected G35-first-occurrence",dMRI_TBSS_ISOVF_body_of_corpus_callosum,rs2546890,A,G,secondary_mechanistic,secondary_mechanistic,mechanistic_support,primary,ISOVF,body of corpus callosum,basket,stratified_case,additive_dosage_within_stratum,ok,134,,,,,,,,,,,,nonrobust,,,,0.9958146066004232,0.0018215077859668,1.0,0.0008121004718165,0.1543314281332032,0.9958146066004232
