column_name,field_id,field_id_base,family,analysis_tier,confirmatory_role,panel,modality,metric,region,source,effect_allele,other_allele,model,contrast,level_a,level_b,n,beta,se,t,p,ci95_low,ci95_high,vcov_type,status,raw_p,minus_log10_raw_p,n_tests_in_family,raw_p_rank_within_family,raw_p_lt_0_05,raw_p_lt_0_01,raw_p_lt_0_001
WMH_volume,25781.0,25781.0,controls,controls_pathology,control,secondary,T2_FLAIR,WMH_volume,Total volume of white matter hyperintensities (from T1 and T2_FLAIR images),basket,A,G,genotype_pairwise,AG_vs_GG,AG,GG,30064,0.011623342781283796,0.007225619321605885,1.608629276459104,0.1077081265833084,-0.0025391917761667434,0.025785877338734338,nonrobust,ok,0.1077081265833084,0.9677515279263439,9,1.0,False,False,False
WMH_count,24485.0,24485.0,controls,controls_pathology,control,secondary,T2_FLAIR,WMH_count,,basket,A,G,genotype_pairwise,AG_vs_GG,AG,GG,30073,0.008376597937739948,0.00691396337578459,1.2115479186768732,0.22569518011759143,-0.005175076964506035,0.02192827283998593,nonrobust,ok,0.22569518011759143,0.6464777154932824,9,2.0,False,False,False
WMH_volume,25781.0,25781.0,controls,controls_pathology,control,secondary,T2_FLAIR,WMH_volume,Total volume of white matter hyperintensities (from T1 and T2_FLAIR images),basket,A,G,genotype_pairwise,AA_vs_GG,AA,GG,30064,0.00784696537124904,0.008125898052179737,0.9656736179632631,0.3342154387999282,-0.008080155454255288,0.023774086196753367,nonrobust,ok,0.3342154387999282,0.4759734921124417,9,3.0,False,False,False
WMH_mean_volume,24486.0,24486.0,controls,controls_pathology,control,secondary,T2_FLAIR,WMH_mean_volume,,basket,A,G,genotype_pairwise,AG_vs_GG,AG,GG,30017,0.008778073788068618,0.009156389619031875,0.9586828600896455,0.3377264028527329,-0.009168857418144279,0.026725004994281515,nonrobust,ok,0.3377264028527329,0.47143498566302805,9,4.0,False,False,False
WMH_count,24485.0,24485.0,controls,controls_pathology,control,secondary,T2_FLAIR,WMH_count,,basket,A,G,genotype_pairwise,AA_vs_GG,AA,GG,30073,0.005230624076119135,0.0077749978161008185,0.6727492662811199,0.5011120855193077,-0.010008716522429257,0.020469964674667527,nonrobust,ok,0.5011120855193077,0.3000651230786097,9,5.0,False,False,False
WMH_mean_volume,24486.0,24486.0,controls,controls_pathology,control,secondary,T2_FLAIR,WMH_mean_volume,,basket,A,G,genotype_pairwise,AA_vs_AG,AA,AG,30017,-0.005830719990112212,0.00867375164366073,-0.672225840634212,0.5014452044255264,-0.02283165928227551,0.011170219302051084,nonrobust,ok,0.5014452044255264,0.299776517709992,9,6.0,False,False,False
WMH_volume,25781.0,25781.0,controls,controls_pathology,control,secondary,T2_FLAIR,WMH_volume,Total volume of white matter hyperintensities (from T1 and T2_FLAIR images),basket,A,G,genotype_pairwise,AA_vs_AG,AA,AG,30064,-0.003776377410034757,0.006849730704363409,-0.5513176463461743,0.5814201182500841,-0.017202153595018796,0.00964939877494928,nonrobust,ok,0.5814201182500841,0.23550994488442037,9,7.0,False,False,False
WMH_count,24485.0,24485.0,controls,controls_pathology,control,secondary,T2_FLAIR,WMH_count,,basket,A,G,genotype_pairwise,AA_vs_AG,AA,AG,30073,-0.003145973861620813,0.00655214679805317,-0.4801439831225351,0.6311285732487415,-0.015988472222256463,0.009696524499014836,nonrobust,ok,0.6311285732487415,0.19988215745261834,9,8.0,False,False,False
WMH_mean_volume,24486.0,24486.0,controls,controls_pathology,control,secondary,T2_FLAIR,WMH_mean_volume,,basket,A,G,genotype_pairwise,AA_vs_GG,AA,GG,30017,0.0029473537979564065,0.010296496332154056,0.2862482249182535,0.7746900228376343,-0.01723423731237585,0.02312894490828866,nonrobust,ok,0.7746900228376343,0.11087203723640333,9,9.0,False,False,False
dMRI_TBSS_L1_cerebral_peduncle_left,25215.0,25071.0,directional_tensor_context,directional_tensor_context,directional_context,primary,dMRI_TBSS,L1,cerebral peduncle (left),basket,A,G,genotype_pairwise,AG_vs_GG,AG,GG,30155,-0.032591958060010154,0.013292572212290842,-2.451892496011745,0.01421644595804137,-0.05864598626068829,-0.00653792985933202,nonrobust,ok,0.01421644595804137,1.8472089615337375,51,1.0,True,False,False
dMRI_TBSS_L1_cerebral_peduncle_right,25214.0,25070.0,directional_tensor_context,directional_tensor_context,directional_context,primary,dMRI_TBSS,L1,cerebral peduncle (right),basket,A,G,genotype_pairwise,AG_vs_GG,AG,GG,30155,-0.026982679066017506,0.012814169027892855,-2.1056908963260725,0.03523961165921985,-0.05209901591106213,-0.0018663422209728858,nonrobust,ok,0.03523961165921985,1.45296888616201,51,2.0,True,False,False
dMRI_TBSS_L1_cerebral_peduncle_left,25215.0,25071.0,directional_tensor_context,directional_tensor_context,directional_context,primary,dMRI_TBSS,L1,cerebral peduncle (left),basket,A,G,genotype_pairwise,AA_vs_AG,AA,AG,30155,0.022208160422806357,0.012595291739207386,1.763211276295844,0.07787517938401417,-0.002479167276316429,0.046895488121929146,nonrobust,ok,0.07787517938401417,1.1086009399424335,51,3.0,False,False,False
dMRI_TBSS_L1_genu_of_corpus_callosum,25202.0,25058.0,directional_tensor_context,directional_tensor_context,directional_context,primary,dMRI_TBSS,L1,genu of corpus callosum,basket,A,G,genotype_pairwise,AA_vs_GG,AA,GG,30158,0.024139482849177683,0.013696300150369965,1.7624820268359573,0.0779982086825936,-0.0027058698173177582,0.05098483551567312,nonrobust,ok,0.0779982086825936,1.107915371260779,51,4.0,False,False,False
dMRI_TBSS_L1_genu_of_corpus_callosum,25202.0,25058.0,directional_tensor_context,directional_tensor_context,directional_context,primary,dMRI_TBSS,L1,genu of corpus callosum,basket,A,G,genotype_pairwise,AG_vs_GG,AG,GG,30158,0.019279093032031246,0.012178639559639113,1.58302517597479,0.113426409138436,-0.004591577907362077,0.04314976397142457,nonrobust,ok,0.113426409138436,0.9452858166266753,51,5.0,False,False,False
dMRI_TBSS_L1_anterior_corona_radiata_left,25223.0,25079.0,directional_tensor_context,directional_tensor_context,directional_context,primary,dMRI_TBSS,L1,anterior corona radiata (left),basket,A,G,genotype_pairwise,AG_vs_GG,AG,GG,30152,0.018466612524019786,0.012054968593762452,1.531867327599251,0.12556586583028498,-0.0051616580609380736,0.042094883108977646,nonrobust,ok,0.12556586583028498,0.9011284043592186,51,6.0,False,False,False
dMRI_TBSS_L1_cerebral_peduncle_right,25214.0,25070.0,directional_tensor_context,directional_tensor_context,directional_context,primary,dMRI_TBSS,L1,cerebral peduncle (right),basket,A,G,genotype_pairwise,AA_vs_AG,AA,AG,30155,0.017589028595147858,0.012141983863182687,1.448612417323488,0.14745644456274523,-0.006209795660328667,0.04138785285062438,nonrobust,ok,0.14745644456274523,0.8313362419193976,51,7.0,False,False,False
dMRI_TBSS_L1_splenium_of_corpus_callosum,25204.0,25060.0,directional_tensor_context,directional_tensor_context,directional_context,primary,dMRI_TBSS,L1,splenium of corpus callosum,basket,A,G,genotype_pairwise,AG_vs_GG,AG,GG,30156,0.016205220455548227,0.012330281672556233,1.3142619841050773,0.18876823985825597,-0.007962675783391538,0.040373116694487995,nonrobust,ok,0.18876823985825597,0.7240710736745608,51,8.0,False,False,False
dMRI_TBSS_L1_corticospinal_tract_right,25206.0,25062.0,directional_tensor_context,directional_tensor_context,directional_context,primary,dMRI_TBSS,L1,corticospinal tract (right),basket,A,G,genotype_pairwise,AG_vs_GG,AG,GG,30152,-0.017931512359641476,0.013831217843583581,-1.2964521680178767,0.19482985744610623,-0.04504130988302855,0.009178285163745595,nonrobust,ok,0.19482985744610623,0.7103444872394671,51,9.0,False,False,False
dMRI_TBSS_L1_body_of_corpus_callosum,25203.0,25059.0,directional_tensor_context,directional_tensor_context,directional_context,primary,dMRI_TBSS,L1,body of corpus callosum,basket,A,G,genotype_pairwise,AG_vs_GG,AG,GG,30155,0.015299824128127306,0.012349828112684714,1.238869398709493,0.21540369204389198,-0.008906384029530883,0.039506032285785496,nonrobust,ok,0.21540369204389198,0.6667468571172033,51,10.0,False,False,False
dMRI_TBSS_L1_corticospinal_tract_right,25206.0,25062.0,directional_tensor_context,directional_tensor_context,directional_context,primary,dMRI_TBSS,L1,corticospinal tract (right),basket,A,G,genotype_pairwise,AA_vs_AG,AA,AG,30152,0.015211413826661538,0.013104856792336335,1.1607462841987795,0.24575445575333935,-0.010474683972603083,0.040897511625926156,nonrobust,ok,0.24575445575333935,0.6094985992677688,51,11.0,False,False,False
dMRI_TBSS_L1_posterior_corona_radiata_left,25227.0,25083.0,directional_tensor_context,directional_tensor_context,directional_context,primary,dMRI_TBSS,L1,posterior corona radiata (left),basket,A,G,genotype_pairwise,AG_vs_GG,AG,GG,30129,-0.01205058231791056,0.01048361319320327,-1.1494684223682716,0.2503721763622812,-0.03259892760719627,0.008497762971375153,nonrobust,ok,0.2503721763622812,0.6014139355403845,51,12.0,False,False,False
dMRI_TBSS_L1_body_of_corpus_callosum,25203.0,25059.0,directional_tensor_context,directional_tensor_context,directional_context,primary,dMRI_TBSS,L1,body of corpus callosum,basket,A,G,genotype_pairwise,AA_vs_AG,AA,AG,30155,-0.010351404742078395,0.011700886633628093,-0.8846684072922033,0.37634268589336595,-0.03328565895990411,0.012582849475747322,nonrobust,ok,0.37634268589336595,0.42441651993000834,51,13.0,False,False,False
dMRI_TBSS_L1_anterior_corona_radiata_left,25223.0,25079.0,directional_tensor_context,directional_tensor_context,directional_context,primary,dMRI_TBSS,L1,anterior corona radiata (left),basket,A,G,genotype_pairwise,AA_vs_AG,AA,AG,30152,-0.008772279904975349,0.011422995838264404,-0.767949146544397,0.44252352457609845,-0.03116185599205159,0.013617296182100891,nonrobust,ok,0.44252352457609845,0.3540636372327625,51,14.0,False,False,False
dMRI_TBSS_L1_posterior_thalamic_radiation_right,25228.0,25084.0,directional_tensor_context,directional_tensor_context,directional_context,primary,dMRI_TBSS,L1,posterior thalamic radiation (right),basket,A,G,genotype_pairwise,AA_vs_AG,AA,AG,30155,0.008538548701078542,0.011398995978294196,0.7490614714960443,0.45382610838212667,-0.013803986508418763,0.030881083910575848,nonrobust,ok,0.45382610838212667,0.34311052299465433,51,15.0,False,False,False
dMRI_TBSS_L1_posterior_thalamic_radiation_right,25228.0,25084.0,directional_tensor_context,directional_tensor_context,directional_context,primary,dMRI_TBSS,L1,posterior thalamic radiation (right),basket,A,G,genotype_pairwise,AG_vs_GG,AG,GG,30155,-0.008828677406583291,0.01202890393335427,-0.7339552677033816,0.462981815029599,-0.032405860008839674,0.014748505195673091,nonrobust,ok,0.462981815029599,0.33443606683819815,51,16.0,False,False,False
dMRI_TBSS_L1_anterior_corona_radiata_left,25223.0,25079.0,directional_tensor_context,directional_tensor_context,directional_context,primary,dMRI_TBSS,L1,anterior corona radiata (left),basket,A,G,genotype_pairwise,AA_vs_GG,AA,GG,30152,0.009694332619044437,0.013556790986008552,0.7150905128691288,0.4745587564926509,-0.016877576149500285,0.03626624138758916,nonrobust,ok,0.4745587564926509,0.32371000865130634,51,17.0,False,False,False
dMRI_TBSS_L1_cerebral_peduncle_left,25215.0,25071.0,directional_tensor_context,directional_tensor_context,directional_context,primary,dMRI_TBSS,L1,cerebral peduncle (left),basket,A,G,genotype_pairwise,AA_vs_GG,AA,GG,30155,-0.010383797637203795,0.014948526758590472,-0.6946368565207629,0.48728836084520977,-0.039683569833798595,0.018915974559391008,nonrobust,ok,0.48728836084520977,0.3122139618611998,51,18.0,False,False,False
dMRI_TBSS_L1_posterior_corona_radiata_left,25227.0,25083.0,directional_tensor_context,directional_tensor_context,directional_context,primary,dMRI_TBSS,L1,posterior corona radiata (left),basket,A,G,genotype_pairwise,AA_vs_GG,AA,GG,30129,-0.007903128812172299,0.011790550030664147,-0.6702934800851802,0.5026759566619243,-0.031013128076334155,0.01520687045198956,nonrobust,ok,0.5026759566619243,0.2987118868800811,51,19.0,False,False,False
dMRI_TBSS_L1_cerebral_peduncle_right,25214.0,25070.0,directional_tensor_context,directional_tensor_context,directional_context,primary,dMRI_TBSS,L1,cerebral peduncle (right),basket,A,G,genotype_pairwise,AA_vs_GG,AA,GG,30155,-0.009393650470869647,0.014410525332744862,-0.6518603766321113,0.5144963095805029,-0.037638916128239046,0.01885161518649975,nonrobust,ok,0.5144963095805029,0.28861773603191093,51,20.0,False,False,False
dMRI_TBSS_L1_splenium_of_corpus_callosum,25204.0,25060.0,directional_tensor_context,directional_tensor_context,directional_context,primary,dMRI_TBSS,L1,splenium of corpus callosum,basket,A,G,genotype_pairwise,AA_vs_GG,AA,GG,30156,0.008829249020660814,0.01386651810272974,0.6367315107692899,0.5243046686033277,-0.018349738418697203,0.03600823646001883,nonrobust,ok,0.5243046686033277,0.280416275149835,51,21.0,False,False,False
dMRI_TBSS_L1_splenium_of_corpus_callosum,25204.0,25060.0,directional_tensor_context,directional_tensor_context,directional_context,primary,dMRI_TBSS,L1,splenium of corpus callosum,basket,A,G,genotype_pairwise,AA_vs_AG,AA,AG,30156,-0.007375971434887413,0.011683490213594726,-0.631315754114712,0.5278389629686483,-0.030276127870023203,0.015524185000248377,nonrobust,ok,0.5278389629686483,0.277498555044859,51,22.0,False,False,False
dMRI_TBSS_L1_posterior_thalamic_radiation_left,25229.0,25085.0,directional_tensor_context,directional_tensor_context,directional_context,primary,dMRI_TBSS,L1,posterior thalamic radiation (left),basket,A,G,genotype_pairwise,AA_vs_GG,AA,GG,30155,-0.006505091863183098,0.01298255932995714,-0.5010639041080797,0.6163298754230639,-0.031951481132140594,0.0189412974057744,nonrobust,ok,0.6163298754230639,0.2101867801568577,51,23.0,False,False,False
dMRI_TBSS_L1_posterior_thalamic_radiation_left,25229.0,25085.0,directional_tensor_context,directional_tensor_context,directional_context,primary,dMRI_TBSS,L1,posterior thalamic radiation (left),basket,A,G,genotype_pairwise,AG_vs_GG,AG,GG,30155,-0.004991201895448246,0.011544419487616767,-0.43234758584458116,0.6654919562800338,-0.027618773601450604,0.017636369810554116,nonrobust,ok,0.6654919562800338,0.1768571894219237,51,24.0,False,False,False
dMRI_TBSS_L1_genu_of_corpus_callosum,25202.0,25058.0,directional_tensor_context,directional_tensor_context,directional_context,primary,dMRI_TBSS,L1,genu of corpus callosum,basket,A,G,genotype_pairwise,AA_vs_AG,AA,AG,30158,0.004860389817146436,0.011539780837958747,0.421185626087348,0.6736225975694569,-0.017758089837061553,0.027478869471354427,nonrobust,ok,0.6736225975694569,0.1715833522757676,51,25.0,False,False,False
dMRI_TBSS_L1_posterior_corona_radiata_left,25227.0,25083.0,directional_tensor_context,directional_tensor_context,directional_context,primary,dMRI_TBSS,L1,posterior corona radiata (left),basket,A,G,genotype_pairwise,AA_vs_AG,AA,AG,30129,0.004147453505738262,0.009934159549962985,0.4174941508518167,0.6763200325808902,-0.015323938354067892,0.023618845365544417,nonrobust,ok,0.6763200325808902,0.16984774859345045,51,26.0,False,False,False
dMRI_TBSS_L1_posterior_corona_radiata_right,25226.0,25082.0,directional_tensor_context,directional_tensor_context,directional_context,primary,dMRI_TBSS,L1,posterior corona radiata (right),basket,A,G,genotype_pairwise,AA_vs_AG,AA,AG,30133,0.0036512279899775677,0.00952782401493683,0.3832174045462547,0.7015613284589128,-0.015023728155646503,0.02232618413560164,nonrobust,ok,0.7015613284589128,0.15393435821068147,51,27.0,False,False,False
dMRI_TBSS_L1_superior_corona_radiata_left,25225.0,25081.0,directional_tensor_context,directional_tensor_context,directional_context,primary,dMRI_TBSS,L1,superior corona radiata (left),basket,A,G,genotype_pairwise,AG_vs_GG,AG,GG,30141,-0.003945612177947478,0.010715416761583288,-0.3682182658628093,0.7127131259487649,-0.02494830235951327,0.017057078003618314,nonrobust,ok,0.7127131259487649,0.14708524278207669,51,28.0,False,False,False
dMRI_TBSS_L1_corticospinal_tract_left,25207.0,25063.0,directional_tensor_context,directional_tensor_context,directional_context,primary,dMRI_TBSS,L1,corticospinal tract (left),basket,A,G,genotype_pairwise,AG_vs_GG,AG,GG,30155,-0.005091018297710043,0.01390082324350977,-0.366238618283778,0.7141896453551587,-0.0323372453645953,0.022155208769175216,nonrobust,ok,0.7141896453551587,0.14618645069562555,51,29.0,False,False,False
dMRI_TBSS_L1_body_of_corpus_callosum,25203.0,25059.0,directional_tensor_context,directional_tensor_context,directional_context,primary,dMRI_TBSS,L1,body of corpus callosum,basket,A,G,genotype_pairwise,AA_vs_GG,AA,GG,30155,0.004948419386048911,0.013888360499684269,0.3562997508713434,0.7216186354097337,-0.02227338015289806,0.032170218924995886,nonrobust,ok,0.7216186354097337,0.1416922599019344,51,30.0,False,False,False
dMRI_TBSS_L1_posterior_corona_radiata_right,25226.0,25082.0,directional_tensor_context,directional_tensor_context,directional_context,primary,dMRI_TBSS,L1,posterior corona radiata (right),basket,A,G,genotype_pairwise,AG_vs_GG,AG,GG,30133,-0.0035553436809749074,0.010053367349822307,-0.35364704752758763,0.7236059317377714,-0.023260387989040374,0.01614970062709056,nonrobust,ok,0.7236059317377714,0.14049788168173274,51,31.0,False,False,False
dMRI_TBSS_L1_superior_corona_radiata_right,25224.0,25080.0,directional_tensor_context,directional_tensor_context,directional_context,primary,dMRI_TBSS,L1,superior corona radiata (right),basket,A,G,genotype_pairwise,AA_vs_AG,AA,AG,30139,-0.0034829676432253528,0.010212978063200196,-0.34103349891402573,0.7330807852208245,-0.02350085583725683,0.016534920550806128,nonrobust,ok,0.7330807852208245,0.134848163636636,51,32.0,False,False,False
dMRI_TBSS_L1_posterior_limb_of_internal_capsule_left,25219.0,25075.0,directional_tensor_context,directional_tensor_context,directional_context,primary,dMRI_TBSS,L1,posterior limb of internal capsule (left),basket,A,G,genotype_pairwise,AG_vs_GG,AG,GG,30157,-0.004108573102000676,0.012504593267608577,-0.3285651131607269,0.7424867451141437,-0.028618127726114054,0.020400981522112702,nonrobust,ok,0.7424867451141437,0.12931129497393942,51,33.0,False,False,False
dMRI_TBSS_L1_posterior_limb_of_internal_capsule_right,25218.0,25074.0,directional_tensor_context,directional_tensor_context,directional_context,primary,dMRI_TBSS,L1,posterior limb of internal capsule (right),basket,A,G,genotype_pairwise,AA_vs_GG,AA,GG,30156,-0.00415866551237073,0.01384182453579899,-0.30044200470936544,0.763842137544593,-0.0312892524707665,0.022971921446025043,nonrobust,ok,0.763842137544593,0.11699638733698287,51,34.0,False,False,False
dMRI_TBSS_L1_posterior_limb_of_internal_capsule_right,25218.0,25074.0,directional_tensor_context,directional_tensor_context,directional_context,primary,dMRI_TBSS,L1,posterior limb of internal capsule (right),basket,A,G,genotype_pairwise,AA_vs_AG,AA,AG,30156,-0.003221856050369367,0.011662148678693684,-0.2762660757580273,0.7823456387256118,-0.026080182135253215,0.01963647003451448,nonrobust,ok,0.7823456387256118,0.106601334117318,51,35.0,False,False,False
dMRI_TBSS_L1_superior_corona_radiata_left,25225.0,25081.0,directional_tensor_context,directional_tensor_context,directional_context,primary,dMRI_TBSS,L1,superior corona radiata (left),basket,A,G,genotype_pairwise,AA_vs_AG,AA,AG,30141,0.002485503930821259,0.010152966544620062,0.2448056851067138,0.8066085895821382,-0.01741475898055335,0.02238576684219587,nonrobust,ok,0.8066085895821382,0.0933371574979243,51,36.0,False,False,False
dMRI_TBSS_L1_posterior_limb_of_internal_capsule_left,25219.0,25075.0,directional_tensor_context,directional_tensor_context,directional_context,primary,dMRI_TBSS,L1,posterior limb of internal capsule (left),basket,A,G,genotype_pairwise,AA_vs_AG,AA,AG,30157,0.0025758046552253966,0.011848681784602463,0.21739166449492237,0.8279046249782731,-0.020648134517247146,0.025799743827697938,nonrobust,ok,0.8279046249782731,0.08201969127237435,51,37.0,False,False,False
dMRI_TBSS_L1_corticospinal_tract_left,25207.0,25063.0,directional_tensor_context,directional_tensor_context,directional_context,primary,dMRI_TBSS,L1,corticospinal tract (left),basket,A,G,genotype_pairwise,AA_vs_GG,AA,GG,30155,-0.0033954228242787207,0.01563304256871008,-0.21719526505190637,0.8280576715732499,-0.03403687621965429,0.027246030571096844,nonrobust,ok,0.8280576715732499,0.08193941493758075,51,38.0,False,False,False
dMRI_TBSS_L1_superior_corona_radiata_right,25224.0,25080.0,directional_tensor_context,directional_tensor_context,directional_context,primary,dMRI_TBSS,L1,superior corona radiata (right),basket,A,G,genotype_pairwise,AA_vs_GG,AA,GG,30139,-0.0024988343220328645,0.012120965153342081,-0.20615803200654098,0.8366688879161328,-0.026256461504022947,0.02125879285995722,nonrobust,ok,0.8366688879161328,0.0774463802404902,51,39.0,False,False,False
dMRI_TBSS_L1_corticospinal_tract_right,25206.0,25062.0,directional_tensor_context,directional_tensor_context,directional_context,primary,dMRI_TBSS,L1,corticospinal tract (right),basket,A,G,genotype_pairwise,AA_vs_GG,AA,GG,30152,-0.0027200985329799373,0.015554281187681472,-0.1748778037479594,0.8611768477895997,-0.03320717627179895,0.027766979205839072,nonrobust,ok,0.8611768477895997,0.06490765443189819,51,40.0,False,False,False
dMRI_TBSS_L1_posterior_thalamic_radiation_left,25229.0,25085.0,directional_tensor_context,directional_tensor_context,directional_context,primary,dMRI_TBSS,L1,posterior thalamic radiation (left),basket,A,G,genotype_pairwise,AA_vs_AG,AA,AG,30155,-0.0015138899677348524,0.01093940303709187,-0.13838871852529394,0.8899341539580576,-0.022955602728447853,0.01992782279297815,nonrobust,ok,0.8899341539580576,0.05064212552426908,51,41.0,False,False,False
dMRI_TBSS_L1_corticospinal_tract_left,25207.0,25063.0,directional_tensor_context,directional_tensor_context,directional_context,primary,dMRI_TBSS,L1,corticospinal tract (left),basket,A,G,genotype_pairwise,AA_vs_AG,AA,AG,30155,0.0016955954734313222,0.013172039631265826,0.12872687305059197,0.8975746452980015,-0.024122183548760303,0.02751337449562295,nonrobust,ok,0.8975746452980015,0.04692942387166158,51,42.0,False,False,False
dMRI_TBSS_L1_superior_corona_radiata_left,25225.0,25081.0,directional_tensor_context,directional_tensor_context,directional_context,primary,dMRI_TBSS,L1,superior corona radiata (left),basket,A,G,genotype_pairwise,AA_vs_GG,AA,GG,30141,-0.0014601082471262191,0.012050154420931514,-0.12116925610430046,0.9035577976248448,-0.025078943199977322,0.02215872670572488,nonrobust,ok,0.9035577976248448,0.04404406182280612,51,43.0,False,False,False
dMRI_TBSS_L1_posterior_limb_of_internal_capsule_left,25219.0,25075.0,directional_tensor_context,directional_tensor_context,directional_context,primary,dMRI_TBSS,L1,posterior limb of internal capsule (left),basket,A,G,genotype_pairwise,AA_vs_GG,AA,GG,30157,-0.0015327684467752792,0.014062731043626773,-0.1089950765623104,0.9132071342065988,-0.029096341871495034,0.026030804977944473,nonrobust,ok,0.9132071342065988,0.039430704349502674,51,44.0,False,False,False
dMRI_TBSS_L1_anterior_corona_radiata_right,25222.0,25078.0,directional_tensor_context,directional_tensor_context,directional_context,primary,dMRI_TBSS,L1,anterior corona radiata (right),basket,A,G,genotype_pairwise,AA_vs_GG,AA,GG,30152,0.0014204858185036585,0.013457727583061142,0.10555168469092682,0.9159387758687823,-0.024957254307318988,0.027798225944326307,nonrobust,ok,0.9159387758687823,0.038133554924925026,51,45.0,False,False,False
dMRI_TBSS_L1_superior_corona_radiata_right,25224.0,25080.0,directional_tensor_context,directional_tensor_context,directional_context,primary,dMRI_TBSS,L1,superior corona radiata (right),basket,A,G,genotype_pairwise,AG_vs_GG,AG,GG,30139,0.0009841333211924883,0.010777688792612527,0.09131209298482007,0.9272452275643864,-0.0201406128503449,0.022108879492729876,nonrobust,ok,0.9272452275643864,0.03280539326253482,51,46.0,False,False,False
dMRI_TBSS_L1_posterior_limb_of_internal_capsule_right,25218.0,25074.0,directional_tensor_context,directional_tensor_context,directional_context,primary,dMRI_TBSS,L1,posterior limb of internal capsule (right),basket,A,G,genotype_pairwise,AG_vs_GG,AG,GG,30156,-0.0009368094620013628,0.012308297817735495,-0.07611202425175952,0.9393304883097753,-0.025061616375299682,0.023187997451296953,nonrobust,ok,0.9393304883097753,0.027181581325923777,51,47.0,False,False,False
dMRI_TBSS_L1_anterior_corona_radiata_right,25222.0,25078.0,directional_tensor_context,directional_tensor_context,directional_context,primary,dMRI_TBSS,L1,anterior corona radiata (right),basket,A,G,genotype_pairwise,AA_vs_AG,AA,AG,30152,0.0006996839509353283,0.011339161242420966,0.06170508876068706,0.9507981041169286,-0.02152557262758622,0.022924940529456872,nonrobust,ok,0.9507981041169286,0.021911692922377702,51,48.0,False,False,False
dMRI_TBSS_L1_anterior_corona_radiata_right,25222.0,25078.0,directional_tensor_context,directional_tensor_context,directional_context,primary,dMRI_TBSS,L1,anterior corona radiata (right),basket,A,G,genotype_pairwise,AG_vs_GG,AG,GG,30152,0.0007208018675683302,0.011966580712923535,0.060234572001832284,0.9519692179187658,-0.022734224569248528,0.024175828304385187,nonrobust,ok,0.9519692179187658,0.021377094371991333,51,49.0,False,False,False
dMRI_TBSS_L1_posterior_thalamic_radiation_right,25228.0,25084.0,directional_tensor_context,directional_tensor_context,directional_context,primary,dMRI_TBSS,L1,posterior thalamic radiation (right),basket,A,G,genotype_pairwise,AA_vs_GG,AA,GG,30155,-0.00029012870550474974,0.013527835063336475,-0.021446795007951037,0.9828893896843709,-0.026805282477503627,0.02622502506649413,nonrobust,ok,0.9828893896843709,0.007495353126751541,51,50.0,False,False,False
dMRI_TBSS_L1_posterior_corona_radiata_right,25226.0,25082.0,directional_tensor_context,directional_tensor_context,directional_context,primary,dMRI_TBSS,L1,posterior corona radiata (right),basket,A,G,genotype_pairwise,AA_vs_GG,AA,GG,30133,9.588430900266013e-05,0.01130650748501357,0.008480453325640288,0.9932337155217827,-0.022065370045798584,0.022257138663803907,nonrobust,ok,0.9932337155217827,0.0029485466521680407,51,51.0,False,False,False
T1_GWC_GWC_grey_white_contrast_in_bankssts_left_hemisph,26990.0,26990.0,exploratory_context,exploratory_context,exploratory,exploratory,T1_GWC,GWC,Grey-white contrast in bankssts (left hemisphere),basket,A,G,genotype_pairwise,AG_vs_GG,AG,GG,29768,-0.029960199522331865,0.011941166913108068,-2.508984234149171,0.012113258182474154,-0.05336542633944432,-0.00655497270521941,nonrobust,ok,0.012113258182474154,1.9167390261096195,306,1.0,True,False,False
SWI_deep_gm_QSM_f24476,24476.0,24476.0,exploratory_context,exploratory_context,exploratory,exploratory,SWI_deep_gm,QSM,,basket,A,G,genotype_pairwise,AA_vs_GG,AA,GG,30131,0.03626250495159797,0.015230511459838387,2.3809118326209355,0.017276137233079306,0.006410029304571182,0.06611498059862475,nonrobust,ok,0.017276137233079306,1.7625533547905288,306,2.0,True,False,False
T1_GWC_GWC_grey_white_contrast_in_superiortemporal_left,27018.0,27018.0,exploratory_context,exploratory_context,exploratory,exploratory,T1_GWC,GWC,Grey-white contrast in superiortemporal (left hemisphere),basket,A,G,genotype_pairwise,AG_vs_GG,AG,GG,29768,-0.024940896550358187,0.011549229687507281,-2.159529009743098,0.03081726044484215,-0.04757790869213716,-0.0023038844085792112,nonrobust,ok,0.03081726044484215,1.5112059712817747,306,3.0,True,False,False
T1_GWC_GWC_grey_white_contrast_in_caudalanteriorcingula_f27026,27026.0,27026.0,exploratory_context,exploratory_context,exploratory,exploratory,T1_GWC,GWC,Grey-white contrast in caudalanteriorcingulate (right hemisphere),basket,A,G,genotype_pairwise,AA_vs_GG,AA,GG,29767,-0.0289570444266272,0.013879661740265581,-2.08629323743686,0.03696072077692311,-0.0561618087516184,-0.0017522801016360036,nonrobust,ok,0.03696072077692311,1.432259568123247,306,4.0,True,False,False
SWI_deep_gm_QSM_f24480,24480.0,24480.0,exploratory_context,exploratory_context,exploratory,exploratory,SWI_deep_gm,QSM,,basket,A,G,genotype_pairwise,AA_vs_AG,AA,AG,30130,-0.028160074335432942,0.013534687354246408,-2.0805855058482696,0.0374804479476051,-0.05468865981710515,-0.0016314888537607326,nonrobust,ok,0.0374804479476051,1.4261952272823772,306,5.0,True,False,False
SWI_T2star_T2star_median_t2star_in_accumbens_right,25039.0,25039.0,exploratory_context,exploratory_context,exploratory,exploratory,SWI_T2star,T2star,Median T2star in accumbens (right),basket,A,G,genotype_pairwise,AG_vs_GG,AG,GG,30140,0.028628273125413044,0.014077747908465162,2.0335833054801635,0.04200253218352096,0.0010352653345627218,0.05622128091626337,nonrobust,ok,0.04200253218352096,1.3767245267406532,306,6.0,True,False,False
T1_GWC_GWC_grey_white_contrast_in_caudalanteriorcingula_f27026,27026.0,27026.0,exploratory_context,exploratory_context,exploratory,exploratory,T1_GWC,GWC,Grey-white contrast in caudalanteriorcingulate (right hemisphere),basket,A,G,genotype_pairwise,AA_vs_AG,AA,AG,29767,-0.023013319688571947,0.011702336903690474,-1.9665576096441402,0.04924368690932674,-0.045950428926109815,-7.621045103408178e-05,nonrobust,ok,0.04924368690932674,1.3076494385913968,306,7.0,True,False,False
SWI_T2star_T2star_median_t2star_in_hippocampus_left,25034.0,25034.0,exploratory_context,exploratory_context,exploratory,exploratory,SWI_T2star,T2star,Median T2star in hippocampus (left),basket,A,G,genotype_pairwise,AA_vs_AG,AA,AG,30133,-0.02316380234161354,0.012084816060347711,-1.916769127965284,0.055276893382005254,-0.046850575900940584,0.000522971217713504,nonrobust,ok,0.055276893382005254,1.2574563727424801,306,8.0,False,False,False
T1_GWC_GWC_grey_white_contrast_in_bankssts_left_hemisph,26990.0,26990.0,exploratory_context,exploratory_context,exploratory,exploratory,T1_GWC,GWC,Grey-white contrast in bankssts (left hemisphere),basket,A,G,genotype_pairwise,AA_vs_GG,AA,GG,29768,-0.02522196863850796,0.013433381178919295,-1.8775592162968047,0.060451444522925765,-0.05155200285553241,0.0011080655785164865,nonrobust,ok,0.060451444522925765,1.2185933169563912,306,9.0,False,False,False
T1_GWC_GWC_grey_white_contrast_in_transversetemporal_le,27022.0,27022.0,exploratory_context,exploratory_context,exploratory,exploratory,T1_GWC,GWC,Grey-white contrast in transversetemporal (left hemisphere),basket,A,G,genotype_pairwise,AG_vs_GG,AG,GG,29768,-0.025049507593110542,0.013372292313000403,-1.8732396067021113,0.061045282510775775,-0.051259804872092335,0.0011607896858712476,nonrobust,ok,0.061045282510775775,1.2143478920581618,306,10.0,False,False,False
T1_GWC_GWC_grey_white_contrast_in_postcentral_left_hemi,27010.0,27010.0,exploratory_context,exploratory_context,exploratory,exploratory,T1_GWC,GWC,Grey-white contrast in postcentral (left hemisphere),basket,A,G,genotype_pairwise,AG_vs_GG,AG,GG,29768,-0.020969012096573876,0.011426191025123893,-1.835170797553379,0.06649054743886205,-0.04336486289948938,0.0014268387063416307,nonrobust,ok,0.06649054743886205,1.1772400913425147,306,11.0,False,False,False
SWI_deep_gm_QSM_f24478,24478.0,24478.0,exploratory_context,exploratory_context,exploratory,exploratory,SWI_deep_gm,QSM,,basket,A,G,genotype_pairwise,AA_vs_GG,AA,GG,30129,0.028382906327259132,0.01593011607020109,1.7817137177269073,0.07480618747022996,-0.002840825364893572,0.05960663801941184,nonrobust,ok,0.07480618747022996,1.1260624786991515,306,12.0,False,False,False
T1_GWC_GWC_grey_white_contrast_in_parsorbitalis_left_he,27007.0,27007.0,exploratory_context,exploratory_context,exploratory,exploratory,T1_GWC,GWC,Grey-white contrast in parsorbitalis (left hemisphere),basket,A,G,genotype_pairwise,AG_vs_GG,AG,GG,29768,-0.021006995504761154,0.011836709495148003,-1.774732708728904,0.07595244324607726,-0.044207481061838,0.0021934900523156962,nonrobust,ok,0.07595244324607726,1.1194582511465208,306,13.0,False,False,False
T1_GWC_GWC_grey_white_contrast_in_temporalpole_left_hem,27021.0,27021.0,exploratory_context,exploratory_context,exploratory,exploratory,T1_GWC,GWC,Grey-white contrast in temporalpole (left hemisphere),basket,A,G,genotype_pairwise,AA_vs_GG,AA,GG,29767,-0.025587919364602647,0.014577322052735226,-1.7553237331270624,0.07921442998553967,-0.05416012943393612,0.002984290704730823,nonrobust,ok,0.07921442998553967,1.1011956985587137,306,14.0,False,False,False
T1_GWC_GWC_grey_white_contrast_in_lateraloccipital_left,26999.0,26999.0,exploratory_context,exploratory_context,exploratory,exploratory,T1_GWC,GWC,Grey-white contrast in lateraloccipital (left hemisphere),basket,A,G,genotype_pairwise,AG_vs_GG,AG,GG,29768,-0.020434634673534617,0.011641898250725874,-1.7552665582058766,0.07922420448329881,-0.043253281387272066,0.0023840120402028354,nonrobust,ok,0.07922420448329881,1.1011421130117316,306,15.0,False,False,False
SWI_deep_gm_QSM_f24476,24476.0,24476.0,exploratory_context,exploratory_context,exploratory,exploratory,SWI_deep_gm,QSM,,basket,A,G,genotype_pairwise,AA_vs_AG,AA,AG,30131,0.021966074981206698,0.012833008185997941,1.7116855738605248,0.08696511298431829,-0.0031871882798987852,0.04711933824231218,nonrobust,ok,0.08696511298431829,1.0606549344737684,306,16.0,False,False,False
T1_GWC_GWC_grey_white_contrast_in_paracentral_left_hemi,27005.0,27005.0,exploratory_context,exploratory_context,exploratory,exploratory,T1_GWC,GWC,Grey-white contrast in paracentral (left hemisphere),basket,A,G,genotype_pairwise,AG_vs_GG,AG,GG,29768,-0.019125537150592984,0.011224909646989963,-1.703847759319972,0.08842016798781321,-0.04112686735568365,0.002875793054497682,nonrobust,ok,0.08842016798781321,1.0534486643214476,306,17.0,False,False,False
T1_GWC_GWC_grey_white_contrast_in_inferiorparietal_left,26996.0,26996.0,exploratory_context,exploratory_context,exploratory,exploratory,T1_GWC,GWC,Grey-white contrast in inferiorparietal (left hemisphere),basket,A,G,genotype_pairwise,AA_vs_GG,AA,GG,29767,-0.021088571568646727,0.012391173041190412,-1.701902757595641,0.08878423930897968,-0.045375830768763184,0.0031986876314697293,nonrobust,ok,0.08878423930897968,1.0516641219312737,306,18.0,False,False,False
SWI_deep_gm_QSM_f24480,24480.0,24480.0,exploratory_context,exploratory_context,exploratory,exploratory,SWI_deep_gm,QSM,,basket,A,G,genotype_pairwise,AG_vs_GG,AG,GG,30130,0.024229488804217995,0.014283011971762544,1.6963851078553733,0.08982349613142748,-0.0037658460056230712,0.05222482361405906,nonrobust,ok,0.08982349613142748,1.0466100452314673,306,19.0,False,False,False
T1_GWC_GWC_grey_white_contrast_in_lingual_left_hemisphe,27001.0,27001.0,exploratory_context,exploratory_context,exploratory,exploratory,T1_GWC,GWC,Grey-white contrast in lingual (left hemisphere),basket,A,G,genotype_pairwise,AG_vs_GG,AG,GG,29768,-0.020638413518508935,0.012330805629809446,-1.6737279086304007,0.09419479201716945,-0.04480734982963354,0.0035305227926156688,nonrobust,ok,0.09419479201716945,1.025973108467535,306,20.0,False,False,False
T1_GWC_GWC_grey_white_contrast_in_unknown_left_hemisphe,26989.0,26989.0,exploratory_context,exploratory_context,exploratory,exploratory,T1_GWC,GWC,Grey-white contrast in unknown (left hemisphere),basket,A,G,genotype_pairwise,AA_vs_GG,AA,GG,29725,-0.027359663682585345,0.016374678500097432,-1.6708519609971304,0.09476164972944079,-0.05945477553802346,0.0047354481728527735,nonrobust,ok,0.09476164972944079,1.0233673871413773,306,21.0,False,False,False
T1_GWC_GWC_grey_white_contrast_in_middletemporal_left_h,27003.0,27003.0,exploratory_context,exploratory_context,exploratory,exploratory,T1_GWC,GWC,Grey-white contrast in middletemporal (left hemisphere),basket,A,G,genotype_pairwise,AG_vs_GG,AG,GG,29768,-0.01873166536818846,0.011215994004314184,-1.6700851802331034,0.09491322512184407,-0.04071552051070229,0.0032521897743253737,nonrobust,ok,0.09491322512184407,1.0226732691610425,306,22.0,False,False,False
T1_GWC_GWC_grey_white_contrast_in_fusiform_left_hemisph,26995.0,26995.0,exploratory_context,exploratory_context,exploratory,exploratory,T1_GWC,GWC,Grey-white contrast in fusiform (left hemisphere),basket,A,G,genotype_pairwise,AG_vs_GG,AG,GG,29768,-0.01832948358547619,0.011108184776788111,-1.650088106544451,0.09893566753771338,-0.04010202776972383,0.003443060598771454,nonrobust,ok,0.09893566753771338,1.0046471116154705,306,23.0,False,False,False
T1_GWC_GWC_grey_white_contrast_in_parahippocampal_right,27039.0,27039.0,exploratory_context,exploratory_context,exploratory,exploratory,T1_GWC,GWC,Grey-white contrast in parahippocampal (right hemisphere),basket,A,G,genotype_pairwise,AA_vs_GG,AA,GG,29766,-0.023898415145113656,0.014511206387947034,-1.6468937527457133,0.09959064285341244,-0.05234103556360193,0.004544205273374617,nonrobust,ok,0.09959064285341244,1.0017814642673726,306,24.0,False,False,False
T1_GWC_GWC_grey_white_contrast_in_transversetemporal_le,27022.0,27022.0,exploratory_context,exploratory_context,exploratory,exploratory,T1_GWC,GWC,Grey-white contrast in transversetemporal (left hemisphere),basket,A,G,genotype_pairwise,AA_vs_AG,AA,AG,29768,0.020393720570373943,0.0126840011925754,1.6078302312295145,0.10788317218729143,-0.004467495006042599,0.045254936146790485,nonrobust,ok,0.10788317218729143,0.967046292074711,306,25.0,False,False,False
SWI_T2star_T2star_median_t2star_in_hippocampus_right,25035.0,25035.0,exploratory_context,exploratory_context,exploratory,exploratory,SWI_T2star,T2star,Median T2star in hippocampus (right),basket,A,G,genotype_pairwise,AA_vs_AG,AA,AG,30134,-0.018884643156810675,0.011906158272293209,-1.586123980961775,0.11272187776180541,-0.042221239523590845,0.004451953209969491,nonrobust,ok,0.11272187776180541,0.9479917852038994,306,26.0,False,False,False
SWI_deep_gm_QSM_f24473,24473.0,24473.0,exploratory_context,exploratory_context,exploratory,exploratory,SWI_deep_gm,QSM,,basket,A,G,genotype_pairwise,AA_vs_GG,AA,GG,30123,-0.025405239480741925,0.016054950394586327,-1.5823928979131872,0.11357060087777279,-0.05687365222839129,0.006063173266907435,nonrobust,ok,0.11357060087777279,0.9447340764504669,306,27.0,False,False,False
T1_GWC_GWC_grey_white_contrast_in_supramarginal_left_he,27019.0,27019.0,exploratory_context,exploratory_context,exploratory,exploratory,T1_GWC,GWC,Grey-white contrast in supramarginal (left hemisphere),basket,A,G,genotype_pairwise,AA_vs_GG,AA,GG,29768,-0.0187559143202767,0.012044855474180778,-1.557172218502885,0.11944043510391848,-0.04236437540317793,0.004852546762624536,nonrobust,ok,0.11944043510391848,0.9228486232092981,306,28.0,False,False,False
T1_GWC_GWC_grey_white_contrast_in_cuneus_left_hemispher,26993.0,26993.0,exploratory_context,exploratory_context,exploratory,exploratory,T1_GWC,GWC,Grey-white contrast in cuneus (left hemisphere),basket,A,G,genotype_pairwise,AG_vs_GG,AG,GG,29768,-0.019510244611843846,0.012847077385462183,-1.518652377226414,0.12886084139461257,-0.04469109689636104,0.005670607672673352,nonrobust,ok,0.12886084139461257,0.8898790372621825,306,29.0,False,False,False
T1_GWC_GWC_grey_white_contrast_in_inferiortemporal_left,26997.0,26997.0,exploratory_context,exploratory_context,exploratory,exploratory,T1_GWC,GWC,Grey-white contrast in inferiortemporal (left hemisphere),basket,A,G,genotype_pairwise,AG_vs_GG,AG,GG,29768,-0.016755233335386147,0.011051365336824232,-1.516123377041574,0.12949897822659157,-0.038416408849414795,0.0049059421786425,nonrobust,ok,0.12949897822659157,0.887733658241445,306,30.0,False,False,False
T1_GWC_GWC_grey_white_contrast_in_superiorparietal_righ,27052.0,27052.0,exploratory_context,exploratory_context,exploratory,exploratory,T1_GWC,GWC,Grey-white contrast in superiorparietal (right hemisphere),basket,A,G,genotype_pairwise,AA_vs_AG,AA,AG,29768,-0.016448192190330165,0.010861451363610325,-1.5143641157789816,0.1299443340332896,-0.03773712773391412,0.004840743353253789,nonrobust,ok,0.1299443340332896,0.8862426523055091,306,31.0,False,False,False
T1_GWC_GWC_grey_white_contrast_in_insula_right_hemisphe,27058.0,27058.0,exploratory_context,exploratory_context,exploratory,exploratory,T1_GWC,GWC,Grey-white contrast in insula (right hemisphere),basket,A,G,genotype_pairwise,AA_vs_AG,AA,AG,29768,-0.017650117628795144,0.011667939140562866,-1.5127022361160256,0.13036612892963992,-0.04051980566350142,0.005219570405911131,nonrobust,ok,0.13036612892963992,0.8848352301511043,306,32.0,False,False,False
T1_GWC_GWC_grey_white_contrast_in_rostralanteriorcingul_f27014,27014.0,27014.0,exploratory_context,exploratory_context,exploratory,exploratory,T1_GWC,GWC,Grey-white contrast in rostralanteriorcingulate (left hemisphere),basket,A,G,genotype_pairwise,AA_vs_GG,AA,GG,29767,-0.01962932094954611,0.013236204496910218,-1.4830022423821168,0.1380846029983382,-0.04557287999545562,0.006314238096363393,nonrobust,ok,0.1380846029983382,0.8598547443442537,306,33.0,False,False,False
SWI_deep_gm_QSM_f24474,24474.0,24474.0,exploratory_context,exploratory_context,exploratory,exploratory,SWI_deep_gm,QSM,,basket,A,G,genotype_pairwise,AG_vs_GG,AG,GG,30122,-0.020964276822055646,0.01420872825988273,-1.4754506130746898,0.14010208541010102,-0.048814012581504196,0.006885458937392907,nonrobust,ok,0.14010208541010102,0.8535554002220138,306,34.0,False,False,False
T1_GWC_GWC_grey_white_contrast_in_posteriorcingulate_le,27011.0,27011.0,exploratory_context,exploratory_context,exploratory,exploratory,T1_GWC,GWC,Grey-white contrast in posteriorcingulate (left hemisphere),basket,A,G,genotype_pairwise,AA_vs_GG,AA,GG,29767,-0.01806422496509696,0.012484362809716407,-1.4469480934211414,0.14792219209825144,-0.04253414032338876,0.006405690393194836,nonrobust,ok,0.14792219209825144,0.8299666658759232,306,35.0,False,False,False
SWI_deep_gm_QSM_f24467,24467.0,24467.0,exploratory_context,exploratory_context,exploratory,exploratory,SWI_deep_gm,QSM,,basket,A,G,genotype_pairwise,AA_vs_AG,AA,AG,30131,0.0185368074948312,0.012822300800838012,1.4456693679826722,0.1482805560488511,-0.006595468818096414,0.043669083807758816,nonrobust,ok,0.1482805560488511,0.8289157940445854,306,36.0,False,False,False
T1_GWC_GWC_grey_white_contrast_in_transversetemporal_ri,27057.0,27057.0,exploratory_context,exploratory_context,exploratory,exploratory,T1_GWC,GWC,Grey-white contrast in transversetemporal (right hemisphere),basket,A,G,genotype_pairwise,AG_vs_GG,AG,GG,29768,-0.019433355423160385,0.013521549091962098,-1.4372136869075576,0.1506679953626354,-0.04593620273439701,0.007069491888076238,nonrobust,ok,0.1506679953626354,0.8219789899783051,306,37.0,False,False,False
SWI_T2star_T2star_median_t2star_in_hippocampus_left,25034.0,25034.0,exploratory_context,exploratory_context,exploratory,exploratory,SWI_T2star,T2star,Median T2star in hippocampus (left),basket,A,G,genotype_pairwise,AG_vs_GG,AG,GG,30133,0.018201121517910146,0.012752730383700322,1.4272333037930127,0.15352321477165928,-0.006794793633252531,0.04319703666907282,nonrobust,ok,0.15352321477165928,0.8138259440635284,306,38.0,False,False,False
T1_GWC_GWC_grey_white_contrast_in_paracentral_left_hemi,27005.0,27005.0,exploratory_context,exploratory_context,exploratory,exploratory,T1_GWC,GWC,Grey-white contrast in paracentral (left hemisphere),basket,A,G,genotype_pairwise,AA_vs_GG,AA,GG,29768,-0.018018234726488874,0.012627617642746534,-1.426891060234056,0.15362198564812052,-0.0427689359970506,0.006732466544072856,nonrobust,ok,0.15362198564812052,0.8135466256952786,306,39.0,False,False,False
T1_GWC_GWC_grey_white_contrast_in_bankssts_right_hemisp,27025.0,27025.0,exploratory_context,exploratory_context,exploratory,exploratory,T1_GWC,GWC,Grey-white contrast in bankssts (right hemisphere),basket,A,G,genotype_pairwise,AA_vs_GG,AA,GG,29768,-0.018860379792074108,0.013344877161945467,-1.4133048632217287,0.1575767595729597,-0.045016942135991736,0.0072961825518435205,nonrobust,ok,0.1575767595729597,0.802507834647784,306,40.0,False,False,False
T1_GWC_GWC_grey_white_contrast_in_posteriorcingulate_le,27011.0,27011.0,exploratory_context,exploratory_context,exploratory,exploratory,T1_GWC,GWC,Grey-white contrast in posteriorcingulate (left hemisphere),basket,A,G,genotype_pairwise,AG_vs_GG,AG,GG,29767,-0.015626972899634124,0.011097261075045243,-1.408182865479752,0.159087570685592,-0.037378106165633126,0.006124160366364879,nonrobust,ok,0.159087570685592,0.7983637499167408,306,41.0,False,False,False
T1_GWC_GWC_grey_white_contrast_in_unknown_left_hemisphe,26989.0,26989.0,exploratory_context,exploratory_context,exploratory,exploratory,T1_GWC,GWC,Grey-white contrast in unknown (left hemisphere),basket,A,G,genotype_pairwise,AA_vs_AG,AA,AG,29725,-0.019188005394009104,0.013803865842728791,-1.390045775047605,0.16452558458426056,-0.046244207948288624,0.007868197160270419,nonrobust,ok,0.16452558458426056,0.7837665574113123,306,42.0,False,False,False
T1_GWC_GWC_grey_white_contrast_in_temporalpole_left_hem,27021.0,27021.0,exploratory_context,exploratory_context,exploratory,exploratory,T1_GWC,GWC,Grey-white contrast in temporalpole (left hemisphere),basket,A,G,genotype_pairwise,AA_vs_AG,AA,AG,29767,-0.016830512472879672,0.012290587055837411,-1.369382308299588,0.1708903287033714,-0.04092061859555571,0.007259593649796364,nonrobust,ok,0.1708903287033714,0.7672825148662049,306,43.0,False,False,False
T1_GWC_GWC_grey_white_contrast_in_parstriangularis_left,27008.0,27008.0,exploratory_context,exploratory_context,exploratory,exploratory,T1_GWC,GWC,Grey-white contrast in parstriangularis (left hemisphere),basket,A,G,genotype_pairwise,AG_vs_GG,AG,GG,29768,-0.014761796541602281,0.011148832445717165,-1.3240665884500793,0.18549129050205107,-0.03661401199397591,0.007090418910771348,nonrobust,ok,0.18549129050205107,0.7316764772925947,306,44.0,False,False,False
T1_GWC_GWC_grey_white_contrast_in_entorhinal_right_hemi,27029.0,27029.0,exploratory_context,exploratory_context,exploratory,exploratory,T1_GWC,GWC,Grey-white contrast in entorhinal (right hemisphere),basket,A,G,genotype_pairwise,AA_vs_AG,AA,AG,29767,-0.016435242443802817,0.012486308479361097,-1.3162611248127498,0.1880967418592846,-0.04090897140253594,0.008038486514930304,nonrobust,ok,0.1880967418592846,0.725618727069445,306,45.0,False,False,False
T1_GWC_GWC_grey_white_contrast_in_rostralanteriorcingul_f27014,27014.0,27014.0,exploratory_context,exploratory_context,exploratory,exploratory,T1_GWC,GWC,Grey-white contrast in rostralanteriorcingulate (left hemisphere),basket,A,G,genotype_pairwise,AA_vs_AG,AA,AG,29767,-0.014668649291861876,0.011160374731394182,-1.314350964452735,0.18873844364213616,-0.03654348817682999,0.007206189593106234,nonrobust,ok,0.18873844364213616,0.7241396305125448,306,46.0,False,False,False
T1_GWC_GWC_grey_white_contrast_in_precuneus_left_hemisp,27013.0,27013.0,exploratory_context,exploratory_context,exploratory,exploratory,T1_GWC,GWC,Grey-white contrast in precuneus (left hemisphere),basket,A,G,genotype_pairwise,AA_vs_GG,AA,GG,29768,-0.015635983650345724,0.012013129116138386,-1.3015745938616785,0.19307211343136205,-0.0391822596376473,0.007910292336955851,nonrobust,ok,0.19307211343136205,0.7142804494596923,306,47.0,False,False,False
T1_GWC_GWC_grey_white_contrast_in_parahippocampal_right,27039.0,27039.0,exploratory_context,exploratory_context,exploratory,exploratory,T1_GWC,GWC,Grey-white contrast in parahippocampal (right hemisphere),basket,A,G,genotype_pairwise,AG_vs_GG,AG,GG,29766,-0.01677392846842228,0.012899550228632772,-1.3003498704311147,0.19349134201465507,-0.04205762996873098,0.008509773031886415,nonrobust,ok,0.19349134201465507,0.7133384632000244,306,48.0,False,False,False
T1_GWC_GWC_grey_white_contrast_in_insula_left_hemispher,27023.0,27023.0,exploratory_context,exploratory_context,exploratory,exploratory,T1_GWC,GWC,Grey-white contrast in insula (left hemisphere),basket,A,G,genotype_pairwise,AG_vs_GG,AG,GG,29768,-0.015614777480780181,0.012015509312840853,-1.2995518603687342,0.19376486294194817,-0.03916571876118887,0.007936163799628507,nonrobust,ok,0.19376486294194817,0.712724974519191,306,49.0,False,False,False
SWI_deep_gm_QSM_f24468,24468.0,24468.0,exploratory_context,exploratory_context,exploratory,exploratory,SWI_deep_gm,QSM,,basket,A,G,genotype_pairwise,AA_vs_GG,AA,GG,30131,0.019600325744857556,0.015247588921862773,1.2854704993229196,0.19863798475940073,-0.010285622482557641,0.04948627397227275,nonrobust,ok,0.19863798475940073,0.701937699476003,306,50.0,False,False,False
T1_GWC_GWC_grey_white_contrast_in_supramarginal_left_he,27019.0,27019.0,exploratory_context,exploratory_context,exploratory,exploratory,T1_GWC,GWC,Grey-white contrast in supramarginal (left hemisphere),basket,A,G,genotype_pairwise,AG_vs_GG,AG,GG,29768,-0.013713732597797276,0.010706882187424617,-1.2808334263642358,0.20026234872897095,-0.0346997055704796,0.007272240374885046,nonrobust,ok,0.20026234872897095,0.6984006946220069,306,51.0,False,False,False
T1_GWC_GWC_grey_white_contrast_in_precentral_left_hemis,27012.0,27012.0,exploratory_context,exploratory_context,exploratory,exploratory,T1_GWC,GWC,Grey-white contrast in precentral (left hemisphere),basket,A,G,genotype_pairwise,AG_vs_GG,AG,GG,29768,-0.014078214052885472,0.011016367947669818,-1.2779360783663092,0.2012821200303428,-0.03567079310250438,0.0075143649967334344,nonrobust,ok,0.2012821200303428,0.6961948019471138,306,52.0,False,False,False
SWI_T2star_T2star_median_t2star_in_thalamus_left,25026.0,25026.0,exploratory_context,exploratory_context,exploratory,exploratory,SWI_T2star,T2star,Median T2star in thalamus (left),basket,A,G,genotype_pairwise,AA_vs_GG,AA,GG,30137,-0.019716397040253623,0.015516653529589584,-1.270660390957065,0.20385948539512078,-0.05012972353894775,0.010696929458440502,nonrobust,ok,0.20385948539512078,0.6906690764172652,306,53.0,False,False,False
T1_GWC_GWC_grey_white_contrast_in_parahippocampal_left_,27004.0,27004.0,exploratory_context,exploratory_context,exploratory,exploratory,T1_GWC,GWC,Grey-white contrast in parahippocampal (left hemisphere),basket,A,G,genotype_pairwise,AG_vs_GG,AG,GG,29767,-0.016317087864630556,0.012944205679427079,-1.2605708120479096,0.20747358873018248,-0.041688316030907765,0.009054140301646654,nonrobust,ok,0.20747358873018248,0.6830371808737689,306,54.0,False,False,False
T1_GWC_GWC_grey_white_contrast_in_rostralanteriorcingul_f27049,27049.0,27049.0,exploratory_context,exploratory_context,exploratory,exploratory,T1_GWC,GWC,Grey-white contrast in rostralanteriorcingulate (right hemisphere),basket,A,G,genotype_pairwise,AA_vs_GG,AA,GG,29768,-0.016780540527002386,0.013453661761268026,-1.2472842579789072,0.21230328650806565,-0.043150325601988136,0.009589244547983364,nonrobust,ok,0.21230328650806565,0.6730432827945758,306,55.0,False,False,False
T1_GWC_GWC_grey_white_contrast_in_inferiorparietal_left,26996.0,26996.0,exploratory_context,exploratory_context,exploratory,exploratory,T1_GWC,GWC,Grey-white contrast in inferiorparietal (left hemisphere),basket,A,G,genotype_pairwise,AG_vs_GG,AG,GG,29767,-0.013731549797045935,0.011014815079088984,-1.246643697461115,0.21253816766109845,-0.0353210851846887,0.007857985590596826,nonrobust,ok,0.21253816766109845,0.672563067890604,306,56.0,False,False,False
T1_GWC_GWC_grey_white_contrast_in_pericalcarine_left_he,27009.0,27009.0,exploratory_context,exploratory_context,exploratory,exploratory,T1_GWC,GWC,Grey-white contrast in pericalcarine (left hemisphere),basket,A,G,genotype_pairwise,AA_vs_GG,AA,GG,29767,-0.018263386812481127,0.014713371506800691,-1.2412781668728732,0.21451297456127685,-0.04710225996076106,0.010575486335798807,nonrobust,ok,0.21451297456127685,0.6685464349013654,306,57.0,False,False,False
T1_GWC_GWC_grey_white_contrast_in_fusiform_left_hemisph,26995.0,26995.0,exploratory_context,exploratory_context,exploratory,exploratory,T1_GWC,GWC,Grey-white contrast in fusiform (left hemisphere),basket,A,G,genotype_pairwise,AA_vs_GG,AA,GG,29768,-0.015403813653110058,0.012496306382641785,-1.2326693329564165,0.21770907774792875,-0.03989713891940383,0.009089511613183714,nonrobust,ok,0.21770907774792875,0.6621234619389719,306,58.0,False,False,False
T1_GWC_GWC_grey_white_contrast_in_precuneus_right_hemis,27048.0,27048.0,exploratory_context,exploratory_context,exploratory,exploratory,T1_GWC,GWC,Grey-white contrast in precuneus (right hemisphere),basket,A,G,genotype_pairwise,AA_vs_AG,AA,AG,29768,-0.012894719432996402,0.01050169781608374,-1.2278699748194677,0.21950567553594275,-0.03347852176477693,0.007689082898784134,nonrobust,ok,0.21950567553594275,0.658554246164111,306,59.0,False,False,False
T1_GWC_GWC_grey_white_contrast_in_lateraloccipital_left,26999.0,26999.0,exploratory_context,exploratory_context,exploratory,exploratory,T1_GWC,GWC,Grey-white contrast in lateraloccipital (left hemisphere),basket,A,G,genotype_pairwise,AA_vs_GG,AA,GG,29768,-0.01607246345891161,0.01309671475042542,-1.2272133710776227,0.21975229466620483,-0.04174261626083277,0.00959768934300955,nonrobust,ok,0.21975229466620483,0.6580665813023476,306,60.0,False,False,False
SWI_T2star_T2star_median_t2star_in_thalamus_right,25027.0,25027.0,exploratory_context,exploratory_context,exploratory,exploratory,SWI_T2star,T2star,Median T2star in thalamus (right),basket,A,G,genotype_pairwise,AA_vs_AG,AA,AG,30136,-0.0161059349388391,0.013132729383111849,-1.226396620914969,0.22005921930065528,-0.04184666481583407,0.009634794938155871,nonrobust,ok,0.22005921930065528,0.6574604321111264,306,61.0,False,False,False
SWI_T2star_T2star_median_t2star_in_accumbens_right,25039.0,25039.0,exploratory_context,exploratory_context,exploratory,exploratory,SWI_T2star,T2star,Median T2star in accumbens (right),basket,A,G,genotype_pairwise,AA_vs_AG,AA,AG,30140,-0.01625624410076542,0.013339836036595911,-1.2186239812969788,0.222996660072177,-0.042402912025193945,0.009890423823663109,nonrobust,ok,0.222996660072177,0.6517016415396687,306,62.0,False,False,False
T1_GWC_GWC_grey_white_contrast_in_superiorparietal_left,27017.0,27017.0,exploratory_context,exploratory_context,exploratory,exploratory,T1_GWC,GWC,Grey-white contrast in superiorparietal (left hemisphere),basket,A,G,genotype_pairwise,AA_vs_GG,AA,GG,29768,-0.014715294172483188,0.012328071182882937,-1.1936412399138983,0.23262802782945344,-0.03887887084405162,0.009448282499085248,nonrobust,ok,0.23262802782945344,0.6333379611537459,306,63.0,False,False,False
T1_GWC_GWC_grey_white_contrast_in_parsorbitalis_left_he,27007.0,27007.0,exploratory_context,exploratory_context,exploratory,exploratory,T1_GWC,GWC,Grey-white contrast in parsorbitalis (left hemisphere),basket,A,G,genotype_pairwise,AA_vs_GG,AA,GG,29768,-0.01579796560085139,0.013315870359195061,-1.186401277175424,0.23547351612203082,-0.04189767330044886,0.010301742098746073,nonrobust,ok,0.23547351612203082,0.6280579312053406,306,64.0,False,False,False
T1_GWC_GWC_grey_white_contrast_in_superiortemporal_left,27018.0,27018.0,exploratory_context,exploratory_context,exploratory,exploratory,T1_GWC,GWC,Grey-white contrast in superiortemporal (left hemisphere),basket,A,G,genotype_pairwise,AA_vs_GG,AA,GG,29768,-0.015399573434438507,0.012992465966192145,-1.1852694842156928,0.23592055632705441,-0.04086539390785753,0.010066247038980515,nonrobust,ok,0.23592055632705441,0.6272342163400961,306,65.0,False,False,False
SWI_T2star_T2star_median_t2star_in_thalamus_left,25026.0,25026.0,exploratory_context,exploratory_context,exploratory,exploratory,SWI_T2star,T2star,Median T2star in thalamus (left),basket,A,G,genotype_pairwise,AG_vs_GG,AG,GG,30137,-0.0160340700732209,0.013798381220078485,-1.1620254446868874,0.24523450485739307,-0.04307950692591811,0.011011366779476311,nonrobust,ok,0.24523450485739307,0.6104184239787023,306,66.0,False,False,False
T1_GWC_GWC_grey_white_contrast_in_parsopercularis_left_,27006.0,27006.0,exploratory_context,exploratory_context,exploratory,exploratory,T1_GWC,GWC,Grey-white contrast in parsopercularis (left hemisphere),basket,A,G,genotype_pairwise,AG_vs_GG,AG,GG,29768,-0.012610943566927012,0.0108556945704579,-1.161689239235392,0.24537120954943642,-0.03388859553576051,0.00866670840190649,nonrobust,ok,0.24537120954943642,0.6101763962436073,306,67.0,False,False,False
T1_GWC_GWC_grey_white_contrast_in_postcentral_left_hemi,27010.0,27010.0,exploratory_context,exploratory_context,exploratory,exploratory,T1_GWC,GWC,Grey-white contrast in postcentral (left hemisphere),basket,A,G,genotype_pairwise,AA_vs_GG,AA,GG,29768,-0.014858385397029323,0.012854051918087176,-1.1559300905049101,0.24771920688163504,-0.04005290808069755,0.010336137286638908,nonrobust,ok,0.24771920688163504,0.6060403191334852,306,68.0,False,False,False
T1_GWC_GWC_grey_white_contrast_in_insula_left_hemispher,27023.0,27023.0,exploratory_context,exploratory_context,exploratory,exploratory,T1_GWC,GWC,Grey-white contrast in insula (left hemisphere),basket,A,G,genotype_pairwise,AA_vs_GG,AA,GG,29768,-0.015620120196779332,0.013517013691606964,-1.155589581630611,0.2478585226799776,-0.04211407791834764,0.010873837524788979,nonrobust,ok,0.2478585226799776,0.6057961431729978,306,69.0,False,False,False
T1_GWC_GWC_grey_white_contrast_in_middletemporal_left_h,27003.0,27003.0,exploratory_context,exploratory_context,exploratory,exploratory,T1_GWC,GWC,Grey-white contrast in middletemporal (left hemisphere),basket,A,G,genotype_pairwise,AA_vs_GG,AA,GG,29768,-0.01429082352669401,0.012617587866980876,-1.1326113736914682,0.25738678612668014,-0.03902186598347077,0.01044021893008275,nonrobust,ok,0.25738678612668014,0.5894137529233708,306,70.0,False,False,False
SWI_deep_gm_QSM_f24474,24474.0,24474.0,exploratory_context,exploratory_context,exploratory,exploratory,SWI_deep_gm,QSM,,basket,A,G,genotype_pairwise,AA_vs_GG,AA,GG,30122,-0.0180697659969511,0.0159806337815508,-1.1307289963563363,0.2581783450597787,-0.04939251494002787,0.013252982946125674,nonrobust,ok,0.2581783450597787,0.5880801873811536,306,71.0,False,False,False
T1_GWC_GWC_grey_white_contrast_in_insula_right_hemisphe,27058.0,27058.0,exploratory_context,exploratory_context,exploratory,exploratory,T1_GWC,GWC,Grey-white contrast in insula (right hemisphere),basket,A,G,genotype_pairwise,AA_vs_GG,AA,GG,29768,-0.015386805961582942,0.013838286312136287,-1.111901113658025,0.26618982016209236,-0.04251047253893843,0.011736860615772542,nonrobust,ok,0.26618982016209236,0.5748085571707555,306,72.0,False,False,False
T1_GWC_GWC_grey_white_contrast_in_posteriorcingulate_ri,27046.0,27046.0,exploratory_context,exploratory_context,exploratory,exploratory,T1_GWC,GWC,Grey-white contrast in posteriorcingulate (right hemisphere),basket,A,G,genotype_pairwise,AA_vs_GG,AA,GG,29768,-0.013811447447072417,0.012441461971953602,-1.1101145089063593,0.2669588233887453,-0.03819727518978675,0.01057438029564192,nonrobust,ok,0.2669588233887453,0.5735557204860976,306,73.0,False,False,False
T1_GWC_GWC_grey_white_contrast_in_inferiortemporal_righ,27032.0,27032.0,exploratory_context,exploratory_context,exploratory,exploratory,T1_GWC,GWC,Grey-white contrast in inferiortemporal (right hemisphere),basket,A,G,genotype_pairwise,AA_vs_GG,AA,GG,29768,-0.013786345067448705,0.012614805794400857,-1.0928701790690936,0.2744598152272324,-0.03851193453623603,0.010939244401338623,nonrobust,ok,0.2744598152272324,0.561521233372789,306,74.0,False,False,False
SWI_deep_gm_QSM_f24478,24478.0,24478.0,exploratory_context,exploratory_context,exploratory,exploratory,SWI_deep_gm,QSM,,basket,A,G,genotype_pairwise,AA_vs_AG,AA,AG,30129,0.014583765335166353,0.013422937287193772,1.086480926129341,0.27727513073165916,-0.011725785111859352,0.04089331578219206,nonrobust,ok,0.27727513073165916,0.5570890812708805,306,75.0,False,False,False
SWI_deep_gm_QSM_f24481,24481.0,24481.0,exploratory_context,exploratory_context,exploratory,exploratory,SWI_deep_gm,QSM,,basket,A,G,genotype_pairwise,AA_vs_AG,AA,AG,30130,-0.014646414714894024,0.013517878600804275,-1.0834847055086443,0.2786021691322211,-0.041142054296830315,0.011849224867042268,nonrobust,ok,0.2786021691322211,0.5550155065822389,306,76.0,False,False,False
T1_GWC_GWC_grey_white_contrast_in_superiorparietal_righ,27052.0,27052.0,exploratory_context,exploratory_context,exploratory,exploratory,T1_GWC,GWC,Grey-white contrast in superiorparietal (right hemisphere),basket,A,G,genotype_pairwise,AA_vs_GG,AA,GG,29768,-0.013934060365003822,0.012881784171504691,-1.0816871467096019,0.279400495267584,-0.039182939518697946,0.011314818788690303,nonrobust,ok,0.279400495267584,0.5537728283872336,306,77.0,False,False,False
T1_GWC_GWC_grey_white_contrast_in_inferiorparietal_righ,27031.0,27031.0,exploratory_context,exploratory_context,exploratory,exploratory,T1_GWC,GWC,Grey-white contrast in inferiorparietal (right hemisphere),basket,A,G,genotype_pairwise,AA_vs_GG,AA,GG,29768,-0.013903717183439303,0.012971360220379822,-1.0718781181941597,0.2837836345938894,-0.03932816944121606,0.011520735074337452,nonrobust,ok,0.2837836345938894,0.5470126533130095,306,78.0,False,False,False
T1_GWC_GWC_grey_white_contrast_in_frontalpole_right_hem,27055.0,27055.0,exploratory_context,exploratory_context,exploratory,exploratory,T1_GWC,GWC,Grey-white contrast in frontalpole (right hemisphere),basket,A,G,genotype_pairwise,AA_vs_GG,AA,GG,29768,-0.014304101112675415,0.013425004728297796,-1.0654820167418355,0.28666666527366114,-0.04061771710791759,0.01200951488256676,nonrobust,ok,0.28666666527366114,0.5426228055864712,306,79.0,False,False,False
T1_GWC_GWC_grey_white_contrast_in_superiorparietal_left,27017.0,27017.0,exploratory_context,exploratory_context,exploratory,exploratory,T1_GWC,GWC,Grey-white contrast in superiorparietal (left hemisphere),basket,A,G,genotype_pairwise,AG_vs_GG,AG,GG,29768,-0.011647214763678252,0.010958637572385615,-1.0628341969286186,0.2878659341145029,-0.033126639668681644,0.00983221014132514,nonrobust,ok,0.2878659341145029,0.5408097262349839,306,80.0,False,False,False
SWI_deep_gm_QSM_f24473,24473.0,24473.0,exploratory_context,exploratory_context,exploratory,exploratory,SWI_deep_gm,QSM,,basket,A,G,genotype_pairwise,AA_vs_AG,AA,AG,30123,-0.014298062284949776,0.013527414382173333,-1.0569693424777478,0.2905342150110136,-0.04081239267679318,0.012216268106893632,nonrobust,ok,0.2905342150110136,0.5368027151996997,306,81.0,False,False,False
SWI_deep_gm_QSM_f24476,24476.0,24476.0,exploratory_context,exploratory_context,exploratory,exploratory,SWI_deep_gm,QSM,,basket,A,G,genotype_pairwise,AG_vs_GG,AG,GG,30131,0.01429642997039127,0.013542575916763852,1.0556654847837514,0.2911296947157062,-0.012247617405775717,0.040840477346558254,nonrobust,ok,0.2911296947157062,0.5359134950302614,306,82.0,False,False,False
SWI_T2star_T2star_median_t2star_in_pallidum_left,25032.0,25032.0,exploratory_context,exploratory_context,exploratory,exploratory,SWI_T2star,T2star,Median T2star in pallidum (left),basket,A,G,genotype_pairwise,AA_vs_AG,AA,AG,30135,0.01414293727186065,0.013597937033503621,1.0400796265649868,0.2983114095367551,-0.012509620192556359,0.04079549473627766,nonrobust,ok,0.2983114095367551,0.525330135829712,306,83.0,False,False,False
T1_GWC_GWC_grey_white_contrast_in_inferiortemporal_righ,27032.0,27032.0,exploratory_context,exploratory_context,exploratory,exploratory,T1_GWC,GWC,Grey-white contrast in inferiortemporal (right hemisphere),basket,A,G,genotype_pairwise,AA_vs_AG,AA,AG,29768,-0.011018026058019478,0.010636344917217334,-1.035884614853389,0.3002645505725436,-0.03186574279324404,0.009829690677205086,nonrobust,ok,0.3002645505725436,0.5224959378626106,306,84.0,False,False,False
T1_GWC_GWC_grey_white_contrast_in_posteriorcingulate_ri,27046.0,27046.0,exploratory_context,exploratory_context,exploratory,exploratory,T1_GWC,GWC,Grey-white contrast in posteriorcingulate (right hemisphere),basket,A,G,genotype_pairwise,AG_vs_GG,AG,GG,29768,-0.011450918236272126,0.011059432623212184,-1.0353983451409856,0.30049148891779315,-0.033127905996212965,0.010226069523668715,nonrobust,ok,0.30049148891779315,0.5221678243879769,306,85.0,False,False,False
SWI_deep_gm_QSM_f24467,24467.0,24467.0,exploratory_context,exploratory_context,exploratory,exploratory,SWI_deep_gm,QSM,,basket,A,G,genotype_pairwise,AG_vs_GG,AG,GG,30131,-0.013909957839177076,0.013531276494656682,-1.0279856334818027,0.3039649928416397,-0.04043185784858168,0.012611942170227528,nonrobust,ok,0.3039649928416397,0.5171764305068576,306,86.0,False,False,False
SWI_deep_gm_QSM_f24468,24468.0,24468.0,exploratory_context,exploratory_context,exploratory,exploratory,SWI_deep_gm,QSM,,basket,A,G,genotype_pairwise,AA_vs_AG,AA,AG,30131,0.013125786986312657,0.012847397407957617,1.0216689473762683,0.30694596978154765,-0.012055679785834699,0.038307253758460016,nonrobust,ok,0.30694596978154765,0.5129380645580786,306,87.0,False,False,False
T1_GWC_GWC_grey_white_contrast_in_isthmuscingulate_left,26998.0,26998.0,exploratory_context,exploratory_context,exploratory,exploratory,T1_GWC,GWC,Grey-white contrast in isthmuscingulate (left hemisphere),basket,A,G,genotype_pairwise,AG_vs_GG,AG,GG,29766,-0.01290412150830062,0.012652660774772556,-1.0198741385708718,0.30779660253392255,-0.037703908519783176,0.011895665503181939,nonrobust,ok,0.30779660253392255,0.5117361782307037,306,88.0,False,False,False
T1_GWC_GWC_grey_white_contrast_in_rostralanteriorcingul_f27049,27049.0,27049.0,exploratory_context,exploratory_context,exploratory,exploratory,T1_GWC,GWC,Grey-white contrast in rostralanteriorcingulate (right hemisphere),basket,A,G,genotype_pairwise,AA_vs_AG,AA,AG,29768,-0.011250294055762647,0.011343637724168455,-0.9917712756105626,0.3213173272565945,-0.0334843366579032,0.010983748546377908,nonrobust,ok,0.3213173272565945,0.49306585419008503,306,89.0,False,False,False
SWI_T2star_T2star_median_t2star_in_amygdala_right,25037.0,25037.0,exploratory_context,exploratory_context,exploratory,exploratory,SWI_T2star,T2star,Median T2star in amygdala (right),basket,A,G,genotype_pairwise,AG_vs_GG,AG,GG,30139,0.012887250108893102,0.013089828288940291,0.984524000194995,0.32486598866516725,-0.012769391621420264,0.038543891839206465,nonrobust,ok,0.32486598866516725,0.48829575405428766,306,90.0,False,False,False
SWI_deep_gm_QSM_f24484,24484.0,24484.0,exploratory_context,exploratory_context,exploratory,exploratory,SWI_deep_gm,QSM,,basket,A,G,genotype_pairwise,AG_vs_GG,AG,GG,30128,0.014086511569936103,0.014329677528319588,0.9830306049872428,0.32560041845535503,-0.014000289871237621,0.042173313011109825,nonrobust,ok,0.32560041845535503,0.4873150456356164,306,91.0,False,False,False
T1_GWC_GWC_grey_white_contrast_in_pericalcarine_left_he,27009.0,27009.0,exploratory_context,exploratory_context,exploratory,exploratory,T1_GWC,GWC,Grey-white contrast in pericalcarine (left hemisphere),basket,A,G,genotype_pairwise,AG_vs_GG,AG,GG,29767,-0.012844106133142442,0.013079056053491925,-0.9820361714646254,0.3260901616959593,-0.038479647127370516,0.01279143486108563,nonrobust,ok,0.3260901616959593,0.48666230387914144,306,92.0,False,False,False
SWI_T2star_T2star_median_t2star_in_caudate_right,25029.0,25029.0,exploratory_context,exploratory_context,exploratory,exploratory,SWI_T2star,T2star,Median T2star in caudate (right),basket,A,G,genotype_pairwise,AA_vs_GG,AA,GG,30138,0.015474244245111924,0.015762482246780278,0.981713666847921,0.32624895889834127,-0.015420917315392116,0.046369405805615965,nonrobust,ok,0.32624895889834127,0.48645086554002864,306,93.0,False,False,False
SWI_T2star_T2star_median_t2star_in_caudate_right,25029.0,25029.0,exploratory_context,exploratory_context,exploratory,exploratory,SWI_T2star,T2star,Median T2star in caudate (right),basket,A,G,genotype_pairwise,AG_vs_GG,AG,GG,30138,0.013700834552540554,0.014016509885925694,0.9774783212116078,0.3283403982475057,-0.013772144046913966,0.04117381315199507,nonrobust,ok,0.3283403982475057,0.48367567938886263,306,94.0,False,False,False
T1_GWC_GWC_grey_white_contrast_in_caudalmiddlefrontal_l,26992.0,26992.0,exploratory_context,exploratory_context,exploratory,exploratory,T1_GWC,GWC,Grey-white contrast in caudalmiddlefrontal (left hemisphere),basket,A,G,genotype_pairwise,AG_vs_GG,AG,GG,29768,-0.010445355036553871,0.010707131166741792,-0.9755512353298667,0.3292949780831247,-0.031431816019950196,0.01054110594684245,nonrobust,ok,0.3292949780831247,0.48241489245061286,306,95.0,False,False,False
SWI_deep_gm_QSM_f24478,24478.0,24478.0,exploratory_context,exploratory_context,exploratory,exploratory,SWI_deep_gm,QSM,,basket,A,G,genotype_pairwise,AG_vs_GG,AG,GG,30129,0.013799140992092779,0.014164360639460536,0.9742155924531961,0.32995747275283516,-0.013963632000170893,0.04156191398435645,nonrobust,ok,0.32995747275283516,0.48154203145227337,306,96.0,False,False,False
T1_GWC_GWC_grey_white_contrast_in_parsopercularis_left_,27006.0,27006.0,exploratory_context,exploratory_context,exploratory,exploratory,T1_GWC,GWC,Grey-white contrast in parsopercularis (left hemisphere),basket,A,G,genotype_pairwise,AA_vs_AG,AA,AG,29768,0.009953032937788833,0.010296936355785314,0.966601384517322,0.3337513440704477,-0.010229427677846105,0.03013549355342377,nonrobust,ok,0.3337513440704477,0.47657697664998006,306,97.0,False,False,False
T1_GWC_GWC_grey_white_contrast_in_precentral_right_hemi,27047.0,27047.0,exploratory_context,exploratory_context,exploratory,exploratory,T1_GWC,GWC,Grey-white contrast in precentral (right hemisphere),basket,A,G,genotype_pairwise,AA_vs_AG,AA,AG,29768,0.009927092040252154,0.010349889849974673,0.9591495353234553,0.3374913569256709,-0.010359159817166709,0.030213343897671018,nonrobust,ok,0.3374913569256709,0.4717373448701483,306,98.0,False,False,False
T1_GWC_GWC_grey_white_contrast_in_bankssts_right_hemisp,27025.0,27025.0,exploratory_context,exploratory_context,exploratory,exploratory,T1_GWC,GWC,Grey-white contrast in bankssts (right hemisphere),basket,A,G,genotype_pairwise,AG_vs_GG,AG,GG,29768,-0.011264809192723175,0.011862494148218205,-0.9496155742605947,0.3423154777455166,-0.03451583383512561,0.01198621544967926,nonrobust,ok,0.3423154777455166,0.46557346385510273,306,99.0,False,False,False
T1_GWC_GWC_grey_white_contrast_in_inferiortemporal_left,26997.0,26997.0,exploratory_context,exploratory_context,exploratory,exploratory,T1_GWC,GWC,Grey-white contrast in inferiortemporal (left hemisphere),basket,A,G,genotype_pairwise,AA_vs_GG,AA,GG,29768,-0.011803652230166882,0.012432386566348987,-0.9494277037778157,0.34241097989424985,-0.03617169176774357,0.012564387307409804,nonrobust,ok,0.34241097989424985,0.4654523175023923,306,100.0,False,False,False
T1_GWC_GWC_grey_white_contrast_in_transversetemporal_ri,27057.0,27057.0,exploratory_context,exploratory_context,exploratory,exploratory,T1_GWC,GWC,Grey-white contrast in transversetemporal (right hemisphere),basket,A,G,genotype_pairwise,AA_vs_AG,AA,AG,29768,0.012051924496276453,0.012825575510428863,0.9396790410283475,0.3473899884678402,-0.013086783141422715,0.037190632133975624,nonrobust,ok,0.3473899884678402,0.4591827017663648,306,101.0,False,False,False
SWI_deep_gm_QSM_f24481,24481.0,24481.0,exploratory_context,exploratory_context,exploratory,exploratory,SWI_deep_gm,QSM,,basket,A,G,genotype_pairwise,AA_vs_GG,AA,GG,30130,-0.014988403099299176,0.016043101857990454,-0.9342584265793978,0.350178231545629,-0.04643359188656325,0.016456785687964895,nonrobust,ok,0.350178231545629,0.45571085486437507,306,102.0,False,False,False
SWI_T2star_T2star_median_t2star_in_hippocampus_right,25035.0,25035.0,exploratory_context,exploratory_context,exploratory,exploratory,SWI_T2star,T2star,Median T2star in hippocampus (right),basket,A,G,genotype_pairwise,AG_vs_GG,AG,GG,30134,0.011657947363660458,0.012566599852189702,0.927693051484335,0.3535743837239701,-0.01297314368573697,0.03628903841305789,nonrobust,ok,0.3535743837239701,0.4515192069234368,306,103.0,False,False,False
T1_GWC_GWC_grey_white_contrast_in_lingual_left_hemisphe,27001.0,27001.0,exploratory_context,exploratory_context,exploratory,exploratory,T1_GWC,GWC,Grey-white contrast in lingual (left hemisphere),basket,A,G,genotype_pairwise,AA_vs_GG,AA,GG,29768,-0.012768548793176057,0.0138717106522113,-0.920473985747433,0.35733272208200884,-0.03995772858765349,0.014420631001301382,nonrobust,ok,0.35733272208200884,0.4469272122639495,306,104.0,False,False,False
T1_GWC_GWC_grey_white_contrast_in_isthmuscingulate_left,26998.0,26998.0,exploratory_context,exploratory_context,exploratory,exploratory,T1_GWC,GWC,Grey-white contrast in isthmuscingulate (left hemisphere),basket,A,G,genotype_pairwise,AA_vs_AG,AA,AG,29766,0.01077100622801034,0.012000830436771087,0.8975217410794748,0.3694479746366066,-0.012751163858636127,0.03429317631465681,nonrobust,ok,0.3694479746366066,0.432446709959341,306,105.0,False,False,False
T1_GWC_GWC_grey_white_contrast_in_medialorbitofrontal_l,27002.0,27002.0,exploratory_context,exploratory_context,exploratory,exploratory,T1_GWC,GWC,Grey-white contrast in medialorbitofrontal (left hemisphere),basket,A,G,genotype_pairwise,AG_vs_GG,AG,GG,29768,-0.010333607168610736,0.01153271489886157,-0.8960255463898443,0.37024650262124237,-0.03293824957827708,0.012271035241055607,nonrobust,ok,0.37024650262124237,0.4315090351685887,306,106.0,False,False,False
T1_GWC_GWC_grey_white_contrast_in_entorhinal_left_hemis,26994.0,26994.0,exploratory_context,exploratory_context,exploratory,exploratory,T1_GWC,GWC,Grey-white contrast in entorhinal (left hemisphere),basket,A,G,genotype_pairwise,AG_vs_GG,AG,GG,29768,0.011790319608374211,0.013185999285578119,0.8941544249338463,0.3712466393906274,-0.01405483491755898,0.0376354741343074,nonrobust,ok,0.3712466393906274,0.4303374689897808,306,107.0,False,False,False
SWI_T2star_T2star_median_t2star_in_amygdala_left,25036.0,25036.0,exploratory_context,exploratory_context,exploratory,exploratory,SWI_T2star,T2star,Median T2star in amygdala (left),basket,A,G,genotype_pairwise,AA_vs_AG,AA,AG,30139,-0.011024648384904325,0.012519287812309722,-0.8806130628344708,0.3785344397631245,-0.03556300557561677,0.013513708805808117,nonrobust,ok,0.3785344397631245,0.4218946014514786,306,108.0,False,False,False
T1_GWC_GWC_grey_white_contrast_in_cuneus_left_hemispher,26993.0,26993.0,exploratory_context,exploratory_context,exploratory,exploratory,T1_GWC,GWC,Grey-white contrast in cuneus (left hemisphere),basket,A,G,genotype_pairwise,AA_vs_GG,AA,GG,29768,-0.012655027381920375,0.01445249771733306,-0.8756290870569067,0.3812389067813128,-0.04098257607204553,0.015672521308204776,nonrobust,ok,0.3812389067813128,0.4188027844812347,306,109.0,False,False,False
T1_GWC_GWC_grey_white_contrast_in_rostralmiddlefrontal__f27050,27050.0,27050.0,exploratory_context,exploratory_context,exploratory,exploratory,T1_GWC,GWC,Grey-white contrast in rostralmiddlefrontal (right hemisphere),basket,A,G,genotype_pairwise,AA_vs_AG,AA,AG,29768,-0.00842254514840917,0.009666686096120546,-0.8712960227175808,0.383599701721143,-0.02736968677165943,0.01052459647484109,nonrobust,ok,0.383599701721143,0.4161217391992677,306,110.0,False,False,False
T1_GWC_GWC_grey_white_contrast_in_superiortemporal_left,27018.0,27018.0,exploratory_context,exploratory_context,exploratory,exploratory,T1_GWC,GWC,Grey-white contrast in superiortemporal (left hemisphere),basket,A,G,genotype_pairwise,AA_vs_AG,AA,AG,29768,0.009541323115919681,0.01095477422276008,0.870973962758287,0.38377552715991525,-0.011930529449217984,0.031013175681057346,nonrobust,ok,0.38377552715991525,0.41592272308225126,306,111.0,False,False,False
T1_GWC_GWC_grey_white_contrast_in_parsorbitalis_right_h,27042.0,27042.0,exploratory_context,exploratory_context,exploratory,exploratory,T1_GWC,GWC,Grey-white contrast in parsorbitalis (right hemisphere),basket,A,G,genotype_pairwise,AG_vs_GG,AG,GG,29768,-0.010093046844015924,0.01168356042524052,-0.8638673894484649,0.3876678355372438,-0.03299335330267655,0.012807259614644698,nonrobust,ok,0.3876678355372438,0.4115402305330633,306,112.0,False,False,False
T1_GWC_GWC_grey_white_contrast_in_superiorfrontal_left_,27016.0,27016.0,exploratory_context,exploratory_context,exploratory,exploratory,T1_GWC,GWC,Grey-white contrast in superiorfrontal (left hemisphere),basket,A,G,genotype_pairwise,AG_vs_GG,AG,GG,29768,-0.008528147260097005,0.00993168984094719,-0.8586803853797824,0.3905239203435653,-0.027994708199749523,0.010938413679555512,nonrobust,ok,0.3905239203435653,0.40835235959704674,306,113.0,False,False,False
T1_GWC_GWC_grey_white_contrast_in_precuneus_left_hemisp,27013.0,27013.0,exploratory_context,exploratory_context,exploratory,exploratory,T1_GWC,GWC,Grey-white contrast in precuneus (left hemisphere),basket,A,G,genotype_pairwise,AA_vs_AG,AA,AG,29768,-0.008668964985763509,0.010129033050277158,-0.8558531641405102,0.39208602369976975,-0.02852232753440405,0.011184397562877034,nonrobust,ok,0.39208602369976975,0.40661863828701267,306,114.0,False,False,False
T1_GWC_GWC_grey_white_contrast_in_superiorfrontal_left_,27016.0,27016.0,exploratory_context,exploratory_context,exploratory,exploratory,T1_GWC,GWC,Grey-white contrast in superiorfrontal (left hemisphere),basket,A,G,genotype_pairwise,AA_vs_GG,AA,GG,29768,-0.009323700853835985,0.011172792102737486,-0.8345005230654522,0.4040058166472029,-0.03122287831679882,0.012575476609126848,nonrobust,ok,0.4040058166472029,0.39361238211811195,306,115.0,False,False,False
T1_GWC_GWC_grey_white_contrast_in_superiorfrontal_right,27051.0,27051.0,exploratory_context,exploratory_context,exploratory,exploratory,T1_GWC,GWC,Grey-white contrast in superiorfrontal (right hemisphere),basket,A,G,genotype_pairwise,AA_vs_GG,AA,GG,29768,-0.008962923850422059,0.011056401243092108,-0.810654719683041,0.4175705872871456,-0.030633969968327783,0.012708122267483668,nonrobust,ok,0.4175705872871456,0.37927009963404557,306,116.0,False,False,False
T1_GWC_GWC_grey_white_contrast_in_precentral_right_hemi,27047.0,27047.0,exploratory_context,exploratory_context,exploratory,exploratory,T1_GWC,GWC,Grey-white contrast in precentral (right hemisphere),basket,A,G,genotype_pairwise,AG_vs_GG,AG,GG,29768,-0.008787287503107545,0.010911521560107615,-0.8053219209348178,0.4206404897277113,-0.030174362894691616,0.012599787888476528,nonrobust,ok,0.4206404897277113,0.37608892561314317,306,117.0,False,False,False
T1_GWC_GWC_grey_white_contrast_in_caudalmiddlefrontal_l,26992.0,26992.0,exploratory_context,exploratory_context,exploratory,exploratory,T1_GWC,GWC,Grey-white contrast in caudalmiddlefrontal (left hemisphere),basket,A,G,genotype_pairwise,AA_vs_AG,AA,AG,29768,0.008173081818163874,0.010156019724156178,0.8047524561934564,0.4209690916379195,-0.011733175830911496,0.028079339467239242,nonrobust,ok,0.4209690916379195,0.37574978973171314,306,118.0,False,False,False
SWI_deep_gm_QSM_f24484,24484.0,24484.0,exploratory_context,exploratory_context,exploratory,exploratory,SWI_deep_gm,QSM,,basket,A,G,genotype_pairwise,AA_vs_GG,AA,GG,30128,0.012918095322934803,0.01611581172365472,0.8015789427456315,0.4228030030140357,-0.01866960810242694,0.04450579874829654,nonrobust,ok,0.4228030030140357,0.37386193671987816,306,119.0,False,False,False
T1_GWC_GWC_grey_white_contrast_in_medialorbitofrontal_l,27002.0,27002.0,exploratory_context,exploratory_context,exploratory,exploratory,T1_GWC,GWC,Grey-white contrast in medialorbitofrontal (left hemisphere),basket,A,G,genotype_pairwise,AA_vs_GG,AA,GG,29768,-0.01038374220361487,0.012973887425871803,-0.800357045098772,0.4235104693214572,-0.035813147898370076,0.015045663491140341,nonrobust,ok,0.4235104693214572,0.3731358492946938,306,120.0,False,False,False
T1_GWC_GWC_grey_white_contrast_in_rostralmiddlefrontal__f27015,27015.0,27015.0,exploratory_context,exploratory_context,exploratory,exploratory,T1_GWC,GWC,Grey-white contrast in rostralmiddlefrontal (left hemisphere),basket,A,G,genotype_pairwise,AA_vs_GG,AA,GG,29768,-0.009191733436215353,0.011605038769602607,-0.792046766814042,0.42833983912653983,-0.031938133901128984,0.013554667028698283,nonrobust,ok,0.42833983912653983,0.36821153076760277,306,121.0,False,False,False
T1_GWC_GWC_grey_white_contrast_in_inferiorparietal_righ,27031.0,27031.0,exploratory_context,exploratory_context,exploratory,exploratory,T1_GWC,GWC,Grey-white contrast in inferiorparietal (right hemisphere),basket,A,G,genotype_pairwise,AA_vs_AG,AA,AG,29768,-0.008635404978192937,0.010936978626390724,-0.789560377978235,0.4297909637850612,-0.030072377370194983,0.012801567413809107,nonrobust,ok,0.4297909637850612,0.3667427196485292,306,122.0,False,False,False
SWI_T2star_T2star_median_t2star_in_accumbens_right,25039.0,25039.0,exploratory_context,exploratory_context,exploratory,exploratory,SWI_T2star,T2star,Median T2star in accumbens (right),basket,A,G,genotype_pairwise,AA_vs_GG,AA,GG,30140,0.012372029024647622,0.015831403901062805,0.7814865378942834,0.43452264523803974,-0.01865822198016317,0.043402280029458416,nonrobust,ok,0.43452264523803974,0.36198758527826336,306,123.0,False,False,False
SWI_deep_gm_QSM_f24473,24473.0,24473.0,exploratory_context,exploratory_context,exploratory,exploratory,SWI_deep_gm,QSM,,basket,A,G,genotype_pairwise,AG_vs_GG,AG,GG,30123,-0.01110717719579215,0.014274908248154253,-0.7780909693222238,0.4365216123761756,-0.03908662862027079,0.01687227422868649,nonrobust,ok,0.4365216123761756,0.35999424931613383,306,124.0,False,False,False
SWI_deep_gm_QSM_f24483,24483.0,24483.0,exploratory_context,exploratory_context,exploratory,exploratory,SWI_deep_gm,QSM,,basket,A,G,genotype_pairwise,AG_vs_GG,AG,GG,30128,0.011168750572046707,0.014407928020529086,0.7751808973596309,0.4382389727431898,-0.01707142529315148,0.03940892643724489,nonrobust,ok,0.4382389727431898,0.3582890030996224,306,125.0,False,False,False
T1_GWC_GWC_grey_white_contrast_in_parstriangularis_left,27008.0,27008.0,exploratory_context,exploratory_context,exploratory,exploratory,T1_GWC,GWC,Grey-white contrast in parstriangularis (left hemisphere),basket,A,G,genotype_pairwise,AA_vs_AG,AA,AG,29768,0.008156299976783092,0.01057498600294736,0.7712823425496587,0.4405458344561989,-0.012571150513426168,0.028883750466992354,nonrobust,ok,0.4405458344561989,0.35600890083677145,306,126.0,False,False,False
T1_GWC_GWC_grey_white_contrast_in_lateralorbitofrontal__f27000,27000.0,27000.0,exploratory_context,exploratory_context,exploratory,exploratory,T1_GWC,GWC,Grey-white contrast in lateralorbitofrontal (left hemisphere),basket,A,G,genotype_pairwise,AA_vs_GG,AA,GG,29768,-0.00981329712545545,0.012757879545317418,-0.7691949975383855,0.4417837785294051,-0.034819317612094246,0.015192723361183345,nonrobust,ok,0.4417837785294051,0.3547902346495178,306,127.0,False,False,False
SWI_T2star_T2star_median_t2star_in_thalamus_right,25027.0,25027.0,exploratory_context,exploratory_context,exploratory,exploratory,SWI_T2star,T2star,Median T2star in thalamus (right),basket,A,G,genotype_pairwise,AG_vs_GG,AG,GG,30136,0.010532593727484505,0.013861468929727764,0.7598468662218012,0.4473521808198061,-0.01663649786114723,0.037701685316116236,nonrobust,ok,0.4473521808198061,0.3493504411513518,306,128.0,False,False,False
SWI_deep_gm_QSM_f24483,24483.0,24483.0,exploratory_context,exploratory_context,exploratory,exploratory,SWI_deep_gm,QSM,,basket,A,G,genotype_pairwise,AA_vs_AG,AA,AG,30128,-0.01035203809491784,0.013652913225440898,-0.7582292455816542,0.4483197985746641,-0.037112351584086885,0.016408275394251208,nonrobust,ok,0.4483197985746641,0.3484120815181853,306,129.0,False,False,False
T1_GWC_GWC_grey_white_contrast_in_precentral_left_hemis,27012.0,27012.0,exploratory_context,exploratory_context,exploratory,exploratory,T1_GWC,GWC,Grey-white contrast in precentral (left hemisphere),basket,A,G,genotype_pairwise,AA_vs_GG,AA,GG,29768,-0.009265241790414587,0.0123930157684865,-0.7476180102969486,0.454696615940837,-0.03355611278486249,0.015025629204033315,nonrobust,ok,0.454696615940837,0.3422782780000599,306,130.0,False,False,False
T1_GWC_GWC_grey_white_contrast_in_superiortemporal_righ,27053.0,27053.0,exploratory_context,exploratory_context,exploratory,exploratory,T1_GWC,GWC,Grey-white contrast in superiortemporal (right hemisphere),basket,A,G,genotype_pairwise,AG_vs_GG,AG,GG,29768,-0.008366674036756193,0.011220354755146652,-0.7456692965004954,0.4558732105343054,-0.030359076447980825,0.013625728374468439,nonrobust,ok,0.4558732105343054,0.34115592843626924,306,131.0,False,False,False
T1_GWC_GWC_grey_white_contrast_in_superiorfrontal_right,27051.0,27051.0,exploratory_context,exploratory_context,exploratory,exploratory,T1_GWC,GWC,Grey-white contrast in superiorfrontal (right hemisphere),basket,A,G,genotype_pairwise,AA_vs_AG,AA,AG,29768,-0.006871413992991809,0.009322354943971895,-0.7370899342805076,0.46107357959728246,-0.025143650996376977,0.011400823010393357,nonrobust,ok,0.46107357959728246,0.3362297629765401,306,132.0,False,False,False
T1_GWC_GWC_grey_white_contrast_in_frontalpole_left_hemi,27020.0,27020.0,exploratory_context,exploratory_context,exploratory,exploratory,T1_GWC,GWC,Grey-white contrast in frontalpole (left hemisphere),basket,A,G,genotype_pairwise,AA_vs_AG,AA,AG,29768,-0.008149917396981716,0.011218845506640337,-0.7264488482489442,0.467569475092829,-0.030139361612925207,0.013839526818961773,nonrobust,ok,0.467569475092829,0.33015384916003804,306,133.0,False,False,False
T1_GWC_GWC_grey_white_contrast_in_entorhinal_right_hemi,27029.0,27029.0,exploratory_context,exploratory_context,exploratory,exploratory,T1_GWC,GWC,Grey-white contrast in entorhinal (right hemisphere),basket,A,G,genotype_pairwise,AG_vs_GG,AG,GG,29767,0.00951783870771043,0.013163888615488697,0.723026378125966,0.46966946716140323,-0.016283977942178056,0.035319655357598914,nonrobust,ok,0.46966946716140323,0.3282076720380179,306,134.0,False,False,False
T1_GWC_GWC_grey_white_contrast_in_supramarginal_right_h,27054.0,27054.0,exploratory_context,exploratory_context,exploratory,exploratory,T1_GWC,GWC,Grey-white contrast in supramarginal (right hemisphere),basket,A,G,genotype_pairwise,AA_vs_GG,AA,GG,29767,-0.008736448665483213,0.01214678552002974,-0.7192395593942966,0.47199908239566546,-0.03254469727863001,0.015071799947663589,nonrobust,ok,0.47199908239566546,0.3260588456686377,306,135.0,False,False,False
T1_GWC_GWC_grey_white_contrast_in_rostralmiddlefrontal__f27050,27050.0,27050.0,exploratory_context,exploratory_context,exploratory,exploratory,T1_GWC,GWC,Grey-white contrast in rostralmiddlefrontal (right hemisphere),basket,A,G,genotype_pairwise,AA_vs_GG,AA,GG,29768,-0.008231868095055528,0.011464781250239704,-0.7180135333923983,0.4727546841900634,-0.03070335748323924,0.014239621293128184,nonrobust,ok,0.4727546841900634,0.3253641593463423,306,136.0,False,False,False
T1_GWC_GWC_grey_white_contrast_in_caudalanteriorcingula_f26991,26991.0,26991.0,exploratory_context,exploratory_context,exploratory,exploratory,T1_GWC,GWC,Grey-white contrast in caudalanteriorcingulate (left hemisphere),basket,A,G,genotype_pairwise,AG_vs_GG,AG,GG,29768,-0.008966169797531969,0.01255887881784033,-0.7139307519071854,0.47527570439869826,-0.033582139864704735,0.0156498002696408,nonrobust,ok,0.47527570439869826,0.3230543858215149,306,137.0,False,False,False
T1_GWC_GWC_grey_white_contrast_in_inferiorparietal_left,26996.0,26996.0,exploratory_context,exploratory_context,exploratory,exploratory,T1_GWC,GWC,Grey-white contrast in inferiorparietal (left hemisphere),basket,A,G,genotype_pairwise,AA_vs_AG,AA,AG,29767,-0.007357021771600791,0.010447900278201255,-0.7041627097983175,0.4813370639125162,-0.027835378526859616,0.013121334983658032,nonrobust,ok,0.4813370639125162,0.31755069549502785,306,138.0,False,False,False
T1_GWC_GWC_grey_white_contrast_in_parahippocampal_left_,27004.0,27004.0,exploratory_context,exploratory_context,exploratory,exploratory,T1_GWC,GWC,Grey-white contrast in parahippocampal (left hemisphere),basket,A,G,genotype_pairwise,AA_vs_GG,AA,GG,29767,-0.010239630606955754,0.014562146545992782,-0.7031676665672274,0.4819568705334235,-0.03878209599719212,0.01830283478328061,nonrobust,ok,0.4819568705334235,0.316991824266158,306,139.0,False,False,False
T1_GWC_GWC_grey_white_contrast_in_caudalmiddlefrontal_r,27027.0,27027.0,exploratory_context,exploratory_context,exploratory,exploratory,T1_GWC,GWC,Grey-white contrast in caudalmiddlefrontal (right hemisphere),basket,A,G,genotype_pairwise,AA_vs_GG,AA,GG,29768,-0.00846026517422749,0.012071264519622598,-0.7008598942119774,0.483396037605643,-0.032120489179721386,0.015199958831266404,nonrobust,ok,0.483396037605643,0.31569691382298415,306,140.0,False,False,False
SWI_deep_gm_QSM_f24477,24477.0,24477.0,exploratory_context,exploratory_context,exploratory,exploratory,SWI_deep_gm,QSM,,basket,A,G,genotype_pairwise,AG_vs_GG,AG,GG,30130,-0.009567680327148186,0.014009766350884282,-0.682929328549743,0.494656849933062,-0.03702744164192161,0.01789208098762524,nonrobust,ok,0.494656849933062,0.3056959725007892,306,141.0,False,False,False
T1_GWC_GWC_grey_white_contrast_in_temporalpole_left_hem,27021.0,27021.0,exploratory_context,exploratory_context,exploratory,exploratory,T1_GWC,GWC,Grey-white contrast in temporalpole (left hemisphere),basket,A,G,genotype_pairwise,AG_vs_GG,AG,GG,29767,-0.008757406891722976,0.012958175523243015,-0.675820980817466,0.49915966211657314,-0.034156016583269416,0.016641202799823465,nonrobust,ok,0.49915966211657314,0.3017605179330334,306,142.0,False,False,False
T1_GWC_GWC_grey_white_contrast_in_bankssts_right_hemisp,27025.0,27025.0,exploratory_context,exploratory_context,exploratory,exploratory,T1_GWC,GWC,Grey-white contrast in bankssts (right hemisphere),basket,A,G,genotype_pairwise,AA_vs_AG,AA,AG,29768,-0.007595570599350932,0.011251914511069952,-0.6750469523989179,0.49965127753649663,-0.02964983155849241,0.014458690359790544,nonrobust,ok,0.49965127753649663,0.30133299782315776,306,143.0,False,False,False
T1_GWC_GWC_grey_white_contrast_in_lingual_left_hemisphe,27001.0,27001.0,exploratory_context,exploratory_context,exploratory,exploratory,T1_GWC,GWC,Grey-white contrast in lingual (left hemisphere),basket,A,G,genotype_pairwise,AA_vs_AG,AA,AG,29768,0.007869864725332878,0.011696121327071516,0.6728610712268783,0.5010410026908834,-0.015055061668592131,0.030794791119257887,nonrobust,ok,0.5010410026908834,0.30012673218914926,306,144.0,False,False,False
SWI_deep_gm_QSM_f24470,24470.0,24470.0,exploratory_context,exploratory_context,exploratory,exploratory,SWI_deep_gm,QSM,,basket,A,G,genotype_pairwise,AA_vs_GG,AA,GG,30122,0.010594232352157071,0.01579223759894693,0.6708506179557179,0.5023209380927616,-0.020359251741339852,0.04154771644565399,nonrobust,ok,0.5023209380927616,0.2990187188967344,306,145.0,False,False,False
T1_GWC_GWC_grey_white_contrast_in_supramarginal_right_h,27054.0,27054.0,exploratory_context,exploratory_context,exploratory,exploratory,T1_GWC,GWC,Grey-white contrast in supramarginal (right hemisphere),basket,A,G,genotype_pairwise,AA_vs_AG,AA,AG,29767,-0.006857645897004295,0.010241839363561798,-0.6695717100780046,0.5031361452511983,-0.026932113946308872,0.01321682215230028,nonrobust,ok,0.5031361452511983,0.2983144818806344,306,146.0,False,False,False
SWI_T2star_T2star_median_t2star_in_pallidum_left,25032.0,25032.0,exploratory_context,exploratory_context,exploratory,exploratory,SWI_T2star,T2star,Median T2star in pallidum (left),basket,A,G,genotype_pairwise,AA_vs_GG,AA,GG,30135,0.010709577476028739,0.016137624559740705,0.6636402672761658,0.5069257507698197,-0.020920879765973597,0.04234003471803108,nonrobust,ok,0.5069257507698197,0.2950556469632514,306,147.0,False,False,False
T1_GWC_GWC_grey_white_contrast_in_precuneus_left_hemisp,27013.0,27013.0,exploratory_context,exploratory_context,exploratory,exploratory,T1_GWC,GWC,Grey-white contrast in precuneus (left hemisphere),basket,A,G,genotype_pairwise,AG_vs_GG,AG,GG,29768,-0.006967018664582216,0.010678680074205069,-0.6524232036327624,0.5141333331287274,-0.027897714220791882,0.013963676891627448,nonrobust,ok,0.5141333331287274,0.28892423833373987,306,148.0,False,False,False
T1_GWC_GWC_grey_white_contrast_in_precuneus_right_hemis,27048.0,27048.0,exploratory_context,exploratory_context,exploratory,exploratory,T1_GWC,GWC,Grey-white contrast in precuneus (right hemisphere),basket,A,G,genotype_pairwise,AA_vs_GG,AA,GG,29768,-0.008106262397381924,0.012455113057394007,-0.6508381224664695,0.515156107246826,-0.032518846884504696,0.016306322089740845,nonrobust,ok,0.515156107246826,0.28806114718659875,306,149.0,False,False,False
SWI_T2star_T2star_median_t2star_in_pallidum_right,25033.0,25033.0,exploratory_context,exploratory_context,exploratory,exploratory,SWI_T2star,T2star,Median T2star in pallidum (right),basket,A,G,genotype_pairwise,AA_vs_GG,AA,GG,30136,0.010401131240708916,0.016138017467902607,0.6445110907455666,0.5192490659709333,-0.02123009607489391,0.04203235855631174,nonrobust,ok,0.5192490659709333,0.28462427600429213,306,150.0,False,False,False
T1_GWC_GWC_grey_white_contrast_in_caudalmiddlefrontal_r,27027.0,27027.0,exploratory_context,exploratory_context,exploratory,exploratory,T1_GWC,GWC,Grey-white contrast in caudalmiddlefrontal (right hemisphere),basket,A,G,genotype_pairwise,AG_vs_GG,AG,GG,29768,-0.006859733579271719,0.010730357648698024,-0.6392828462809019,0.5226439581835978,-0.02789171951699662,0.014172252358453182,nonrobust,ok,0.5226439581835978,0.2817940657267364,306,151.0,False,False,False
T1_GWC_GWC_grey_white_contrast_in_lateralorbitofrontal__f27035,27035.0,27035.0,exploratory_context,exploratory_context,exploratory,exploratory,T1_GWC,GWC,Grey-white contrast in lateralorbitofrontal (right hemisphere),basket,A,G,genotype_pairwise,AA_vs_AG,AA,AG,29768,-0.007215906842001448,0.011314238418987928,-0.6377722100933877,0.5236269707783923,-0.029392325477320104,0.014960511793317206,nonrobust,ok,0.5236269707783923,0.28097799207055196,306,152.0,False,False,False
SWI_deep_gm_QSM_f24477,24477.0,24477.0,exploratory_context,exploratory_context,exploratory,exploratory,SWI_deep_gm,QSM,,basket,A,G,genotype_pairwise,AA_vs_GG,AA,GG,30130,-0.009981240732260742,0.01575635470217773,-0.6334739805572673,0.5264290657779891,-0.0408643924191837,0.020901910954662213,nonrobust,ok,0.5264290657779891,0.2786601399896441,306,153.0,False,False,False
SWI_deep_gm_QSM_f24479,24479.0,24479.0,exploratory_context,exploratory_context,exploratory,exploratory,SWI_deep_gm,QSM,,basket,A,G,genotype_pairwise,AG_vs_GG,AG,GG,30127,0.009035969676036384,0.014347332969123794,0.6298013502218329,0.5288294281398231,-0.01908543724854899,0.03715737660062176,nonrobust,ok,0.5288294281398231,0.27668438536218704,306,154.0,False,False,False
T1_GWC_GWC_grey_white_contrast_in_lingual_right_hemisph,27036.0,27036.0,exploratory_context,exploratory_context,exploratory,exploratory,T1_GWC,GWC,Grey-white contrast in lingual (right hemisphere),basket,A,G,genotype_pairwise,AA_vs_GG,AA,GG,29767,-0.00885644353889527,0.014147424510334284,-0.6260110122818393,0.5313126093546942,-0.036586034995198566,0.018873147917408024,nonrobust,ok,0.5313126093546942,0.2746498770919907,306,155.0,False,False,False
T1_GWC_GWC_grey_white_contrast_in_frontalpole_right_hem,27055.0,27055.0,exploratory_context,exploratory_context,exploratory,exploratory,T1_GWC,GWC,Grey-white contrast in frontalpole (right hemisphere),basket,A,G,genotype_pairwise,AG_vs_GG,AG,GG,29768,-0.0074442570123627785,0.011933720939999845,-0.6238001583739794,0.5327637063234103,-0.030834889385670854,0.0159463753609453,nonrobust,ok,0.5327637063234103,0.27346536844801084,306,156.0,False,False,False
T1_GWC_GWC_grey_white_contrast_in_entorhinal_left_hemis,26994.0,26994.0,exploratory_context,exploratory_context,exploratory,exploratory,T1_GWC,GWC,Grey-white contrast in entorhinal (left hemisphere),basket,A,G,genotype_pairwise,AA_vs_AG,AA,AG,29768,-0.0076516817579733165,0.012507296935243582,-0.6117774126247926,0.5406897969020774,-0.0321665490040721,0.016863185488125466,nonrobust,ok,0.5406897969020774,0.26705182570999564,306,157.0,False,False,False
T1_GWC_GWC_grey_white_contrast_in_frontalpole_right_hem,27055.0,27055.0,exploratory_context,exploratory_context,exploratory,exploratory,T1_GWC,GWC,Grey-white contrast in frontalpole (right hemisphere),basket,A,G,genotype_pairwise,AA_vs_AG,AA,AG,29768,-0.006859844100312637,0.011319475157424009,-0.6060213927686858,0.5445052561951829,-0.02904652697963443,0.015326838779009155,nonrobust,ok,0.5445052561951829,0.26399792357478863,306,158.0,False,False,False
SWI_deep_gm_QSM_f24471,24471.0,24471.0,exploratory_context,exploratory_context,exploratory,exploratory,SWI_deep_gm,QSM,,basket,A,G,genotype_pairwise,AA_vs_GG,AA,GG,30127,0.009096122356806244,0.015040940038348966,0.6047575705783294,0.5453447296601104,-0.02038478508828885,0.03857702980190134,nonrobust,ok,0.5453447296601104,0.26332887963230756,306,159.0,False,False,False
T1_GWC_GWC_grey_white_contrast_in_lateralorbitofrontal__f27000,27000.0,27000.0,exploratory_context,exploratory_context,exploratory,exploratory,T1_GWC,GWC,Grey-white contrast in lateralorbitofrontal (left hemisphere),basket,A,G,genotype_pairwise,AA_vs_AG,AA,AG,29768,-0.0064628020526829285,0.010756979494407895,-0.6008008155117028,0.5479773220749042,-0.02754696801114313,0.014621363905777274,nonrobust,ok,0.5479773220749042,0.26123741432863185,306,160.0,False,False,False
SWI_deep_gm_QSM_f24469,24469.0,24469.0,exploratory_context,exploratory_context,exploratory,exploratory,SWI_deep_gm,QSM,,basket,A,G,genotype_pairwise,AA_vs_AG,AA,AG,30124,0.007983845049471356,0.013337572123724486,0.5985980788264997,0.5494455229850834,-0.01815838608450482,0.034126076183447526,nonrobust,ok,0.5494455229850834,0.2600753610017597,306,161.0,False,False,False
SWI_T2star_T2star_median_t2star_in_accumbens_left,25038.0,25038.0,exploratory_context,exploratory_context,exploratory,exploratory,SWI_T2star,T2star,Median T2star in accumbens (left),basket,A,G,genotype_pairwise,AG_vs_GG,AG,GG,30135,0.008237698487400072,0.013860508279840734,0.5943287447388421,0.5522968021601077,-0.018929510222589027,0.035404907197389174,nonrobust,ok,0.5522968021601077,0.25782747136665396,306,162.0,False,False,False
T1_GWC_GWC_grey_white_contrast_in_parsorbitalis_right_h,27042.0,27042.0,exploratory_context,exploratory_context,exploratory,exploratory,T1_GWC,GWC,Grey-white contrast in parsorbitalis (right hemisphere),basket,A,G,genotype_pairwise,AA_vs_GG,AA,GG,29768,-0.007739459778355306,0.013143583190927963,-0.5888394105267489,0.5559735585058749,-0.033501476841827166,0.018022557285116557,nonrobust,ok,0.5559735585058749,0.2549458624971805,306,163.0,False,False,False
T1_GWC_GWC_grey_white_contrast_in_temporalpole_right_he,27056.0,27056.0,exploratory_context,exploratory_context,exploratory,exploratory,T1_GWC,GWC,Grey-white contrast in temporalpole (right hemisphere),basket,A,G,genotype_pairwise,AG_vs_GG,AG,GG,29766,-0.007574938948991326,0.012986897956318622,-0.5832754653551296,0.5597123791118529,-0.03302984594363091,0.017879968045648263,nonrobust,ok,0.5597123791118529,0.25203508773233413,306,164.0,False,False,False
T1_GWC_GWC_grey_white_contrast_in_parahippocampal_right,27039.0,27039.0,exploratory_context,exploratory_context,exploratory,exploratory,T1_GWC,GWC,Grey-white contrast in parahippocampal (right hemisphere),basket,A,G,genotype_pairwise,AA_vs_AG,AA,AG,29766,-0.007124486676691377,0.012234397332131186,-0.5823324585004562,0.5603472607345431,-0.031104458435331838,0.016855485081949086,nonrobust,ok,0.5603472607345431,0.2515427467799119,306,165.0,False,False,False
SWI_deep_gm_QSM_f24475,24475.0,24475.0,exploratory_context,exploratory_context,exploratory,exploratory,SWI_deep_gm,QSM,,basket,A,G,genotype_pairwise,AA_vs_GG,AA,GG,30130,0.008818051843386516,0.015333273043820672,0.5750925988329805,0.5652330481556207,-0.021235841091879246,0.03887194477865227,nonrobust,ok,0.5652330481556207,0.24777245366702333,306,166.0,False,False,False
SWI_deep_gm_QSM_f24475,24475.0,24475.0,exploratory_context,exploratory_context,exploratory,exploratory,SWI_deep_gm,QSM,,basket,A,G,genotype_pairwise,AG_vs_GG,AG,GG,30130,0.007814311959227832,0.013634127864852817,0.57314351432571,0.566551884039162,-0.018909181318754548,0.03453780523721021,nonrobust,ok,0.566551884039162,0.24676031189042136,306,167.0,False,False,False
T1_GWC_GWC_grey_white_contrast_in_postcentral_left_hemi,27010.0,27010.0,exploratory_context,exploratory_context,exploratory,exploratory,T1_GWC,GWC,Grey-white contrast in postcentral (left hemisphere),basket,A,G,genotype_pairwise,AA_vs_AG,AA,AG,29768,0.0061106266995445534,0.010838068537311778,0.5638114096167364,0.5728868140064329,-0.015132477447734079,0.027353730846823188,nonrobust,ok,0.5728868140064329,0.24193117368361838,306,168.0,False,False,False
T1_GWC_GWC_grey_white_contrast_in_cuneus_left_hemispher,26993.0,26993.0,exploratory_context,exploratory_context,exploratory,exploratory,T1_GWC,GWC,Grey-white contrast in cuneus (left hemisphere),basket,A,G,genotype_pairwise,AA_vs_AG,AA,AG,29768,0.006855217229923472,0.012185819832841243,0.5625569164783155,0.573740953201574,-0.017029540366675703,0.03073997482652265,nonrobust,ok,0.573740953201574,0.24128414939474568,306,169.0,False,False,False
T1_GWC_GWC_grey_white_contrast_in_unknown_left_hemisphe,26989.0,26989.0,exploratory_context,exploratory_context,exploratory,exploratory,T1_GWC,GWC,Grey-white contrast in unknown (left hemisphere),basket,A,G,genotype_pairwise,AG_vs_GG,AG,GG,29725,-0.008171658288576241,0.014557665938738697,-0.5613302519074186,0.5745767343776289,-0.03670534318841351,0.020362026611261026,nonrobust,ok,0.5745767343776289,0.24065196333533148,306,170.0,False,False,False
SWI_deep_gm_QSM_f24471,24471.0,24471.0,exploratory_context,exploratory_context,exploratory,exploratory,SWI_deep_gm,QSM,,basket,A,G,genotype_pairwise,AA_vs_AG,AA,AG,30127,0.00695844655611914,0.01267319489262354,0.5490680617694375,0.582962888117579,-0.017881575723771435,0.031798468836009716,nonrobust,ok,0.582962888117579,0.2343590918940967,306,171.0,False,False,False
SWI_T2star_T2star_median_t2star_in_amygdala_left,25036.0,25036.0,exploratory_context,exploratory_context,exploratory,exploratory,SWI_T2star,T2star,Median T2star in amygdala (left),basket,A,G,genotype_pairwise,AA_vs_GG,AA,GG,30139,-0.008045402307491737,0.014857435797918001,-0.5415067860242179,0.5881623995138712,-0.037166632844976094,0.021075828229992623,nonrobust,ok,0.5881623995138712,0.23050274284424974,306,172.0,False,False,False
T1_GWC_GWC_grey_white_contrast_in_rostralmiddlefrontal__f27015,27015.0,27015.0,exploratory_context,exploratory_context,exploratory,exploratory,T1_GWC,GWC,Grey-white contrast in rostralmiddlefrontal (left hemisphere),basket,A,G,genotype_pairwise,AG_vs_GG,AG,GG,29768,-0.00555385099576749,0.010315921444884026,-0.5383766273755226,0.5903211609110062,-0.025773523244045353,0.014665821252510374,nonrobust,ok,0.5903211609110062,0.22891164858947022,306,173.0,False,False,False
SWI_T2star_T2star_median_t2star_in_amygdala_right,25037.0,25037.0,exploratory_context,exploratory_context,exploratory,exploratory,SWI_T2star,T2star,Median T2star in amygdala (right),basket,A,G,genotype_pairwise,AA_vs_GG,AA,GG,30139,0.007757809152128241,0.014720273787746352,0.5270152759377411,0.5981869321309664,-0.021094577785860092,0.03661019609011657,nonrobust,ok,0.5981869321309664,0.22316307870925067,306,174.0,False,False,False
T1_GWC_GWC_grey_white_contrast_in_parstriangularis_left,27008.0,27008.0,exploratory_context,exploratory_context,exploratory,exploratory,T1_GWC,GWC,Grey-white contrast in parstriangularis (left hemisphere),basket,A,G,genotype_pairwise,AA_vs_GG,AA,GG,29768,-0.0066054965648191894,0.012542033541028551,-0.5266687051354738,0.598427670277829,-0.0311884491281378,0.01797745599849942,nonrobust,ok,0.598427670277829,0.22298833364101217,306,175.0,False,False,False
SWI_deep_gm_QSM_f24482,24482.0,24482.0,exploratory_context,exploratory_context,exploratory,exploratory,SWI_deep_gm,QSM,,basket,A,G,genotype_pairwise,AG_vs_GG,AG,GG,30130,-0.007376286518043505,0.014251153706567299,-0.5175922363846459,0.6047466710531277,-0.03530917771988614,0.020556604683799135,nonrobust,ok,0.6047466710531277,0.21842651361880921,306,176.0,False,False,False
SWI_T2star_T2star_median_t2star_in_hippocampus_right,25035.0,25035.0,exploratory_context,exploratory_context,exploratory,exploratory,SWI_T2star,T2star,Median T2star in hippocampus (right),basket,A,G,genotype_pairwise,AA_vs_GG,AA,GG,30134,-0.007226695793150217,0.014131139661710205,-0.5114021916244804,0.6090732781041214,-0.03492435400884375,0.020470962422543315,nonrobust,ok,0.6090732781041214,0.2153304538994972,306,177.0,False,False,False
T1_GWC_GWC_grey_white_contrast_in_lateraloccipital_righ,27034.0,27034.0,exploratory_context,exploratory_context,exploratory,exploratory,T1_GWC,GWC,Grey-white contrast in lateraloccipital (right hemisphere),basket,A,G,genotype_pairwise,AA_vs_GG,AA,GG,29768,-0.006885551784372204,0.013490415444312625,-0.5104032424201627,0.6097728422523359,-0.03332737573916616,0.019556272170421753,nonrobust,ok,0.6097728422523359,0.2148319219230739,306,178.0,False,False,False
T1_GWC_GWC_grey_white_contrast_in_parsopercularis_right,27041.0,27041.0,exploratory_context,exploratory_context,exploratory,exploratory,T1_GWC,GWC,Grey-white contrast in parsopercularis (right hemisphere),basket,A,G,genotype_pairwise,AA_vs_GG,AA,GG,29768,-0.006023593933721106,0.012057231494778132,-0.4995835019282715,0.6173721395599919,-0.029656312576313293,0.017609124708871077,nonrobust,ok,0.6173721395599919,0.20945297302102375,306,179.0,False,False,False
T1_GWC_GWC_grey_white_contrast_in_isthmuscingulate_righ,27033.0,27033.0,exploratory_context,exploratory_context,exploratory,exploratory,T1_GWC,GWC,Grey-white contrast in isthmuscingulate (right hemisphere),basket,A,G,genotype_pairwise,AA_vs_AG,AA,AG,29766,-0.006152093094031605,0.012358123914723436,-0.4978177218875446,0.6186162712673386,-0.030374574546922647,0.018070388358859435,nonrobust,ok,0.6186162712673386,0.2085786610727627,306,180.0,False,False,False
T1_GWC_GWC_grey_white_contrast_in_supramarginal_left_he,27019.0,27019.0,exploratory_context,exploratory_context,exploratory,exploratory,T1_GWC,GWC,Grey-white contrast in supramarginal (left hemisphere),basket,A,G,genotype_pairwise,AA_vs_AG,AA,AG,29768,-0.005042181722479424,0.010155783560162597,-0.4964837713023,0.6195568701713106,-0.024947976479454213,0.014863613034495366,nonrobust,ok,0.6195568701713106,0.20791882283433197,306,181.0,False,False,False
T1_GWC_GWC_grey_white_contrast_in_parahippocampal_left_,27004.0,27004.0,exploratory_context,exploratory_context,exploratory,exploratory,T1_GWC,GWC,Grey-white contrast in parahippocampal (left hemisphere),basket,A,G,genotype_pairwise,AA_vs_AG,AA,AG,29767,0.006077457257674802,0.01227842092413624,0.494970590699336,0.6206246029732572,-0.017988802696998665,0.03014371721234827,nonrobust,ok,0.6206246029732572,0.2071710119878608,306,182.0,False,False,False
T1_GWC_GWC_grey_white_contrast_in_transversetemporal_ri,27057.0,27057.0,exploratory_context,exploratory_context,exploratory,exploratory,T1_GWC,GWC,Grey-white contrast in transversetemporal (right hemisphere),basket,A,G,genotype_pairwise,AA_vs_GG,AA,GG,29768,-0.007381430926883931,0.015211254009221395,-0.4852611706049446,0.6274947344145482,-0.03719617624023553,0.022433314386467666,nonrobust,ok,0.6274947344145482,0.20238991418843905,306,183.0,False,False,False
T1_GWC_GWC_grey_white_contrast_in_fusiform_right_hemisp,27030.0,27030.0,exploratory_context,exploratory_context,exploratory,exploratory,T1_GWC,GWC,Grey-white contrast in fusiform (right hemisphere),basket,A,G,genotype_pairwise,AA_vs_AG,AA,AG,29767,-0.005277196449881185,0.010887659699119607,-0.48469520500424046,0.6278962025698194,-0.026617501545788076,0.016063108646025705,nonrobust,ok,0.6278962025698194,0.20211214348721554,306,184.0,False,False,False
SWI_T2star_T2star_median_t2star_in_putamen_right,25031.0,25031.0,exploratory_context,exploratory_context,exploratory,exploratory,SWI_T2star,T2star,Median T2star in putamen (right),basket,A,G,genotype_pairwise,AA_vs_AG,AA,AG,30140,0.006441771562607983,0.013344005751438197,0.48274646178968406,0.6292793411939537,-0.01971306918711028,0.032596612312326245,nonrobust,ok,0.6292793411939537,0.20115652560630334,306,185.0,False,False,False
T1_GWC_GWC_grey_white_contrast_in_caudalanteriorcingula_f27026,27026.0,27026.0,exploratory_context,exploratory_context,exploratory,exploratory,T1_GWC,GWC,Grey-white contrast in caudalanteriorcingulate (right hemisphere),basket,A,G,genotype_pairwise,AG_vs_GG,AG,GG,29767,-0.005943724738055253,0.012338027301672404,-0.4817402808996531,0.6299940662957693,-0.030126815886707573,0.018239366410597067,nonrobust,ok,0.6299940662957693,0.2006635410021968,306,186.0,False,False,False
T1_GWC_GWC_grey_white_contrast_in_lingual_right_hemisph,27036.0,27036.0,exploratory_context,exploratory_context,exploratory,exploratory,T1_GWC,GWC,Grey-white contrast in lingual (right hemisphere),basket,A,G,genotype_pairwise,AG_vs_GG,AG,GG,29767,-0.006052847551252354,0.012576072303720933,-0.48129872388388495,0.6303078089921297,-0.030702517662753975,0.01859682256024927,nonrobust,ok,0.6303078089921297,0.20044731229183266,306,187.0,False,False,False
SWI_deep_gm_QSM_f24468,24468.0,24468.0,exploratory_context,exploratory_context,exploratory,exploratory,SWI_deep_gm,QSM,,basket,A,G,genotype_pairwise,AG_vs_GG,AG,GG,30131,0.006474538758544899,0.013557760753237716,0.4775522209298996,0.6329724735138464,-0.020099271568277777,0.03304834908536758,nonrobust,ok,0.6329724735138464,0.19861517601894452,306,188.0,False,False,False
T1_GWC_GWC_grey_white_contrast_in_lateraloccipital_righ,27034.0,27034.0,exploratory_context,exploratory_context,exploratory,exploratory,T1_GWC,GWC,Grey-white contrast in lateraloccipital (right hemisphere),basket,A,G,genotype_pairwise,AG_vs_GG,AG,GG,29768,-0.005665457853485425,0.011991865666739581,-0.47244173766881287,0.6366150480905799,-0.029170056518987998,0.017839140812017144,nonrobust,ok,0.6366150480905799,0.1961230998880258,306,189.0,False,False,False
T1_GWC_GWC_grey_white_contrast_in_inferiortemporal_left,26997.0,26997.0,exploratory_context,exploratory_context,exploratory,exploratory,T1_GWC,GWC,Grey-white contrast in inferiortemporal (left hemisphere),basket,A,G,genotype_pairwise,AA_vs_AG,AA,AG,29768,0.004951581105219266,0.010482535666348531,0.4723648230566041,0.6366699369355912,-0.015594662547068759,0.02549782475750729,nonrobust,ok,0.6366699369355912,0.19608565670319045,306,190.0,False,False,False
SWI_deep_gm_QSM_f24482,24482.0,24482.0,exploratory_context,exploratory_context,exploratory,exploratory,SWI_deep_gm,QSM,,basket,A,G,genotype_pairwise,AA_vs_GG,AA,GG,30130,-0.007566160254504726,0.01602712261426265,-0.47208475511203407,0.6368697766144937,-0.038980029017739386,0.023847708508729935,nonrobust,ok,0.6368697766144937,0.19594936056793588,306,191.0,False,False,False
T1_GWC_GWC_grey_white_contrast_in_entorhinal_right_hemi,27029.0,27029.0,exploratory_context,exploratory_context,exploratory,exploratory,T1_GWC,GWC,Grey-white contrast in entorhinal (right hemisphere),basket,A,G,genotype_pairwise,AA_vs_GG,AA,GG,29767,-0.0069174037360923875,0.014808711217296069,-0.4671172011250443,0.6404195121839418,-0.035943147025977805,0.02210833955379303,nonrobust,ok,0.6404195121839418,0.19353544454673877,306,192.0,False,False,False
T1_GWC_GWC_grey_white_contrast_in_parsorbitalis_left_he,27007.0,27007.0,exploratory_context,exploratory_context,exploratory,exploratory,T1_GWC,GWC,Grey-white contrast in parsorbitalis (left hemisphere),basket,A,G,genotype_pairwise,AA_vs_AG,AA,AG,29768,0.0052090299039097634,0.011227457031182633,0.46395456152202935,0.6426837576388227,-0.016797293289324656,0.027215353097144183,nonrobust,ok,0.6426837576388227,0.19200267575004512,306,193.0,False,False,False
T1_GWC_GWC_grey_white_contrast_in_rostralanteriorcingul_f27049,27049.0,27049.0,exploratory_context,exploratory_context,exploratory,exploratory,T1_GWC,GWC,Grey-white contrast in rostralanteriorcingulate (right hemisphere),basket,A,G,genotype_pairwise,AG_vs_GG,AG,GG,29768,-0.005530246471239739,0.01195919467660973,-0.4624263272556317,0.6437790672089272,-0.02897080851955966,0.017910315577080185,nonrobust,ok,0.6437790672089272,0.19126314871820776,306,194.0,False,False,False
T1_GWC_GWC_grey_white_contrast_in_precentral_left_hemis,27012.0,27012.0,exploratory_context,exploratory_context,exploratory,exploratory,T1_GWC,GWC,Grey-white contrast in precentral (left hemisphere),basket,A,G,genotype_pairwise,AA_vs_AG,AA,AG,29768,0.004812972262470886,0.010449339643155107,0.46060061466407093,0.6450885991191775,-0.01566820568410162,0.025294150209043388,nonrobust,ok,0.6450885991191775,0.1903806334793547,306,195.0,False,False,False
T1_GWC_GWC_grey_white_contrast_in_inferiorparietal_righ,27031.0,27031.0,exploratory_context,exploratory_context,exploratory,exploratory,T1_GWC,GWC,Grey-white contrast in inferiorparietal (right hemisphere),basket,A,G,genotype_pairwise,AG_vs_GG,AG,GG,29768,-0.005268312205246366,0.011530468421805532,-0.4569035716956078,0.6477437539714647,-0.027868551418355907,0.017331927007863176,nonrobust,ok,0.6477437539714647,0.18859676611335363,306,196.0,False,False,False
T1_GWC_GWC_grey_white_contrast_in_unknown_right_hemisph,27024.0,27024.0,exploratory_context,exploratory_context,exploratory,exploratory,T1_GWC,GWC,Grey-white contrast in unknown (right hemisphere),basket,A,G,genotype_pairwise,AA_vs_AG,AA,AG,29711,-0.006337539988521064,0.01389067414616215,-0.45624423421321575,0.6482177583315047,-0.03356389129360846,0.020888811316566336,nonrobust,ok,0.6482177583315047,0.18827907537147764,306,197.0,False,False,False
T1_GWC_GWC_grey_white_contrast_in_pericalcarine_left_he,27009.0,27009.0,exploratory_context,exploratory_context,exploratory,exploratory,T1_GWC,GWC,Grey-white contrast in pericalcarine (left hemisphere),basket,A,G,genotype_pairwise,AA_vs_AG,AA,AG,29767,-0.005419280679338685,0.012405953531723662,-0.43682903256737726,0.6622385709906009,-0.029735510308928816,0.018896948950251447,nonrobust,ok,0.6622385709906009,0.1789855280832739,306,198.0,False,False,False
SWI_T2star_T2star_median_t2star_in_pallidum_right,25033.0,25033.0,exploratory_context,exploratory_context,exploratory,exploratory,SWI_T2star,T2star,Median T2star in pallidum (right),basket,A,G,genotype_pairwise,AA_vs_AG,AA,AG,30136,0.005939730337377053,0.013598827709589579,0.43678252745186946,0.6622722598878543,-0.020714572854652582,0.03259403352940669,nonrobust,ok,0.6622722598878543,0.17896343554640573,306,199.0,False,False,False
T1_GWC_GWC_grey_white_contrast_in_precuneus_right_hemis,27048.0,27048.0,exploratory_context,exploratory_context,exploratory,exploratory,T1_GWC,GWC,Grey-white contrast in precuneus (right hemisphere),basket,A,G,genotype_pairwise,AG_vs_GG,AG,GG,29768,0.004788457035614478,0.01107156731124179,0.4325003769567836,0.6653809708718168,-0.01691231526127778,0.026489229332506734,nonrobust,ok,0.6653809708718168,0.1769296236107764,306,200.0,False,False,False
T1_GWC_GWC_grey_white_contrast_in_medialorbitofrontal_r,27037.0,27037.0,exploratory_context,exploratory_context,exploratory,exploratory,T1_GWC,GWC,Grey-white contrast in medialorbitofrontal (right hemisphere),basket,A,G,genotype_pairwise,AA_vs_GG,AA,GG,29768,-0.005362922532270671,0.012504729825591988,-0.428871523581021,0.6680198870447862,-0.02987275812743474,0.019146913062893397,nonrobust,ok,0.6680198870447862,0.17521060832497698,306,201.0,False,False,False
SWI_deep_gm_QSM_f24479,24479.0,24479.0,exploratory_context,exploratory_context,exploratory,exploratory,SWI_deep_gm,QSM,,basket,A,G,genotype_pairwise,AA_vs_AG,AA,AG,30127,-0.0057633244780155805,0.013594533412695016,-0.4239442651730585,0.6716095445251996,-0.03240921099023306,0.0208825620342019,nonrobust,ok,0.6716095445251996,0.17288314054891987,306,202.0,False,False,False
T1_GWC_GWC_grey_white_contrast_in_rostralanteriorcingul_f27014,27014.0,27014.0,exploratory_context,exploratory_context,exploratory,exploratory,T1_GWC,GWC,Grey-white contrast in rostralanteriorcingulate (left hemisphere),basket,A,G,genotype_pairwise,AG_vs_GG,AG,GG,29767,-0.004960671657684235,0.01176555850273569,-0.42162653447609777,0.6733007377671116,-0.02802169808675456,0.018100354771386086,nonrobust,ok,0.6733007377671116,0.17179090965501617,306,203.0,False,False,False
T1_GWC_GWC_grey_white_contrast_in_paracentral_right_hem,27040.0,27040.0,exploratory_context,exploratory_context,exploratory,exploratory,T1_GWC,GWC,Grey-white contrast in paracentral (right hemisphere),basket,A,G,genotype_pairwise,AG_vs_GG,AG,GG,29768,-0.004693148199230885,0.011194506665739932,-0.4192367148785541,0.6750462247327731,-0.026634887187043425,0.017248590788581653,nonrobust,ok,0.6750462247327731,0.17066648722968875,306,204.0,False,False,False
T1_GWC_GWC_grey_white_contrast_in_bankssts_left_hemisph,26990.0,26990.0,exploratory_context,exploratory_context,exploratory,exploratory,T1_GWC,GWC,Grey-white contrast in bankssts (left hemisphere),basket,A,G,genotype_pairwise,AA_vs_AG,AA,AG,29768,0.004738230883823908,0.011326537875585857,0.4183300259858819,0.6757089144956587,-0.017462295242286603,0.026938757009934415,nonrobust,ok,0.6757089144956587,0.17024035147500222,306,205.0,False,False,False
T1_GWC_GWC_grey_white_contrast_in_middletemporal_left_h,27003.0,27003.0,exploratory_context,exploratory_context,exploratory,exploratory,T1_GWC,GWC,Grey-white contrast in middletemporal (left hemisphere),basket,A,G,genotype_pairwise,AA_vs_AG,AA,AG,29768,0.0044408418414944514,0.01063869065951635,0.41742372098413266,0.6763715749267553,-0.01641147265464933,0.025293156337638234,nonrobust,ok,0.6763715749267553,0.16981465227455542,306,206.0,False,False,False
T1_GWC_GWC_grey_white_contrast_in_superiortemporal_righ,27053.0,27053.0,exploratory_context,exploratory_context,exploratory,exploratory,T1_GWC,GWC,Grey-white contrast in superiortemporal (right hemisphere),basket,A,G,genotype_pairwise,AA_vs_AG,AA,AG,29768,0.004441114851051375,0.010642826956230847,0.4172871427221056,0.6764714582150668,-0.016419306973588035,0.025301536675690784,nonrobust,ok,0.6764714582150668,0.16975052249753886,306,207.0,False,False,False
SWI_T2star_T2star_median_t2star_in_amygdala_right,25037.0,25037.0,exploratory_context,exploratory_context,exploratory,exploratory,SWI_T2star,T2star,Median T2star in amygdala (right),basket,A,G,genotype_pairwise,AA_vs_AG,AA,AG,30139,-0.005129440956764861,0.012403748749888966,-0.41353957260790036,0.6792143330940588,-0.029441336480834187,0.019182454567304465,nonrobust,ok,0.6792143330940588,0.1679931579849831,306,208.0,False,False,False
T1_GWC_GWC_grey_white_contrast_in_parsopercularis_right,27041.0,27041.0,exploratory_context,exploratory_context,exploratory,exploratory,T1_GWC,GWC,Grey-white contrast in parsopercularis (right hemisphere),basket,A,G,genotype_pairwise,AG_vs_GG,AG,GG,29768,-0.0043889402469013475,0.010717883448068136,-0.4094969186936288,0.6821780299711699,-0.025396476187634395,0.0166185956938317,nonrobust,ok,0.6821780299711699,0.1661022714661931,306,209.0,False,False,False
T1_GWC_GWC_grey_white_contrast_in_caudalanteriorcingula_f26991,26991.0,26991.0,exploratory_context,exploratory_context,exploratory,exploratory,T1_GWC,GWC,Grey-white contrast in caudalanteriorcingulate (left hemisphere),basket,A,G,genotype_pairwise,AA_vs_GG,AA,GG,29768,-0.005658045696552551,0.014128284745330039,-0.40047647669493364,0.6888085345089252,-0.033350122309116256,0.022034030916011152,nonrobust,ok,0.6888085345089252,0.1619014805045037,306,210.0,False,False,False
SWI_deep_gm_QSM_f24470,24470.0,24470.0,exploratory_context,exploratory_context,exploratory,exploratory,SWI_deep_gm,QSM,,basket,A,G,genotype_pairwise,AA_vs_AG,AA,AG,30122,0.005301061479093259,0.01330664249147329,0.39837708742006894,0.6903551214828698,-0.020780546280223536,0.03138266923841006,nonrobust,ok,0.6903551214828698,0.1609274489351551,306,211.0,False,False,False
SWI_T2star_T2star_median_t2star_in_accumbens_left,25038.0,25038.0,exploratory_context,exploratory_context,exploratory,exploratory,SWI_T2star,T2star,Median T2star in accumbens (left),basket,A,G,genotype_pairwise,AA_vs_GG,AA,GG,30135,0.006199505131237841,0.01558684141579865,0.39773966808657535,0.6908249639777849,-0.02435139281010155,0.03675040307257724,nonrobust,ok,0.6908249639777849,0.1606319769501126,306,212.0,False,False,False
T1_GWC_GWC_grey_white_contrast_in_lateraloccipital_left,26999.0,26999.0,exploratory_context,exploratory_context,exploratory,exploratory,T1_GWC,GWC,Grey-white contrast in lateraloccipital (left hemisphere),basket,A,G,genotype_pairwise,AA_vs_AG,AA,AG,29768,0.0043621712146230075,0.011042673001732789,0.39502856001789666,0.6928246948070198,-0.01728196692978624,0.026006309359032257,nonrobust,ok,0.6928246948070198,0.15937664087049874,306,213.0,False,False,False
T1_GWC_GWC_grey_white_contrast_in_medialorbitofrontal_r,27037.0,27037.0,exploratory_context,exploratory_context,exploratory,exploratory,T1_GWC,GWC,Grey-white contrast in medialorbitofrontal (right hemisphere),basket,A,G,genotype_pairwise,AG_vs_GG,AG,GG,29768,-0.004279798295898796,0.011115672522197233,-0.3850237839727946,0.700222597378459,-0.026067018799548432,0.01750742220775084,nonrobust,ok,0.700222597378459,0.15476387792058258,306,214.0,False,False,False
T1_GWC_GWC_grey_white_contrast_in_cuneus_right_hemisphe,27028.0,27028.0,exploratory_context,exploratory_context,exploratory,exploratory,T1_GWC,GWC,Grey-white contrast in cuneus (right hemisphere),basket,A,G,genotype_pairwise,AG_vs_GG,AG,GG,29767,0.004950299898055017,0.012886758509752308,0.3841384855864863,0.7008786042649502,-0.020308329219240612,0.030208929015350647,nonrobust,ok,0.7008786042649502,0.154357197530361,306,215.0,False,False,False
SWI_deep_gm_QSM_f24472,24472.0,24472.0,exploratory_context,exploratory_context,exploratory,exploratory,SWI_deep_gm,QSM,,basket,A,G,genotype_pairwise,AA_vs_AG,AA,AG,30128,0.004889378348417847,0.012757846738072969,0.3832447942666203,0.701541022595219,-0.02011656525645556,0.029895321953291254,nonrobust,ok,0.701541022595219,0.15394692853321926,306,216.0,False,False,False
T1_GWC_GWC_grey_white_contrast_in_pericalcarine_right_h,27044.0,27044.0,exploratory_context,exploratory_context,exploratory,exploratory,T1_GWC,GWC,Grey-white contrast in pericalcarine (right hemisphere),basket,A,G,genotype_pairwise,AG_vs_GG,AG,GG,29767,-0.0049808747349565415,0.013017334512795539,-0.38263399700303724,0.7019939430497477,-0.030495438719813465,0.02053368924990038,nonrobust,ok,0.7019939430497477,0.15366663503745961,306,217.0,False,False,False
SWI_deep_gm_QSM_f24470,24470.0,24470.0,exploratory_context,exploratory_context,exploratory,exploratory,SWI_deep_gm,QSM,,basket,A,G,genotype_pairwise,AG_vs_GG,AG,GG,30122,0.005293170873063812,0.01404188632029761,0.37695582718202963,0.7062091376114824,-0.022229547306341454,0.03281588905246908,nonrobust,ok,0.7062091376114824,0.1510666674178227,306,218.0,False,False,False
T1_GWC_GWC_grey_white_contrast_in_rostralmiddlefrontal__f27015,27015.0,27015.0,exploratory_context,exploratory_context,exploratory,exploratory,T1_GWC,GWC,Grey-white contrast in rostralmiddlefrontal (left hemisphere),basket,A,G,genotype_pairwise,AA_vs_AG,AA,AG,29768,-0.003637882440447862,0.009784946129409307,-0.3717835941389564,0.7100566760422629,-0.022816819073571432,0.015541054192675709,nonrobust,ok,0.7100566760422629,0.14870698492874426,306,219.0,False,False,False
T1_GWC_GWC_grey_white_contrast_in_unknown_right_hemisph,27024.0,27024.0,exploratory_context,exploratory_context,exploratory,exploratory,T1_GWC,GWC,Grey-white contrast in unknown (right hemisphere),basket,A,G,genotype_pairwise,AA_vs_GG,AA,GG,29711,-0.006098000458485059,0.016479509525048452,-0.37003531259326905,0.7113588670477072,-0.038398586516683535,0.026202585599713415,nonrobust,ok,0.7113588670477072,0.14791125066368443,306,220.0,False,False,False
T1_GWC_GWC_grey_white_contrast_in_pericalcarine_right_h,27044.0,27044.0,exploratory_context,exploratory_context,exploratory,exploratory,T1_GWC,GWC,Grey-white contrast in pericalcarine (right hemisphere),basket,A,G,genotype_pairwise,AA_vs_GG,AA,GG,29767,-0.005409004905233463,0.014643821449011177,-0.3693711319867743,0.7118537896330467,-0.034111556796817044,0.02329354698635012,nonrobust,ok,0.7118537896330467,0.14760919860500216,306,221.0,False,False,False
SWI_deep_gm_QSM_f24469,24469.0,24469.0,exploratory_context,exploratory_context,exploratory,exploratory,SWI_deep_gm,QSM,,basket,A,G,genotype_pairwise,AG_vs_GG,AG,GG,30124,-0.005064773489215639,0.014073062717625888,-0.359891346385619,0.7189309590073125,-0.03264859870975235,0.02251905173132107,nonrobust,ok,0.7189309590073125,0.14331281415374275,306,222.0,False,False,False
SWI_T2star_T2star_median_t2star_in_thalamus_right,25027.0,25027.0,exploratory_context,exploratory_context,exploratory,exploratory,SWI_T2star,T2star,Median T2star in thalamus (right),basket,A,G,genotype_pairwise,AA_vs_GG,AA,GG,30136,-0.005573341211354594,0.015587310382278306,-0.35755631181188885,0.720677928678724,-0.03612515830545148,0.024978475882742296,nonrobust,ok,0.720677928678724,0.1422587783426917,306,223.0,False,False,False
T1_GWC_GWC_grey_white_contrast_in_isthmuscingulate_righ,27033.0,27033.0,exploratory_context,exploratory_context,exploratory,exploratory,T1_GWC,GWC,Grey-white contrast in isthmuscingulate (right hemisphere),basket,A,G,genotype_pairwise,AA_vs_GG,AA,GG,29766,-0.0051853400014657556,0.014657269725022048,-0.3537725714778682,0.7235118838978285,-0.03391425116259918,0.023543571159667664,nonrobust,ok,0.7235118838978285,0.1405543310703566,306,224.0,False,False,False
SWI_T2star_T2star_median_t2star_in_hippocampus_left,25034.0,25034.0,exploratory_context,exploratory_context,exploratory,exploratory,SWI_T2star,T2star,Median T2star in hippocampus (left),basket,A,G,genotype_pairwise,AA_vs_GG,AA,GG,30133,-0.004962680823703395,0.014340862150337847,-0.34605177650260605,0.7293062650981152,-0.03307140442398654,0.02314604277657975,nonrobust,ok,0.7293062650981152,0.1370900556186101,306,225.0,False,False,False
T1_GWC_GWC_grey_white_contrast_in_frontalpole_left_hemi,27020.0,27020.0,exploratory_context,exploratory_context,exploratory,exploratory,T1_GWC,GWC,Grey-white contrast in frontalpole (left hemisphere),basket,A,G,genotype_pairwise,AA_vs_GG,AA,GG,29768,-0.004432805348821981,0.01330565700953968,-0.33315193271882915,0.7390219904560704,-0.030512494421514207,0.021646883723870247,nonrobust,ok,0.7390219904560704,0.13134263847711758,306,226.0,False,False,False
T1_GWC_GWC_grey_white_contrast_in_temporalpole_right_he,27056.0,27056.0,exploratory_context,exploratory_context,exploratory,exploratory,T1_GWC,GWC,Grey-white contrast in temporalpole (right hemisphere),basket,A,G,genotype_pairwise,AA_vs_GG,AA,GG,29766,-0.004594420354261658,0.014609517102248976,-0.31448132899303,0.7531577409786059,-0.033229734216369,0.024040893507845683,nonrobust,ok,0.7531577409786059,0.12311405585488676,306,227.0,False,False,False
T1_GWC_GWC_grey_white_contrast_in_frontalpole_left_hemi,27020.0,27020.0,exploratory_context,exploratory_context,exploratory,exploratory,T1_GWC,GWC,Grey-white contrast in frontalpole (left hemisphere),basket,A,G,genotype_pairwise,AG_vs_GG,AG,GG,29768,0.0037171120481597356,0.011827630670438686,0.31427359813069544,0.7533154929851535,-0.019465578602179723,0.026899802698499193,nonrobust,ok,0.7533154929851535,0.12302310060303277,306,228.0,False,False,False
T1_GWC_GWC_grey_white_contrast_in_superiortemporal_righ,27053.0,27053.0,exploratory_context,exploratory_context,exploratory,exploratory,T1_GWC,GWC,Grey-white contrast in superiortemporal (right hemisphere),basket,A,G,genotype_pairwise,AA_vs_GG,AA,GG,29768,-0.003925559185704819,0.012622493554053597,-0.3109971234205275,0.7558050274256336,-0.028666217010851047,0.02081509863944141,nonrobust,ok,0.7558050274256336,0.12159022359133934,306,229.0,False,False,False
SWI_T2star_T2star_median_t2star_in_pallidum_right,25033.0,25033.0,exploratory_context,exploratory_context,exploratory,exploratory,SWI_T2star,T2star,Median T2star in pallidum (right),basket,A,G,genotype_pairwise,AG_vs_GG,AG,GG,30136,0.004461400903331862,0.014350604833470478,0.3108859142247693,0.7558895436659032,-0.023666418669718112,0.03258922047638184,nonrobust,ok,0.7558895436659032,0.12154166227806817,306,230.0,False,False,False
T1_GWC_GWC_grey_white_contrast_in_lateralorbitofrontal__f27035,27035.0,27035.0,exploratory_context,exploratory_context,exploratory,exploratory,T1_GWC,GWC,Grey-white contrast in lateralorbitofrontal (right hemisphere),basket,A,G,genotype_pairwise,AA_vs_GG,AA,GG,29768,-0.004157130597110201,0.01341879390692247,-0.3097991239708679,0.7567159275766848,-0.030458573101765744,0.022144311907545344,nonrobust,ok,0.7567159275766848,0.12106712477980223,306,231.0,False,False,False
T1_GWC_GWC_grey_white_contrast_in_transversetemporal_le,27022.0,27022.0,exploratory_context,exploratory_context,exploratory,exploratory,T1_GWC,GWC,Grey-white contrast in transversetemporal (left hemisphere),basket,A,G,genotype_pairwise,AA_vs_GG,AA,GG,29768,-0.004655787022736599,0.015043345527586386,-0.30949146346461615,0.7569499121862799,-0.03414142412365124,0.02482985007817804,nonrobust,ok,0.7569499121862799,0.12093285706636456,306,232.0,False,False,False
T1_GWC_GWC_grey_white_contrast_in_middletemporal_right_,27038.0,27038.0,exploratory_context,exploratory_context,exploratory,exploratory,T1_GWC,GWC,Grey-white contrast in middletemporal (right hemisphere),basket,A,G,genotype_pairwise,AA_vs_GG,AA,GG,29768,-0.0037978218105626793,0.012435195191291624,-0.3054091031254818,0.7600567654965191,-0.028171366379959536,0.020575722758834177,nonrobust,ok,0.7600567654965191,0.11915397084912352,306,233.0,False,False,False
SWI_deep_gm_QSM_f24467,24467.0,24467.0,exploratory_context,exploratory_context,exploratory,exploratory,SWI_deep_gm,QSM,,basket,A,G,genotype_pairwise,AA_vs_GG,AA,GG,30131,0.004626849655654124,0.015217803687037219,0.304041880865854,0.7610981232268131,-0.025200718195001207,0.034454417506309454,nonrobust,ok,0.7610981232268131,0.11855934897339304,306,234.0,False,False,False
SWI_deep_gm_QSM_f24472,24472.0,24472.0,exploratory_context,exploratory_context,exploratory,exploratory,SWI_deep_gm,QSM,,basket,A,G,genotype_pairwise,AA_vs_GG,AA,GG,30128,0.004587518877047022,0.015140787320175783,0.3029907745242512,0.7618990234734152,-0.025089093613665944,0.03426413136775999,nonrobust,ok,0.7618990234734152,0.11810258306221513,306,235.0,False,False,False
SWI_T2star_T2star_median_t2star_in_putamen_right,25031.0,25031.0,exploratory_context,exploratory_context,exploratory,exploratory,SWI_T2star,T2star,Median T2star in putamen (right),basket,A,G,genotype_pairwise,AG_vs_GG,AG,GG,30140,-0.004246691602849672,0.014082148276973355,-0.30156560769877105,0.7629853487290296,-0.03184832431036413,0.02335494110466478,nonrobust,ok,0.7629853487290296,0.11748380153034568,306,236.0,False,False,False
T1_GWC_GWC_grey_white_contrast_in_fusiform_right_hemisp,27030.0,27030.0,exploratory_context,exploratory_context,exploratory,exploratory,T1_GWC,GWC,Grey-white contrast in fusiform (right hemisphere),basket,A,G,genotype_pairwise,AA_vs_GG,AA,GG,29767,-0.003880667035680503,0.01291274527937728,-0.3005299765246859,0.7637750732765545,-0.029190231395955737,0.021428897324594735,nonrobust,ok,0.7637750732765545,0.11703451945719517,306,237.0,False,False,False
T1_GWC_GWC_grey_white_contrast_in_lateralorbitofrontal__f27000,27000.0,27000.0,exploratory_context,exploratory_context,exploratory,exploratory,T1_GWC,GWC,Grey-white contrast in lateralorbitofrontal (left hemisphere),basket,A,G,genotype_pairwise,AG_vs_GG,AG,GG,29768,-0.0033504950727725217,0.011340701724970965,-0.2954398373246255,0.7676600046151782,-0.025578782983796865,0.01887779283825182,nonrobust,ok,0.7676600046151782,0.1148310857151631,306,238.0,False,False,False
T1_GWC_GWC_grey_white_contrast_in_superiorparietal_left,27017.0,27017.0,exploratory_context,exploratory_context,exploratory,exploratory,T1_GWC,GWC,Grey-white contrast in superiorparietal (left hemisphere),basket,A,G,genotype_pairwise,AA_vs_AG,AA,AG,29768,-0.0030680794088049365,0.01039458073332775,-0.29516143916876514,0.7678726550635134,-0.023441927417349337,0.017305768599739466,nonrobust,ok,0.7678726550635134,0.11471079792278759,306,239.0,False,False,False
T1_GWC_GWC_grey_white_contrast_in_cuneus_right_hemisphe,27028.0,27028.0,exploratory_context,exploratory_context,exploratory,exploratory,T1_GWC,GWC,Grey-white contrast in cuneus (right hemisphere),basket,A,G,genotype_pairwise,AA_vs_GG,AA,GG,29767,0.004134367545317003,0.014496930265396661,0.2851891724405615,0.7755012370606401,-0.024280270987394232,0.03254900607802824,nonrobust,ok,0.7755012370606401,0.11041750507386912,306,240.0,False,False,False
SWI_T2star_T2star_median_t2star_in_thalamus_left,25026.0,25026.0,exploratory_context,exploratory_context,exploratory,exploratory,SWI_T2star,T2star,Median T2star in thalamus (left),basket,A,G,genotype_pairwise,AA_vs_AG,AA,AG,30137,-0.003682326967032724,0.013074516984778153,-0.28164152995631336,0.7782203624987575,-0.02930895793565611,0.021944304001590663,nonrobust,ok,0.7782203624987575,0.1088974098659279,306,241.0,False,False,False
T1_GWC_GWC_grey_white_contrast_in_entorhinal_left_hemis,26994.0,26994.0,exploratory_context,exploratory_context,exploratory,exploratory,T1_GWC,GWC,Grey-white contrast in entorhinal (left hemisphere),basket,A,G,genotype_pairwise,AA_vs_GG,AA,GG,29768,0.004138637850400894,0.014833772605061428,0.27900103099792367,0.7802460085148999,-0.024936226850955596,0.03321350255175739,nonrobust,ok,0.7802460085148999,0.1077684443664266,306,242.0,False,False,False
T1_GWC_GWC_grey_white_contrast_in_caudalanteriorcingula_f26991,26991.0,26991.0,exploratory_context,exploratory_context,exploratory,exploratory,T1_GWC,GWC,Grey-white contrast in caudalanteriorcingulate (left hemisphere),basket,A,G,genotype_pairwise,AA_vs_AG,AA,AG,29768,0.003308124100979418,0.011912455260047672,0.2777029612085342,0.781242352431549,-0.02004082657854424,0.026657074780503078,nonrobust,ok,0.781242352431549,0.10721422092855218,306,243.0,False,False,False
T1_GWC_GWC_grey_white_contrast_in_fusiform_left_hemisph,26995.0,26995.0,exploratory_context,exploratory_context,exploratory,exploratory,T1_GWC,GWC,Grey-white contrast in fusiform (left hemisphere),basket,A,G,genotype_pairwise,AA_vs_AG,AA,AG,29768,0.0029256699323661323,0.010536430528006816,0.2776718286700062,0.7812662528795383,-0.017726210084488943,0.023577549949221205,nonrobust,ok,0.7812662528795383,0.10720093481589682,306,244.0,False,False,False
T1_GWC_GWC_grey_white_contrast_in_paracentral_right_hem,27040.0,27040.0,exploratory_context,exploratory_context,exploratory,exploratory,T1_GWC,GWC,Grey-white contrast in paracentral (right hemisphere),basket,A,G,genotype_pairwise,AA_vs_AG,AA,AG,29768,0.0028669439462673486,0.010618309305166497,0.2700000408607794,0.7871621293632236,-0.017945422174238654,0.023679310066773353,nonrobust,ok,0.7871621293632236,0.10393580812880761,306,245.0,False,False,False
T1_GWC_GWC_grey_white_contrast_in_lateralorbitofrontal__f27035,27035.0,27035.0,exploratory_context,exploratory_context,exploratory,exploratory,T1_GWC,GWC,Grey-white contrast in lateralorbitofrontal (right hemisphere),basket,A,G,genotype_pairwise,AG_vs_GG,AG,GG,29768,0.003058776244891247,0.011928200032514047,0.2564323398797467,0.797618824589382,-0.02032103490023355,0.02643858739001604,nonrobust,ok,0.797618824589382,0.0982046047981835,306,246.0,False,False,False
T1_GWC_GWC_grey_white_contrast_in_middletemporal_right_,27038.0,27038.0,exploratory_context,exploratory_context,exploratory,exploratory,T1_GWC,GWC,Grey-white contrast in middletemporal (right hemisphere),basket,A,G,genotype_pairwise,AA_vs_AG,AA,AG,29768,-0.0026144066293652,0.010484903796632887,-0.2493496058785764,0.8030921159282518,-0.023165291924035505,0.01793647866530511,nonrobust,ok,0.8030921159282518,0.09523463760437754,306,247.0,False,False,False
T1_GWC_GWC_grey_white_contrast_in_inferiortemporal_righ,27032.0,27032.0,exploratory_context,exploratory_context,exploratory,exploratory,T1_GWC,GWC,Grey-white contrast in inferiortemporal (right hemisphere),basket,A,G,genotype_pairwise,AG_vs_GG,AG,GG,29768,-0.0027683190094292265,0.011213520971456715,-0.24687330736490368,0.8050080094245471,-0.024747326895776522,0.01921068887691807,nonrobust,ok,0.8050080094245471,0.0941997985991134,306,248.0,False,False,False
SWI_deep_gm_QSM_f24480,24480.0,24480.0,exploratory_context,exploratory_context,exploratory,exploratory,SWI_deep_gm,QSM,,basket,A,G,genotype_pairwise,AA_vs_GG,AA,GG,30130,-0.003930585531214948,0.016063061217370066,-0.24469716438386863,0.8066926214616512,-0.035414895545117134,0.02755372448268724,nonrobust,ok,0.8066926214616512,0.09329191538025944,306,249.0,False,False,False
T1_GWC_GWC_grey_white_contrast_in_temporalpole_right_he,27056.0,27056.0,exploratory_context,exploratory_context,exploratory,exploratory,T1_GWC,GWC,Grey-white contrast in temporalpole (right hemisphere),basket,A,G,genotype_pairwise,AA_vs_AG,AA,AG,29766,0.0029805185947296676,0.012318503993080881,0.2419545909473894,0.8088170475497951,-0.02116430602094449,0.027125343210403823,nonrobust,ok,0.8088170475497951,0.09214970363517913,306,250.0,False,False,False
SWI_T2star_T2star_median_t2star_in_pallidum_left,25032.0,25032.0,exploratory_context,exploratory_context,exploratory,exploratory,SWI_T2star,T2star,Median T2star in pallidum (left),basket,A,G,genotype_pairwise,AG_vs_GG,AG,GG,30135,-0.003433359795831911,0.014349640983580042,-0.23926450841248395,0.8109021421463404,-0.03155929021941749,0.024692570627753662,nonrobust,ok,0.8109021421463404,0.0910315523117808,306,251.0,False,False,False
SWI_T2star_T2star_median_t2star_in_putamen_left,25030.0,25030.0,exploratory_context,exploratory_context,exploratory,exploratory,SWI_T2star,T2star,Median T2star in putamen (left),basket,A,G,genotype_pairwise,AG_vs_GG,AG,GG,30140,-0.003284878831943434,0.01391618321980165,-0.23604739748390968,0.8133975253441862,-0.03056121269582722,0.023991455031940348,nonrobust,ok,0.8133975253441862,0.08969715321370246,306,252.0,False,False,False
T1_GWC_GWC_grey_white_contrast_in_lingual_right_hemisph,27036.0,27036.0,exploratory_context,exploratory_context,exploratory,exploratory,T1_GWC,GWC,Grey-white contrast in lingual (right hemisphere),basket,A,G,genotype_pairwise,AA_vs_AG,AA,AG,29767,-0.002803595987642917,0.011928129741969933,-0.23504070196170607,0.8141787898336308,-0.02618326939328608,0.020576077418000244,nonrobust,ok,0.8141787898336308,0.08928021561198306,306,253.0,False,False,False
T1_GWC_GWC_grey_white_contrast_in_posteriorcingulate_le,27011.0,27011.0,exploratory_context,exploratory_context,exploratory,exploratory,T1_GWC,GWC,Grey-white contrast in posteriorcingulate (left hemisphere),basket,A,G,genotype_pairwise,AA_vs_AG,AA,AG,29767,-0.002437252065462837,0.01052646917101963,-0.23153557245698522,0.816900374993373,-0.023069607401695617,0.018195103270769942,nonrobust,ok,0.816900374993373,0.08783090457996749,306,254.0,False,False,False
SWI_T2star_T2star_median_t2star_in_amygdala_left,25036.0,25036.0,exploratory_context,exploratory_context,exploratory,exploratory,SWI_T2star,T2star,Median T2star in amygdala (left),basket,A,G,genotype_pairwise,AG_vs_GG,AG,GG,30139,0.002979246077412588,0.013211269700563043,0.22550792958875235,0.8215857150613479,-0.02291542618473449,0.028873918339559667,nonrobust,ok,0.8215857150613479,0.08534712043799834,306,255.0,False,False,False
T1_GWC_GWC_grey_white_contrast_in_posteriorcingulate_ri,27046.0,27046.0,exploratory_context,exploratory_context,exploratory,exploratory,T1_GWC,GWC,Grey-white contrast in posteriorcingulate (right hemisphere),basket,A,G,genotype_pairwise,AA_vs_AG,AA,AG,29768,-0.002360529210800291,0.010490187717901887,-0.2250225900888277,0.8219632744654892,-0.022921771229958636,0.018200712808358055,nonrobust,ok,0.8219632744654892,0.08514758641773061,306,256.0,False,False,False
SWI_T2star_T2star_median_t2star_in_caudate_left,25028.0,25028.0,exploratory_context,exploratory_context,exploratory,exploratory,SWI_T2star,T2star,Median T2star in caudate (left),basket,A,G,genotype_pairwise,AA_vs_GG,AA,GG,30134,0.003480904404510921,0.01570981002205614,0.2215752068054182,0.8246461144760521,-0.02731101748154928,0.03427282629057112,nonrobust,ok,0.8246461144760521,0.08373238296843506,306,257.0,False,False,False
SWI_T2star_T2star_median_t2star_in_caudate_left,25028.0,25028.0,exploratory_context,exploratory_context,exploratory,exploratory,SWI_T2star,T2star,Median T2star in caudate (left),basket,A,G,genotype_pairwise,AA_vs_AG,AA,AG,30134,0.002910352693324376,0.013236504158643097,0.21987321262797252,0.8259714163959528,-0.023033780400915582,0.028854485787564332,nonrobust,ok,0.8259714163959528,0.08303498163397936,306,258.0,False,False,False
T1_GWC_GWC_grey_white_contrast_in_superiorparietal_righ,27052.0,27052.0,exploratory_context,exploratory_context,exploratory,exploratory,T1_GWC,GWC,Grey-white contrast in superiorparietal (right hemisphere),basket,A,G,genotype_pairwise,AG_vs_GG,AG,GG,29768,0.002514131825326343,0.011450842709053985,0.2195586725978222,0.8262164144986583,-0.019930037392196884,0.024958301042849573,nonrobust,ok,0.8262164144986583,0.08290618111521021,306,259.0,False,False,False
T1_GWC_GWC_grey_white_contrast_in_parsopercularis_left_,27006.0,27006.0,exploratory_context,exploratory_context,exploratory,exploratory,T1_GWC,GWC,Grey-white contrast in parsopercularis (left hemisphere),basket,A,G,genotype_pairwise,AA_vs_GG,AA,GG,29768,-0.0026579106291381776,0.01221226402645845,-0.21764274203208248,0.8277089994009477,-0.026594500040342254,0.021278678782065897,nonrobust,ok,0.8277089994009477,0.08212232283797145,306,260.0,False,False,False
SWI_deep_gm_QSM_f24474,24474.0,24474.0,exploratory_context,exploratory_context,exploratory,exploratory,SWI_deep_gm,QSM,,basket,A,G,genotype_pairwise,AA_vs_AG,AA,AG,30122,0.002894510825104546,0.013464494453639292,0.2149735985313726,0.8297893853622983,-0.023496493760939225,0.02928551541114832,nonrobust,ok,0.8297893853622983,0.08103212495181059,306,261.0,False,False,False
T1_GWC_GWC_grey_white_contrast_in_superiorfrontal_right,27051.0,27051.0,exploratory_context,exploratory_context,exploratory,exploratory,T1_GWC,GWC,Grey-white contrast in superiorfrontal (right hemisphere),basket,A,G,genotype_pairwise,AG_vs_GG,AG,GG,29768,-0.0020915098574302493,0.00982822797504208,-0.21280640444457072,0.8314794530088456,-0.02135528086406771,0.01717226114920721,nonrobust,ok,0.8314794530088456,0.08014847832074866,306,262.0,False,False,False
T1_GWC_GWC_grey_white_contrast_in_parsorbitalis_right_h,27042.0,27042.0,exploratory_context,exploratory_context,exploratory,exploratory,T1_GWC,GWC,Grey-white contrast in parsorbitalis (right hemisphere),basket,A,G,genotype_pairwise,AA_vs_AG,AA,AG,29768,0.0023535870656606187,0.011082190764197145,0.21237561378786873,0.831815490963645,-0.019368007679138974,0.024075181810460214,nonrobust,ok,0.831815490963645,0.07997299599634926,306,263.0,False,False,False
SWI_deep_gm_QSM_f24479,24479.0,24479.0,exploratory_context,exploratory_context,exploratory,exploratory,SWI_deep_gm,QSM,,basket,A,G,genotype_pairwise,AA_vs_GG,AA,GG,30127,0.0032726451980208036,0.01613495695427503,0.20282949668196676,0.8392696975515461,-0.028352583769502556,0.034897874165544164,nonrobust,ok,0.8392696975515461,0.07609845712486411,306,264.0,False,False,False
T1_GWC_GWC_grey_white_contrast_in_postcentral_right_hem,27045.0,27045.0,exploratory_context,exploratory_context,exploratory,exploratory,T1_GWC,GWC,Grey-white contrast in postcentral (right hemisphere),basket,A,G,genotype_pairwise,AG_vs_GG,AG,GG,29768,0.0022533765725652657,0.01143710123916601,0.19702340002453114,0.8438105967670273,-0.020163858742947467,0.024670611888078002,nonrobust,ok,0.8438105967670273,0.0737550249501693,306,265.0,False,False,False
SWI_T2star_T2star_median_t2star_in_putamen_left,25030.0,25030.0,exploratory_context,exploratory_context,exploratory,exploratory,SWI_T2star,T2star,Median T2star in putamen (left),basket,A,G,genotype_pairwise,AA_vs_AG,AA,AG,30140,0.0025736688091393045,0.013186740067688916,0.19517096689010274,0.8452604473378728,-0.023272924253154612,0.028420261871433223,nonrobust,ok,0.8452604473378728,0.07300945269097331,306,266.0,False,False,False
T1_GWC_GWC_grey_white_contrast_in_caudalmiddlefrontal_l,26992.0,26992.0,exploratory_context,exploratory_context,exploratory,exploratory,T1_GWC,GWC,Grey-white contrast in caudalmiddlefrontal (left hemisphere),basket,A,G,genotype_pairwise,AA_vs_GG,AA,GG,29768,-0.002272273218389997,0.012045135566913558,-0.18864654579991944,0.8503711598789117,-0.02588128329570595,0.02133673685892596,nonrobust,ok,0.8503711598789117,0.07039147722163239,306,267.0,False,False,False
SWI_deep_gm_QSM_f24469,24469.0,24469.0,exploratory_context,exploratory_context,exploratory,exploratory,SWI_deep_gm,QSM,,basket,A,G,genotype_pairwise,AA_vs_GG,AA,GG,30124,0.0029190715602557165,0.01582785516766832,0.18442622385239704,0.8536803637827537,-0.028104224457186067,0.0339423675776975,nonrobust,ok,0.8536803637827537,0.0687047080346621,306,268.0,False,False,False
T1_GWC_GWC_grey_white_contrast_in_insula_right_hemisphe,27058.0,27058.0,exploratory_context,exploratory_context,exploratory,exploratory,T1_GWC,GWC,Grey-white contrast in insula (right hemisphere),basket,A,G,genotype_pairwise,AG_vs_GG,AG,GG,29768,0.0022633116672122026,0.012301094150735024,0.18399271150013624,0.8540204497505516,-0.02184738880215012,0.026374012136574525,nonrobust,ok,0.8540204497505516,0.06853172988770634,306,269.0,False,False,False
T1_GWC_GWC_grey_white_contrast_in_postcentral_right_hem,27045.0,27045.0,exploratory_context,exploratory_context,exploratory,exploratory,T1_GWC,GWC,Grey-white contrast in postcentral (right hemisphere),basket,A,G,genotype_pairwise,AA_vs_GG,AA,GG,29768,0.0023333040975616415,0.012866325514548712,0.18134968642937233,0.856094366532114,-0.022885275389862396,0.027551883584985677,nonrobust,ok,0.856094366532114,0.06747836078390068,306,270.0,False,False,False
T1_GWC_GWC_grey_white_contrast_in_supramarginal_right_h,27054.0,27054.0,exploratory_context,exploratory_context,exploratory,exploratory,T1_GWC,GWC,Grey-white contrast in supramarginal (right hemisphere),basket,A,G,genotype_pairwise,AG_vs_GG,AG,GG,29767,-0.0018788027684789174,0.01079757306783844,-0.1740023203987481,0.86186484436967,-0.023042533995461707,0.01928492845850387,nonrobust,ok,0.86186484436967,0.06456083388131978,306,271.0,False,False,False
T1_GWC_GWC_grey_white_contrast_in_parsopercularis_right,27041.0,27041.0,exploratory_context,exploratory_context,exploratory,exploratory,T1_GWC,GWC,Grey-white contrast in parsopercularis (right hemisphere),basket,A,G,genotype_pairwise,AA_vs_AG,AA,AG,29768,-0.0016346536868197584,0.010166218570096277,-0.16079269548935912,0.8722577903662643,-0.021560901534862932,0.018291594161223418,nonrobust,ok,0.8722577903662643,0.05935514306303079,306,272.0,False,False,False
SWI_deep_gm_QSM_f24471,24471.0,24471.0,exploratory_context,exploratory_context,exploratory,exploratory,SWI_deep_gm,QSM,,basket,A,G,genotype_pairwise,AG_vs_GG,AG,GG,30127,0.0021376758006871038,0.013374814364419094,0.15982844639503518,0.8730173067720934,-0.024077551662984774,0.028352903264358978,nonrobust,ok,0.8730173067720934,0.058977146716975536,306,273.0,False,False,False
T1_GWC_GWC_grey_white_contrast_in_caudalmiddlefrontal_r,27027.0,27027.0,exploratory_context,exploratory_context,exploratory,exploratory,T1_GWC,GWC,Grey-white contrast in caudalmiddlefrontal (right hemisphere),basket,A,G,genotype_pairwise,AA_vs_AG,AA,AG,29768,-0.0016005315949557705,0.01017805070567651,-0.15725325420742117,0.8750463463263976,-0.02154997096347608,0.018348907773564536,nonrobust,ok,0.8750463463263976,0.05796894421109386,306,274.0,False,False,False
SWI_T2star_T2star_median_t2star_in_accumbens_left,25038.0,25038.0,exploratory_context,exploratory_context,exploratory,exploratory,SWI_T2star,T2star,Median T2star in accumbens (left),basket,A,G,genotype_pairwise,AA_vs_AG,AA,AG,30135,-0.002038193356162231,0.01313336522321753,-0.155192010693425,0.8766710054618823,-0.027780169543471508,0.023703782831147043,nonrobust,ok,0.8766710054618823,0.057163356826683276,306,275.0,False,False,False
T1_GWC_GWC_grey_white_contrast_in_isthmuscingulate_left,26998.0,26998.0,exploratory_context,exploratory_context,exploratory,exploratory,T1_GWC,GWC,Grey-white contrast in isthmuscingulate (left hemisphere),basket,A,G,genotype_pairwise,AA_vs_GG,AA,GG,29766,-0.0021331152802902807,0.014233504199326069,-0.14986578501106423,0.8808715410768473,-0.030031426857103607,0.025765196296523043,nonrobust,ok,0.8808715410768473,0.05508742083787143,306,276.0,False,False,False
T1_GWC_GWC_grey_white_contrast_in_paracentral_right_hem,27040.0,27040.0,exploratory_context,exploratory_context,exploratory,exploratory,T1_GWC,GWC,Grey-white contrast in paracentral (right hemisphere),basket,A,G,genotype_pairwise,AA_vs_GG,AA,GG,29768,-0.0018262042529635359,0.012593415387717431,-0.1450126273722904,0.8847019023878191,-0.026509867557936315,0.02285745905200924,nonrobust,ok,0.8847019023878191,0.0532030388575731,306,277.0,False,False,False
SWI_T2star_T2star_median_t2star_in_putamen_right,25031.0,25031.0,exploratory_context,exploratory_context,exploratory,exploratory,SWI_T2star,T2star,Median T2star in putamen (right),basket,A,G,genotype_pairwise,AA_vs_GG,AA,GG,30140,0.0021950799597583114,0.01583635242064276,0.1386101989557276,0.8897591269433163,-0.02884487036203207,0.03323503028154869,nonrobust,ok,0.8897591269433163,0.05072754840892789,306,278.0,False,False,False
SWI_T2star_T2star_median_t2star_in_caudate_right,25029.0,25029.0,exploratory_context,exploratory_context,exploratory,exploratory,SWI_T2star,T2star,Median T2star in caudate (right),basket,A,G,genotype_pairwise,AA_vs_AG,AA,AG,30138,0.001773409692571371,0.013281731616802458,0.13352247611507714,0.8937810982738688,-0.024259371038279874,0.027806190423422618,nonrobust,ok,0.8937810982738688,0.048768834059367334,306,279.0,False,False,False
T1_GWC_GWC_grey_white_contrast_in_parstriangularis_righ,27043.0,27043.0,exploratory_context,exploratory_context,exploratory,exploratory,T1_GWC,GWC,Grey-white contrast in parstriangularis (right hemisphere),basket,A,G,genotype_pairwise,AA_vs_AG,AA,AG,29768,-0.0013680828536665737,0.01039759488386343,-0.13157685685463405,0.8953198980049172,-0.021747838733482003,0.019011673026148854,nonrobust,ok,0.8953198980049172,0.04802176343771774,306,280.0,False,False,False
T1_GWC_GWC_grey_white_contrast_in_fusiform_right_hemisp,27030.0,27030.0,exploratory_context,exploratory_context,exploratory,exploratory,T1_GWC,GWC,Grey-white contrast in fusiform (right hemisphere),basket,A,G,genotype_pairwise,AG_vs_GG,AG,GG,29767,0.001396529414200682,0.011477966802639265,0.12167045246023551,0.9031608517561431,-0.0211008042845022,0.023893863112903563,nonrobust,ok,0.9031608517561431,0.044234895523697276,306,281.0,False,False,False
T1_GWC_GWC_grey_white_contrast_in_lateraloccipital_righ,27034.0,27034.0,exploratory_context,exploratory_context,exploratory,exploratory,T1_GWC,GWC,Grey-white contrast in lateraloccipital (right hemisphere),basket,A,G,genotype_pairwise,AA_vs_AG,AA,AG,29768,-0.001220093930886778,0.011374627091441467,-0.1072645213841608,0.9145798665405458,-0.023514877093411553,0.021074689231637994,nonrobust,ok,0.9145798665405458,0.038778363360524905,306,282.0,False,False,False
T1_GWC_GWC_grey_white_contrast_in_middletemporal_right_,27038.0,27038.0,exploratory_context,exploratory_context,exploratory,exploratory,T1_GWC,GWC,Grey-white contrast in middletemporal (right hemisphere),basket,A,G,genotype_pairwise,AG_vs_GG,AG,GG,29768,-0.0011834151811974795,0.011053861972540114,-0.10705897939899257,0.9147429249362402,-0.022849484214061862,0.0204826538516669,nonrobust,ok,0.9147429249362402,0.038700940871726784,306,283.0,False,False,False
T1_GWC_GWC_grey_white_contrast_in_paracentral_left_hemi,27005.0,27005.0,exploratory_context,exploratory_context,exploratory,exploratory,T1_GWC,GWC,Grey-white contrast in paracentral (left hemisphere),basket,A,G,genotype_pairwise,AA_vs_AG,AA,AG,29768,0.00110730242410411,0.010647147401239098,0.10399991494202887,0.9171701300063528,-0.019761587668009055,0.021976192516217276,nonrobust,ok,0.9171701300063528,0.03755009762357764,306,284.0,False,False,False
T1_GWC_GWC_grey_white_contrast_in_medialorbitofrontal_r,27037.0,27037.0,exploratory_context,exploratory_context,exploratory,exploratory,T1_GWC,GWC,Grey-white contrast in medialorbitofrontal (right hemisphere),basket,A,G,genotype_pairwise,AA_vs_AG,AA,AG,29768,-0.0010831242363718752,0.01054353286838915,-0.10272877695665171,0.9181789388758447,-0.021748925161358495,0.019582676688614745,nonrobust,ok,0.9181789388758447,0.03707267327213923,306,285.0,False,False,False
T1_GWC_GWC_grey_white_contrast_in_precentral_right_hemi,27047.0,27047.0,exploratory_context,exploratory_context,exploratory,exploratory,T1_GWC,GWC,Grey-white contrast in precentral (right hemisphere),basket,A,G,genotype_pairwise,AA_vs_GG,AA,GG,29768,0.0011398045371446095,0.012275067372018672,0.09285525713226006,0.9260191884905146,-0.022919882269683084,0.0251994913439723,nonrobust,ok,0.9260191884905146,0.033380013999269605,306,286.0,False,False,False
SWI_deep_gm_QSM_f24484,24484.0,24484.0,exploratory_context,exploratory_context,exploratory,exploratory,SWI_deep_gm,QSM,,basket,A,G,genotype_pairwise,AA_vs_AG,AA,AG,30128,-0.0011684162470012999,0.013578763272827166,-0.08604732430525905,0.9314293798942939,-0.027783392551030035,0.025446560057027435,nonrobust,ok,0.9314293798942939,0.030850067321547096,306,287.0,False,False,False
T1_GWC_GWC_grey_white_contrast_in_superiorfrontal_left_,27016.0,27016.0,exploratory_context,exploratory_context,exploratory,exploratory,T1_GWC,GWC,Grey-white contrast in superiorfrontal (left hemisphere),basket,A,G,genotype_pairwise,AA_vs_AG,AA,AG,29768,-0.0007955535937389803,0.009420491478816463,-0.08444926631778336,0.9326998169673292,-0.019260142640588274,0.017669035453110316,nonrobust,ok,0.9326998169673292,0.030258108462927612,306,288.0,False,False,False
T1_GWC_GWC_grey_white_contrast_in_parstriangularis_righ,27043.0,27043.0,exploratory_context,exploratory_context,exploratory,exploratory,T1_GWC,GWC,Grey-white contrast in parstriangularis (right hemisphere),basket,A,G,genotype_pairwise,AG_vs_GG,AG,GG,29768,0.000889092759471119,0.010961815284325764,0.08110816834711926,0.9353564853216028,-0.020596560604548033,0.02237474612349027,nonrobust,ok,0.9353564853216028,0.029022838216582268,306,289.0,False,False,False
SWI_deep_gm_QSM_f24475,24475.0,24475.0,exploratory_context,exploratory_context,exploratory,exploratory,SWI_deep_gm,QSM,,basket,A,G,genotype_pairwise,AA_vs_AG,AA,AG,30130,0.0010037398841586836,0.012919788115964337,0.07769011961724143,0.9380750793316428,-0.024319615910382026,0.026327095678699394,nonrobust,ok,0.9380750793316428,0.027762401242937794,306,290.0,False,False,False
T1_GWC_GWC_grey_white_contrast_in_isthmuscingulate_righ,27033.0,27033.0,exploratory_context,exploratory_context,exploratory,exploratory,T1_GWC,GWC,Grey-white contrast in isthmuscingulate (right hemisphere),basket,A,G,genotype_pairwise,AG_vs_GG,AG,GG,29766,0.0009667530925658498,0.013029360803773727,0.07419804448778843,0.9408533098944205,-0.02457138300238182,0.026504889187513522,nonrobust,ok,0.9408533098944205,0.026478082916480992,306,291.0,False,False,False
T1_GWC_GWC_grey_white_contrast_in_cuneus_right_hemisphe,27028.0,27028.0,exploratory_context,exploratory_context,exploratory,exploratory,T1_GWC,GWC,Grey-white contrast in cuneus (right hemisphere),basket,A,G,genotype_pairwise,AA_vs_AG,AA,AG,29767,-0.0008159323527380137,0.012222808818638898,-0.06675489773625322,0.9467772865037517,-0.0247731900671564,0.02314132536168037,nonrobust,ok,0.9467772865037517,0.023752169484409093,306,292.0,False,False,False
SWI_deep_gm_QSM_f24483,24483.0,24483.0,exploratory_context,exploratory_context,exploratory,exploratory,SWI_deep_gm,QSM,,basket,A,G,genotype_pairwise,AA_vs_GG,AA,GG,30128,0.0008167124771288666,0.016203815811481493,0.050402478442773395,0.9598020017948432,-0.03094348285085366,0.032576907805111396,nonrobust,ok,0.9598020017948432,0.01781834862369773,306,293.0,False,False,False
SWI_T2star_T2star_median_t2star_in_putamen_left,25030.0,25030.0,exploratory_context,exploratory_context,exploratory,exploratory,SWI_T2star,T2star,Median T2star in putamen (left),basket,A,G,genotype_pairwise,AA_vs_GG,AA,GG,30140,-0.0007112100228041296,0.01564971320316052,-0.04544556271232485,0.9637524714210288,-0.03138533923346572,0.02996291918785746,nonrobust,ok,0.9637524714210288,0.016034495246419478,306,294.0,False,False,False
SWI_T2star_T2star_median_t2star_in_caudate_left,25028.0,25028.0,exploratory_context,exploratory_context,exploratory,exploratory,SWI_T2star,T2star,Median T2star in caudate (left),basket,A,G,genotype_pairwise,AG_vs_GG,AG,GG,30134,0.0005705517111865449,0.013970193201102116,0.04084064572145886,0.9674232114285188,-0.026811644329221337,0.02795274775159443,nonrobust,ok,0.9674232114285188,0.014383496775566702,306,295.0,False,False,False
T1_GWC_GWC_grey_white_contrast_in_parstriangularis_righ,27043.0,27043.0,exploratory_context,exploratory_context,exploratory,exploratory,T1_GWC,GWC,Grey-white contrast in parstriangularis (right hemisphere),basket,A,G,genotype_pairwise,AA_vs_GG,AA,GG,29768,-0.0004789900941954547,0.012331645993961238,-0.038842348736739155,0.9690163463054249,-0.024649573557036873,0.02369159336864596,nonrobust,ok,0.9690163463054249,0.01366889678786433,306,296.0,False,False,False
T1_GWC_GWC_grey_white_contrast_in_pericalcarine_right_h,27044.0,27044.0,exploratory_context,exploratory_context,exploratory,exploratory,T1_GWC,GWC,Grey-white contrast in pericalcarine (right hemisphere),basket,A,G,genotype_pairwise,AA_vs_AG,AA,AG,29767,-0.0004281301702769218,0.01234665730391094,-0.034675796026290194,0.9723384982118182,-0.024628136513363874,0.023771876172810028,nonrobust,ok,0.9723384982118182,0.01218251870152772,306,297.0,False,False,False
SWI_deep_gm_QSM_f24477,24477.0,24477.0,exploratory_context,exploratory_context,exploratory,exploratory,SWI_deep_gm,QSM,,basket,A,G,genotype_pairwise,AA_vs_AG,AA,AG,30130,-0.0004135604051125566,0.013276288238665473,-0.031150303283421894,0.9751498830983052,-0.026435672198352897,0.025608551388127787,nonrobust,ok,0.9751498830983052,0.01092862696838142,306,298.0,False,False,False
SWI_deep_gm_QSM_f24481,24481.0,24481.0,exploratory_context,exploratory_context,exploratory,exploratory,SWI_deep_gm,QSM,,basket,A,G,genotype_pairwise,AG_vs_GG,AG,GG,30130,-0.0003419883844051515,0.01426529817244582,-0.023973448032493294,0.9808739497613175,-0.028302603364590794,0.02761862659578049,nonrobust,ok,0.9808739497613175,0.008386799389068833,306,299.0,False,False,False
SWI_deep_gm_QSM_f24472,24472.0,24472.0,exploratory_context,exploratory_context,exploratory,exploratory,SWI_deep_gm,QSM,,basket,A,G,genotype_pairwise,AG_vs_GG,AG,GG,30128,-0.000301859471370825,0.013462667941122015,-0.022421965147694733,0.9821115103806373,-0.026689283792920848,0.026085564850179196,nonrobust,ok,0.9821115103806373,0.007839198981309897,306,300.0,False,False,False
T1_GWC_GWC_grey_white_contrast_in_rostralmiddlefrontal__f27050,27050.0,27050.0,exploratory_context,exploratory_context,exploratory,exploratory,T1_GWC,GWC,Grey-white contrast in rostralmiddlefrontal (right hemisphere),basket,A,G,genotype_pairwise,AG_vs_GG,AG,GG,29768,0.0001906770533536429,0.010191244088734914,0.018709889753735897,0.9850726665300296,-0.01978462194222104,0.020165976048928322,nonrobust,ok,0.9850726665300296,0.006531731422208421,306,301.0,False,False,False
T1_GWC_GWC_grey_white_contrast_in_unknown_right_hemisph,27024.0,27024.0,exploratory_context,exploratory_context,exploratory,exploratory,T1_GWC,GWC,Grey-white contrast in unknown (right hemisphere),basket,A,G,genotype_pairwise,AG_vs_GG,AG,GG,29711,0.0002395395300360051,0.014649887329770739,0.01635094691474011,0.9869545250816303,-0.028474904047239083,0.028953983107311093,nonrobust,ok,0.9869545250816303,0.0057028574226582205,306,302.0,False,False,False
SWI_deep_gm_QSM_f24482,24482.0,24482.0,exploratory_context,exploratory_context,exploratory,exploratory,SWI_deep_gm,QSM,,basket,A,G,genotype_pairwise,AA_vs_AG,AA,AG,30130,-0.00018987373646122137,0.01350385646861701,-0.014060704577428555,0.9887816454049831,-0.02665802931949683,0.026278281846574388,nonrobust,ok,0.9887816454049831,0.004899603919213575,306,303.0,False,False,False
T1_GWC_GWC_grey_white_contrast_in_postcentral_right_hem,27045.0,27045.0,exploratory_context,exploratory_context,exploratory,exploratory,T1_GWC,GWC,Grey-white contrast in postcentral (right hemisphere),basket,A,G,genotype_pairwise,AA_vs_AG,AA,AG,29768,7.992752499637584e-05,0.010848417186943593,0.007367666971046347,0.994121555766744,-0.021183460443256034,0.021343315493248787,nonrobust,ok,0.994121555766744,0.0025605091931182283,306,304.0,False,False,False
T1_GWC_GWC_grey_white_contrast_in_medialorbitofrontal_l,27002.0,27002.0,exploratory_context,exploratory_context,exploratory,exploratory,T1_GWC,GWC,Grey-white contrast in medialorbitofrontal (left hemisphere),basket,A,G,genotype_pairwise,AA_vs_AG,AA,AG,29768,-5.0135035004133036e-05,0.010939109474041293,-0.0045831002169878995,0.9963432591922423,-0.02149128398470252,0.021391013914694258,nonrobust,ok,0.9963432591922423,0.001591013091944335,306,305.0,False,False,False
T1_GWC_GWC_grey_white_contrast_in_insula_left_hemispher,27023.0,27023.0,exploratory_context,exploratory_context,exploratory,exploratory,T1_GWC,GWC,Grey-white contrast in insula (left hemisphere),basket,A,G,genotype_pairwise,AA_vs_AG,AA,AG,29768,-5.342715999150354e-06,0.011397053765068232,-0.00046878045056922377,0.99962597053068,-0.022344083172380323,0.02233339774038202,nonrobust,ok,0.99962597053068,0.00016246932064620484,306,306.0,False,False,False
WM_volume_raw,25008.0,25008.0,exploratory_structural,exploratory_structural,exploratory,exploratory,T1,WM_volume_raw,Volume of white matter,basket,A,G,genotype_pairwise,AG_vs_GG,AG,GG,30160,0.008233891745077299,0.005934828091636757,1.3873850460269166,0.16533482606415706,-0.0033986331664471597,0.019866416656601757,nonrobust,ok,0.16533482606415706,0.7816356571699902,6,1.0,False,False,False
WM_volume_normalized,25007.0,25007.0,exploratory_structural,exploratory_structural,exploratory,exploratory,T1,WM_volume_normalized,Volume of white matter (normalised for head size),basket,A,G,genotype_pairwise,AG_vs_GG,AG,GG,30160,0.014554141692703738,0.011375828190506986,1.2793918340687513,0.2007691351543863,-0.007742983476224239,0.03685126686163172,nonrobust,ok,0.2007691351543863,0.6973030517981037,6,2.0,False,False,False
WM_volume_raw,25008.0,25008.0,exploratory_structural,exploratory_structural,exploratory,exploratory,T1,WM_volume_raw,Volume of white matter,basket,A,G,genotype_pairwise,AA_vs_GG,AA,GG,30160,0.004745740091280286,0.006674502178992037,0.7110253265355849,0.47707414341059007,-0.008336578666791203,0.017828058849351774,nonrobust,ok,0.47707414341059007,0.32141412080934545,6,3.0,False,False,False
WM_volume_normalized,25007.0,25007.0,exploratory_structural,exploratory_structural,exploratory,exploratory,T1,WM_volume_normalized,Volume of white matter (normalised for head size),basket,A,G,genotype_pairwise,AA_vs_AG,AA,AG,30160,-0.007307511289606697,0.010779524557876308,-0.6779066414638201,0.4978361868970035,-0.028435855028928703,0.013820832449715307,nonrobust,ok,0.4978361868970035,0.3029135384255067,6,4.0,False,False,False
WM_volume_raw,25008.0,25008.0,exploratory_structural,exploratory_structural,exploratory,exploratory,T1,WM_volume_raw,Volume of white matter,basket,A,G,genotype_pairwise,AA_vs_AG,AA,AG,30160,-0.003488151653797012,0.0056237334187201225,-0.6202555125009576,0.5350943534265541,-0.01451091728052519,0.007534613972931167,nonrobust,ok,0.5350943534265541,0.2715696318861974,6,5.0,False,False,False
WM_volume_normalized,25007.0,25007.0,exploratory_structural,exploratory_structural,exploratory,exploratory,T1,WM_volume_normalized,Volume of white matter (normalised for head size),basket,A,G,genotype_pairwise,AA_vs_GG,AA,GG,30160,0.007246630403097041,0.012793629212676632,0.566424919984134,0.5711092522057818,-0.017829447324408713,0.0323227081306028,nonrobust,ok,0.5711092522057818,0.24328080402824503,6,6.0,False,False,False
dMRI_TBSS_MD_cerebral_peduncle_left,25119.0,25071.0,primary_skeleton_tensor,primary_skeleton_tensor,primary,primary,dMRI_TBSS,MD,cerebral peduncle (left),basket,A,G,genotype_pairwise,AG_vs_GG,AG,GG,30147,-0.03868530996213284,0.01317290760747781,-2.936732809100742,0.00331945183733621,-0.06450479054146062,-0.01286582938280506,nonrobust,ok,0.00331945183733621,2.4789336282464207,153,1.0,True,True,False
dMRI_TBSS_FA_splenium_of_corpus_callosum,25060.0,25060.0,primary_skeleton_tensor,primary_skeleton_tensor,primary,primary,dMRI_TBSS,FA,splenium of corpus callosum,basket,A,G,genotype_pairwise,AG_vs_GG,AG,GG,30134,0.036183938113953595,0.013753121306749367,2.6309618963512134,0.008518772046806428,0.009227212579247867,0.06314066364865932,nonrobust,ok,0.008518772046806428,2.069623002854239,153,2.0,True,True,False
dMRI_TBSS_RD_splenium_of_corpus_callosum,,25060.0,primary_skeleton_tensor,primary_skeleton_tensor,primary,primary,dMRI_TBSS,RD,splenium of corpus callosum,derived,A,G,genotype_pairwise,AG_vs_GG,AG,GG,30126,-0.03218192665332469,0.013227861965807063,-2.4328895127959704,0.014984758418064391,-0.05810912095474387,-0.006254732351905521,nonrobust,ok,0.014984758418064391,1.8243502542897272,153,3.0,True,False,False
dMRI_TBSS_MD_cerebral_peduncle_right,25118.0,25070.0,primary_skeleton_tensor,primary_skeleton_tensor,primary,primary,dMRI_TBSS,MD,cerebral peduncle (right),basket,A,G,genotype_pairwise,AG_vs_GG,AG,GG,30151,-0.03074249172799535,0.01267618143777079,-2.425217079679294,0.015305177629430433,-0.05558836694367633,-0.005896616512314368,nonrobust,ok,0.015305177629430433,1.815161625685477,153,4.0,True,False,False
dMRI_TBSS_RD_splenium_of_corpus_callosum,,25060.0,primary_skeleton_tensor,primary_skeleton_tensor,primary,primary,dMRI_TBSS,RD,splenium of corpus callosum,derived,A,G,genotype_pairwise,AA_vs_GG,AA,GG,30126,-0.031433790617580074,0.014872611344624209,-2.113535403380389,0.03456332025533133,-0.06058476642140388,-0.0022828148137562683,nonrobust,ok,0.03456332025533133,1.4613845445696838,153,5.0,True,False,False
dMRI_TBSS_FA_splenium_of_corpus_callosum,25060.0,25060.0,primary_skeleton_tensor,primary_skeleton_tensor,primary,primary,dMRI_TBSS,FA,splenium of corpus callosum,basket,A,G,genotype_pairwise,AA_vs_GG,AA,GG,30134,0.03260431427142239,0.01546394246984792,2.108408921915954,0.035004020288487654,0.0022943036529894344,0.06291432488985534,nonrobust,ok,0.035004020288487654,1.4558820731115338,153,6.0,True,False,False
dMRI_TBSS_RD_cerebral_peduncle_left,,25071.0,primary_skeleton_tensor,primary_skeleton_tensor,primary,primary,dMRI_TBSS,RD,cerebral peduncle (left),derived,A,G,genotype_pairwise,AG_vs_GG,AG,GG,30150,-0.02704045236313365,0.012945378851627793,-2.088811202287332,0.03673324401737748,-0.05241396642892249,-0.0016669382973448117,nonrobust,ok,0.03673324401737748,1.4349407161786856,153,7.0,True,False,False
dMRI_TBSS_FA_body_of_corpus_callosum,25059.0,25059.0,primary_skeleton_tensor,primary_skeleton_tensor,primary,primary,dMRI_TBSS,FA,body of corpus callosum,basket,A,G,genotype_pairwise,AG_vs_GG,AG,GG,30148,0.02086658123506584,0.012324938926383705,1.6930372928986483,0.0904588945859302,-0.0032908432526488444,0.04502400572278052,nonrobust,ok,0.0904588945859302,1.0435487236668632,153,8.0,False,False,False
dMRI_TBSS_RD_cerebral_peduncle_right,,25070.0,primary_skeleton_tensor,primary_skeleton_tensor,primary,primary,dMRI_TBSS,RD,cerebral peduncle (right),derived,A,G,genotype_pairwise,AA_vs_GG,AA,GG,30149,-0.023435400120041753,0.014418509697295044,-1.6253690993070042,0.10409458468509568,-0.051696315718635144,0.004825515478551642,nonrobust,ok,0.10409458468509568,0.9825718632133313,153,9.0,False,False,False
dMRI_TBSS_FA_genu_of_corpus_callosum,25058.0,25058.0,primary_skeleton_tensor,primary_skeleton_tensor,primary,primary,dMRI_TBSS,FA,genu of corpus callosum,basket,A,G,genotype_pairwise,AG_vs_GG,AG,GG,30151,0.018798332848068883,0.011901410394923324,1.5795046321642279,0.114231041985763,-0.004528956920897598,0.04212562261703537,nonrobust,ok,0.114231041985763,0.9422158616663903,153,10.0,False,False,False
dMRI_TBSS_RD_cerebral_peduncle_right,,25070.0,primary_skeleton_tensor,primary_skeleton_tensor,primary,primary,dMRI_TBSS,RD,cerebral peduncle (right),derived,A,G,genotype_pairwise,AG_vs_GG,AG,GG,30149,-0.019936555799768427,0.012820957594764378,-1.554997405802965,0.11995738083865842,-0.04506619874384854,0.005193087144311683,nonrobust,ok,0.11995738083865842,0.9209730252377504,153,11.0,False,False,False
dMRI_TBSS_MD_cerebral_peduncle_right,25118.0,25070.0,primary_skeleton_tensor,primary_skeleton_tensor,primary,primary,dMRI_TBSS,MD,cerebral peduncle (right),basket,A,G,genotype_pairwise,AA_vs_GG,AA,GG,30151,-0.022152604802389533,0.014255726601134716,-1.553944279530883,0.12020840131272308,-0.05009445826823464,0.005789248663455569,nonrobust,ok,0.12020840131272308,0.9200651786206974,153,12.0,False,False,False
dMRI_TBSS_MD_cerebral_peduncle_left,25119.0,25071.0,primary_skeleton_tensor,primary_skeleton_tensor,primary,primary,dMRI_TBSS,MD,cerebral peduncle (left),basket,A,G,genotype_pairwise,AA_vs_AG,AA,AG,30147,0.018727543431989752,0.012481949708280048,1.5003700439176273,0.13352924377750156,-0.005737629154671131,0.043192716018650636,nonrobust,ok,0.13352924377750156,0.8744236105513846,153,13.0,False,False,False
dMRI_TBSS_FA_cerebral_peduncle_right,25070.0,25070.0,primary_skeleton_tensor,primary_skeleton_tensor,primary,primary,dMRI_TBSS,FA,cerebral peduncle (right),basket,A,G,genotype_pairwise,AA_vs_GG,AA,GG,30152,0.020427258495822984,0.014478913438349523,1.4108281386446029,0.1583058061132602,-0.007952050984462385,0.048806567976108356,nonrobust,ok,0.1583058061132602,0.8005031564155436,153,14.0,False,False,False
dMRI_TBSS_RD_cerebral_peduncle_left,,25071.0,primary_skeleton_tensor,primary_skeleton_tensor,primary,primary,dMRI_TBSS,RD,cerebral peduncle (left),derived,A,G,genotype_pairwise,AA_vs_GG,AA,GG,30150,-0.020287755814213083,0.014558101213152685,-1.393571559722629,0.16345748682123487,-0.048822276907557444,0.008246765279131273,nonrobust,ok,0.16345748682123487,0.7865951826964327,153,15.0,False,False,False
dMRI_TBSS_MD_cerebral_peduncle_left,25119.0,25071.0,primary_skeleton_tensor,primary_skeleton_tensor,primary,primary,dMRI_TBSS,MD,cerebral peduncle (left),basket,A,G,genotype_pairwise,AA_vs_GG,AA,GG,30147,-0.019957766530143087,0.014813702334721443,-1.3472504090597668,0.1779099139105293,-0.04899327722651818,0.00907774416623201,nonrobust,ok,0.1779099139105293,0.7497998504732835,153,16.0,False,False,False
dMRI_TBSS_RD_body_of_corpus_callosum,,25059.0,primary_skeleton_tensor,primary_skeleton_tensor,primary,primary,dMRI_TBSS,RD,body of corpus callosum,derived,A,G,genotype_pairwise,AG_vs_GG,AG,GG,30147,-0.015463674079016696,0.012095447316291546,-1.2784706240825368,0.20109356334806447,-0.0391712849108114,0.00824393675277801,nonrobust,ok,0.20109356334806447,0.696601830184735,153,17.0,False,False,False
dMRI_TBSS_FA_anterior_corona_radiata_left,25079.0,25079.0,primary_skeleton_tensor,primary_skeleton_tensor,primary,primary,dMRI_TBSS,FA,anterior corona radiata (left),basket,A,G,genotype_pairwise,AG_vs_GG,AG,GG,30160,0.014376212527859531,0.011270018613301045,1.2756156862857804,0.2021014154242158,-0.007713521201296087,0.03646594625701515,nonrobust,ok,0.2021014154242158,0.6944306448777,153,18.0,False,False,False
dMRI_TBSS_MD_corticospinal_tract_right,25110.0,25062.0,primary_skeleton_tensor,primary_skeleton_tensor,primary,primary,dMRI_TBSS,MD,corticospinal tract (right),basket,A,G,genotype_pairwise,AG_vs_GG,AG,GG,30146,-0.017664109191065945,0.013866049362497055,-1.273910739048813,0.20270505771580474,-0.04484217825447256,0.009513959872340667,nonrobust,ok,0.20270505771580474,0.693135415043243,153,19.0,False,False,False
dMRI_TBSS_RD_corticospinal_tract_right,,25062.0,primary_skeleton_tensor,primary_skeleton_tensor,primary,primary,dMRI_TBSS,RD,corticospinal tract (right),derived,A,G,genotype_pairwise,AG_vs_GG,AG,GG,30149,-0.016185361675360572,0.01376661919090766,-1.1756961858907524,0.2397257617011074,-0.043168543099804585,0.010797819749083438,nonrobust,ok,0.2397257617011074,0.6202852927771272,153,20.0,False,False,False
dMRI_TBSS_MD_posterior_limb_of_internal_capsule_left,25123.0,25075.0,primary_skeleton_tensor,primary_skeleton_tensor,primary,primary,dMRI_TBSS,MD,posterior limb of internal capsule (left),basket,A,G,genotype_pairwise,AA_vs_GG,AA,GG,30146,-0.015675647238418133,0.013378975176883136,-1.1716627791868022,0.24134190623311072,-0.041899029389240894,0.010547734912404624,nonrobust,ok,0.24134190623311072,0.6173672613252515,153,21.0,False,False,False
dMRI_TBSS_RD_posterior_limb_of_internal_capsule_left,,25075.0,primary_skeleton_tensor,primary_skeleton_tensor,primary,primary,dMRI_TBSS,RD,posterior limb of internal capsule (left),derived,A,G,genotype_pairwise,AA_vs_GG,AA,GG,30152,-0.0168272100954638,0.014463425912531904,-1.1634318312429548,0.24466372067251582,-0.045176163341482445,0.011521743150554847,nonrobust,ok,0.24466372067251582,0.6114304241089306,153,22.0,False,False,False
dMRI_TBSS_RD_superior_corona_radiata_left,,25081.0,primary_skeleton_tensor,primary_skeleton_tensor,primary,primary,dMRI_TBSS,RD,superior corona radiata (left),derived,A,G,genotype_pairwise,AA_vs_GG,AA,GG,30112,-0.01479449885746329,0.012721353195391815,-1.1629658126953388,0.24485276275034454,-0.03972891405786923,0.01013991634294265,nonrobust,ok,0.24485276275034454,0.611094991337573,153,23.0,False,False,False
dMRI_TBSS_FA_posterior_corona_radiata_right,25082.0,25082.0,primary_skeleton_tensor,primary_skeleton_tensor,primary,primary,dMRI_TBSS,FA,posterior corona radiata (right),basket,A,G,genotype_pairwise,AG_vs_GG,AG,GG,30156,0.014743161464770196,0.012696195884044933,1.1612266854907025,0.2455590894593091,-0.010141942777235326,0.03962826570677572,nonrobust,ok,0.2455590894593091,0.6098439856661122,153,24.0,False,False,False
dMRI_TBSS_FA_cerebral_peduncle_left,25071.0,25071.0,primary_skeleton_tensor,primary_skeleton_tensor,primary,primary,dMRI_TBSS,FA,cerebral peduncle (left),basket,A,G,genotype_pairwise,AG_vs_GG,AG,GG,30152,0.014632677353358516,0.012818721701694088,1.1415083105692747,0.2536676913665539,-0.01049258303741674,0.039757937744133776,nonrobust,ok,0.2536676913665539,0.5957348435971535,153,25.0,False,False,False
dMRI_TBSS_RD_genu_of_corpus_callosum,,25058.0,primary_skeleton_tensor,primary_skeleton_tensor,primary,primary,dMRI_TBSS,RD,genu of corpus callosum,derived,A,G,genotype_pairwise,AG_vs_GG,AG,GG,30153,-0.012870599660276507,0.011528654732331443,-1.1164008255171054,0.26425966358029096,-0.03546727181258873,0.009726072492035717,nonrobust,ok,0.26425966358029096,0.5779691222310989,153,26.0,False,False,False
dMRI_TBSS_FA_posterior_corona_radiata_left,25083.0,25083.0,primary_skeleton_tensor,primary_skeleton_tensor,primary,primary,dMRI_TBSS,FA,posterior corona radiata (left),basket,A,G,genotype_pairwise,AA_vs_AG,AA,AG,30153,-0.013428362923303705,0.012045849946272474,-1.1147708948058948,0.2649576636235426,-0.03703876052403232,0.010182034677424913,nonrobust,ok,0.2649576636235426,0.5768235144539274,153,27.0,False,False,False
dMRI_TBSS_FA_cerebral_peduncle_left,25071.0,25071.0,primary_skeleton_tensor,primary_skeleton_tensor,primary,primary,dMRI_TBSS,FA,cerebral peduncle (left),basket,A,G,genotype_pairwise,AA_vs_GG,AA,GG,30152,0.015932211233661175,0.014415325207546773,1.1052273191395137,0.2690700865639973,-0.012322462507282361,0.04418688497460471,nonrobust,ok,0.2690700865639973,0.5701345815461829,153,28.0,False,False,False
dMRI_TBSS_MD_posterior_corona_radiata_left,25131.0,25083.0,primary_skeleton_tensor,primary_skeleton_tensor,primary,primary,dMRI_TBSS,MD,posterior corona radiata (left),basket,A,G,genotype_pairwise,AG_vs_GG,AG,GG,30100,-0.011722293611117407,0.010862717333459351,-1.0791308704140157,0.280538201202591,-0.033013700629097115,0.009569113406862303,nonrobust,ok,0.280538201202591,0.5520079920126053,153,29.0,False,False,False
dMRI_TBSS_RD_posterior_corona_radiata_right,,25082.0,primary_skeleton_tensor,primary_skeleton_tensor,primary,primary,dMRI_TBSS,RD,posterior corona radiata (right),derived,A,G,genotype_pairwise,AG_vs_GG,AG,GG,30097,-0.012170108824246545,0.011472262991754722,-1.0608289605105266,0.2887763111436469,-0.03465625241915206,0.010316034770658965,nonrobust,ok,0.2887763111436469,0.539438435623017,153,30.0,False,False,False
dMRI_TBSS_RD_posterior_thalamic_radiation_right,,25084.0,primary_skeleton_tensor,primary_skeleton_tensor,primary,primary,dMRI_TBSS,RD,posterior thalamic radiation (right),derived,A,G,genotype_pairwise,AA_vs_AG,AA,AG,30139,0.011422852298781488,0.010794178645426563,1.0582419166854617,0.2899538065208665,-0.009734214712762089,0.03257991931032506,nonrobust,ok,0.2899538065208665,0.537671185449457,153,31.0,False,False,False
dMRI_TBSS_MD_posterior_thalamic_radiation_right,25132.0,25084.0,primary_skeleton_tensor,primary_skeleton_tensor,primary,primary,dMRI_TBSS,MD,posterior thalamic radiation (right),basket,A,G,genotype_pairwise,AA_vs_AG,AA,AG,30142,0.011299435018048492,0.010780197445463876,1.0481658685020747,0.2945707552645182,-0.00983022813624161,0.03242909817233859,nonrobust,ok,0.2945707552645182,0.5308103717421567,153,32.0,False,False,False
dMRI_TBSS_RD_genu_of_corpus_callosum,,25058.0,primary_skeleton_tensor,primary_skeleton_tensor,primary,primary,dMRI_TBSS,RD,genu of corpus callosum,derived,A,G,genotype_pairwise,AA_vs_AG,AA,AG,30153,0.011153060040490458,0.010924787916495877,1.0208948792177375,0.30731258996294003,-0.010260006497991619,0.03256612657897254,nonrobust,ok,0.30731258996294003,0.5124196472300213,153,33.0,False,False,False
dMRI_TBSS_RD_posterior_corona_radiata_right,,25082.0,primary_skeleton_tensor,primary_skeleton_tensor,primary,primary,dMRI_TBSS,RD,posterior corona radiata (right),derived,A,G,genotype_pairwise,AA_vs_AG,AA,AG,30097,0.011050039291899757,0.01087593806579091,1.016007927321365,0.3096339325731575,-0.010267281035610218,0.03236735961940973,nonrobust,ok,0.3096339325731575,0.5091514513426479,153,34.0,False,False,False
dMRI_TBSS_FA_genu_of_corpus_callosum,25058.0,25058.0,primary_skeleton_tensor,primary_skeleton_tensor,primary,primary,dMRI_TBSS,FA,genu of corpus callosum,basket,A,G,genotype_pairwise,AA_vs_AG,AA,AG,30151,-0.011443069650333607,0.011276550959574388,-1.0147668104685712,0.3102252939372054,-0.03354560734122075,0.010659468040553535,nonrobust,ok,0.3102252939372054,0.5083227952731714,153,35.0,False,False,False
dMRI_TBSS_MD_genu_of_corpus_callosum,25106.0,25058.0,primary_skeleton_tensor,primary_skeleton_tensor,primary,primary,dMRI_TBSS,MD,genu of corpus callosum,basket,A,G,genotype_pairwise,AA_vs_AG,AA,AG,30156,0.010818862330744175,0.010718590468064677,1.009354948580063,0.3128126869944318,-0.010190048020139337,0.03182777268162769,nonrobust,ok,0.3128126869944318,0.5047156412261997,153,36.0,False,False,False
dMRI_TBSS_MD_splenium_of_corpus_callosum,25108.0,25060.0,primary_skeleton_tensor,primary_skeleton_tensor,primary,primary,dMRI_TBSS,MD,splenium of corpus callosum,basket,A,G,genotype_pairwise,AA_vs_GG,AA,GG,30135,-0.013638214331416718,0.013571656176418093,-1.0049042028572956,0.31495120093055834,-0.040239260154622244,0.012962831491788807,nonrobust,ok,0.31495120093055834,0.5017567313162667,153,37.0,False,False,False
dMRI_TBSS_MD_corticospinal_tract_right,25110.0,25062.0,primary_skeleton_tensor,primary_skeleton_tensor,primary,primary,dMRI_TBSS,MD,corticospinal tract (right),basket,A,G,genotype_pairwise,AA_vs_AG,AA,AG,30146,0.012975876475935478,0.013139416740598446,0.9875534608657582,0.3233794632727921,-0.01277796056107308,0.03872971351294403,nonrobust,ok,0.3233794632727921,0.4902875641157772,153,38.0,False,False,False
dMRI_TBSS_RD_posterior_corona_radiata_left,,25083.0,primary_skeleton_tensor,primary_skeleton_tensor,primary,primary,dMRI_TBSS,RD,posterior corona radiata (left),derived,A,G,genotype_pairwise,AA_vs_AG,AA,AG,30099,0.010642659584360054,0.010926369863808896,0.9740343514831428,0.3300474583307962,-0.01077350924159204,0.03205882841031215,nonrobust,ok,0.3300474583307962,0.48142360736675227,153,39.0,False,False,False
dMRI_TBSS_FA_posterior_limb_of_internal_capsule_left,25075.0,25075.0,primary_skeleton_tensor,primary_skeleton_tensor,primary,primary,dMRI_TBSS,FA,posterior limb of internal capsule (left),basket,A,G,genotype_pairwise,AA_vs_GG,AA,GG,30156,0.014388762483234464,0.014955131894790339,0.9621287585064247,0.3359927891448946,-0.014923956031331424,0.04370148099780035,nonrobust,ok,0.3359927891448946,0.4736700430511868,153,40.0,False,False,False
dMRI_TBSS_RD_posterior_limb_of_internal_capsule_left,,25075.0,primary_skeleton_tensor,primary_skeleton_tensor,primary,primary,dMRI_TBSS,RD,posterior limb of internal capsule (left),derived,A,G,genotype_pairwise,AA_vs_AG,AA,AG,30152,-0.011451083855844412,0.0121863929149407,-0.9396614679808338,0.3473989045320591,-0.03533695191176133,0.012434784200072506,nonrobust,ok,0.3473989045320591,0.45917155536627174,153,41.0,False,False,False
dMRI_TBSS_MD_posterior_corona_radiata_left,25131.0,25083.0,primary_skeleton_tensor,primary_skeleton_tensor,primary,primary,dMRI_TBSS,MD,posterior corona radiata (left),basket,A,G,genotype_pairwise,AA_vs_AG,AA,AG,30100,0.009409225459406556,0.01029495889686739,0.9139643541723756,0.36074303497576543,-0.010769349880247447,0.029587800799060558,nonrobust,ok,0.36074303497576543,0.44280204526784994,153,42.0,False,False,False
dMRI_TBSS_FA_cerebral_peduncle_right,25070.0,25070.0,primary_skeleton_tensor,primary_skeleton_tensor,primary,primary,dMRI_TBSS,FA,cerebral peduncle (right),basket,A,G,genotype_pairwise,AG_vs_GG,AG,GG,30152,0.011659506115259961,0.012875646824577987,0.9055472143739943,0.3651829304291476,-0.01357733002920732,0.03689634225972724,nonrobust,ok,0.3651829304291476,0.4374895306823259,153,43.0,False,False,False
dMRI_TBSS_FA_posterior_corona_radiata_right,25082.0,25082.0,primary_skeleton_tensor,primary_skeleton_tensor,primary,primary,dMRI_TBSS,FA,posterior corona radiata (right),basket,A,G,genotype_pairwise,AA_vs_AG,AA,AG,30156,-0.010863730261458976,0.012030853475164026,-0.9029891589890602,0.3665389967937984,-0.034444734019126864,0.012717273496208914,nonrobust,ok,0.3665389967937984,0.4358798131336451,153,44.0,False,False,False
dMRI_TBSS_MD_posterior_limb_of_internal_capsule_right,25122.0,25074.0,primary_skeleton_tensor,primary_skeleton_tensor,primary,primary,dMRI_TBSS,MD,posterior limb of internal capsule (right),basket,A,G,genotype_pairwise,AA_vs_GG,AA,GG,30149,-0.011852965200960281,0.013236093121200956,-0.8955033099589451,0.37052538096570564,-0.03779629210551259,0.014090361703592026,nonrobust,ok,0.37052538096570564,0.43118203752051887,153,45.0,False,False,False
dMRI_TBSS_MD_superior_corona_radiata_left,25129.0,25081.0,primary_skeleton_tensor,primary_skeleton_tensor,primary,primary,dMRI_TBSS,MD,superior corona radiata (left),basket,A,G,genotype_pairwise,AA_vs_GG,AA,GG,30111,-0.010319415407944604,0.01163552085273335,-0.8868889960796578,0.3751458832162432,-0.033125551198761594,0.012486720382872386,nonrobust,ok,0.3751458832162432,0.42579981505755543,153,46.0,False,False,False
dMRI_TBSS_FA_anterior_corona_radiata_right,25078.0,25078.0,primary_skeleton_tensor,primary_skeleton_tensor,primary,primary,dMRI_TBSS,FA,anterior corona radiata (right),basket,A,G,genotype_pairwise,AA_vs_AG,AA,AG,30158,-0.009824317897812901,0.011114964436357386,-0.8838820811407421,0.3767670495379831,-0.031610138659159806,0.011961502863534005,nonrobust,ok,0.3767670495379831,0.4239270857877775,153,47.0,False,False,False
dMRI_TBSS_FA_body_of_corpus_callosum,25059.0,25059.0,primary_skeleton_tensor,primary_skeleton_tensor,primary,primary,dMRI_TBSS,FA,body of corpus callosum,basket,A,G,genotype_pairwise,AA_vs_AG,AA,AG,30148,-0.010312202265786993,0.011677044668656152,-0.8831174803559064,0.3771799745235609,-0.03319972540140876,0.012575320869834775,nonrobust,ok,0.3771799745235609,0.4234513731584181,153,48.0,False,False,False
dMRI_TBSS_FA_posterior_limb_of_internal_capsule_left,25075.0,25075.0,primary_skeleton_tensor,primary_skeleton_tensor,primary,primary,dMRI_TBSS,FA,posterior limb of internal capsule (left),basket,A,G,genotype_pairwise,AA_vs_AG,AA,AG,30156,0.011002426885644056,0.012601426002422669,0.8731096689794313,0.3826103869627543,-0.013696924205991732,0.035701777977279844,nonrobust,ok,0.3826103869627543,0.41724324408557634,153,49.0,False,False,False
dMRI_TBSS_MD_posterior_corona_radiata_right,25130.0,25082.0,primary_skeleton_tensor,primary_skeleton_tensor,primary,primary,dMRI_TBSS,MD,posterior corona radiata (right),basket,A,G,genotype_pairwise,AA_vs_AG,AA,AG,30102,0.008697265545283616,0.010071413951912578,0.8635595346204582,0.38783691139088106,-0.011043151748052295,0.028437682838619527,nonrobust,ok,0.38783691139088106,0.41135086041840696,153,50.0,False,False,False
dMRI_TBSS_FA_posterior_thalamic_radiation_right,25084.0,25084.0,primary_skeleton_tensor,primary_skeleton_tensor,primary,primary,dMRI_TBSS,FA,posterior thalamic radiation (right),basket,A,G,genotype_pairwise,AA_vs_AG,AA,AG,30153,-0.009468609766831212,0.011106324404835638,-0.8525421572152734,0.3939201497887985,-0.03123749583551324,0.012300276301850814,nonrobust,ok,0.3939201497887985,0.4045918036075402,153,51.0,False,False,False
dMRI_TBSS_MD_superior_corona_radiata_left,25129.0,25081.0,primary_skeleton_tensor,primary_skeleton_tensor,primary,primary,dMRI_TBSS,MD,superior corona radiata (left),basket,A,G,genotype_pairwise,AG_vs_GG,AG,GG,30111,-0.008765425307172316,0.01034551430508374,-0.8472682023033911,0.3968525067841414,-0.029043091176522158,0.011512240562177527,nonrobust,ok,0.3968525067841414,0.40137087205714483,153,52.0,False,False,False
dMRI_TBSS_RD_corticospinal_tract_right,,25062.0,primary_skeleton_tensor,primary_skeleton_tensor,primary,primary,dMRI_TBSS,RD,corticospinal tract (right),derived,A,G,genotype_pairwise,AA_vs_AG,AA,AG,30149,0.01095329398448077,0.013045423867238705,0.8396272973535225,0.4011241717910997,-0.014616312764063673,0.036522900733025214,nonrobust,ok,0.4011241717910997,0.3967211665918003,153,53.0,False,False,False
dMRI_TBSS_MD_splenium_of_corpus_callosum,25108.0,25060.0,primary_skeleton_tensor,primary_skeleton_tensor,primary,primary,dMRI_TBSS,MD,splenium of corpus callosum,basket,A,G,genotype_pairwise,AG_vs_GG,AG,GG,30135,-0.010005011262579269,0.01206994018899365,-0.8289197051450719,0.40715653299017796,-0.033662627391159196,0.013652604866000659,nonrobust,ok,0.40715653299017796,0.3902385923857648,153,54.0,False,False,False
dMRI_TBSS_RD_posterior_corona_radiata_left,,25083.0,primary_skeleton_tensor,primary_skeleton_tensor,primary,primary,dMRI_TBSS,RD,posterior corona radiata (left),derived,A,G,genotype_pairwise,AG_vs_GG,AG,GG,30099,-0.009519858548588353,0.011528925582757163,-0.8257368373360306,0.40896005880405406,-0.032117063268884645,0.013077346171707938,nonrobust,ok,0.40896005880405406,0.3883191054108368,153,55.0,False,False,False
dMRI_TBSS_RD_body_of_corpus_callosum,,25059.0,primary_skeleton_tensor,primary_skeleton_tensor,primary,primary,dMRI_TBSS,RD,body of corpus callosum,derived,A,G,genotype_pairwise,AA_vs_GG,AA,GG,30147,-0.01057025605902328,0.01360205914525473,-0.7771070502006208,0.43710182692205035,-0.03723089260219687,0.01609038048415031,nonrobust,ok,0.43710182692205035,0.3594173783181552,153,56.0,False,False,False
dMRI_TBSS_FA_superior_corona_radiata_left,25081.0,25081.0,primary_skeleton_tensor,primary_skeleton_tensor,primary,primary,dMRI_TBSS,FA,superior corona radiata (left),basket,A,G,genotype_pairwise,AA_vs_GG,AA,GG,30160,0.011180685574169128,0.01440989814976053,0.7759031644755194,0.43781236237412324,-0.017063350581794902,0.03942472173013316,nonrobust,ok,0.43781236237412324,0.35871197955414447,153,57.0,False,False,False
dMRI_TBSS_MD_posterior_corona_radiata_right,25130.0,25082.0,primary_skeleton_tensor,primary_skeleton_tensor,primary,primary,dMRI_TBSS,MD,posterior corona radiata (right),basket,A,G,genotype_pairwise,AG_vs_GG,AG,GG,30102,-0.008160066992495997,0.010625719574863789,-0.767954295707131,0.44252047574782005,-0.028986947850664482,0.012666813865672486,nonrobust,ok,0.44252047574782005,0.35406662937619743,153,58.0,False,False,False
dMRI_TBSS_FA_body_of_corpus_callosum,25059.0,25059.0,primary_skeleton_tensor,primary_skeleton_tensor,primary,primary,dMRI_TBSS,FA,body of corpus callosum,basket,A,G,genotype_pairwise,AA_vs_GG,AA,GG,30148,0.010554378969278848,0.013859570604120937,0.7615227968275338,0.4463509365020486,-0.0166109913665107,0.0377197493050684,nonrobust,ok,0.4463509365020486,0.3503235496831181,153,59.0,False,False,False
dMRI_TBSS_MD_genu_of_corpus_callosum,25106.0,25058.0,primary_skeleton_tensor,primary_skeleton_tensor,primary,primary,dMRI_TBSS,MD,genu of corpus callosum,basket,A,G,genotype_pairwise,AA_vs_GG,AA,GG,30156,0.009683003526761973,0.012720642690388511,0.7612039550547455,0.4465413203916726,-0.015250017534564883,0.03461602458808883,nonrobust,ok,0.4465413203916726,0.3501383477770166,153,60.0,False,False,False
dMRI_TBSS_RD_superior_corona_radiata_left,,25081.0,primary_skeleton_tensor,primary_skeleton_tensor,primary,primary,dMRI_TBSS,RD,superior corona radiata (left),derived,A,G,genotype_pairwise,AG_vs_GG,AG,GG,30112,-0.0084805487981919,0.011310739133393278,-0.7497784802722873,0.45339409946436804,-0.030650098015461417,0.013689000419077614,nonrobust,ok,0.45339409946436804,0.3435241361432023,153,61.0,False,False,False
dMRI_TBSS_MD_posterior_limb_of_internal_capsule_left,25123.0,25075.0,primary_skeleton_tensor,primary_skeleton_tensor,primary,primary,dMRI_TBSS,MD,posterior limb of internal capsule (left),basket,A,G,genotype_pairwise,AG_vs_GG,AG,GG,30146,-0.008842890304174275,0.011896343576110734,-0.7433284225189869,0.45728876939630514,-0.03216024904573629,0.014474468437387741,nonrobust,ok,0.45728876939630514,0.339809464372882,153,62.0,False,False,False
dMRI_TBSS_RD_anterior_corona_radiata_right,,25078.0,primary_skeleton_tensor,primary_skeleton_tensor,primary,primary,dMRI_TBSS,RD,anterior corona radiata (right),derived,A,G,genotype_pairwise,AA_vs_AG,AA,AG,30142,0.007617156514957178,0.010260288421124829,0.7423920461411468,0.4578557310552078,-0.01249346198725355,0.027727775017167906,nonrobust,ok,0.4578557310552078,0.3392713453079843,153,63.0,False,False,False
dMRI_TBSS_FA_superior_corona_radiata_left,25081.0,25081.0,primary_skeleton_tensor,primary_skeleton_tensor,primary,primary,dMRI_TBSS,FA,superior corona radiata (left),basket,A,G,genotype_pairwise,AA_vs_AG,AA,AG,30160,0.008982225102586117,0.012141343820401536,0.7398048548376467,0.4594242792192115,-0.014815344476426504,0.03277979468159874,nonrobust,ok,0.4594242792192115,0.3377860573510381,153,64.0,False,False,False
dMRI_TBSS_FA_anterior_corona_radiata_left,25079.0,25079.0,primary_skeleton_tensor,primary_skeleton_tensor,primary,primary,dMRI_TBSS,FA,anterior corona radiata (left),basket,A,G,genotype_pairwise,AA_vs_GG,AA,GG,30160,0.009273839178222719,0.012674632294364123,0.7316850668990537,0.46436660481451364,-0.015568999339100094,0.03411667769554553,nonrobust,ok,0.46436660481451364,0.3331390203423235,153,65.0,False,False,False
dMRI_TBSS_FA_cerebral_peduncle_right,25070.0,25070.0,primary_skeleton_tensor,primary_skeleton_tensor,primary,primary,dMRI_TBSS,FA,cerebral peduncle (right),basket,A,G,genotype_pairwise,AA_vs_AG,AA,AG,30152,0.008767752380563022,0.012198923899867207,0.718731623586771,0.4723119687691193,-0.01514267695896377,0.032678181720089815,nonrobust,ok,0.4723119687691193,0.3257710489087484,153,66.0,False,False,False
dMRI_TBSS_MD_cerebral_peduncle_right,25118.0,25070.0,primary_skeleton_tensor,primary_skeleton_tensor,primary,primary,dMRI_TBSS,MD,cerebral peduncle (right),basket,A,G,genotype_pairwise,AA_vs_AG,AA,AG,30151,0.008589886925605814,0.012011787742069457,0.7151214382119859,0.47453964917238967,-0.014953747316441437,0.03213352116765306,nonrobust,ok,0.47453964917238967,0.32372749514945026,153,67.0,False,False,False
dMRI_TBSS_RD_posterior_limb_of_internal_capsule_right,,25074.0,primary_skeleton_tensor,primary_skeleton_tensor,primary,primary,dMRI_TBSS,RD,posterior limb of internal capsule (right),derived,A,G,genotype_pairwise,AA_vs_GG,AA,GG,30152,-0.010324493850570741,0.014448227105823566,-0.7145855179982121,0.47487083205529035,-0.03864365676452176,0.01799466906338027,nonrobust,ok,0.47487083205529035,0.32342450522628763,153,68.0,False,False,False
dMRI_TBSS_MD_posterior_limb_of_internal_capsule_right,25122.0,25074.0,primary_skeleton_tensor,primary_skeleton_tensor,primary,primary,dMRI_TBSS,MD,posterior limb of internal capsule (right),basket,A,G,genotype_pairwise,AA_vs_AG,AA,AG,30149,-0.007746731097657169,0.011152120559150117,-0.694641979215434,0.48728515085355417,-0.029605379771077717,0.014111917575763376,nonrobust,ok,0.48728515085355417,0.3122168227673219,153,69.0,False,False,False
dMRI_TBSS_RD_posterior_limb_of_internal_capsule_right,,25074.0,primary_skeleton_tensor,primary_skeleton_tensor,primary,primary,dMRI_TBSS,RD,posterior limb of internal capsule (right),derived,A,G,genotype_pairwise,AA_vs_AG,AA,AG,30152,-0.008140107365380431,0.012173583799017276,-0.6686697606696188,0.5037113764836066,-0.032000868988656006,0.015720654257895147,nonrobust,ok,0.5037113764836066,0.2978182403508271,153,70.0,False,False,False
dMRI_TBSS_MD_posterior_limb_of_internal_capsule_left,25123.0,25075.0,primary_skeleton_tensor,primary_skeleton_tensor,primary,primary,dMRI_TBSS,MD,posterior limb of internal capsule (left),basket,A,G,genotype_pairwise,AA_vs_AG,AA,AG,30146,-0.006832756934243857,0.011273593831394996,-0.6060850724651635,0.5444629121247296,-0.028929498676065493,0.015263984807577777,nonrobust,ok,0.5444629121247296,0.2640316982923303,153,71.0,False,False,False
dMRI_TBSS_RD_posterior_thalamic_radiation_left,,25085.0,primary_skeleton_tensor,primary_skeleton_tensor,primary,primary,dMRI_TBSS,RD,posterior thalamic radiation (left),derived,A,G,genotype_pairwise,AG_vs_GG,AG,GG,30143,-0.0065212281446076865,0.011032344748325575,-0.5911008306368817,0.5544573788738718,-0.028145111119949204,0.015102654830733829,nonrobust,ok,0.5544573788738718,0.25613183243873094,153,72.0,False,False,False
dMRI_TBSS_RD_superior_corona_radiata_left,,25081.0,primary_skeleton_tensor,primary_skeleton_tensor,primary,primary,dMRI_TBSS,RD,superior corona radiata (left),derived,A,G,genotype_pairwise,AA_vs_AG,AA,AG,30112,-0.006313950059271389,0.010721860346946546,-0.5888856835436701,0.5559424626243235,-0.027329270796406187,0.01470137067786341,nonrobust,ok,0.5559424626243235,0.25497015348591456,153,73.0,False,False,False
dMRI_TBSS_RD_posterior_thalamic_radiation_right,,25084.0,primary_skeleton_tensor,primary_skeleton_tensor,primary,primary,dMRI_TBSS,RD,posterior thalamic radiation (right),derived,A,G,genotype_pairwise,AG_vs_GG,AG,GG,30139,-0.006603217690501492,0.011391101392221777,-0.5796821100205806,0.5621334242283005,-0.028930279656687763,0.01572384427568478,nonrobust,ok,0.5621334242283005,0.2501605909633374,153,74.0,False,False,False
dMRI_TBSS_MD_posterior_thalamic_radiation_right,25132.0,25084.0,primary_skeleton_tensor,primary_skeleton_tensor,primary,primary,dMRI_TBSS,MD,posterior thalamic radiation (right),basket,A,G,genotype_pairwise,AG_vs_GG,AG,GG,30142,-0.006512868997611939,0.01137554590951977,-0.5725324348751968,0.5669656690707248,-0.028809441437985504,0.015783703442761626,nonrobust,ok,0.5669656690707248,0.2464432377288591,153,75.0,False,False,False
dMRI_TBSS_MD_anterior_corona_radiata_right,25126.0,25078.0,primary_skeleton_tensor,primary_skeleton_tensor,primary,primary,dMRI_TBSS,MD,anterior corona radiata (right),basket,A,G,genotype_pairwise,AA_vs_AG,AA,AG,30141,0.0056871166512697646,0.010172001826740145,0.5590951268136307,0.5761010323668729,-0.014250456253899963,0.02562468955643949,nonrobust,ok,0.5761010323668729,0.23950134652172103,153,76.0,False,False,False
dMRI_TBSS_RD_anterior_corona_radiata_left,,25079.0,primary_skeleton_tensor,primary_skeleton_tensor,primary,primary,dMRI_TBSS,RD,anterior corona radiata (left),derived,A,G,genotype_pairwise,AG_vs_GG,AG,GG,30147,-0.005864351241866203,0.010629476817398599,-0.5517064802537867,0.581153635562883,-0.026698595163796045,0.014969892680063641,nonrobust,ok,0.581153635562883,0.2357090410058002,153,77.0,False,False,False
dMRI_TBSS_RD_cerebral_peduncle_left,,25071.0,primary_skeleton_tensor,primary_skeleton_tensor,primary,primary,dMRI_TBSS,RD,cerebral peduncle (left),derived,A,G,genotype_pairwise,AA_vs_AG,AA,AG,30150,0.006752696548920567,0.012266131402871886,0.5505155885856194,0.5819699431340183,-0.01728946252967977,0.030794855627520906,nonrobust,ok,0.5819699431340183,0.23509944467677765,153,78.0,False,False,False
dMRI_TBSS_FA_genu_of_corpus_callosum,25058.0,25058.0,primary_skeleton_tensor,primary_skeleton_tensor,primary,primary,dMRI_TBSS,FA,genu of corpus callosum,basket,A,G,genotype_pairwise,AA_vs_GG,AA,GG,30151,0.007355263197735276,0.0133834365498385,0.5495795620463441,0.5826119270690087,-0.018876863259800522,0.033587389655271076,nonrobust,ok,0.5826119270690087,0.2346206288617414,153,79.0,False,False,False
dMRI_TBSS_RD_corticospinal_tract_left,,25063.0,primary_skeleton_tensor,primary_skeleton_tensor,primary,primary,dMRI_TBSS,RD,corticospinal tract (left),derived,A,G,genotype_pairwise,AA_vs_AG,AA,AG,30149,0.007193576197500109,0.013204480708206859,0.5447829684835052,0.5859068989513474,-0.018687788981863518,0.03307494137686374,nonrobust,ok,0.5859068989513474,0.23217138822074518,153,80.0,False,False,False
dMRI_TBSS_MD_posterior_thalamic_radiation_left,25133.0,25085.0,primary_skeleton_tensor,primary_skeleton_tensor,primary,primary,dMRI_TBSS,MD,posterior thalamic radiation (left),basket,A,G,genotype_pairwise,AG_vs_GG,AG,GG,30148,-0.0059028451637950135,0.010836271114626888,-0.5447302952606368,0.5859431303853717,-0.027142415010232495,0.01533672468264247,nonrobust,ok,0.5859431303853717,0.23214453305757704,153,81.0,False,False,False
dMRI_TBSS_FA_posterior_limb_of_internal_capsule_right,25074.0,25074.0,primary_skeleton_tensor,primary_skeleton_tensor,primary,primary,dMRI_TBSS,FA,posterior limb of internal capsule (right),basket,A,G,genotype_pairwise,AA_vs_GG,AA,GG,30155,0.008035149906299135,0.01496039052140266,0.5370949304300496,0.5912060796851885,-0.021287875789011968,0.03735817560161024,nonrobust,ok,0.5912060796851885,0.22826110851013048,153,82.0,False,False,False
dMRI_TBSS_RD_superior_corona_radiata_right,,25080.0,primary_skeleton_tensor,primary_skeleton_tensor,primary,primary,dMRI_TBSS,RD,superior corona radiata (right),derived,A,G,genotype_pairwise,AG_vs_GG,AG,GG,30120,-0.005924478359614599,0.011167166061979853,-0.5305265746683303,0.5957508736831205,-0.027812617761044857,0.01596366104181566,nonrobust,ok,0.5957508736831205,0.22493531207763728,153,83.0,False,False,False
dMRI_TBSS_FA_posterior_corona_radiata_left,25083.0,25083.0,primary_skeleton_tensor,primary_skeleton_tensor,primary,primary,dMRI_TBSS,FA,posterior corona radiata (left),basket,A,G,genotype_pairwise,AG_vs_GG,AG,GG,30153,0.006721168922636775,0.01271228872351783,0.5287143069841201,0.5970076155002317,-0.018195478098223073,0.03163781594349662,nonrobust,ok,0.5970076155002317,0.22402012892317213,153,84.0,False,False,False
dMRI_TBSS_FA_anterior_corona_radiata_right,25078.0,25078.0,primary_skeleton_tensor,primary_skeleton_tensor,primary,primary,dMRI_TBSS,FA,anterior corona radiata (right),basket,A,G,genotype_pairwise,AA_vs_GG,AA,GG,30158,-0.006447133110862726,0.013191406874919157,-0.4887373402999699,0.6250312849560302,-0.032302872678228414,0.019408606456502962,nonrobust,ok,0.6250312849560302,0.2040982441859571,153,85.0,False,False,False
dMRI_TBSS_FA_anterior_corona_radiata_left,25079.0,25079.0,primary_skeleton_tensor,primary_skeleton_tensor,primary,primary,dMRI_TBSS,FA,anterior corona radiata (left),basket,A,G,genotype_pairwise,AA_vs_AG,AA,AG,30160,-0.005102373349636813,0.010679261357971289,-0.4777833577252291,0.6328079350669749,-0.026034196793409257,0.01582945009413563,nonrobust,ok,0.6328079350669749,0.1987280836598834,153,86.0,False,False,False
dMRI_TBSS_FA_corticospinal_tract_left,25063.0,25063.0,primary_skeleton_tensor,primary_skeleton_tensor,primary,primary,dMRI_TBSS,FA,corticospinal tract (left),basket,A,G,genotype_pairwise,AA_vs_GG,AA,GG,30157,-0.0071911880454624474,0.015191676743585219,-0.4733636824189912,0.6359572263685185,-0.03696754486174318,0.022585168770818283,nonrobust,ok,0.6359572263685185,0.19657209343463591,153,87.0,False,False,False
dMRI_TBSS_FA_posterior_corona_radiata_left,25083.0,25083.0,primary_skeleton_tensor,primary_skeleton_tensor,primary,primary,dMRI_TBSS,FA,posterior corona radiata (left),basket,A,G,genotype_pairwise,AA_vs_GG,AA,GG,30153,-0.006707194000666931,0.014296045770311948,-0.4691642786004158,0.6389556723510269,-0.0347280747405709,0.02131368673923704,nonrobust,ok,0.6389556723510269,0.1945292700436478,153,88.0,False,False,False
dMRI_TBSS_FA_corticospinal_tract_right,25062.0,25062.0,primary_skeleton_tensor,primary_skeleton_tensor,primary,primary,dMRI_TBSS,FA,corticospinal tract (right),basket,A,G,genotype_pairwise,AG_vs_GG,AG,GG,30156,0.006104890474539093,0.013219179072314327,0.46182069560771055,0.6442133023408552,-0.01980528389679984,0.03201506484587802,nonrobust,ok,0.6442133023408552,0.19097031169021214,153,89.0,False,False,False
dMRI_TBSS_FA_posterior_thalamic_radiation_right,25084.0,25084.0,primary_skeleton_tensor,primary_skeleton_tensor,primary,primary,dMRI_TBSS,FA,posterior thalamic radiation (right),basket,A,G,genotype_pairwise,AA_vs_GG,AA,GG,30153,-0.005915283334332973,0.013180246224013458,-0.44879915244343105,0.6535798359921885,-0.031749147711894486,0.019918581043228543,nonrobust,ok,0.6535798359921885,0.18470135496464016,153,90.0,False,False,False
dMRI_TBSS_RD_anterior_corona_radiata_right,,25078.0,primary_skeleton_tensor,primary_skeleton_tensor,primary,primary,dMRI_TBSS,RD,anterior corona radiata (right),derived,A,G,genotype_pairwise,AA_vs_GG,AA,GG,30142,0.005364108301503068,0.01217706679737349,0.44050906435530673,0.6595716670410533,-0.018503480482230977,0.029231697085237113,nonrobust,ok,0.6595716670410533,0.18073800844293725,153,91.0,False,False,False
dMRI_TBSS_FA_posterior_limb_of_internal_capsule_right,25074.0,25074.0,primary_skeleton_tensor,primary_skeleton_tensor,primary,primary,dMRI_TBSS,FA,posterior limb of internal capsule (right),basket,A,G,genotype_pairwise,AA_vs_AG,AA,AG,30155,0.005486324902194341,0.012606030798605021,0.43521430257027893,0.6634100551799116,-0.019222051827313704,0.030194701631702386,nonrobust,ok,0.6634100551799116,0.17821795024786635,153,92.0,False,False,False
dMRI_TBSS_RD_body_of_corpus_callosum,,25059.0,primary_skeleton_tensor,primary_skeleton_tensor,primary,primary,dMRI_TBSS,RD,body of corpus callosum,derived,A,G,genotype_pairwise,AA_vs_AG,AA,AG,30147,0.004893418019993416,0.01146212561419056,0.42692064148513376,0.6694402364711801,-0.01757285431045321,0.027359690350440044,nonrobust,ok,0.6694402364711801,0.17428818807587299,153,93.0,False,False,False
dMRI_TBSS_RD_posterior_limb_of_internal_capsule_left,,25075.0,primary_skeleton_tensor,primary_skeleton_tensor,primary,primary,dMRI_TBSS,RD,posterior limb of internal capsule (left),derived,A,G,genotype_pairwise,AG_vs_GG,AG,GG,30152,-0.005376126239619387,0.012860809615262838,-0.4180239347637302,0.675932650505539,-0.030583880798871636,0.019831628319632866,nonrobust,ok,0.675932650505539,0.1700965747254593,153,94.0,False,False,False
dMRI_TBSS_RD_corticospinal_tract_left,,25063.0,primary_skeleton_tensor,primary_skeleton_tensor,primary,primary,dMRI_TBSS,RD,corticospinal tract (left),derived,A,G,genotype_pairwise,AA_vs_GG,AA,GG,30149,0.006520549352268783,0.015671101278488937,0.416087499939731,0.6773489938366184,-0.024195501048659297,0.03723659975319686,nonrobust,ok,0.6773489938366184,0.16918750997854418,153,95.0,False,False,False
dMRI_TBSS_RD_superior_corona_radiata_right,,25080.0,primary_skeleton_tensor,primary_skeleton_tensor,primary,primary,dMRI_TBSS,RD,superior corona radiata (right),derived,A,G,genotype_pairwise,AA_vs_GG,AA,GG,30120,-0.005092270369519381,0.012559335151366428,-0.4054570013576995,0.6851445528733844,-0.02970912276131177,0.019524582022273012,nonrobust,ok,0.6851445528733844,0.16421779070869347,153,96.0,False,False,False
dMRI_TBSS_FA_posterior_thalamic_radiation_left,25085.0,25085.0,primary_skeleton_tensor,primary_skeleton_tensor,primary,primary,dMRI_TBSS,FA,posterior thalamic radiation (left),basket,A,G,genotype_pairwise,AA_vs_AG,AA,AG,30153,-0.004338326703602196,0.011023945512401073,-0.39353666060140796,0.6939259872281871,-0.025945746506893,0.017269093099688604,nonrobust,ok,0.6939259872281871,0.1586868480645978,153,97.0,False,False,False
dMRI_TBSS_RD_anterior_corona_radiata_left,,25079.0,primary_skeleton_tensor,primary_skeleton_tensor,primary,primary,dMRI_TBSS,RD,anterior corona radiata (left),derived,A,G,genotype_pairwise,AA_vs_GG,AA,GG,30147,-0.004683759247523427,0.011954107974970755,-0.3918116899504486,0.695200178490116,-0.028114338729287598,0.018746820234240742,nonrobust,ok,0.695200178490116,0.15789012505584782,153,98.0,False,False,False
dMRI_TBSS_FA_corticospinal_tract_right,25062.0,25062.0,primary_skeleton_tensor,primary_skeleton_tensor,primary,primary,dMRI_TBSS,FA,corticospinal tract (right),basket,A,G,genotype_pairwise,AA_vs_GG,AA,GG,30156,0.0057274590874189,0.014866026447428666,0.3852716869348474,0.7000389044668978,-0.02341060881791117,0.03486552699274897,nonrobust,ok,0.7000389044668978,0.15487782352032706,153,99.0,False,False,False
dMRI_TBSS_RD_posterior_thalamic_radiation_right,,25084.0,primary_skeleton_tensor,primary_skeleton_tensor,primary,primary,dMRI_TBSS,RD,posterior thalamic radiation (right),derived,A,G,genotype_pairwise,AA_vs_GG,AA,GG,30139,0.004819634608279996,0.012809402289109213,0.3762575723285494,0.7067281162944006,-0.0202873597736713,0.02992662899023129,nonrobust,ok,0.7067281162944006,0.15074763047866677,153,100.0,False,False,False
dMRI_TBSS_MD_corticospinal_tract_left,25111.0,25063.0,primary_skeleton_tensor,primary_skeleton_tensor,primary,primary,dMRI_TBSS,MD,corticospinal tract (left),basket,A,G,genotype_pairwise,AA_vs_AG,AA,AG,30151,0.0049750575590051934,0.013252466839541913,0.37540615035994024,0.7073611219076713,-0.021000362484612695,0.030950477602623084,nonrobust,ok,0.7073611219076713,0.15035881362638762,153,101.0,False,False,False
dMRI_TBSS_MD_posterior_thalamic_radiation_right,25132.0,25084.0,primary_skeleton_tensor,primary_skeleton_tensor,primary,primary,dMRI_TBSS,MD,posterior thalamic radiation (right),basket,A,G,genotype_pairwise,AA_vs_GG,AA,GG,30142,0.0047865660204365525,0.012792497034101982,0.37416979716130644,0.7082806744360448,-0.020287293210830885,0.029860425251703987,nonrobust,ok,0.7082806744360448,0.149794607841998,153,102.0,False,False,False
dMRI_TBSS_FA_posterior_thalamic_radiation_left,25085.0,25085.0,primary_skeleton_tensor,primary_skeleton_tensor,primary,primary,dMRI_TBSS,FA,posterior thalamic radiation (left),basket,A,G,genotype_pairwise,AG_vs_GG,AG,GG,30153,0.0042119890593341185,0.011633594804526042,0.36205395925388834,0.7173142929248477,-0.01859037026655363,0.027014348385221862,nonrobust,ok,0.7173142929248477,0.14429051549587643,153,103.0,False,False,False
dMRI_TBSS_MD_anterior_corona_radiata_right,25126.0,25078.0,primary_skeleton_tensor,primary_skeleton_tensor,primary,primary,dMRI_TBSS,MD,anterior corona radiata (right),basket,A,G,genotype_pairwise,AA_vs_GG,AA,GG,30141,0.004235865324189736,0.012071612891431913,0.35089472817640066,0.7256698251206728,-0.019425029178720674,0.027896759827100145,nonrobust,ok,0.7256698251206728,0.1392609354220301,153,104.0,False,False,False
dMRI_TBSS_MD_body_of_corpus_callosum,25107.0,25059.0,primary_skeleton_tensor,primary_skeleton_tensor,primary,primary,dMRI_TBSS,MD,body of corpus callosum,basket,A,G,genotype_pairwise,AG_vs_GG,AG,GG,30153,-0.004100041701109491,0.011707147786072696,-0.35021695941919084,0.726178372154904,-0.027046568117470828,0.018846484715251844,nonrobust,ok,0.726178372154904,0.1389566898677057,153,105.0,False,False,False
dMRI_TBSS_MD_posterior_thalamic_radiation_left,25133.0,25085.0,primary_skeleton_tensor,primary_skeleton_tensor,primary,primary,dMRI_TBSS,MD,posterior thalamic radiation (left),basket,A,G,genotype_pairwise,AA_vs_GG,AA,GG,30148,-0.004259872106155049,0.012185750246338587,-0.3495781564565546,0.7266577940650277,-0.028144480635282167,0.01962473642297207,nonrobust,ok,0.7266577940650277,0.13867006388403463,153,106.0,False,False,False
dMRI_TBSS_MD_posterior_limb_of_internal_capsule_right,25122.0,25074.0,primary_skeleton_tensor,primary_skeleton_tensor,primary,primary,dMRI_TBSS,MD,posterior limb of internal capsule (right),basket,A,G,genotype_pairwise,AG_vs_GG,AG,GG,30149,-0.004106234103303112,0.01177024521709534,-0.34886563767925033,0.7271926654884638,-0.027176434397129797,0.01896396619052357,nonrobust,ok,0.7271926654884638,0.138350510085802,153,107.0,False,False,False
dMRI_TBSS_RD_corticospinal_tract_right,,25062.0,primary_skeleton_tensor,primary_skeleton_tensor,primary,primary,dMRI_TBSS,RD,corticospinal tract (right),derived,A,G,genotype_pairwise,AA_vs_GG,AA,GG,30149,-0.005232067690879802,0.01548157788773777,-0.337954420978231,0.7353999329686991,-0.035576643878284776,0.025112508496525174,nonrobust,ok,0.7353999329686991,0.13347641405285865,153,108.0,False,False,False
dMRI_TBSS_MD_splenium_of_corpus_callosum,25108.0,25060.0,primary_skeleton_tensor,primary_skeleton_tensor,primary,primary,dMRI_TBSS,MD,splenium of corpus callosum,basket,A,G,genotype_pairwise,AA_vs_AG,AA,AG,30135,-0.00363320306883745,0.011434997583209561,-0.31772661449200645,0.7506945639123009,-0.02604630363262462,0.018779897494949717,nonrobust,ok,0.7506945639123009,0.1245367290269657,153,109.0,False,False,False
dMRI_TBSS_MD_anterior_corona_radiata_left,25127.0,25079.0,primary_skeleton_tensor,primary_skeleton_tensor,primary,primary,dMRI_TBSS,MD,anterior corona radiata (left),basket,A,G,genotype_pairwise,AG_vs_GG,AG,GG,30146,0.003292397155903533,0.010721923926733058,0.3070714900051262,0.758791118592286,-0.01772304721150828,0.024307841523315343,nonrobust,ok,0.758791118592286,0.1198777610318397,153,110.0,False,False,False
dMRI_TBSS_RD_posterior_thalamic_radiation_left,,25085.0,primary_skeleton_tensor,primary_skeleton_tensor,primary,primary,dMRI_TBSS,RD,posterior thalamic radiation (left),derived,A,G,genotype_pairwise,AA_vs_GG,AA,GG,30143,-0.0037982480712803065,0.012405627021007738,-0.30617139019642764,0.7594763086626253,-0.028113824955217016,0.020517328812656405,nonrobust,ok,0.7594763086626253,0.11948576910543246,153,111.0,False,False,False
dMRI_TBSS_FA_posterior_thalamic_radiation_right,25084.0,25084.0,primary_skeleton_tensor,primary_skeleton_tensor,primary,primary,dMRI_TBSS,FA,posterior thalamic radiation (right),basket,A,G,genotype_pairwise,AG_vs_GG,AG,GG,30153,0.0035533264324982394,0.011719926978289781,0.3031867382007149,0.7617496859959749,-0.019418247764684482,0.026524900629680957,nonrobust,ok,0.7617496859959749,0.11818771612759729,153,112.0,False,False,False
dMRI_TBSS_MD_corticospinal_tract_right,25110.0,25062.0,primary_skeleton_tensor,primary_skeleton_tensor,primary,primary,dMRI_TBSS,MD,corticospinal tract (right),basket,A,G,genotype_pairwise,AA_vs_GG,AA,GG,30146,-0.004688232715130467,0.015594257987243754,-0.30063839645114787,0.7636923612038145,-0.03525366699925935,0.025877201568998417,nonrobust,ok,0.7636923612038145,0.11708155338538508,153,113.0,False,False,False
dMRI_TBSS_MD_body_of_corpus_callosum,25107.0,25059.0,primary_skeleton_tensor,primary_skeleton_tensor,primary,primary,dMRI_TBSS,MD,body of corpus callosum,basket,A,G,genotype_pairwise,AA_vs_GG,AA,GG,30153,-0.003862400933524574,0.0131659940784291,-0.29336189204677326,0.7692476072475718,-0.029668330476648415,0.02194352860959927,nonrobust,ok,0.7692476072475718,0.11393384595576204,153,114.0,False,False,False
dMRI_TBSS_RD_cerebral_peduncle_right,,25070.0,primary_skeleton_tensor,primary_skeleton_tensor,primary,primary,dMRI_TBSS,RD,cerebral peduncle (right),derived,A,G,genotype_pairwise,AA_vs_AG,AA,AG,30149,-0.003498844320273328,0.01214867255725456,-0.28800219149737466,0.7733470780190761,-0.027310778908764752,0.0203130902682181,nonrobust,ok,0.7733470780190761,0.1116255510510115,153,115.0,False,False,False
dMRI_TBSS_FA_anterior_corona_radiata_right,25078.0,25078.0,primary_skeleton_tensor,primary_skeleton_tensor,primary,primary,dMRI_TBSS,FA,anterior corona radiata (right),basket,A,G,genotype_pairwise,AG_vs_GG,AG,GG,30158,0.0033771847869501753,0.011729762295244457,0.28791587603777546,0.7734131495591692,-0.019613666906782068,0.026368036480682422,nonrobust,ok,0.7734131495591692,0.11158844833169003,153,116.0,False,False,False
dMRI_TBSS_FA_corticospinal_tract_left,25063.0,25063.0,primary_skeleton_tensor,primary_skeleton_tensor,primary,primary,dMRI_TBSS,FA,corticospinal tract (left),basket,A,G,genotype_pairwise,AG_vs_GG,AG,GG,30157,-0.003835752225236687,0.01350859245341272,-0.2839490671189542,0.7764513992227955,-0.03031318955935988,0.022641685108886502,nonrobust,ok,0.7764513992227955,0.10988572307762993,153,117.0,False,False,False
dMRI_TBSS_FA_splenium_of_corpus_callosum,25060.0,25060.0,primary_skeleton_tensor,primary_skeleton_tensor,primary,primary,dMRI_TBSS,FA,splenium of corpus callosum,basket,A,G,genotype_pairwise,AA_vs_AG,AA,AG,30134,-0.003579623842531208,0.01302969974925488,-0.27472803759241754,0.7835271075794077,-0.029118411155336865,0.021959163470274448,nonrobust,ok,0.7835271075794077,0.1059459737091072,153,118.0,False,False,False
dMRI_TBSS_FA_posterior_corona_radiata_right,25082.0,25082.0,primary_skeleton_tensor,primary_skeleton_tensor,primary,primary,dMRI_TBSS,FA,posterior corona radiata (right),basket,A,G,genotype_pairwise,AA_vs_GG,AA,GG,30156,0.0038794312033112203,0.014277998735501793,0.2717069300241033,0.7858492672226478,-0.02410607643576796,0.0318649388423904,nonrobust,ok,0.7858492672226478,0.10466074746081727,153,119.0,False,False,False
dMRI_TBSS_FA_corticospinal_tract_left,25063.0,25063.0,primary_skeleton_tensor,primary_skeleton_tensor,primary,primary,dMRI_TBSS,FA,corticospinal tract (left),basket,A,G,genotype_pairwise,AA_vs_AG,AA,AG,30157,-0.0033554358202257605,0.012800562693597787,-0.2621319000221752,0.7932215777823178,-0.028445103580217034,0.021734231939765515,nonrobust,ok,0.7932215777823178,0.10060548031603986,153,120.0,False,False,False
dMRI_TBSS_RD_posterior_thalamic_radiation_left,,25085.0,primary_skeleton_tensor,primary_skeleton_tensor,primary,primary,dMRI_TBSS,RD,posterior thalamic radiation (left),derived,A,G,genotype_pairwise,AA_vs_AG,AA,AG,30143,0.00272298007332738,0.010453403992594649,0.2604874044145219,0.794489642643873,-0.01776615345054496,0.023212113597199716,nonrobust,ok,0.794489642643873,0.09991176009528374,153,121.0,False,False,False
dMRI_TBSS_FA_posterior_limb_of_internal_capsule_left,25075.0,25075.0,primary_skeleton_tensor,primary_skeleton_tensor,primary,primary,dMRI_TBSS,FA,posterior limb of internal capsule (left),basket,A,G,genotype_pairwise,AG_vs_GG,AG,GG,30156,0.0033863355975904084,0.013298547272650028,0.25463951273495805,0.7990033071073763,-0.02267940394908867,0.029452075144269486,nonrobust,ok,0.7990033071073763,0.09745142311966039,153,122.0,False,False,False
dMRI_TBSS_MD_anterior_corona_radiata_left,25127.0,25079.0,primary_skeleton_tensor,primary_skeleton_tensor,primary,primary,dMRI_TBSS,MD,anterior corona radiata (left),basket,A,G,genotype_pairwise,AA_vs_AG,AA,AG,30146,-0.002566180325295832,0.01016081542131126,-0.25255653398776773,0.8006126763534417,-0.022481827244007935,0.01734946659341627,nonrobust,ok,0.8006126763534417,0.0965775378547373,153,123.0,False,False,False
dMRI_TBSS_MD_superior_corona_radiata_right,25128.0,25080.0,primary_skeleton_tensor,primary_skeleton_tensor,primary,primary,dMRI_TBSS,MD,superior corona radiata (right),basket,A,G,genotype_pairwise,AG_vs_GG,AG,GG,30119,-0.002415976302961095,0.010225128755079435,-0.23627832576298213,0.81321834128748,-0.022457680944633414,0.017625728338711226,nonrobust,ok,0.81321834128748,0.0897928348666159,153,124.0,False,False,False
dMRI_TBSS_MD_superior_corona_radiata_right,25128.0,25080.0,primary_skeleton_tensor,primary_skeleton_tensor,primary,primary,dMRI_TBSS,MD,superior corona radiata (right),basket,A,G,genotype_pairwise,AA_vs_GG,AA,GG,30119,-0.002465795931390716,0.011499972022081655,-0.21441755916066765,0.8302229287033378,-0.025006249765731237,0.0200746579029498,nonrobust,ok,0.8302229287033378,0.08080527665271678,153,125.0,False,False,False
dMRI_TBSS_RD_anterior_corona_radiata_right,,25078.0,primary_skeleton_tensor,primary_skeleton_tensor,primary,primary,dMRI_TBSS,RD,anterior corona radiata (right),derived,A,G,genotype_pairwise,AG_vs_GG,AG,GG,30142,-0.00225304821345411,0.01082852924279007,-0.2080659490257415,0.8351789062247826,-0.023477443825318408,0.01897134739841019,nonrobust,ok,0.8351789062247826,0.07822048300305005,153,126.0,False,False,False
dMRI_TBSS_MD_corticospinal_tract_left,25111.0,25063.0,primary_skeleton_tensor,primary_skeleton_tensor,primary,primary,dMRI_TBSS,MD,corticospinal tract (left),basket,A,G,genotype_pairwise,AA_vs_GG,AA,GG,30151,0.003220551170861698,0.0157286556615562,0.20475692520456992,0.8377634507086981,-0.027608308276748376,0.03404941061847177,nonrobust,ok,0.8377634507086981,0.07687859062289637,153,127.0,False,False,False
dMRI_TBSS_FA_posterior_limb_of_internal_capsule_right,25074.0,25074.0,primary_skeleton_tensor,primary_skeleton_tensor,primary,primary,dMRI_TBSS,FA,posterior limb of internal capsule (right),basket,A,G,genotype_pairwise,AG_vs_GG,AG,GG,30155,0.002548825004104794,0.013303366355056957,0.19159248389306507,0.8480627446408066,-0.023526360192791907,0.028624010201001495,nonrobust,ok,0.8480627446408066,0.07157201490932137,153,128.0,False,False,False
dMRI_TBSS_MD_posterior_corona_radiata_left,25131.0,25083.0,primary_skeleton_tensor,primary_skeleton_tensor,primary,primary,dMRI_TBSS,MD,posterior corona radiata (left),basket,A,G,genotype_pairwise,AA_vs_GG,AA,GG,30100,-0.00231306815171085,0.01221670215316286,-0.18933654293208788,0.8498303567774339,-0.026258345376151376,0.021632209072729676,nonrobust,ok,0.8498303567774339,0.07066775954274317,153,129.0,False,False,False
dMRI_TBSS_FA_superior_corona_radiata_left,25081.0,25081.0,primary_skeleton_tensor,primary_skeleton_tensor,primary,primary,dMRI_TBSS,FA,superior corona radiata (left),basket,A,G,genotype_pairwise,AG_vs_GG,AG,GG,30160,0.0021984604715830115,0.012812980810164082,0.17158071990859855,0.863768338679823,-0.022915547240814432,0.027312468183980455,nonrobust,ok,0.863768338679823,0.06360271900656617,153,130.0,False,False,False
dMRI_TBSS_RD_posterior_limb_of_internal_capsule_right,,25074.0,primary_skeleton_tensor,primary_skeleton_tensor,primary,primary,dMRI_TBSS,RD,posterior limb of internal capsule (right),derived,A,G,genotype_pairwise,AG_vs_GG,AG,GG,30152,-0.0021843864851903098,0.01284820353725079,-0.1700149346838349,0.8649995535278061,-0.027367432575070197,0.02299865960468958,nonrobust,ok,0.8649995535278061,0.06298411669756748,153,131.0,False,False,False
dMRI_TBSS_MD_posterior_thalamic_radiation_left,25133.0,25085.0,primary_skeleton_tensor,primary_skeleton_tensor,primary,primary,dMRI_TBSS,MD,posterior thalamic radiation (left),basket,A,G,genotype_pairwise,AA_vs_AG,AA,AG,30148,0.0016429730576399647,0.010267256364177985,0.1600206519993235,0.8728658981010968,-0.018481302753795073,0.021767248869075002,nonrobust,ok,0.8728658981010968,0.05905247357768127,153,132.0,False,False,False
dMRI_TBSS_MD_superior_corona_radiata_left,25129.0,25081.0,primary_skeleton_tensor,primary_skeleton_tensor,primary,primary,dMRI_TBSS,MD,superior corona radiata (left),basket,A,G,genotype_pairwise,AA_vs_AG,AA,AG,30111,-0.0015539901007722882,0.009805058522548309,-0.15848861046557122,0.8740728776103976,-0.02077233871897047,0.017664358517425895,nonrobust,ok,0.8740728776103976,0.05845235566701882,153,133.0,False,False,False
dMRI_TBSS_MD_anterior_corona_radiata_right,25126.0,25078.0,primary_skeleton_tensor,primary_skeleton_tensor,primary,primary,dMRI_TBSS,MD,anterior corona radiata (right),basket,A,G,genotype_pairwise,AG_vs_GG,AG,GG,30141,-0.0014512513270800286,0.010734737625653513,-0.13519206315875643,0.8924609418851084,-0.022491811255678146,0.019589308601518085,nonrobust,ok,0.8924609418851084,0.049410781484618714,153,134.0,False,False,False
dMRI_TBSS_RD_genu_of_corpus_callosum,,25058.0,primary_skeleton_tensor,primary_skeleton_tensor,primary,primary,dMRI_TBSS,RD,genu of corpus callosum,derived,A,G,genotype_pairwise,AA_vs_GG,AA,GG,30153,-0.00171753961978605,0.01296486719355588,-0.13247645302836147,0.8946083471822991,-0.027129251590780647,0.023694172351208548,nonrobust,ok,0.8946083471822991,0.04836705394080465,153,135.0,False,False,False
dMRI_TBSS_FA_superior_corona_radiata_right,25080.0,25080.0,primary_skeleton_tensor,primary_skeleton_tensor,primary,primary,dMRI_TBSS,FA,superior corona radiata (right),basket,A,G,genotype_pairwise,AG_vs_GG,AG,GG,30159,0.0017121196591704877,0.012931060822302358,0.132403650612916,0.8946659272055277,-0.023633330121859763,0.027057569440200737,nonrobust,ok,0.8946659272055277,0.04833910217653614,153,136.0,False,False,False
dMRI_TBSS_MD_corticospinal_tract_left,25111.0,25063.0,primary_skeleton_tensor,primary_skeleton_tensor,primary,primary,dMRI_TBSS,MD,corticospinal tract (left),basket,A,G,genotype_pairwise,AG_vs_GG,AG,GG,30151,-0.0017545063881434955,0.013985906757849323,-0.12544816854000634,0.9001696083887449,-0.02916750104979003,0.02565848827350304,nonrobust,ok,0.9001696083887449,0.04567565384130031,153,137.0,False,False,False
dMRI_TBSS_RD_anterior_corona_radiata_left,,25079.0,primary_skeleton_tensor,primary_skeleton_tensor,primary,primary,dMRI_TBSS,RD,anterior corona radiata (left),derived,A,G,genotype_pairwise,AA_vs_AG,AA,AG,30147,0.0011805919943427752,0.010073082450354862,0.11720265372206742,0.9067002594716248,-0.018563094399788257,0.02092427838847381,nonrobust,ok,0.9067002594716248,0.04253625998741873,153,138.0,False,False,False
dMRI_TBSS_FA_superior_corona_radiata_right,25080.0,25080.0,primary_skeleton_tensor,primary_skeleton_tensor,primary,primary,dMRI_TBSS,FA,superior corona radiata (right),basket,A,G,genotype_pairwise,AA_vs_GG,AA,GG,30159,0.0015659083344756106,0.014542551190158784,0.10767769107357793,0.9142520962702312,-0.02693813367285327,0.030069950341804492,nonrobust,ok,0.9142520962702312,0.03893403520369953,153,139.0,False,False,False
dMRI_TBSS_FA_cerebral_peduncle_left,25071.0,25071.0,primary_skeleton_tensor,primary_skeleton_tensor,primary,primary,dMRI_TBSS,FA,cerebral peduncle (left),basket,A,G,genotype_pairwise,AA_vs_AG,AA,AG,30152,0.0012995338803026594,0.012145445092468978,0.10699763330274828,0.9147915825604799,-0.022506074636014357,0.025105142396619675,nonrobust,ok,0.9147915825604799,0.03867784020035032,153,140.0,False,False,False
dMRI_TBSS_MD_genu_of_corpus_callosum,25106.0,25058.0,primary_skeleton_tensor,primary_skeleton_tensor,primary,primary,dMRI_TBSS,MD,genu of corpus callosum,basket,A,G,genotype_pairwise,AG_vs_GG,AG,GG,30156,-0.001135858803982202,0.011311028103075263,-0.10042047403925933,0.9200111960976899,-0.023305973064979668,0.02103425545701526,nonrobust,ok,0.9200111960976899,0.036206887465467685,153,141.0,False,False,False
dMRI_TBSS_RD_posterior_corona_radiata_right,,25082.0,primary_skeleton_tensor,primary_skeleton_tensor,primary,primary,dMRI_TBSS,RD,posterior corona radiata (right),derived,A,G,genotype_pairwise,AA_vs_GG,AA,GG,30097,-0.0011200695323467878,0.012904143527147662,-0.08679921530556384,0.9308316996582142,-0.026412762397674067,0.024172623332980488,nonrobust,ok,0.9308316996582142,0.031128835148716286,153,142.0,False,False,False
dMRI_TBSS_RD_posterior_corona_radiata_left,,25083.0,primary_skeleton_tensor,primary_skeleton_tensor,primary,primary,dMRI_TBSS,RD,posterior corona radiata (left),derived,A,G,genotype_pairwise,AA_vs_GG,AA,GG,30099,0.0011228010357717017,0.01296574048909279,0.08659752497099868,0.9309920201729462,-0.02429062453273608,0.026536226604279484,nonrobust,ok,0.9309920201729462,0.03105404147806479,153,143.0,False,False,False
dMRI_TBSS_RD_superior_corona_radiata_right,,25080.0,primary_skeleton_tensor,primary_skeleton_tensor,primary,primary,dMRI_TBSS,RD,superior corona radiata (right),derived,A,G,genotype_pairwise,AA_vs_AG,AA,AG,30120,0.000832207990095218,0.010583918288145287,0.07862947988056068,0.9373278707221823,-0.019912739977768993,0.02157715595795943,nonrobust,ok,0.9373278707221823,0.028108469369876758,153,144.0,False,False,False
dMRI_TBSS_MD_anterior_corona_radiata_left,25127.0,25079.0,primary_skeleton_tensor,primary_skeleton_tensor,primary,primary,dMRI_TBSS,MD,anterior corona radiata (left),basket,A,G,genotype_pairwise,AA_vs_GG,AA,GG,30146,0.0007262168306077009,0.012057860870051583,0.06022766711560126,0.9519747172723202,-0.022907722939544305,0.02436015660075971,nonrobust,ok,0.9519747172723202,0.021374585538765117,153,145.0,False,False,False
dMRI_TBSS_RD_splenium_of_corpus_callosum,,25060.0,primary_skeleton_tensor,primary_skeleton_tensor,primary,primary,dMRI_TBSS,RD,splenium of corpus callosum,derived,A,G,genotype_pairwise,AA_vs_AG,AA,AG,30126,0.0007481360357446203,0.012533008998391215,0.05969324970888107,0.9524003514895794,-0.02381711572774384,0.02531338779923308,nonrobust,ok,0.9524003514895794,0.02118045298790891,153,146.0,False,False,False
dMRI_TBSS_RD_corticospinal_tract_left,,25063.0,primary_skeleton_tensor,primary_skeleton_tensor,primary,primary,dMRI_TBSS,RD,corticospinal tract (left),derived,A,G,genotype_pairwise,AG_vs_GG,AG,GG,30149,-0.0006730268452313261,0.013934669956669107,-0.048298728805501186,0.9614784935739791,-0.027985595190180318,0.026639541499717666,nonrobust,ok,0.9614784935739791,0.017060425649740397,153,147.0,False,False,False
dMRI_TBSS_MD_posterior_corona_radiata_right,25130.0,25082.0,primary_skeleton_tensor,primary_skeleton_tensor,primary,primary,dMRI_TBSS,MD,posterior corona radiata (right),basket,A,G,genotype_pairwise,AA_vs_GG,AA,GG,30102,0.000537198552787618,0.011951235493426362,0.044949206555514515,0.9641480990601642,-0.022887752197683884,0.023962149303259118,nonrobust,ok,0.9641480990601642,0.015856250677578582,153,148.0,False,False,False
dMRI_TBSS_FA_corticospinal_tract_right,25062.0,25062.0,primary_skeleton_tensor,primary_skeleton_tensor,primary,primary,dMRI_TBSS,FA,corticospinal tract (right),basket,A,G,genotype_pairwise,AA_vs_AG,AA,AG,30156,-0.0003774313871201928,0.012526307732231309,-0.03013109650412213,0.9759627037018054,-0.024929547354056912,0.02417468457981653,nonrobust,ok,0.9759627037018054,0.010566778527971736,153,149.0,False,False,False
dMRI_TBSS_MD_body_of_corpus_callosum,25107.0,25059.0,primary_skeleton_tensor,primary_skeleton_tensor,primary,primary,dMRI_TBSS,MD,body of corpus callosum,basket,A,G,genotype_pairwise,AA_vs_AG,AA,AG,30153,0.00023764076758491767,0.011093621364562585,0.02142138800085933,0.9829096567253676,-0.021506346781447392,0.021981628316617225,nonrobust,ok,0.9829096567253676,0.007486398127932361,153,150.0,False,False,False
dMRI_TBSS_FA_superior_corona_radiata_right,25080.0,25080.0,primary_skeleton_tensor,primary_skeleton_tensor,primary,primary,dMRI_TBSS,FA,superior corona radiata (right),basket,A,G,genotype_pairwise,AA_vs_AG,AA,AG,30159,-0.0001462113246948772,0.012253254072601544,-0.011932448623733988,0.9904795898063035,-0.024163129968808972,0.023870707319419215,nonrobust,ok,0.9904795898063035,0.00415446926811375,153,151.0,False,False,False
dMRI_TBSS_FA_posterior_thalamic_radiation_left,25085.0,25085.0,primary_skeleton_tensor,primary_skeleton_tensor,primary,primary,dMRI_TBSS,FA,posterior thalamic radiation (left),basket,A,G,genotype_pairwise,AA_vs_GG,AA,GG,30153,-0.00012633764426807736,0.013082586198265718,-0.009656931921062,0.9922950679586342,-0.025768784060632502,0.025516108772096348,nonrobust,ok,0.9922950679586342,0.003359167229303101,153,152.0,False,False,False
dMRI_TBSS_MD_superior_corona_radiata_right,25128.0,25080.0,primary_skeleton_tensor,primary_skeleton_tensor,primary,primary,dMRI_TBSS,MD,superior corona radiata (right),basket,A,G,genotype_pairwise,AA_vs_AG,AA,AG,30119,-4.981962842962124e-05,0.009690208912998337,-0.00514123367998741,0.9958979417844283,-0.019043057718848615,0.018943418461989374,nonrobust,ok,0.9958979417844283,0.0017851651815962075,153,153.0,False,False,False
dMRI_weighted_mean_L1_corticospinal_tract_right,25578.0,25497.0,replication_directional_context,replication_directional_context,replication_context,primary,dMRI_weighted_mean,L1,corticospinal tract (right),basket,A,G,genotype_pairwise,AG_vs_GG,AG,GG,30154,-0.026086972680550574,0.012718108524031598,-2.05116764267719,0.040259406719494295,-0.051015026732860624,-0.0011589186282405274,nonrobust,ok,0.040259406719494295,1.395132629356662,48,1.0,True,False,False
dMRI_weighted_mean_L1_posterior_thalamic_radiation_left,25588.0,25507.0,replication_directional_context,replication_directional_context,replication_context,primary,dMRI_weighted_mean,L1,posterior thalamic radiation (left),basket,A,G,genotype_pairwise,AA_vs_GG,AA,GG,30148,-0.01805014147017725,0.012628296812599336,-1.4293409268119597,0.15291682441987037,-0.04280216080925621,0.0067018778689017094,nonrobust,ok,0.15291682441987037,0.8155447294291481,48,2.0,False,False,False
dMRI_weighted_mean_L1_posterior_thalamic_radiation_left,25588.0,25507.0,replication_directional_context,replication_directional_context,replication_context,primary,dMRI_weighted_mean,L1,posterior thalamic radiation (left),basket,A,G,genotype_pairwise,AA_vs_AG,AA,AG,30148,-0.014851249865511427,0.010641150769941756,-1.3956432144032778,0.16283243386326096,-0.035708375221075395,0.0060058754900525445,nonrobust,ok,0.16283243386326096,0.7882590856575091,48,3.0,False,False,False
dMRI_weighted_mean_L1_forceps_minor,25580.0,25499.0,replication_directional_context,replication_directional_context,replication_context,primary,dMRI_weighted_mean,L1,forceps minor,basket,A,G,genotype_pairwise,AG_vs_GG,AG,GG,30156,0.016743890590608042,0.012443085104573866,1.345638195824384,0.17842953426261943,-0.007645105353334104,0.04113288653455019,nonrobust,ok,0.17842953426261943,0.7485332581119382,48,4.0,False,False,False
dMRI_weighted_mean_L1_corticospinal_tract_left,25577.0,25496.0,replication_directional_context,replication_directional_context,replication_context,primary,dMRI_weighted_mean,L1,corticospinal tract (left),basket,A,G,genotype_pairwise,AG_vs_GG,AG,GG,30154,-0.017055194705502465,0.01285794646053755,-1.3264322384485525,0.18470680063976982,-0.042257337285457726,0.008146947874452797,nonrobust,ok,0.18470680063976982,0.7335171141647758,48,5.0,False,False,False
dMRI_weighted_mean_L1_corticospinal_tract_right,25578.0,25497.0,replication_directional_context,replication_directional_context,replication_context,primary,dMRI_weighted_mean,L1,corticospinal tract (right),basket,A,G,genotype_pairwise,AA_vs_AG,AA,AG,30154,0.01565491630780199,0.01205153242859538,1.2989979822529996,0.1939547407013786,-0.007966619176466742,0.03927645179207072,nonrobust,ok,0.1939547407013786,0.7122996007749985,48,6.0,False,False,False
dMRI_weighted_mean_L1_forceps_major,25579.0,25498.0,replication_directional_context,replication_directional_context,replication_context,primary,dMRI_weighted_mean,L1,forceps major,basket,A,G,genotype_pairwise,AA_vs_GG,AA,GG,30154,-0.018605687465656277,0.014932582574845804,-1.245979211727105,0.2127818893381321,-0.04787420839885716,0.010662833467544604,nonrobust,ok,0.2127818893381321,0.6720653392305066,48,7.0,False,False,False
dMRI_weighted_mean_L1_parahippocampal_part_of_cingulum_right,25576.0,25495.0,replication_directional_context,replication_directional_context,replication_context,primary,dMRI_weighted_mean,L1,parahippocampal part of cingulum (right),basket,A,G,genotype_pairwise,AG_vs_GG,AG,GG,30129,-0.012180204453816354,0.01271629123772946,-0.9578425207561677,0.3381500045187108,-0.037104697406435815,0.012744288498803108,nonrobust,ok,0.3381500045187108,0.47089060243514547,48,8.0,False,False,False
dMRI_weighted_mean_L1_forceps_minor,25580.0,25499.0,replication_directional_context,replication_directional_context,replication_context,primary,dMRI_weighted_mean,L1,forceps minor,basket,A,G,genotype_pairwise,AA_vs_GG,AA,GG,30156,0.012043130711680367,0.013993970985139251,0.8605942319352701,0.389468534379142,-0.015385670001958535,0.03947193142531927,nonrobust,ok,0.389468534379142,0.40952762373599466,48,9.0,False,False,False
dMRI_weighted_mean_L1_superior_thalamic_radiation_right,25593.0,25512.0,replication_directional_context,replication_directional_context,replication_context,primary,dMRI_weighted_mean,L1,superior thalamic radiation (right),basket,A,G,genotype_pairwise,AA_vs_GG,AA,GG,30152,-0.009208770770445376,0.011135082753300494,-0.8270051489034377,0.40824081060790196,-0.031034024501675975,0.012616482960785224,nonrobust,ok,0.40824081060790196,0.38908358233458135,48,10.0,False,False,False
dMRI_weighted_mean_L1_uncinate_fasciculus_left,25594.0,25513.0,replication_directional_context,replication_directional_context,replication_context,primary,dMRI_weighted_mean,L1,uncinate fasciculus (left),basket,A,G,genotype_pairwise,AA_vs_AG,AA,AG,30150,-0.009154799820925675,0.011532835284575127,-0.7938030497296693,0.4273164616382902,-0.03175966613388003,0.01345006649202868,nonrobust,ok,0.4273164616382902,0.3692503764059128,48,11.0,False,False,False
dMRI_weighted_mean_L1_corticospinal_tract_left,25577.0,25496.0,replication_directional_context,replication_directional_context,replication_context,primary,dMRI_weighted_mean,L1,corticospinal tract (left),basket,A,G,genotype_pairwise,AA_vs_GG,AA,GG,30154,-0.011272668043836285,0.01446018019799362,-0.779566221823459,0.43565247779711813,-0.039615259467758374,0.0170699233800858,nonrobust,ok,0.43565247779711813,0.36085981154943914,48,12.0,False,False,False
dMRI_weighted_mean_L1_forceps_major,25579.0,25498.0,replication_directional_context,replication_directional_context,replication_context,primary,dMRI_weighted_mean,L1,forceps major,basket,A,G,genotype_pairwise,AG_vs_GG,AG,GG,30154,-0.009981207344725407,0.013278005158716072,-0.751709855917133,0.45223153920313464,-0.03600668351344123,0.016044268823990415,nonrobust,ok,0.45223153920313464,0.3446391526845108,48,13.0,False,False,False
dMRI_weighted_mean_L1_cingulate_gyrus_part_of_cingulum_right,25574.0,25493.0,replication_directional_context,replication_directional_context,replication_context,primary,dMRI_weighted_mean,L1,cingulate gyrus part of cingulum (right),basket,A,G,genotype_pairwise,AG_vs_GG,AG,GG,30155,0.009641580524460716,0.013209927547089656,0.7298738384515138,0.46547308106922003,-0.016250460484919987,0.03553362153384142,nonrobust,ok,0.46547308106922003,0.33210542978711893,48,14.0,False,False,False
dMRI_weighted_mean_L1_corticospinal_tract_right,25578.0,25497.0,replication_directional_context,replication_directional_context,replication_context,primary,dMRI_weighted_mean,L1,corticospinal tract (right),basket,A,G,genotype_pairwise,AA_vs_GG,AA,GG,30154,-0.010432056372748582,0.014302917001526158,-0.7293656511909742,0.46578379471702325,-0.0384664049903939,0.01760229224489674,nonrobust,ok,0.46578379471702325,0.33181562526334274,48,15.0,False,False,False
dMRI_weighted_mean_L1_parahippocampal_part_of_cingulum_left,25575.0,25494.0,replication_directional_context,replication_directional_context,replication_context,primary,dMRI_weighted_mean,L1,parahippocampal part of cingulum (left),basket,A,G,genotype_pairwise,AA_vs_AG,AA,AG,30122,-0.008784660441826039,0.01240908695694753,-0.7079215797506949,0.4789995383179574,-0.0331070196597692,0.015537698776117123,nonrobust,ok,0.4789995383179574,0.3196649051784642,48,16.0,False,False,False
dMRI_weighted_mean_L1_superior_longitudinal_fasciculus_left,25590.0,25509.0,replication_directional_context,replication_directional_context,replication_context,primary,dMRI_weighted_mean,L1,superior longitudinal fasciculus (left),basket,A,G,genotype_pairwise,AA_vs_GG,AA,GG,30150,-0.009008088082069557,0.0128553932220929,-0.7007244295404768,0.48348051632428024,-0.03420522634125654,0.016189050177117425,nonrobust,ok,0.48348051632428024,0.3156210227668061,48,17.0,False,False,False
dMRI_weighted_mean_L1_superior_thalamic_radiation_right,25593.0,25512.0,replication_directional_context,replication_directional_context,replication_context,primary,dMRI_weighted_mean,L1,superior thalamic radiation (right),basket,A,G,genotype_pairwise,AA_vs_AG,AA,AG,30152,-0.006466706285194775,0.009382097152701833,-0.6892602133556578,0.4906649343144198,-0.024856030857396974,0.011922618287007422,nonrobust,ok,0.4906649343144198,0.30921497804498194,48,18.0,False,False,False
dMRI_weighted_mean_L1_forceps_major,25579.0,25498.0,replication_directional_context,replication_directional_context,replication_context,primary,dMRI_weighted_mean,L1,forceps major,basket,A,G,genotype_pairwise,AA_vs_AG,AA,AG,30154,-0.00862448012093087,0.012582083998965404,-0.685457204199244,0.49306082552368735,-0.03328592010033199,0.016036959858470246,nonrobust,ok,0.49306082552368735,0.30709950149389076,48,19.0,False,False,False
dMRI_weighted_mean_L1_uncinate_fasciculus_left,25594.0,25513.0,replication_directional_context,replication_directional_context,replication_context,primary,dMRI_weighted_mean,L1,uncinate fasciculus (left),basket,A,G,genotype_pairwise,AA_vs_GG,AA,GG,30150,-0.009221645336611234,0.013686081123223807,-0.6737973605141866,0.5004454155620408,-0.03604696855548175,0.017603677882259285,nonrobust,ok,0.5004454155620408,0.3006432848439397,48,20.0,False,False,False
dMRI_weighted_mean_L1_parahippocampal_part_of_cingulum_right,25576.0,25495.0,replication_directional_context,replication_directional_context,replication_context,primary,dMRI_weighted_mean,L1,parahippocampal part of cingulum (right),basket,A,G,genotype_pairwise,AA_vs_AG,AA,AG,30129,0.007355874139483185,0.012050292322144248,0.6104311781686528,0.5415809109578669,-0.01626323149794926,0.03097497977691563,nonrobust,ok,0.5415809109578669,0.26633665158244785,48,21.0,False,False,False
dMRI_weighted_mean_L1_cingulate_gyrus_part_of_cingulum_left,25573.0,25492.0,replication_directional_context,replication_directional_context,replication_context,primary,dMRI_weighted_mean,L1,cingulate gyrus part of cingulum (left),basket,A,G,genotype_pairwise,AG_vs_GG,AG,GG,30156,0.007953532101554663,0.013205192016872497,0.6023034039484091,0.5469768091215115,-0.017929227023840713,0.03383629122695004,nonrobust,ok,0.5469768091215115,0.2620310866173294,48,22.0,False,False,False
dMRI_weighted_mean_L1_cingulate_gyrus_part_of_cingulum_right,25574.0,25493.0,replication_directional_context,replication_directional_context,replication_context,primary,dMRI_weighted_mean,L1,cingulate gyrus part of cingulum (right),basket,A,G,genotype_pairwise,AA_vs_GG,AA,GG,30155,0.008866496790102287,0.014856234110412068,0.5968199426722925,0.5506321665556487,-0.020252377742748243,0.03798537132295282,nonrobust,ok,0.5506321665556487,0.2591384218028902,48,23.0,False,False,False
dMRI_weighted_mean_L1_superior_longitudinal_fasciculus_right,25591.0,25510.0,replication_directional_context,replication_directional_context,replication_context,primary,dMRI_weighted_mean,L1,superior longitudinal fasciculus (right),basket,A,G,genotype_pairwise,AA_vs_GG,AA,GG,30154,-0.00686350385460874,0.012376645178659018,-0.5545528497854525,0.5792047373090486,-0.031122274678658364,0.017395266969440888,nonrobust,ok,0.5792047373090486,0.23716789470668784,48,24.0,False,False,False
dMRI_weighted_mean_L1_superior_longitudinal_fasciculus_left,25590.0,25509.0,replication_directional_context,replication_directional_context,replication_context,primary,dMRI_weighted_mean,L1,superior longitudinal fasciculus (left),basket,A,G,genotype_pairwise,AG_vs_GG,AG,GG,30150,-0.005962163275776139,0.011431464571303916,-0.5215572544171453,0.6019825348904282,-0.028368338515373244,0.01644401196382097,nonrobust,ok,0.6019825348904282,0.22041610859390684,48,25.0,False,False,False
dMRI_weighted_mean_L1_posterior_thalamic_radiation_right,25589.0,25508.0,replication_directional_context,replication_directional_context,replication_context,primary,dMRI_weighted_mean,L1,posterior thalamic radiation (right),basket,A,G,genotype_pairwise,AA_vs_AG,AA,AG,30150,0.005337150858776435,0.010854335131030146,0.49170684287411576,0.6229302469983576,-0.015937825198594657,0.026612126916147526,nonrobust,ok,0.6229302469983576,0.2055605810129077,48,26.0,False,False,False
dMRI_weighted_mean_L1_cingulate_gyrus_part_of_cingulum_left,25573.0,25492.0,replication_directional_context,replication_directional_context,replication_context,primary,dMRI_weighted_mean,L1,cingulate gyrus part of cingulum (left),basket,A,G,genotype_pairwise,AA_vs_AG,AA,AG,30156,-0.0060374987093194795,0.012513032369115159,-0.48249685058126424,0.6294566031365506,-0.030563594378679428,0.018488596960040467,nonrobust,ok,0.6294566031365506,0.20103420625191143,48,27.0,False,False,False
dMRI_weighted_mean_L1_corticospinal_tract_left,25577.0,25496.0,replication_directional_context,replication_directional_context,replication_context,primary,dMRI_weighted_mean,L1,corticospinal tract (left),basket,A,G,genotype_pairwise,AA_vs_AG,AA,AG,30154,0.00578252666166618,0.012184041238640909,0.47459841512414336,0.635076737613981,-0.018098731938896193,0.029663785262228553,nonrobust,ok,0.635076737613981,0.1971737948517134,48,28.0,False,False,False
dMRI_weighted_mean_L1_superior_longitudinal_fasciculus_right,25591.0,25510.0,replication_directional_context,replication_directional_context,replication_context,primary,dMRI_weighted_mean,L1,superior longitudinal fasciculus (right),basket,A,G,genotype_pairwise,AG_vs_GG,AG,GG,30154,-0.004484710971004658,0.011004858043996023,-0.407521019632907,0.6836283065464017,-0.026054718463893255,0.01708529652188394,nonrobust,ok,0.6836283065464017,0.16517996303382182,48,29.0,False,False,False
dMRI_weighted_mean_L1_forceps_minor,25580.0,25499.0,replication_directional_context,replication_directional_context,replication_context,primary,dMRI_weighted_mean,L1,forceps minor,basket,A,G,genotype_pairwise,AA_vs_AG,AA,AG,30156,-0.004700759878927675,0.011791452473209146,-0.39865825602130617,0.6901479058404999,-0.02781252710750464,0.01841100734964929,nonrobust,ok,0.6901479058404999,0.161057825484775,48,30.0,False,False,False
dMRI_weighted_mean_L1_parahippocampal_part_of_cingulum_left,25575.0,25494.0,replication_directional_context,replication_directional_context,replication_context,primary,dMRI_weighted_mean,L1,parahippocampal part of cingulum (left),basket,A,G,genotype_pairwise,AA_vs_GG,AA,GG,30122,-0.005259722755132547,0.014731411030105068,-0.35704134141555033,0.7210634048910209,-0.03413393985946036,0.023614494349195266,nonrobust,ok,0.7210634048910209,0.1420265450120704,48,31.0,False,False,False
dMRI_weighted_mean_L1_parahippocampal_part_of_cingulum_right,25576.0,25495.0,replication_directional_context,replication_directional_context,replication_context,primary,dMRI_weighted_mean,L1,parahippocampal part of cingulum (right),basket,A,G,genotype_pairwise,AA_vs_GG,AA,GG,30129,-0.00482433031433317,0.014301377016826287,-0.33733327277905495,0.7358680741129816,-0.03285566146307517,0.02320700083440883,nonrobust,ok,0.7358680741129816,0.13320003867924007,48,32.0,False,False,False
dMRI_weighted_mean_L1_posterior_thalamic_radiation_left,25588.0,25507.0,replication_directional_context,replication_directional_context,replication_context,primary,dMRI_weighted_mean,L1,posterior thalamic radiation (left),basket,A,G,genotype_pairwise,AG_vs_GG,AG,GG,30148,-0.003198891604665823,0.01122975041294125,-0.28485865553871936,0.7757544257001312,-0.02520969824937742,0.018811915040045774,nonrobust,ok,0.7757544257001312,0.11027573807487906,48,33.0,False,False,False
dMRI_weighted_mean_L1_superior_longitudinal_fasciculus_left,25590.0,25509.0,replication_directional_context,replication_directional_context,replication_context,primary,dMRI_weighted_mean,L1,superior longitudinal fasciculus (left),basket,A,G,genotype_pairwise,AA_vs_AG,AA,AG,30150,-0.003045924806293417,0.010830511077041919,-0.28123555616410806,0.7785317010495981,-0.02427420466605586,0.01818235505346903,nonrobust,ok,0.7785317010495981,0.10872369868917396,48,34.0,False,False,False
dMRI_weighted_mean_L1_superior_thalamic_radiation_right,25593.0,25512.0,replication_directional_context,replication_directional_context,replication_context,primary,dMRI_weighted_mean,L1,superior thalamic radiation (right),basket,A,G,genotype_pairwise,AG_vs_GG,AG,GG,30152,-0.0027420644852506008,0.009901089303338623,-0.2769457381144904,0.781823705757389,-0.022148636582515653,0.016664507612014448,nonrobust,ok,0.781823705757389,0.10689116541625608,48,35.0,False,False,False
dMRI_weighted_mean_L1_parahippocampal_part_of_cingulum_left,25575.0,25494.0,replication_directional_context,replication_directional_context,replication_context,primary,dMRI_weighted_mean,L1,parahippocampal part of cingulum (left),basket,A,G,genotype_pairwise,AG_vs_GG,AG,GG,30122,0.0035249376866934917,0.013101995427411106,0.269038232093934,0.7879021392623111,-0.022155552776702423,0.029205428150089408,nonrobust,ok,0.7879021392623111,0.10352772035007195,48,36.0,False,False,False
dMRI_weighted_mean_L1_superior_longitudinal_fasciculus_right,25591.0,25510.0,replication_directional_context,replication_directional_context,replication_context,primary,dMRI_weighted_mean,L1,superior longitudinal fasciculus (right),basket,A,G,genotype_pairwise,AA_vs_AG,AA,AG,30154,-0.002378792883604082,0.01042837369410931,-0.22810775230924016,0.8195640492362627,-0.022818865606150637,0.01806127983894247,nonrobust,ok,0.8195640492362627,0.08641710049137556,48,37.0,False,False,False
dMRI_weighted_mean_L1_posterior_thalamic_radiation_right,25589.0,25508.0,replication_directional_context,replication_directional_context,replication_context,primary,dMRI_weighted_mean,L1,posterior thalamic radiation (right),basket,A,G,genotype_pairwise,AG_vs_GG,AG,GG,30150,-0.002551743540752574,0.011454280032418655,-0.22277642361898453,0.8237110555961645,-0.02500263809139862,0.019899151009893472,nonrobust,ok,0.8237110555961645,0.084225105010383,48,38.0,False,False,False
dMRI_weighted_mean_L1_superior_thalamic_radiation_left,25592.0,25511.0,replication_directional_context,replication_directional_context,replication_context,primary,dMRI_weighted_mean,L1,superior thalamic radiation (left),basket,A,G,genotype_pairwise,AA_vs_GG,AA,GG,30154,-0.0025016452401742002,0.011420594210633156,-0.21904685465884438,0.826615059566723,-0.024886513969216602,0.0198832234888682,nonrobust,ok,0.826615059566723,0.08269668685112812,48,39.0,False,False,False
dMRI_weighted_mean_L1_posterior_thalamic_radiation_right,25589.0,25508.0,replication_directional_context,replication_directional_context,replication_context,primary,dMRI_weighted_mean,L1,posterior thalamic radiation (right),basket,A,G,genotype_pairwise,AA_vs_GG,AA,GG,30150,0.002785407318023861,0.01288143088490408,0.21623430990792467,0.8288066010389654,-0.02246276590979184,0.028033580545839563,nonrobust,ok,0.8288066010389654,0.0815467986420599,48,40.0,False,False,False
dMRI_weighted_mean_L1_uncinate_fasciculus_right,25595.0,25514.0,replication_directional_context,replication_directional_context,replication_context,primary,dMRI_weighted_mean,L1,uncinate fasciculus (right),basket,A,G,genotype_pairwise,AA_vs_GG,AA,GG,30152,-0.0025977618352644605,0.013783155401728215,-0.18847366655524594,0.8505066488634322,-0.029613354850999807,0.024417831180470882,nonrobust,ok,0.8505066488634322,0.07032228692688228,48,41.0,False,False,False
dMRI_weighted_mean_L1_uncinate_fasciculus_right,25595.0,25514.0,replication_directional_context,replication_directional_context,replication_context,primary,dMRI_weighted_mean,L1,uncinate fasciculus (right),basket,A,G,genotype_pairwise,AA_vs_AG,AA,AG,30152,-0.00218548168533147,0.011614481169764282,-0.18816868815637544,0.8507457073237372,-0.024950377474863887,0.020579414104200944,nonrobust,ok,0.8507457073237372,0.07020023358133537,48,42.0,False,False,False
dMRI_weighted_mean_L1_superior_thalamic_radiation_left,25592.0,25511.0,replication_directional_context,replication_directional_context,replication_context,primary,dMRI_weighted_mean,L1,superior thalamic radiation (left),basket,A,G,genotype_pairwise,AG_vs_GG,AG,GG,30154,-0.0017121450142026768,0.01015475130076407,-0.16860531228114375,0.866108253887625,-0.021615905768790775,0.018191615740385424,nonrobust,ok,0.866108253887625,0.06242782261567839,48,43.0,False,False,False
dMRI_weighted_mean_L1_cingulate_gyrus_part_of_cingulum_left,25573.0,25492.0,replication_directional_context,replication_directional_context,replication_context,primary,dMRI_weighted_mean,L1,cingulate gyrus part of cingulum (left),basket,A,G,genotype_pairwise,AA_vs_GG,AA,GG,30156,0.0019160333922351828,0.014851055350076936,0.12901664878821267,0.8973453516727642,-0.027192690501580127,0.031024757286050492,nonrobust,ok,0.8973453516727642,0.047040382529301907,48,44.0,False,False,False
dMRI_weighted_mean_L1_superior_thalamic_radiation_left,25592.0,25511.0,replication_directional_context,replication_directional_context,replication_context,primary,dMRI_weighted_mean,L1,superior thalamic radiation (left),basket,A,G,genotype_pairwise,AA_vs_AG,AA,AG,30154,-0.0007895002259715234,0.009623357260916038,-0.08203999961406105,0.9346154602979683,-0.01965170520806587,0.01807270475612282,nonrobust,ok,0.9346154602979683,0.029367039204534366,48,45.0,False,False,False
dMRI_weighted_mean_L1_cingulate_gyrus_part_of_cingulum_right,25574.0,25493.0,replication_directional_context,replication_directional_context,replication_context,primary,dMRI_weighted_mean,L1,cingulate gyrus part of cingulum (right),basket,A,G,genotype_pairwise,AA_vs_AG,AA,AG,30155,-0.0007750837343584296,0.012517539742916058,-0.06191981413896177,0.9506271064532854,-0.025310014089183912,0.02375984662046705,nonrobust,ok,0.9506271064532854,0.021989806267594683,48,46.0,False,False,False
dMRI_weighted_mean_L1_uncinate_fasciculus_right,25595.0,25514.0,replication_directional_context,replication_directional_context,replication_context,primary,dMRI_weighted_mean,L1,uncinate fasciculus (right),basket,A,G,genotype_pairwise,AG_vs_GG,AG,GG,30152,-0.0004122801499329906,0.012255311075811475,-0.03364093717267734,0.9731637044468708,-0.024433230843403597,0.023608670543537616,nonrobust,ok,0.9731637044468708,0.011814097082350643,48,47.0,False,False,False
dMRI_weighted_mean_L1_uncinate_fasciculus_left,25594.0,25513.0,replication_directional_context,replication_directional_context,replication_context,primary,dMRI_weighted_mean,L1,uncinate fasciculus (left),basket,A,G,genotype_pairwise,AG_vs_GG,AG,GG,30150,-6.684551568555963e-05,0.012169524473970815,-0.005492861765349529,0.9956173894650424,-0.023919650748607156,0.023785959717236037,nonrobust,ok,0.9956173894650424,0.0019075266046679447,48,48.0,False,False,False
dMRI_weighted_mean_ISOVF_corticospinal_tract_left,25712.0,25496.0,replication_mechanistic,replication_mechanistic,replication_support,primary,dMRI_weighted_mean,ISOVF,corticospinal tract (left),basket,A,G,genotype_pairwise,AG_vs_GG,AG,GG,30151,-0.030672420908000802,0.01348774283578201,-2.2740959166739954,0.02296734708644015,-0.057108992290649585,-0.004235849525352022,nonrobust,ok,0.02296734708644015,1.6388891664183176,96,1.0,True,False,False
dMRI_weighted_mean_ICVF_forceps_major,25660.0,25498.0,replication_mechanistic,replication_mechanistic,replication_support,primary,dMRI_weighted_mean,ICVF,forceps major,basket,A,G,genotype_pairwise,AA_vs_GG,AA,GG,30145,0.028241587282097223,0.014518438051669648,1.9452221500404026,0.05175770604117799,-0.00021519246035657177,0.056698367024551014,nonrobust,ok,0.05175770604117799,1.2860249803249688,96,2.0,False,False,False
dMRI_weighted_mean_ISOVF_corticospinal_tract_right,25713.0,25497.0,replication_mechanistic,replication_mechanistic,replication_support,primary,dMRI_weighted_mean,ISOVF,corticospinal tract (right),basket,A,G,genotype_pairwise,AG_vs_GG,AG,GG,30150,-0.020147978169850318,0.01306574184088799,-1.5420462469876104,0.12307304784786591,-0.0457574090084117,0.005461452668711068,nonrobust,ok,0.12307304784786591,0.9098370441647822,96,3.0,False,False,False
dMRI_weighted_mean_ISOVF_forceps_major,25714.0,25498.0,replication_mechanistic,replication_mechanistic,replication_support,primary,dMRI_weighted_mean,ISOVF,forceps major,basket,A,G,genotype_pairwise,AA_vs_GG,AA,GG,30156,-0.02076322871762468,0.015330818055207682,-1.3543457787349893,0.17563642577373137,-0.050812308686412705,0.009285851251163341,nonrobust,ok,0.17563642577373137,0.7553854094322584,96,4.0,False,False,False
dMRI_weighted_mean_ISOVF_cingulate_gyrus_part_of_cingulum_right,25709.0,25493.0,replication_mechanistic,replication_mechanistic,replication_support,primary,dMRI_weighted_mean,ISOVF,cingulate gyrus part of cingulum (right),basket,A,G,genotype_pairwise,AA_vs_AG,AA,AG,30151,-0.016230805309756298,0.012026400221118071,-1.3495979687467403,0.17715529928914725,-0.039803080655815504,0.007341470036302908,nonrobust,ok,0.17715529928914725,0.7516458519810305,96,5.0,False,False,False
dMRI_weighted_mean_ISOVF_posterior_thalamic_radiation_right,25724.0,25508.0,replication_mechanistic,replication_mechanistic,replication_support,primary,dMRI_weighted_mean,ISOVF,posterior thalamic radiation (right),basket,A,G,genotype_pairwise,AA_vs_AG,AA,AG,30138,0.01526623242105012,0.011548296760954788,1.3219466677255651,0.18619613275774596,-0.007368939443755978,0.03790140428585621,nonrobust,ok,0.18619613275774596,0.7300293434374506,96,6.0,False,False,False
dMRI_weighted_mean_ISOVF_cingulate_gyrus_part_of_cingulum_left,25708.0,25492.0,replication_mechanistic,replication_mechanistic,replication_support,primary,dMRI_weighted_mean,ISOVF,cingulate gyrus part of cingulum (left),basket,A,G,genotype_pairwise,AA_vs_AG,AA,AG,30153,-0.015051905858784078,0.012011100381201205,-1.2531662696235637,0.21015510247329477,-0.0385941927781208,0.00849038106055265,nonrobust,ok,0.21015510247329477,0.6774600610518617,96,7.0,False,False,False
dMRI_weighted_mean_ISOVF_corticospinal_tract_left,25712.0,25496.0,replication_mechanistic,replication_mechanistic,replication_support,primary,dMRI_weighted_mean,ISOVF,corticospinal tract (left),basket,A,G,genotype_pairwise,AA_vs_AG,AA,AG,30151,0.01596336787426452,0.012780642266958703,1.2490270473757015,0.2116650603905046,-0.009087255178110872,0.04101399092663992,nonrobust,ok,0.2116650603905046,0.6743508251734531,96,8.0,False,False,False
dMRI_weighted_mean_ICVF_forceps_major,25660.0,25498.0,replication_mechanistic,replication_mechanistic,replication_support,primary,dMRI_weighted_mean,ICVF,forceps major,basket,A,G,genotype_pairwise,AG_vs_GG,AG,GG,30145,0.015972412602088606,0.012909714910502502,1.237239761901674,0.21600790250406385,-0.009331198739476694,0.04127602394365391,nonrobust,ok,0.21600790250406385,0.6655303601864375,96,9.0,False,False,False
dMRI_weighted_mean_ICVF_posterior_thalamic_radiation_left,25669.0,25507.0,replication_mechanistic,replication_mechanistic,replication_support,primary,dMRI_weighted_mean,ICVF,posterior thalamic radiation (left),basket,A,G,genotype_pairwise,AG_vs_GG,AG,GG,30147,0.014948138265331375,0.012090474195123735,1.2363566576536904,0.21633583259983702,-0.00874972502937911,0.03864600156004186,nonrobust,ok,0.21633583259983702,0.6648715406093629,96,10.0,False,False,False
dMRI_weighted_mean_ISOVF_posterior_thalamic_radiation_right,25724.0,25508.0,replication_mechanistic,replication_mechanistic,replication_support,primary,dMRI_weighted_mean,ISOVF,posterior thalamic radiation (right),basket,A,G,genotype_pairwise,AA_vs_GG,AA,GG,30138,0.01694444899654811,0.01370531687453597,1.2363412792031347,0.21634154937184497,-0.009918577589815809,0.04380747558291202,nonrobust,ok,0.21634154937184497,0.6648600643333156,96,11.0,False,False,False
dMRI_weighted_mean_ISOVF_forceps_minor,25715.0,25499.0,replication_mechanistic,replication_mechanistic,replication_support,primary,dMRI_weighted_mean,ISOVF,forceps minor,basket,A,G,genotype_pairwise,AG_vs_GG,AG,GG,30155,0.016428617870193445,0.013436116583600803,1.222720699688263,0.221444941490767,-0.009906763633549708,0.0427639993739366,nonrobust,ok,0.221444941490767,0.6547342359379864,96,12.0,False,False,False
dMRI_weighted_mean_ISOVF_superior_thalamic_radiation_right,25728.0,25512.0,replication_mechanistic,replication_mechanistic,replication_support,primary,dMRI_weighted_mean,ISOVF,superior thalamic radiation (right),basket,A,G,genotype_pairwise,AA_vs_AG,AA,AG,30153,-0.012550243554722774,0.010554387060254437,-1.1891020750967438,0.23440904173510027,-0.03323730806540963,0.008136820955964085,nonrobust,ok,0.23440904173510027,0.6300256405211517,96,13.0,False,False,False
dMRI_weighted_mean_ISOVF_superior_longitudinal_fasciculus_left,25725.0,25509.0,replication_mechanistic,replication_mechanistic,replication_support,primary,dMRI_weighted_mean,ISOVF,superior longitudinal fasciculus (left),basket,A,G,genotype_pairwise,AG_vs_GG,AG,GG,30149,0.0146102845218654,0.013000148493183383,1.123855202848359,0.2610835746596886,-0.010870580494576714,0.040091149538307516,nonrobust,ok,0.2610835746596886,0.5832204497360212,96,14.0,False,False,False
dMRI_weighted_mean_ICVF_superior_thalamic_radiation_right,25674.0,25512.0,replication_mechanistic,replication_mechanistic,replication_support,primary,dMRI_weighted_mean,ICVF,superior thalamic radiation (right),basket,A,G,genotype_pairwise,AA_vs_GG,AA,GG,30149,0.014649562148878211,0.013362988081281361,1.0962789205356744,0.2729656524115306,-0.011542484479973478,0.0408416087777299,nonrobust,ok,0.2729656524115306,0.5638919973057985,96,15.0,False,False,False
dMRI_weighted_mean_ISOVF_uncinate_fasciculus_left,25729.0,25513.0,replication_mechanistic,replication_mechanistic,replication_support,primary,dMRI_weighted_mean,ISOVF,uncinate fasciculus (left),basket,A,G,genotype_pairwise,AA_vs_AG,AA,AG,30141,-0.014103234636448855,0.012936964760586958,-1.090150193453026,0.27565586793785235,-0.039460257027829446,0.011253787754931736,nonrobust,ok,0.27565586793785235,0.5596327581787083,96,16.0,False,False,False
dMRI_weighted_mean_ICVF_superior_longitudinal_fasciculus_left,25671.0,25509.0,replication_mechanistic,replication_mechanistic,replication_support,primary,dMRI_weighted_mean,ICVF,superior longitudinal fasciculus (left),basket,A,G,genotype_pairwise,AG_vs_GG,AG,GG,30146,0.012956428657358495,0.012002706026579305,1.0794589677250468,0.2803919746531421,-0.010569405183997007,0.036482262498713995,nonrobust,ok,0.2803919746531421,0.5522344208542167,96,17.0,False,False,False
dMRI_weighted_mean_ISOVF_cingulate_gyrus_part_of_cingulum_left,25708.0,25492.0,replication_mechanistic,replication_mechanistic,replication_support,primary,dMRI_weighted_mean,ISOVF,cingulate gyrus part of cingulum (left),basket,A,G,genotype_pairwise,AA_vs_GG,AA,GG,30153,-0.015317470420136894,0.014254826956634076,-1.07454621979878,0.2825867009251935,-0.04325756046582621,0.012622619625552424,nonrobust,ok,0.2825867009251935,0.5488482807419148,96,18.0,False,False,False
dMRI_weighted_mean_ICVF_superior_longitudinal_fasciculus_right,25672.0,25510.0,replication_mechanistic,replication_mechanistic,replication_support,primary,dMRI_weighted_mean,ICVF,superior longitudinal fasciculus (right),basket,A,G,genotype_pairwise,AG_vs_GG,AG,GG,30146,0.012919684935473907,0.01220588350722013,1.0584801114832485,0.28984525384993215,-0.011004385740081848,0.03684375561102966,nonrobust,ok,0.28984525384993215,0.5378338067082888,96,19.0,False,False,False
dMRI_weighted_mean_ISOVF_superior_longitudinal_fasciculus_right,25726.0,25510.0,replication_mechanistic,replication_mechanistic,replication_support,primary,dMRI_weighted_mean,ISOVF,superior longitudinal fasciculus (right),basket,A,G,genotype_pairwise,AG_vs_GG,AG,GG,30152,0.012949228955015771,0.012240585496186262,1.0578929381319462,0.290112889372405,-0.011042858952359739,0.036941316862391285,nonrobust,ok,0.290112889372405,0.5374329755787306,96,20.0,False,False,False
dMRI_weighted_mean_ICVF_posterior_thalamic_radiation_right,25670.0,25508.0,replication_mechanistic,replication_mechanistic,replication_support,primary,dMRI_weighted_mean,ICVF,posterior thalamic radiation (right),basket,A,G,genotype_pairwise,AA_vs_AG,AA,AG,30147,-0.012218880551098248,0.011563148426852927,-1.0567087872644205,0.29065314004873677,-0.03488316205517063,0.01044540095297413,nonrobust,ok,0.29065314004873677,0.5366249808153759,96,21.0,False,False,False
dMRI_weighted_mean_ICVF_corticospinal_tract_right,25659.0,25497.0,replication_mechanistic,replication_mechanistic,replication_support,primary,dMRI_weighted_mean,ICVF,corticospinal tract (right),basket,A,G,genotype_pairwise,AG_vs_GG,AG,GG,30147,0.013529703403259166,0.012881756149272262,1.0502996056188743,0.29358896383014793,-0.011719107461774573,0.0387785142682929,nonrobust,ok,0.29358896383014793,0.5322602738164294,96,22.0,False,False,False
dMRI_weighted_mean_ICVF_superior_thalamic_radiation_right,25674.0,25512.0,replication_mechanistic,replication_mechanistic,replication_support,primary,dMRI_weighted_mean,ICVF,superior thalamic radiation (right),basket,A,G,genotype_pairwise,AG_vs_GG,AG,GG,30149,0.012343823319803668,0.011881705728197174,1.0388932028934041,0.29886289598081023,-0.010944844496877748,0.03563249113648508,nonrobust,ok,0.29886289598081023,0.5245279995510012,96,23.0,False,False,False
dMRI_weighted_mean_ICVF_posterior_thalamic_radiation_right,25670.0,25508.0,replication_mechanistic,replication_mechanistic,replication_support,primary,dMRI_weighted_mean,ICVF,posterior thalamic radiation (right),basket,A,G,genotype_pairwise,AG_vs_GG,AG,GG,30147,0.01243828600390418,0.01220266685597273,1.0193088241048,0.3080647095040326,-0.01147947986009855,0.03635605186790691,nonrobust,ok,0.3080647095040326,0.5113580496398723,96,24.0,False,False,False
dMRI_weighted_mean_ICVF_forceps_major,25660.0,25498.0,replication_mechanistic,replication_mechanistic,replication_support,primary,dMRI_weighted_mean,ICVF,forceps major,basket,A,G,genotype_pairwise,AA_vs_AG,AA,AG,30145,0.012269174680008616,0.012233051562580453,1.002952911401,0.31589178331477497,-0.011708146616919636,0.03624649597693687,nonrobust,ok,0.31589178331477497,0.5004616704147691,96,25.0,False,False,False
dMRI_weighted_mean_ISOVF_superior_longitudinal_fasciculus_left,25725.0,25509.0,replication_mechanistic,replication_mechanistic,replication_support,primary,dMRI_weighted_mean,ISOVF,superior longitudinal fasciculus (left),basket,A,G,genotype_pairwise,AA_vs_AG,AA,AG,30149,-0.011975941002701667,0.01231941322020838,-0.972119433663992,0.3309990806903209,-0.03612253482895683,0.012170652823553495,nonrobust,ok,0.3309990806903209,0.48017321242269584,96,26.0,False,False,False
dMRI_weighted_mean_ISOVF_corticospinal_tract_left,25712.0,25496.0,replication_mechanistic,replication_mechanistic,replication_support,primary,dMRI_weighted_mean,ISOVF,corticospinal tract (left),basket,A,G,genotype_pairwise,AA_vs_GG,AA,GG,30151,-0.01470905303373628,0.015168585065951418,-0.9697050166368756,0.33220147389364074,-0.044440149389307834,0.015022043321835276,nonrobust,ok,0.33220147389364074,0.4785984450259395,96,27.0,False,False,False
dMRI_weighted_mean_ICVF_parahippocampal_part_of_cingulum_right,25657.0,25495.0,replication_mechanistic,replication_mechanistic,replication_support,primary,dMRI_weighted_mean,ICVF,parahippocampal part of cingulum (right),basket,A,G,genotype_pairwise,AA_vs_GG,AA,GG,30145,0.013743261968585906,0.014447719517253075,0.9512409174454193,0.3414898614984814,-0.014574906323349623,0.042061430260521435,nonrobust,ok,0.3414898614984814,0.46662218557139584,96,28.0,False,False,False
dMRI_weighted_mean_ICVF_superior_thalamic_radiation_left,25673.0,25511.0,replication_mechanistic,replication_mechanistic,replication_support,primary,dMRI_weighted_mean,ICVF,superior thalamic radiation (left),basket,A,G,genotype_pairwise,AG_vs_GG,AG,GG,30148,0.011213226602564014,0.011903461125999167,0.9420139641631152,0.34619318062194804,-0.012118082786580766,0.03454453599170879,nonrobust,ok,0.34619318062194804,0.4606814911903391,96,29.0,False,False,False
dMRI_weighted_mean_ICVF_parahippocampal_part_of_cingulum_right,25657.0,25495.0,replication_mechanistic,replication_mechanistic,replication_support,primary,dMRI_weighted_mean,ICVF,parahippocampal part of cingulum (right),basket,A,G,genotype_pairwise,AG_vs_GG,AG,GG,30145,0.01191107839062245,0.012846769663530216,0.927165248742333,0.35384830529941524,-0.013269157487098192,0.03709131426834309,nonrobust,ok,0.35384830529941524,0.4511828800385874,96,30.0,False,False,False
dMRI_weighted_mean_ICVF_superior_longitudinal_fasciculus_right,25672.0,25510.0,replication_mechanistic,replication_mechanistic,replication_support,primary,dMRI_weighted_mean,ICVF,superior longitudinal fasciculus (right),basket,A,G,genotype_pairwise,AA_vs_GG,AA,GG,30146,0.012490091618305098,0.01372772818159777,0.9098440363241063,0.3629121780705771,-0.01441686182239355,0.039397045059003745,nonrobust,ok,0.3629121780705771,0.4401984581424778,96,31.0,False,False,False
dMRI_weighted_mean_ISOVF_corticospinal_tract_right,25713.0,25497.0,replication_mechanistic,replication_mechanistic,replication_support,primary,dMRI_weighted_mean,ISOVF,corticospinal tract (right),basket,A,G,genotype_pairwise,AA_vs_AG,AA,AG,30150,0.010956400859777544,0.012380737839997751,0.8849554042232699,0.3761878741568814,-0.013310391895270004,0.035223193614825093,nonrobust,ok,0.3761878741568814,0.4245952073811415,96,32.0,False,False,False
dMRI_weighted_mean_ISOVF_forceps_major,25714.0,25498.0,replication_mechanistic,replication_mechanistic,replication_support,primary,dMRI_weighted_mean,ISOVF,forceps major,basket,A,G,genotype_pairwise,AA_vs_AG,AA,AG,30156,-0.011369660706322072,0.01291736186462033,-0.88018442352867,0.37876655623815914,-0.036688260030765675,0.013948938618121532,nonrobust,ok,0.37876655623815914,0.42162837465934333,96,33.0,False,False,False
dMRI_weighted_mean_ISOVF_forceps_minor,25715.0,25499.0,replication_mechanistic,replication_mechanistic,replication_support,primary,dMRI_weighted_mean,ISOVF,forceps minor,basket,A,G,genotype_pairwise,AA_vs_AG,AA,AG,30155,-0.011117505212920493,0.012731236782348509,-0.8732462841579218,0.3825359362609724,-0.03607129119650279,0.013836280770661808,nonrobust,ok,0.3825359362609724,0.4173277600221452,96,34.0,False,False,False
dMRI_weighted_mean_ICVF_uncinate_fasciculus_left,25675.0,25513.0,replication_mechanistic,replication_mechanistic,replication_support,primary,dMRI_weighted_mean,ICVF,uncinate fasciculus (left),basket,A,G,genotype_pairwise,AG_vs_GG,AG,GG,30147,0.01002710926938609,0.01233339046129135,0.8130050938431259,0.41622167867756454,-0.014146880633329844,0.034201099172102026,nonrobust,ok,0.41622167867756454,0.3806753035457007,96,35.0,False,False,False
dMRI_weighted_mean_ICVF_cingulate_gyrus_part_of_cingulum_right,25655.0,25493.0,replication_mechanistic,replication_mechanistic,replication_support,primary,dMRI_weighted_mean,ICVF,cingulate gyrus part of cingulum (right),basket,A,G,genotype_pairwise,AG_vs_GG,AG,GG,30147,0.010330725271220729,0.012808431143546975,0.8065566465902,0.41992844168943366,-0.014774365344820416,0.03543581588726187,nonrobust,ok,0.41992844168943366,0.37682470966673826,96,36.0,False,False,False
dMRI_weighted_mean_ICVF_cingulate_gyrus_part_of_cingulum_left,25654.0,25492.0,replication_mechanistic,replication_mechanistic,replication_support,primary,dMRI_weighted_mean,ICVF,cingulate gyrus part of cingulum (left),basket,A,G,genotype_pairwise,AA_vs_GG,AA,GG,30147,0.011631142952600333,0.014422039449003575,0.8064839230074311,0.4199703557361346,-0.016636691193330014,0.03989897709853068,nonrobust,ok,0.4199703557361346,0.37678136387491823,96,37.0,False,False,False
dMRI_weighted_mean_ICVF_superior_thalamic_radiation_left,25673.0,25511.0,replication_mechanistic,replication_mechanistic,replication_support,primary,dMRI_weighted_mean,ICVF,superior thalamic radiation (left),basket,A,G,genotype_pairwise,AA_vs_GG,AA,GG,30148,0.01025806791096904,0.013387846745147062,0.7662223885769733,0.44355010088473334,-0.01598270283286469,0.036498838654802766,nonrobust,ok,0.44355010088473334,0.3530573176386317,96,38.0,False,False,False
dMRI_weighted_mean_ICVF_superior_longitudinal_fasciculus_left,25671.0,25509.0,replication_mechanistic,replication_mechanistic,replication_support,primary,dMRI_weighted_mean,ICVF,superior longitudinal fasciculus (left),basket,A,G,genotype_pairwise,AA_vs_GG,AA,GG,30146,0.01023493053235198,0.013499172271125428,0.7581894894581335,0.4483435908736447,-0.016224043230986827,0.036693904295690784,nonrobust,ok,0.4483435908736447,0.3483890341532921,96,39.0,False,False,False
dMRI_weighted_mean_ISOVF_superior_thalamic_radiation_left,25727.0,25511.0,replication_mechanistic,replication_mechanistic,replication_support,primary,dMRI_weighted_mean,ISOVF,superior thalamic radiation (left),basket,A,G,genotype_pairwise,AA_vs_AG,AA,AG,30150,-0.008313636912253184,0.011019169529202505,-0.7544703700420217,0.45057283401512915,-0.029911695667202205,0.013284421842695836,nonrobust,ok,0.45057283401512915,0.3462349963516065,96,40.0,False,False,False
dMRI_weighted_mean_ICVF_posterior_thalamic_radiation_left,25669.0,25507.0,replication_mechanistic,replication_mechanistic,replication_support,primary,dMRI_weighted_mean,ICVF,posterior thalamic radiation (left),basket,A,G,genotype_pairwise,AA_vs_AG,AA,AG,30147,-0.008522813927695296,0.01145741338167294,-0.7438689382830708,0.4569616751491824,-0.030979850074331988,0.013934222218941396,nonrobust,ok,0.4569616751491824,0.3401202221821811,96,41.0,False,False,False
dMRI_weighted_mean_ISOVF_posterior_thalamic_radiation_left,25723.0,25507.0,replication_mechanistic,replication_mechanistic,replication_support,primary,dMRI_weighted_mean,ISOVF,posterior thalamic radiation (left),basket,A,G,genotype_pairwise,AA_vs_GG,AA,GG,30133,-0.010024892908177173,0.013567925533917398,-0.7388670348401254,0.45999360457883876,-0.036618626580815786,0.016568840764461443,nonrobust,ok,0.45999360457883876,0.33724820639544295,96,42.0,False,False,False
dMRI_weighted_mean_ISOVF_posterior_thalamic_radiation_left,25723.0,25507.0,replication_mechanistic,replication_mechanistic,replication_support,primary,dMRI_weighted_mean,ISOVF,posterior thalamic radiation (left),basket,A,G,genotype_pairwise,AA_vs_AG,AA,AG,30133,-0.008421805099208935,0.011431765170335992,-0.7367020730151518,0.4613093891410215,-0.030828570052928828,0.013984959854510958,nonrobust,ok,0.4613093891410215,0.33600770600166513,96,43.0,False,False,False
dMRI_weighted_mean_ICVF_forceps_minor,25661.0,25499.0,replication_mechanistic,replication_mechanistic,replication_support,primary,dMRI_weighted_mean,ICVF,forceps minor,basket,A,G,genotype_pairwise,AG_vs_GG,AG,GG,30148,0.00872038686602538,0.012551022861105373,0.694794915325122,0.48718929021267754,-0.015880172116192366,0.033320945848243126,nonrobust,ok,0.48718929021267754,0.31230226728129634,96,44.0,False,False,False
dMRI_weighted_mean_ISOVF_uncinate_fasciculus_right,25730.0,25514.0,replication_mechanistic,replication_mechanistic,replication_support,primary,dMRI_weighted_mean,ISOVF,uncinate fasciculus (right),basket,A,G,genotype_pairwise,AA_vs_GG,AA,GG,30137,-0.010689822876309403,0.015454938869283721,-0.6916768139119037,0.4891457393478579,-0.04098218591403181,0.019602540161413003,nonrobust,ok,0.4891457393478579,0.31056172499796186,96,45.0,False,False,False
dMRI_weighted_mean_ISOVF_forceps_major,25714.0,25498.0,replication_mechanistic,replication_mechanistic,replication_support,primary,dMRI_weighted_mean,ISOVF,forceps major,basket,A,G,genotype_pairwise,AG_vs_GG,AG,GG,30156,-0.009393568011302608,0.01363187161379263,-0.6890886502920305,0.4907728831679987,-0.03611263797691098,0.017325501954305766,nonrobust,ok,0.4907728831679987,0.309119441494849,96,46.0,False,False,False
dMRI_weighted_mean_ISOVF_cingulate_gyrus_part_of_cingulum_right,25709.0,25493.0,replication_mechanistic,replication_mechanistic,replication_support,primary,dMRI_weighted_mean,ISOVF,cingulate gyrus part of cingulum (right),basket,A,G,genotype_pairwise,AA_vs_GG,AA,GG,30151,-0.009829498209889828,0.014272485511269181,-0.6887026231085479,0.49101582378257214,-0.03780419987943064,0.01814520345965099,nonrobust,ok,0.49101582378257214,0.3089045118063205,96,47.0,False,False,False
dMRI_weighted_mean_ICVF_corticospinal_tract_right,25659.0,25497.0,replication_mechanistic,replication_mechanistic,replication_support,primary,dMRI_weighted_mean,ICVF,corticospinal tract (right),basket,A,G,genotype_pairwise,AA_vs_GG,AA,GG,30147,0.009901961391952782,0.01448736117824242,0.6834896479852979,0.49430284095793076,-0.018493906227660555,0.03829782901156612,nonrobust,ok,0.49430284095793076,0.3060068934663787,96,48.0,False,False,False
dMRI_weighted_mean_ISOVF_parahippocampal_part_of_cingulum_left,25710.0,25494.0,replication_mechanistic,replication_mechanistic,replication_support,primary,dMRI_weighted_mean,ISOVF,parahippocampal part of cingulum (left),basket,A,G,genotype_pairwise,AA_vs_AG,AA,AG,30107,-0.008254242654658808,0.012626692445374052,-0.6537137647383542,0.5133013198534642,-0.033003118733349164,0.016494633424031548,nonrobust,ok,0.5133013198534642,0.28962761903489387,96,49.0,False,False,False
dMRI_weighted_mean_ISOVF_parahippocampal_part_of_cingulum_right,25711.0,25495.0,replication_mechanistic,replication_mechanistic,replication_support,primary,dMRI_weighted_mean,ISOVF,parahippocampal part of cingulum (right),basket,A,G,genotype_pairwise,AG_vs_GG,AG,GG,30124,0.00865002558664689,0.013272814560533329,0.6517099705715556,0.5145933546949073,-0.01736527785997268,0.034665329033266454,nonrobust,ok,0.5145933546949073,0.2885358264388608,96,50.0,False,False,False
dMRI_weighted_mean_ICVF_parahippocampal_part_of_cingulum_left,25656.0,25494.0,replication_mechanistic,replication_mechanistic,replication_support,primary,dMRI_weighted_mean,ICVF,parahippocampal part of cingulum (left),basket,A,G,genotype_pairwise,AA_vs_AG,AA,AG,30144,-0.007875062948137852,0.01243849344145847,-0.6331203200131659,0.5266599669139111,-0.03225505943406892,0.01650493353779322,nonrobust,ok,0.5266599669139111,0.2784696924819974,96,51.0,False,False,False
dMRI_weighted_mean_ISOVF_corticospinal_tract_right,25713.0,25497.0,replication_mechanistic,replication_mechanistic,replication_support,primary,dMRI_weighted_mean,ISOVF,corticospinal tract (right),basket,A,G,genotype_pairwise,AA_vs_GG,AA,GG,30150,-0.009191577310072774,0.014693723505151203,-0.6255444582750226,0.5316186027345748,-0.03799192408322921,0.019608769463083667,nonrobust,ok,0.5316186027345748,0.2743998303560576,96,52.0,False,False,False
dMRI_weighted_mean_ICVF_cingulate_gyrus_part_of_cingulum_right,25655.0,25493.0,replication_mechanistic,replication_mechanistic,replication_support,primary,dMRI_weighted_mean,ICVF,cingulate gyrus part of cingulum (right),basket,A,G,genotype_pairwise,AA_vs_GG,AA,GG,30147,0.00864808761334267,0.014405516751320752,0.6003316481201398,0.5482898283037425,-0.01958736131554588,0.03688353654223122,nonrobust,ok,0.5482898283037425,0.2609898109331014,96,53.0,False,False,False
dMRI_weighted_mean_ICVF_uncinate_fasciculus_left,25675.0,25513.0,replication_mechanistic,replication_mechanistic,replication_support,primary,dMRI_weighted_mean,ICVF,uncinate fasciculus (left),basket,A,G,genotype_pairwise,AA_vs_GG,AA,GG,30147,0.008162816052510874,0.013870646214267292,0.5884957287797186,0.5562040915999763,-0.01902426300577546,0.03534989511079721,nonrobust,ok,0.5562040915999763,0.254765820662877,96,54.0,False,False,False
dMRI_weighted_mean_ICVF_cingulate_gyrus_part_of_cingulum_left,25654.0,25492.0,replication_mechanistic,replication_mechanistic,replication_support,primary,dMRI_weighted_mean,ICVF,cingulate gyrus part of cingulum (left),basket,A,G,genotype_pairwise,AA_vs_AG,AA,AG,30147,0.0071413558822884405,0.01215154241519266,0.5876913101467552,0.5567439938882319,-0.01667620382031218,0.030958915584889057,nonrobust,ok,0.5567439938882319,0.25434445940441947,96,55.0,False,False,False
dMRI_weighted_mean_ISOVF_superior_longitudinal_fasciculus_right,25726.0,25510.0,replication_mechanistic,replication_mechanistic,replication_support,primary,dMRI_weighted_mean,ISOVF,superior longitudinal fasciculus (right),basket,A,G,genotype_pairwise,AA_vs_GG,AA,GG,30152,0.007564985422054063,0.013767473961900614,0.5494824572023167,0.5826785462714608,-0.019419871279395068,0.0345498421235032,nonrobust,ok,0.5826785462714608,0.23457097196896284,96,56.0,False,False,False
dMRI_weighted_mean_ICVF_corticospinal_tract_left,25658.0,25496.0,replication_mechanistic,replication_mechanistic,replication_support,primary,dMRI_weighted_mean,ICVF,corticospinal tract (left),basket,A,G,genotype_pairwise,AA_vs_AG,AA,AG,30147,0.006685061296177286,0.012326989799280463,0.5423109295156144,0.5876084114968965,-0.017476383026366876,0.03084650561872145,nonrobust,ok,0.5876084114968965,0.23091199599862916,96,57.0,False,False,False
dMRI_weighted_mean_ISOVF_superior_thalamic_radiation_right,25728.0,25512.0,replication_mechanistic,replication_mechanistic,replication_support,primary,dMRI_weighted_mean,ISOVF,superior thalamic radiation (right),basket,A,G,genotype_pairwise,AG_vs_GG,AG,GG,30153,0.0059869573181536686,0.011138063243394308,0.5375222951534572,0.5909109300024392,-0.015844138275061533,0.02781805291136887,nonrobust,ok,0.5909109300024392,0.2284779768576234,96,58.0,False,False,False
dMRI_weighted_mean_ISOVF_uncinate_fasciculus_left,25729.0,25513.0,replication_mechanistic,replication_mechanistic,replication_support,primary,dMRI_weighted_mean,ISOVF,uncinate fasciculus (left),basket,A,G,genotype_pairwise,AA_vs_GG,AA,GG,30141,-0.00807031840771245,0.015354189941832758,-0.5256101714441299,0.5991630274464879,-0.038165208929691385,0.022024572114266484,nonrobust,ok,0.5991630274464879,0.2224549934917941,96,59.0,False,False,False
dMRI_weighted_mean_ISOVF_superior_thalamic_radiation_right,25728.0,25512.0,replication_mechanistic,replication_mechanistic,replication_support,primary,dMRI_weighted_mean,ISOVF,superior thalamic radiation (right),basket,A,G,genotype_pairwise,AA_vs_GG,AA,GG,30153,-0.006563286236569105,0.01252655859278146,-0.5239496696523861,0.6003174699891496,-0.0311158940030235,0.017989321529885288,nonrobust,ok,0.6003174699891496,0.22161901794766078,96,60.0,False,False,False
dMRI_weighted_mean_ISOVF_parahippocampal_part_of_cingulum_left,25710.0,25494.0,replication_mechanistic,replication_mechanistic,replication_support,primary,dMRI_weighted_mean,ISOVF,parahippocampal part of cingulum (left),basket,A,G,genotype_pairwise,AA_vs_GG,AA,GG,30107,-0.007660177733669095,0.014985870456460881,-0.5111600127549849,0.6092428350018324,-0.03703314713660526,0.02171279166926707,nonrobust,ok,0.6092428350018324,0.2152095696318957,96,61.0,False,False,False
dMRI_weighted_mean_ICVF_corticospinal_tract_left,25658.0,25496.0,replication_mechanistic,replication_mechanistic,replication_support,primary,dMRI_weighted_mean,ICVF,corticospinal tract (left),basket,A,G,genotype_pairwise,AA_vs_GG,AA,GG,30147,0.007410027867495846,0.014630187927554206,0.5064889052819305,0.6125172499274067,-0.02126578648748902,0.03608584222248071,nonrobust,ok,0.6125172499274067,0.2128816760364174,96,62.0,False,False,False
dMRI_weighted_mean_ISOVF_cingulate_gyrus_part_of_cingulum_right,25709.0,25493.0,replication_mechanistic,replication_mechanistic,replication_support,primary,dMRI_weighted_mean,ISOVF,cingulate gyrus part of cingulum (right),basket,A,G,genotype_pairwise,AG_vs_GG,AG,GG,30151,0.0064013070998664694,0.012690229086486714,0.5044280175117524,0.6139643891664794,-0.01847210212743962,0.03127471632717256,nonrobust,ok,0.6139643891664794,0.21185681784417218,96,63.0,False,False,False
dMRI_weighted_mean_ISOVF_uncinate_fasciculus_right,25730.0,25514.0,replication_mechanistic,replication_mechanistic,replication_support,primary,dMRI_weighted_mean,ISOVF,uncinate fasciculus (right),basket,A,G,genotype_pairwise,AA_vs_AG,AA,AG,30137,-0.006557654553690127,0.013021581715829582,-0.5035989249845406,0.6145469982578518,-0.032080530056306684,0.018965220948926432,nonrobust,ok,0.6145469982578518,0.21144489828844254,96,64.0,False,False,False
dMRI_weighted_mean_ICVF_posterior_thalamic_radiation_left,25669.0,25507.0,replication_mechanistic,replication_mechanistic,replication_support,primary,dMRI_weighted_mean,ICVF,posterior thalamic radiation (left),basket,A,G,genotype_pairwise,AA_vs_GG,AA,GG,30147,0.0064253243376360784,0.013597517774119766,0.47253656471517436,0.6365473339845922,-0.020226410917582212,0.03307705959285437,nonrobust,ok,0.6365473339845922,0.1961692964502542,96,65.0,False,False,False
dMRI_weighted_mean_ISOVF_superior_longitudinal_fasciculus_right,25726.0,25510.0,replication_mechanistic,replication_mechanistic,replication_support,primary,dMRI_weighted_mean,ISOVF,superior longitudinal fasciculus (right),basket,A,G,genotype_pairwise,AA_vs_AG,AA,AG,30152,-0.005384243532961707,0.011601055107834228,-0.46411671032626256,0.6425675438033579,-0.028122823648446007,0.017354336582522594,nonrobust,ok,0.6425675438033579,0.19208121451914667,96,66.0,False,False,False
dMRI_weighted_mean_ISOVF_uncinate_fasciculus_left,25729.0,25513.0,replication_mechanistic,replication_mechanistic,replication_support,primary,dMRI_weighted_mean,ISOVF,uncinate fasciculus (left),basket,A,G,genotype_pairwise,AG_vs_GG,AG,GG,30141,0.006032916228736404,0.013652003754953622,0.4419070150451258,0.6585597241288051,-0.020725614176804002,0.032791446634276813,nonrobust,ok,0.6585597241288051,0.1814048331799474,96,67.0,False,False,False
dMRI_weighted_mean_ISOVF_parahippocampal_part_of_cingulum_right,25711.0,25495.0,replication_mechanistic,replication_mechanistic,replication_support,primary,dMRI_weighted_mean,ISOVF,parahippocampal part of cingulum (right),basket,A,G,genotype_pairwise,AA_vs_GG,AA,GG,30124,0.006050389352794433,0.01492649286060316,0.4053456769315029,0.6852263683448699,-0.02320619668563722,0.035306975391226084,nonrobust,ok,0.6852263683448699,0.164165933204579,96,68.0,False,False,False
dMRI_weighted_mean_ISOVF_superior_thalamic_radiation_left,25727.0,25511.0,replication_mechanistic,replication_mechanistic,replication_support,primary,dMRI_weighted_mean,ISOVF,superior thalamic radiation (left),basket,A,G,genotype_pairwise,AA_vs_GG,AA,GG,30150,-0.005198304066013453,0.01307700232738438,-0.3975149606823693,0.6909906234560068,-0.030829805955239212,0.020433197823212308,nonrobust,ok,0.6909906234560068,0.1605278458370094,96,69.0,False,False,False
dMRI_weighted_mean_ICVF_uncinate_fasciculus_right,25676.0,25514.0,replication_mechanistic,replication_mechanistic,replication_support,primary,dMRI_weighted_mean,ICVF,uncinate fasciculus (right),basket,A,G,genotype_pairwise,AA_vs_GG,AA,GG,30146,0.005307609600869291,0.013899593716975767,0.38185357852489127,0.702572716761554,-0.021936207878605674,0.03255142708034426,nonrobust,ok,0.702572716761554,0.15330871931764806,96,70.0,False,False,False
dMRI_weighted_mean_ICVF_uncinate_fasciculus_right,25676.0,25514.0,replication_mechanistic,replication_mechanistic,replication_support,primary,dMRI_weighted_mean,ICVF,uncinate fasciculus (right),basket,A,G,genotype_pairwise,AG_vs_GG,AG,GG,30146,0.004546364792496196,0.01235925171282948,0.3678511367947023,0.7129868676959761,-0.019678314338663024,0.02877104392365542,nonrobust,ok,0.7129868676959761,0.14691846922204127,96,71.0,False,False,False
dMRI_weighted_mean_ICVF_forceps_minor,25661.0,25499.0,replication_mechanistic,replication_mechanistic,replication_support,primary,dMRI_weighted_mean,ICVF,forceps minor,basket,A,G,genotype_pairwise,AA_vs_AG,AA,AG,30148,-0.004305990611817533,0.011893214967160688,-0.362054383420055,0.7173139763996219,-0.027617217077232782,0.019005235853597716,nonrobust,ok,0.7173139763996219,0.14429070713459136,96,72.0,False,False,False
dMRI_weighted_mean_ISOVF_forceps_minor,25715.0,25499.0,replication_mechanistic,replication_mechanistic,replication_support,primary,dMRI_weighted_mean,ISOVF,forceps minor,basket,A,G,genotype_pairwise,AA_vs_GG,AA,GG,30155,0.005311112657272951,0.015110400882911958,0.35148721059274995,0.7252253675753801,-0.02430593996726885,0.03492816528181475,nonrobust,ok,0.7252253675753801,0.13952701317371116,96,73.0,False,False,False
dMRI_weighted_mean_ICVF_cingulate_gyrus_part_of_cingulum_left,25654.0,25492.0,replication_mechanistic,replication_mechanistic,replication_support,primary,dMRI_weighted_mean,ICVF,cingulate gyrus part of cingulum (left),basket,A,G,genotype_pairwise,AG_vs_GG,AG,GG,30147,0.004489787070311892,0.0128231315388061,0.35013187353842856,0.726242223408459,-0.020644116969554226,0.029623691110178006,nonrobust,ok,0.726242223408459,0.13891850499593492,96,74.0,False,False,False
dMRI_weighted_mean_ICVF_parahippocampal_part_of_cingulum_left,25656.0,25494.0,replication_mechanistic,replication_mechanistic,replication_support,primary,dMRI_weighted_mean,ICVF,parahippocampal part of cingulum (left),basket,A,G,genotype_pairwise,AA_vs_GG,AA,GG,30144,-0.004943525844588749,0.014762609491492672,-0.33486802231255797,0.7377270190863225,-0.03387889243216502,0.023991840742987526,nonrobust,ok,0.7377270190863225,0.13210431031251457,96,75.0,False,False,False
dMRI_weighted_mean_ICVF_forceps_minor,25661.0,25499.0,replication_mechanistic,replication_mechanistic,replication_support,primary,dMRI_weighted_mean,ICVF,forceps minor,basket,A,G,genotype_pairwise,AA_vs_GG,AA,GG,30148,0.004414396254207848,0.014115609082176434,0.31273154622720734,0.7544868301773365,-0.023252820803623824,0.03208161331203952,nonrobust,ok,0.7544868301773365,0.12234833657921801,96,76.0,False,False,False
dMRI_weighted_mean_ISOVF_uncinate_fasciculus_right,25730.0,25514.0,replication_mechanistic,replication_mechanistic,replication_support,primary,dMRI_weighted_mean,ISOVF,uncinate fasciculus (right),basket,A,G,genotype_pairwise,AG_vs_GG,AG,GG,30137,-0.004132168322619276,0.013740779372410625,-0.30072299471717273,0.7636278461811821,-0.03106470300883388,0.022800366363595326,nonrobust,ok,0.7636278461811821,0.11711824316164848,96,77.0,False,False,False
dMRI_weighted_mean_ICVF_corticospinal_tract_right,25659.0,25497.0,replication_mechanistic,replication_mechanistic,replication_support,primary,dMRI_weighted_mean,ICVF,corticospinal tract (right),basket,A,G,genotype_pairwise,AA_vs_AG,AA,AG,30147,-0.003627742011306384,0.012206647949227063,-0.2971939574562807,0.7663205209468038,-0.0275533109938785,0.020297826971265736,nonrobust,ok,0.7663205209468038,0.11558954451426207,96,78.0,False,False,False
dMRI_weighted_mean_ISOVF_superior_thalamic_radiation_left,25727.0,25511.0,replication_mechanistic,replication_mechanistic,replication_support,primary,dMRI_weighted_mean,ISOVF,superior thalamic radiation (left),basket,A,G,genotype_pairwise,AG_vs_GG,AG,GG,30150,0.0031153328462397304,0.011627761127854574,0.26792198532328615,0.7887612375743676,-0.019675592310357894,0.025906258002837353,nonrobust,ok,0.7887612375743676,0.10305444025903374,96,79.0,False,False,False
dMRI_weighted_mean_ICVF_superior_longitudinal_fasciculus_left,25671.0,25509.0,replication_mechanistic,replication_mechanistic,replication_support,primary,dMRI_weighted_mean,ICVF,superior longitudinal fasciculus (left),basket,A,G,genotype_pairwise,AA_vs_AG,AA,AG,30146,-0.0027214981250065144,0.011373525174724147,-0.23928360672684065,0.8108873334453216,-0.02501410971263617,0.01957111346262314,nonrobust,ok,0.8108873334453216,0.09103948347329538,96,80.0,False,False,False
dMRI_weighted_mean_ICVF_parahippocampal_part_of_cingulum_left,25656.0,25494.0,replication_mechanistic,replication_mechanistic,replication_support,primary,dMRI_weighted_mean,ICVF,parahippocampal part of cingulum (left),basket,A,G,genotype_pairwise,AG_vs_GG,AG,GG,30144,0.002931537103549103,0.013126573892347696,0.22332842732543332,0.823281445858844,-0.022797127454899778,0.02866020166199798,nonrobust,ok,0.823281445858844,0.08445167209233019,96,81.0,False,False,False
dMRI_weighted_mean_ISOVF_parahippocampal_part_of_cingulum_right,25711.0,25495.0,replication_mechanistic,replication_mechanistic,replication_support,primary,dMRI_weighted_mean,ISOVF,parahippocampal part of cingulum (right),basket,A,G,genotype_pairwise,AA_vs_AG,AA,AG,30124,-0.0025996362338524567,0.012576041268017856,-0.20671339879136644,0.8362351160541546,-0.02724923321666064,0.022049960748955724,nonrobust,ok,0.8362351160541546,0.07767159905739401,96,82.0,False,False,False
dMRI_weighted_mean_ICVF_superior_thalamic_radiation_right,25674.0,25512.0,replication_mechanistic,replication_mechanistic,replication_support,primary,dMRI_weighted_mean,ICVF,superior thalamic radiation (right),basket,A,G,genotype_pairwise,AA_vs_AG,AA,AG,30149,0.0023057388290745437,0.011258959695985546,0.20479146309553536,0.8377364655576335,-0.019762319269600204,0.02437379692774929,nonrobust,ok,0.8377364655576335,0.07689257988316181,96,83.0,False,False,False
dMRI_weighted_mean_ISOVF_superior_longitudinal_fasciculus_left,25725.0,25509.0,replication_mechanistic,replication_mechanistic,replication_support,primary,dMRI_weighted_mean,ISOVF,superior longitudinal fasciculus (left),basket,A,G,genotype_pairwise,AA_vs_GG,AA,GG,30149,0.0026343435191637323,0.014620749798166579,0.1801784146182486,0.8570137374610258,-0.026022971606244397,0.03129165864457186,nonrobust,ok,0.8570137374610258,0.06701221651822314,96,84.0,False,False,False
dMRI_weighted_mean_ICVF_uncinate_fasciculus_left,25675.0,25513.0,replication_mechanistic,replication_mechanistic,replication_support,primary,dMRI_weighted_mean,ICVF,uncinate fasciculus (left),basket,A,G,genotype_pairwise,AA_vs_AG,AA,AG,30147,-0.001864293216875215,0.01168702105805999,-0.1595182559878678,0.873261664997689,-0.024771370547887535,0.021042784114137104,nonrobust,ok,0.873261664997689,0.058855604361610726,96,85.0,False,False,False
dMRI_weighted_mean_ICVF_parahippocampal_part_of_cingulum_right,25657.0,25495.0,replication_mechanistic,replication_mechanistic,replication_support,primary,dMRI_weighted_mean,ICVF,parahippocampal part of cingulum (right),basket,A,G,genotype_pairwise,AA_vs_AG,AA,AG,30145,0.0018321835779634556,0.0121735196393756,0.1505056575451856,0.8803667134168194,-0.022028452520443022,0.025692819676369934,nonrobust,ok,0.8803667134168194,0.05533638644205029,96,86.0,False,False,False
dMRI_weighted_mean_ICVF_cingulate_gyrus_part_of_cingulum_right,25655.0,25493.0,replication_mechanistic,replication_mechanistic,replication_support,primary,dMRI_weighted_mean,ICVF,cingulate gyrus part of cingulum (right),basket,A,G,genotype_pairwise,AA_vs_AG,AA,AG,30147,-0.0016826376578780587,0.012137626111269402,-0.13862988054276798,0.8897435733763512,-0.025472920790294687,0.02210764547453857,nonrobust,ok,0.8897435733763512,0.05073514022467033,96,87.0,False,False,False
dMRI_weighted_mean_ISOVF_posterior_thalamic_radiation_right,25724.0,25508.0,replication_mechanistic,replication_mechanistic,replication_support,primary,dMRI_weighted_mean,ISOVF,posterior thalamic radiation (right),basket,A,G,genotype_pairwise,AG_vs_GG,AG,GG,30138,0.0016782165754979893,0.01218700021701933,0.1377054685823616,0.8904741344977578,-0.02220884228164335,0.02556527543263933,nonrobust,ok,0.8904741344977578,0.05037869092060207,96,88.0,False,False,False
dMRI_weighted_mean_ISOVF_posterior_thalamic_radiation_left,25723.0,25507.0,replication_mechanistic,replication_mechanistic,replication_support,primary,dMRI_weighted_mean,ISOVF,posterior thalamic radiation (left),basket,A,G,genotype_pairwise,AG_vs_GG,AG,GG,30133,-0.0016030878089682375,0.012065557814300468,-0.13286479030983622,0.8943012170909245,-0.025252114354936295,0.022045938736999823,nonrobust,ok,0.8943012170909245,0.04851617819826836,96,89.0,False,False,False
dMRI_weighted_mean_ICVF_superior_thalamic_radiation_left,25673.0,25511.0,replication_mechanistic,replication_mechanistic,replication_support,primary,dMRI_weighted_mean,ICVF,superior thalamic radiation (left),basket,A,G,genotype_pairwise,AA_vs_AG,AA,AG,30148,-0.0009551586915949729,0.011280071842192495,-0.08467664966656097,0.9325190329615394,-0.02306459755951772,0.021154280176327773,nonrobust,ok,0.9325190329615394,0.030342295362904233,96,90.0,False,False,False
dMRI_weighted_mean_ICVF_uncinate_fasciculus_right,25676.0,25514.0,replication_mechanistic,replication_mechanistic,replication_support,primary,dMRI_weighted_mean,ICVF,uncinate fasciculus (right),basket,A,G,genotype_pairwise,AA_vs_AG,AA,AG,30146,0.0007612448083730954,0.011711545186387172,0.06499951938518947,0.9481748220156295,-0.022193900928791477,0.023716390545537668,nonrobust,ok,0.9481748220156295,0.02311158118839374,96,91.0,False,False,False
dMRI_weighted_mean_ICVF_corticospinal_tract_left,25658.0,25496.0,replication_mechanistic,replication_mechanistic,replication_support,primary,dMRI_weighted_mean,ICVF,corticospinal tract (left),basket,A,G,genotype_pairwise,AG_vs_GG,AG,GG,30147,0.0007249665713185598,0.013008753697934944,0.05572913348598825,0.9555579666424625,-0.024772765096853357,0.026222698239490475,nonrobust,ok,0.9555579666424625,0.01974296237206388,96,92.0,False,False,False
dMRI_weighted_mean_ISOVF_parahippocampal_part_of_cingulum_left,25710.0,25494.0,replication_mechanistic,replication_mechanistic,replication_support,primary,dMRI_weighted_mean,ISOVF,parahippocampal part of cingulum (left),basket,A,G,genotype_pairwise,AG_vs_GG,AG,GG,30107,0.0005940649209897134,0.013327879036973977,0.04457310269260911,0.9644478834447212,-0.02552916791332935,0.02671729775530878,nonrobust,ok,0.9644478834447212,0.01572123566541064,96,93.0,False,False,False
dMRI_weighted_mean_ICVF_superior_longitudinal_fasciculus_right,25672.0,25510.0,replication_mechanistic,replication_mechanistic,replication_support,primary,dMRI_weighted_mean,ICVF,superior longitudinal fasciculus (right),basket,A,G,genotype_pairwise,AA_vs_AG,AA,AG,30146,-0.00042959331716880904,0.01156663434328811,-0.03714073639909725,0.9703730420148303,-0.023100707402719994,0.02224152076838238,nonrobust,ok,0.9703730420148303,0.013061277132030731,96,94.0,False,False,False
dMRI_weighted_mean_ISOVF_cingulate_gyrus_part_of_cingulum_left,25708.0,25492.0,replication_mechanistic,replication_mechanistic,replication_support,primary,dMRI_weighted_mean,ISOVF,cingulate gyrus part of cingulum (left),basket,A,G,genotype_pairwise,AG_vs_GG,AG,GG,30153,-0.00026556456135281604,0.012673651831792433,-0.020954067925918186,0.9832824373586752,-0.025106481568991375,0.02457535244628574,nonrobust,ok,0.9832824373586752,0.007321717805564195,96,95.0,False,False,False
dMRI_weighted_mean_ICVF_posterior_thalamic_radiation_right,25670.0,25508.0,replication_mechanistic,replication_mechanistic,replication_support,primary,dMRI_weighted_mean,ICVF,posterior thalamic radiation (right),basket,A,G,genotype_pairwise,AA_vs_GG,AA,GG,30147,0.0002194054528059328,0.013723628985961826,0.015987422352379755,0.9872445337063873,-0.026679513346244636,0.027118324251856504,nonrobust,ok,0.9872445337063873,0.005575262238391826,96,96.0,False,False,False
dMRI_weighted_mean_FA_forceps_major,25498.0,25498.0,replication_weighted_tensor,replication_weighted_tensor,replication,primary,dMRI_weighted_mean,FA,forceps major,basket,A,G,genotype_pairwise,AA_vs_GG,AA,GG,30148,0.03181298364168139,0.015136213710080892,2.101779497239364,0.03558102654447671,0.002145336449657708,0.06148063083370507,nonrobust,ok,0.03558102654447671,1.4487815262866521,144,1.0,True,False,False
dMRI_weighted_mean_RD_forceps_major,,25498.0,replication_weighted_tensor,replication_weighted_tensor,replication,primary,dMRI_weighted_mean,RD,forceps major,derived,A,G,genotype_pairwise,AA_vs_GG,AA,GG,30145,-0.031881529323719106,0.015244958936465401,-2.0912833846642656,0.03651117466789746,-0.06176232208488381,-0.002000736562554402,nonrobust,ok,0.03651117466789746,1.4375741943419917,144,2.0,True,False,False
dMRI_weighted_mean_MD_corticospinal_tract_right,25524.0,25497.0,replication_weighted_tensor,replication_weighted_tensor,replication,primary,dMRI_weighted_mean,MD,corticospinal tract (right),basket,A,G,genotype_pairwise,AG_vs_GG,AG,GG,30152,-0.026412130655582546,0.01280931141965123,-2.0619477339791064,0.03922142188390592,-0.05151894647815673,-0.001305314833008362,nonrobust,ok,0.03922142188390592,1.4064766660190562,144,3.0,True,False,False
dMRI_weighted_mean_MD_corticospinal_tract_left,25523.0,25496.0,replication_weighted_tensor,replication_weighted_tensor,replication,primary,dMRI_weighted_mean,MD,corticospinal tract (left),basket,A,G,genotype_pairwise,AG_vs_GG,AG,GG,30152,-0.025322509375383717,0.013008671469234777,-1.9465868928484278,0.051593730010169,-0.05082007969547091,0.00017506094470346942,nonrobust,ok,0.051593730010169,1.2874030733231325,144,4.0,False,False,False
dMRI_weighted_mean_RD_corticospinal_tract_left,,25496.0,replication_weighted_tensor,replication_weighted_tensor,replication,primary,dMRI_weighted_mean,RD,corticospinal tract (left),derived,A,G,genotype_pairwise,AG_vs_GG,AG,GG,30148,-0.025019712889114074,0.013288413074306244,-1.882821729668446,0.059734332051443906,-0.05106558924773253,0.0010261634695043834,nonrobust,ok,0.059734332051443906,1.2237759882193628,144,5.0,False,False,False
dMRI_weighted_mean_MD_forceps_major,25525.0,25498.0,replication_weighted_tensor,replication_weighted_tensor,replication,primary,dMRI_weighted_mean,MD,forceps major,basket,A,G,genotype_pairwise,AA_vs_GG,AA,GG,30150,-0.02790542594098534,0.015094616682099436,-1.848700535342386,0.06451103413528018,-0.05749154103971656,0.0016806891577458814,nonrobust,ok,0.06451103413528018,1.1903659961520527,144,6.0,False,False,False
dMRI_weighted_mean_RD_posterior_thalamic_radiation_right,,25508.0,replication_weighted_tensor,replication_weighted_tensor,replication,primary,dMRI_weighted_mean,RD,posterior thalamic radiation (right),derived,A,G,genotype_pairwise,AA_vs_AG,AA,AG,30133,0.020052738914821743,0.01085988595136339,1.8464962711974198,0.06483016412187709,-0.001233117495859963,0.04133859532550345,nonrobust,ok,0.06483016412187709,1.1882228789503069,144,7.0,False,False,False
dMRI_weighted_mean_FA_posterior_thalamic_radiation_right,25508.0,25508.0,replication_weighted_tensor,replication_weighted_tensor,replication,primary,dMRI_weighted_mean,FA,posterior thalamic radiation (right),basket,A,G,genotype_pairwise,AA_vs_AG,AA,AG,30149,-0.021940384322296086,0.011990318912785295,-1.8298415981997793,0.06728368274204839,-0.04544193877615299,0.0015611701315608219,nonrobust,ok,0.06728368274204839,1.1720902456468563,144,8.0,False,False,False
dMRI_weighted_mean_RD_cingulate_gyrus_part_of_cingulum_left,,25492.0,replication_weighted_tensor,replication_weighted_tensor,replication,primary,dMRI_weighted_mean,RD,cingulate gyrus part of cingulum (left),derived,A,G,genotype_pairwise,AA_vs_GG,AA,GG,30154,-0.025220696083368695,0.014530946674972187,-1.7356540249926262,0.08263543459491904,-0.053701992925622444,0.0032606007588850544,nonrobust,ok,0.08263543459491904,1.0828336845305921,144,9.0,False,False,False
dMRI_weighted_mean_FA_corticospinal_tract_left,25496.0,25496.0,replication_weighted_tensor,replication_weighted_tensor,replication,primary,dMRI_weighted_mean,FA,corticospinal tract (left),basket,A,G,genotype_pairwise,AG_vs_GG,AG,GG,30153,0.022090169667947798,0.013124026257620247,1.6831854214800515,0.09234974870812074,-0.0036335010939233525,0.04781384042981895,nonrobust,ok,0.09234974870812074,1.0345642819760408,144,10.0,False,False,False
dMRI_weighted_mean_RD_corticospinal_tract_right,,25497.0,replication_weighted_tensor,replication_weighted_tensor,replication,primary,dMRI_weighted_mean,RD,corticospinal tract (right),derived,A,G,genotype_pairwise,AG_vs_GG,AG,GG,30149,-0.01956584520436163,0.012880644558920306,-1.519011344103241,0.12877032350304582,-0.04481247723342764,0.005680786824704385,nonrobust,ok,0.12877032350304582,0.8901842132485907,144,11.0,False,False,False
dMRI_weighted_mean_MD_posterior_thalamic_radiation_right,25535.0,25508.0,replication_weighted_tensor,replication_weighted_tensor,replication,primary,dMRI_weighted_mean,MD,posterior thalamic radiation (right),basket,A,G,genotype_pairwise,AA_vs_AG,AA,AG,30138,0.015521723449334836,0.010663836272183754,1.4555478022316144,0.14552827830401632,-0.005379866781281635,0.03642331367995131,nonrobust,ok,0.14552827830401632,0.8370526086154383,144,12.0,False,False,False
dMRI_weighted_mean_RD_forceps_major,,25498.0,replication_weighted_tensor,replication_weighted_tensor,replication,primary,dMRI_weighted_mean,RD,forceps major,derived,A,G,genotype_pairwise,AA_vs_AG,AA,AG,30145,-0.01864158959346552,0.012845920821460343,-1.4511680285560344,0.14674367857075046,-0.043820161703242766,0.006536982516311726,nonrobust,ok,0.14674367857075046,0.8334405982300744,144,13.0,False,False,False
dMRI_weighted_mean_FA_forceps_major,25498.0,25498.0,replication_weighted_tensor,replication_weighted_tensor,replication,primary,dMRI_weighted_mean,FA,forceps major,basket,A,G,genotype_pairwise,AA_vs_AG,AA,AG,30148,0.018504205673091453,0.012754398389623061,1.4508097605094739,0.14684344067150862,-0.006494978324808758,0.04350338967099167,nonrobust,ok,0.14684344067150862,0.8331454481455493,144,14.0,False,False,False
dMRI_weighted_mean_FA_forceps_minor,25499.0,25499.0,replication_weighted_tensor,replication_weighted_tensor,replication,primary,dMRI_weighted_mean,FA,forceps minor,basket,A,G,genotype_pairwise,AG_vs_GG,AG,GG,30155,0.01811313643132475,0.01272522250689505,1.4234042997291645,0.15462952700291335,-0.006828861306930122,0.04305513416957962,nonrobust,ok,0.15462952700291335,0.8107075725779884,144,15.0,False,False,False
dMRI_weighted_mean_FA_cingulate_gyrus_part_of_cingulum_left,25492.0,25492.0,replication_weighted_tensor,replication_weighted_tensor,replication,primary,dMRI_weighted_mean,FA,cingulate gyrus part of cingulum (left),basket,A,G,genotype_pairwise,AA_vs_GG,AA,GG,30156,0.021656969106841468,0.015288802636327179,1.4165248660731036,0.1566324125768503,-0.008309758786713785,0.05162369700039672,nonrobust,ok,0.1566324125768503,0.805118362669482,144,16.0,False,False,False
dMRI_weighted_mean_RD_uncinate_fasciculus_left,,25513.0,replication_weighted_tensor,replication_weighted_tensor,replication,primary,dMRI_weighted_mean,RD,uncinate fasciculus (left),derived,A,G,genotype_pairwise,AA_vs_GG,AA,GG,30149,-0.01952823627642798,0.013985326238152353,-1.3963375572286911,0.162623342288654,-0.04694009316961058,0.00788362061675462,nonrobust,ok,0.162623342288654,0.788817117416119,144,17.0,False,False,False
dMRI_weighted_mean_MD_cingulate_gyrus_part_of_cingulum_left,25519.0,25492.0,replication_weighted_tensor,replication_weighted_tensor,replication,primary,dMRI_weighted_mean,MD,cingulate gyrus part of cingulum (left),basket,A,G,genotype_pairwise,AA_vs_GG,AA,GG,30154,-0.018898140304399166,0.013916218692449807,-1.357993915017467,0.17447596671299984,-0.046174543168367554,0.008378262559569222,nonrobust,ok,0.17447596671299984,0.758264386714855,144,18.0,False,False,False
dMRI_weighted_mean_RD_cingulate_gyrus_part_of_cingulum_right,,25493.0,replication_weighted_tensor,replication_weighted_tensor,replication,primary,dMRI_weighted_mean,RD,cingulate gyrus part of cingulum (right),derived,A,G,genotype_pairwise,AA_vs_GG,AA,GG,30152,-0.01955193719354031,0.014665383833661538,-1.3332032366355553,0.18247537917634798,-0.04829673687997985,0.009192862492899231,nonrobust,ok,0.18247537917634798,0.7387957252304367,144,19.0,False,False,False
dMRI_weighted_mean_MD_superior_thalamic_radiation_right,25539.0,25512.0,replication_weighted_tensor,replication_weighted_tensor,replication,primary,dMRI_weighted_mean,MD,superior thalamic radiation (right),basket,A,G,genotype_pairwise,AA_vs_GG,AA,GG,30144,-0.015365273366278114,0.01162086534630445,-1.3222142162730095,0.18610704940904885,-0.038142682675516806,0.007412135942960581,nonrobust,ok,0.18610704940904885,0.7302371762434008,144,20.0,False,False,False
dMRI_weighted_mean_FA_cingulate_gyrus_part_of_cingulum_right,25493.0,25493.0,replication_weighted_tensor,replication_weighted_tensor,replication,primary,dMRI_weighted_mean,FA,cingulate gyrus part of cingulum (right),basket,A,G,genotype_pairwise,AA_vs_GG,AA,GG,30154,0.02038412224213064,0.015523522203705445,1.3131119326298883,0.1891554135041704,-0.010042666446218745,0.05081091093048003,nonrobust,ok,0.1891554135041704,0.7231812249694618,144,21.0,False,False,False
dMRI_weighted_mean_MD_uncinate_fasciculus_left,25540.0,25513.0,replication_weighted_tensor,replication_weighted_tensor,replication,primary,dMRI_weighted_mean,MD,uncinate fasciculus (left),basket,A,G,genotype_pairwise,AA_vs_GG,AA,GG,30148,-0.01778479177080841,0.013669970479472784,-1.3010117174367393,0.19326457398310515,-0.04457853749073522,0.009008953949118399,nonrobust,ok,0.19326457398310515,0.7138477462490296,144,22.0,False,False,False
dMRI_weighted_mean_RD_superior_thalamic_radiation_right,,25512.0,replication_weighted_tensor,replication_weighted_tensor,replication,primary,dMRI_weighted_mean,RD,superior thalamic radiation (right),derived,A,G,genotype_pairwise,AA_vs_GG,AA,GG,30145,-0.015750126416782275,0.012580159878457186,-1.2519814190719052,0.21058653107544645,-0.040407795341776645,0.008907542508212095,nonrobust,ok,0.21058653107544645,0.676569409345549,144,23.0,False,False,False
dMRI_weighted_mean_FA_parahippocampal_part_of_cingulum_right,25495.0,25495.0,replication_weighted_tensor,replication_weighted_tensor,replication,primary,dMRI_weighted_mean,FA,parahippocampal part of cingulum (right),basket,A,G,genotype_pairwise,AA_vs_AG,AA,AG,30153,0.015962296123991863,0.012907119020766635,1.2367048059531849,0.2162065069146027,-0.009336226879320838,0.04126081912730456,nonrobust,ok,0.2162065069146027,0.6651312397324699,144,24.0,False,False,False
dMRI_weighted_mean_FA_posterior_thalamic_radiation_left,25507.0,25507.0,replication_weighted_tensor,replication_weighted_tensor,replication,primary,dMRI_weighted_mean,FA,posterior thalamic radiation (left),basket,A,G,genotype_pairwise,AA_vs_AG,AA,AG,30152,-0.014399251249940338,0.01165223662398558,-1.2357499864275119,0.216561319003278,-0.037238149396381454,0.008439646896500782,nonrobust,ok,0.216561319003278,0.6644191120856255,144,25.0,False,False,False
dMRI_weighted_mean_MD_forceps_major,25525.0,25498.0,replication_weighted_tensor,replication_weighted_tensor,replication,primary,dMRI_weighted_mean,MD,forceps major,basket,A,G,genotype_pairwise,AA_vs_AG,AA,AG,30150,-0.01568027256715878,0.012719286558665666,-1.2327949759474357,0.2176620591097749,-0.04061063575714921,0.009250090622831653,nonrobust,ok,0.2176620591097749,0.6622172666653191,144,26.0,False,False,False
dMRI_weighted_mean_MD_corticospinal_tract_left,25523.0,25496.0,replication_weighted_tensor,replication_weighted_tensor,replication,primary,dMRI_weighted_mean,MD,corticospinal tract (left),basket,A,G,genotype_pairwise,AA_vs_GG,AA,GG,30152,-0.01712405913639978,0.01463001763701546,-1.170474264711352,0.2418195893901269,-0.045799539516246796,0.01155142124344723,nonrobust,ok,0.2418195893901269,0.6165085205991714,144,27.0,False,False,False
dMRI_weighted_mean_MD_cingulate_gyrus_part_of_cingulum_left,25519.0,25492.0,replication_weighted_tensor,replication_weighted_tensor,replication,primary,dMRI_weighted_mean,MD,cingulate gyrus part of cingulum (left),basket,A,G,genotype_pairwise,AA_vs_AG,AA,AG,30154,-0.013616721869130785,0.011725665866607933,-1.1612749351751661,0.24553947439048932,-0.0365995445089766,0.009366100770715034,nonrobust,ok,0.24553947439048932,0.6098786781567126,144,28.0,False,False,False
dMRI_weighted_mean_FA_cingulate_gyrus_part_of_cingulum_right,25493.0,25493.0,replication_weighted_tensor,replication_weighted_tensor,replication,primary,dMRI_weighted_mean,FA,cingulate gyrus part of cingulum (right),basket,A,G,genotype_pairwise,AG_vs_GG,AG,GG,30154,0.015853024776823002,0.013803572216206253,1.1484726220514547,0.25078279037579454,-0.011202586021776893,0.0429086355754229,nonrobust,ok,0.25078279037579454,0.6007022696805167,144,29.0,False,False,False
dMRI_weighted_mean_FA_uncinate_fasciculus_right,25514.0,25514.0,replication_weighted_tensor,replication_weighted_tensor,replication,primary,dMRI_weighted_mean,FA,uncinate fasciculus (right),basket,A,G,genotype_pairwise,AA_vs_GG,AA,GG,30153,0.01680952893227607,0.014826496188060376,1.133749249928153,0.2569089275056079,-0.012251058040593933,0.04587011590514607,nonrobust,ok,0.2569089275056079,0.5902208038727869,144,30.0,False,False,False
dMRI_weighted_mean_FA_uncinate_fasciculus_left,25513.0,25513.0,replication_weighted_tensor,replication_weighted_tensor,replication,primary,dMRI_weighted_mean,FA,uncinate fasciculus (left),basket,A,G,genotype_pairwise,AA_vs_GG,AA,GG,30153,0.016388487679616086,0.0148840174050624,1.1010795831266618,0.27087097661654846,-0.012784843417574993,0.045561818776807164,nonrobust,ok,0.27087097661654846,0.5672375264195498,144,31.0,False,False,False
dMRI_weighted_mean_RD_corticospinal_tract_left,,25496.0,replication_weighted_tensor,replication_weighted_tensor,replication,primary,dMRI_weighted_mean,RD,corticospinal tract (left),derived,A,G,genotype_pairwise,AA_vs_GG,AA,GG,30148,-0.016193563644391014,0.014943886590381157,-1.0836246344919553,0.2785400925863112,-0.04548424118984386,0.013097113901061833,nonrobust,ok,0.2785400925863112,0.5551122843832001,144,32.0,False,False,False
dMRI_weighted_mean_FA_corticospinal_tract_right,25497.0,25497.0,replication_weighted_tensor,replication_weighted_tensor,replication,primary,dMRI_weighted_mean,FA,corticospinal tract (right),basket,A,G,genotype_pairwise,AA_vs_GG,AA,GG,30153,0.015409214417882523,0.014267040224709732,1.0800568425674308,0.280125669545033,-0.012554814172330982,0.04337324300809603,nonrobust,ok,0.280125669545033,0.5526470924225559,144,33.0,False,False,False
dMRI_weighted_mean_RD_cingulate_gyrus_part_of_cingulum_right,,25493.0,replication_weighted_tensor,replication_weighted_tensor,replication,primary,dMRI_weighted_mean,RD,cingulate gyrus part of cingulum (right),derived,A,G,genotype_pairwise,AG_vs_GG,AG,GG,30152,-0.013567305173013007,0.013040704016943972,-1.0403813440888479,0.29817126445957687,-0.03912766070061953,0.011993050354593514,nonrobust,ok,0.29817126445957687,0.5255342129553613,144,34.0,False,False,False
dMRI_weighted_mean_MD_uncinate_fasciculus_left,25540.0,25513.0,replication_weighted_tensor,replication_weighted_tensor,replication,primary,dMRI_weighted_mean,MD,uncinate fasciculus (left),basket,A,G,genotype_pairwise,AA_vs_AG,AA,AG,30148,-0.011886324611257711,0.011519592442047748,-1.0318355159746235,0.3021576111434202,-0.0344652344306242,0.010692585208108778,nonrobust,ok,0.3021576111434202,0.5197664616969854,144,35.0,False,False,False
dMRI_weighted_mean_MD_posterior_thalamic_radiation_left,25534.0,25507.0,replication_weighted_tensor,replication_weighted_tensor,replication,primary,dMRI_weighted_mean,MD,posterior thalamic radiation (left),basket,A,G,genotype_pairwise,AA_vs_GG,AA,GG,30141,-0.012686460942972957,0.012308759399756763,-1.0306855899079201,0.302696710156127,-0.03681217307760103,0.01143925119165512,nonrobust,ok,0.302696710156127,0.5189922991253714,144,36.0,False,False,False
dMRI_weighted_mean_RD_cingulate_gyrus_part_of_cingulum_left,,25492.0,replication_weighted_tensor,replication_weighted_tensor,replication,primary,dMRI_weighted_mean,RD,cingulate gyrus part of cingulum (left),derived,A,G,genotype_pairwise,AG_vs_GG,AG,GG,30154,-0.013249412734242029,0.01292097932777428,-1.0254186155813874,0.30517408843875593,-0.03857510251609294,0.012076277047608884,nonrobust,ok,0.30517408843875593,0.5154523439995776,144,37.0,False,False,False
dMRI_weighted_mean_RD_corticospinal_tract_right,,25497.0,replication_weighted_tensor,replication_weighted_tensor,replication,primary,dMRI_weighted_mean,RD,corticospinal tract (right),derived,A,G,genotype_pairwise,AA_vs_GG,AA,GG,30149,-0.014683165630331485,0.01448614398540635,-1.0136006963014876,0.31078161228625684,-0.043076647419745775,0.013710316159082808,nonrobust,ok,0.31078161228625684,0.5075446845907159,144,38.0,False,False,False
dMRI_weighted_mean_MD_corticospinal_tract_right,25524.0,25497.0,replication_weighted_tensor,replication_weighted_tensor,replication,primary,dMRI_weighted_mean,MD,corticospinal tract (right),basket,A,G,genotype_pairwise,AA_vs_AG,AA,AG,30152,0.012224754782477323,0.012137358364793805,1.007200612773948,0.3138466130507651,-0.0115650033906248,0.03601451295557945,nonrobust,ok,0.3138466130507651,0.5032825537786046,144,39.0,False,False,False
dMRI_weighted_mean_FA_corticospinal_tract_right,25497.0,25497.0,replication_weighted_tensor,replication_weighted_tensor,replication,primary,dMRI_weighted_mean,FA,corticospinal tract (right),basket,A,G,genotype_pairwise,AG_vs_GG,AG,GG,30153,0.012617032407196803,0.012686332467964367,0.9945374235664594,0.31996942599186257,-0.012248739207064359,0.03748280402145796,nonrobust,ok,0.31996942599186257,0.49489151779692264,144,40.0,False,False,False
dMRI_weighted_mean_FA_forceps_major,25498.0,25498.0,replication_weighted_tensor,replication_weighted_tensor,replication,primary,dMRI_weighted_mean,FA,forceps major,basket,A,G,genotype_pairwise,AG_vs_GG,AG,GG,30148,0.013308777968589938,0.013459440576538159,0.988806176074595,0.32276606673421737,-0.013072319845904908,0.039689875783084784,nonrobust,ok,0.32276606673421737,0.49111213009844,144,41.0,False,False,False
dMRI_weighted_mean_MD_corticospinal_tract_right,25524.0,25497.0,replication_weighted_tensor,replication_weighted_tensor,replication,primary,dMRI_weighted_mean,MD,corticospinal tract (right),basket,A,G,genotype_pairwise,AA_vs_GG,AA,GG,30152,-0.014187375873105222,0.014405213046093811,-0.9848778930036264,0.3246921047034219,-0.0424222293312209,0.014047477585010452,nonrobust,ok,0.3246921047034219,0.4885282716617267,144,42.0,False,False,False
dMRI_weighted_mean_RD_cingulate_gyrus_part_of_cingulum_left,,25492.0,replication_weighted_tensor,replication_weighted_tensor,replication,primary,dMRI_weighted_mean,RD,cingulate gyrus part of cingulum (left),derived,A,G,genotype_pairwise,AA_vs_AG,AA,AG,30154,-0.011971283349126666,0.012243629480231088,-0.9777560949925705,0.3282029619405944,-0.03596933753328037,0.012026770835027034,nonrobust,ok,0.3282029619405944,0.4838575038781378,144,43.0,False,False,False
dMRI_weighted_mean_RD_forceps_major,,25498.0,replication_weighted_tensor,replication_weighted_tensor,replication,primary,dMRI_weighted_mean,RD,forceps major,derived,A,G,genotype_pairwise,AG_vs_GG,AG,GG,30145,-0.013239939730253586,0.013556674318652453,-0.9766362618918213,0.3287572446707533,-0.03981162008272149,0.013331740622214316,nonrobust,ok,0.3287572446707533,0.48312466805088805,144,44.0,False,False,False
dMRI_weighted_mean_FA_posterior_thalamic_radiation_right,25508.0,25508.0,replication_weighted_tensor,replication_weighted_tensor,replication,primary,dMRI_weighted_mean,FA,posterior thalamic radiation (right),basket,A,G,genotype_pairwise,AA_vs_GG,AA,GG,30149,-0.013863089222711199,0.014229303165420601,-0.9742633958633083,0.32993373790413727,-0.041753151665169505,0.014026973219747111,nonrobust,ok,0.32993373790413727,0.4815732727043352,144,45.0,False,False,False
dMRI_weighted_mean_MD_superior_thalamic_radiation_right,25539.0,25512.0,replication_weighted_tensor,replication_weighted_tensor,replication,primary,dMRI_weighted_mean,MD,superior thalamic radiation (right),basket,A,G,genotype_pairwise,AA_vs_AG,AA,AG,30144,-0.009408130458089923,0.009791415174754634,-0.9608550235258188,0.3366329197564455,-0.02859973663421697,0.009783475718037124,nonrobust,ok,0.3366329197564455,0.47284341608006214,144,46.0,False,False,False
dMRI_weighted_mean_RD_uncinate_fasciculus_left,,25513.0,replication_weighted_tensor,replication_weighted_tensor,replication,primary,dMRI_weighted_mean,RD,uncinate fasciculus (left),derived,A,G,genotype_pairwise,AA_vs_AG,AA,AG,30149,-0.0111652602850891,0.011785151564007501,-0.9474006528001232,0.34344239457113024,-0.034264677676994024,0.011934157106815823,nonrobust,ok,0.34344239457113024,0.46414609650217054,144,47.0,False,False,False
dMRI_weighted_mean_FA_corticospinal_tract_left,25496.0,25496.0,replication_weighted_tensor,replication_weighted_tensor,replication,primary,dMRI_weighted_mean,FA,corticospinal tract (left),basket,A,G,genotype_pairwise,AA_vs_GG,AA,GG,30153,0.013860859288562682,0.014759270340773218,0.9391290333825899,0.3476721633158849,-0.015067962056263212,0.042789680633388574,nonrobust,ok,0.3476721633158849,0.45883008010265997,144,48.0,False,False,False
dMRI_weighted_mean_FA_posterior_thalamic_radiation_left,25507.0,25507.0,replication_weighted_tensor,replication_weighted_tensor,replication,primary,dMRI_weighted_mean,FA,posterior thalamic radiation (left),basket,A,G,genotype_pairwise,AG_vs_GG,AG,GG,30152,0.011451798086591696,0.012296072828307646,0.9313378544918597,0.3516864233038762,-0.012649047441113068,0.03555264361429646,nonrobust,ok,0.3516864233038762,0.45384439710250374,144,49.0,False,False,False
dMRI_weighted_mean_MD_forceps_major,25525.0,25498.0,replication_weighted_tensor,replication_weighted_tensor,replication,primary,dMRI_weighted_mean,MD,forceps major,basket,A,G,genotype_pairwise,AG_vs_GG,AG,GG,30150,-0.012225153373826559,0.013422647260384918,-0.9107855653711027,0.3624157876810462,-0.03853413459137302,0.0140838278437199,nonrobust,ok,0.3624157876810462,0.4407928916977202,144,50.0,False,False,False
dMRI_weighted_mean_RD_uncinate_fasciculus_right,,25514.0,replication_weighted_tensor,replication_weighted_tensor,replication,primary,dMRI_weighted_mean,RD,uncinate fasciculus (right),derived,A,G,genotype_pairwise,AA_vs_GG,AA,GG,30147,-0.012685150418644167,0.014089221272658652,-0.9003443251516529,0.36794436644717665,-0.04030064624287347,0.014930345405585133,nonrobust,ok,0.36794436644717665,0.43421784211864933,144,51.0,False,False,False
dMRI_weighted_mean_RD_posterior_thalamic_radiation_left,,25507.0,replication_weighted_tensor,replication_weighted_tensor,replication,primary,dMRI_weighted_mean,RD,posterior thalamic radiation (left),derived,A,G,genotype_pairwise,AG_vs_GG,AG,GG,30141,-0.01002026976242927,0.01115782864633291,-0.8980483640714894,0.3691670740228993,-0.03189010678063065,0.01184956725577211,nonrobust,ok,0.3691670740228993,0.43277704060342737,144,52.0,False,False,False
dMRI_weighted_mean_FA_forceps_minor,25499.0,25499.0,replication_weighted_tensor,replication_weighted_tensor,replication,primary,dMRI_weighted_mean,FA,forceps minor,basket,A,G,genotype_pairwise,AA_vs_GG,AA,GG,30155,0.012778346678999332,0.014310958313933262,0.8929064286741883,0.3719145434274791,-0.015271763227132074,0.040828456585130735,nonrobust,ok,0.3719145434274791,0.42955683856276217,144,53.0,False,False,False
dMRI_weighted_mean_RD_posterior_thalamic_radiation_right,,25508.0,replication_weighted_tensor,replication_weighted_tensor,replication,primary,dMRI_weighted_mean,RD,posterior thalamic radiation (right),derived,A,G,genotype_pairwise,AA_vs_GG,AA,GG,30133,0.010983356353620029,0.012886767677587944,0.8522972267686459,0.39405604598266486,-0.014275277817258514,0.03624199052449857,nonrobust,ok,0.39405604598266486,0.40444200474810854,144,54.0,False,False,False
dMRI_weighted_mean_FA_cingulate_gyrus_part_of_cingulum_left,25492.0,25492.0,replication_weighted_tensor,replication_weighted_tensor,replication,primary,dMRI_weighted_mean,FA,cingulate gyrus part of cingulum (left),basket,A,G,genotype_pairwise,AG_vs_GG,AG,GG,30156,0.011493731123844338,0.01359442610384729,0.8454738019865035,0.39785318793425906,-0.015151943989723679,0.038139406237412354,nonrobust,ok,0.39785318793425906,0.40027715765641314,144,55.0,False,False,False
dMRI_weighted_mean_FA_uncinate_fasciculus_right,25514.0,25514.0,replication_weighted_tensor,replication_weighted_tensor,replication,primary,dMRI_weighted_mean,FA,uncinate fasciculus (right),basket,A,G,genotype_pairwise,AG_vs_GG,AG,GG,30153,0.011007970749750455,0.013183792209883884,0.8349623973516348,0.40374562010214676,-0.014832843916637563,0.03684878541613847,nonrobust,ok,0.40374562010214676,0.3938921759321383,144,56.0,False,False,False
dMRI_weighted_mean_FA_parahippocampal_part_of_cingulum_right,25495.0,25495.0,replication_weighted_tensor,replication_weighted_tensor,replication,primary,dMRI_weighted_mean,FA,parahippocampal part of cingulum (right),basket,A,G,genotype_pairwise,AG_vs_GG,AG,GG,30153,-0.011058093971560306,0.013620996204551629,-0.8118417922960072,0.41688894696898016,-0.03775584776576193,0.015639659822641316,nonrobust,ok,0.41688894696898016,0.3799796192273,144,57.0,False,False,False
dMRI_weighted_mean_RD_superior_thalamic_radiation_left,,25511.0,replication_weighted_tensor,replication_weighted_tensor,replication,primary,dMRI_weighted_mean,RD,superior thalamic radiation (left),derived,A,G,genotype_pairwise,AA_vs_GG,AA,GG,30147,-0.010475388834299671,0.012977779888970344,-0.8071788028399661,0.4195699640528383,-0.03591241046920791,0.014961632800608566,nonrobust,ok,0.4195699640528383,0.3771956094036687,144,58.0,False,False,False
dMRI_weighted_mean_RD_superior_thalamic_radiation_right,,25512.0,replication_weighted_tensor,replication_weighted_tensor,replication,primary,dMRI_weighted_mean,RD,superior thalamic radiation (right),derived,A,G,genotype_pairwise,AA_vs_AG,AA,AG,30145,-0.008435303920789351,0.010599494181841685,-0.7958213643100184,0.42614225644030124,-0.0292107806105426,0.012340172768963898,nonrobust,ok,0.42614225644030124,0.37044539884593336,144,59.0,False,False,False
dMRI_weighted_mean_RD_posterior_thalamic_radiation_right,,25508.0,replication_weighted_tensor,replication_weighted_tensor,replication,primary,dMRI_weighted_mean,RD,posterior thalamic radiation (right),derived,A,G,genotype_pairwise,AG_vs_GG,AG,GG,30133,-0.009069382561201714,0.011459608305661345,-0.7914216890573129,0.4287043040369686,-0.03153072129066961,0.013391956168266186,nonrobust,ok,0.4287043040369686,0.3678421563071369,144,60.0,False,False,False
dMRI_weighted_mean_FA_cingulate_gyrus_part_of_cingulum_left,25492.0,25492.0,replication_weighted_tensor,replication_weighted_tensor,replication,primary,dMRI_weighted_mean,FA,cingulate gyrus part of cingulum (left),basket,A,G,genotype_pairwise,AA_vs_AG,AA,AG,30156,0.01016323798299713,0.012881864471159223,0.7889570648527833,0.43014342019061724,-0.015085784883689609,0.035412260849683866,nonrobust,ok,0.43014342019061724,0.36638671601972184,144,61.0,False,False,False
dMRI_weighted_mean_FA_uncinate_fasciculus_left,25513.0,25513.0,replication_weighted_tensor,replication_weighted_tensor,replication,primary,dMRI_weighted_mean,FA,uncinate fasciculus (left),basket,A,G,genotype_pairwise,AG_vs_GG,AG,GG,30153,0.010194306277037789,0.013234914895588732,0.770258543969603,0.4411526903253339,-0.01574671110989649,0.03613532366397207,nonrobust,ok,0.4411526903253339,0.3554110679279343,144,62.0,False,False,False
dMRI_weighted_mean_RD_posterior_thalamic_radiation_left,,25507.0,replication_weighted_tensor,replication_weighted_tensor,replication,primary,dMRI_weighted_mean,RD,posterior thalamic radiation (left),derived,A,G,genotype_pairwise,AA_vs_GG,AA,GG,30141,-0.009602736355735308,0.012547096186797141,-0.7653353582990718,0.4440779795167492,-0.034195599120941306,0.014990126409470691,nonrobust,ok,0.4440779795167492,0.35254076164161374,144,63.0,False,False,False
dMRI_weighted_mean_MD_uncinate_fasciculus_right,25541.0,25514.0,replication_weighted_tensor,replication_weighted_tensor,replication,primary,dMRI_weighted_mean,MD,uncinate fasciculus (right),basket,A,G,genotype_pairwise,AA_vs_GG,AA,GG,30149,-0.010257224966469691,0.013821825618819304,-0.7421034854110603,0.4580305280326785,-0.03734861342704057,0.016834163494101186,nonrobust,ok,0.4580305280326785,0.3391055750216909,144,64.0,False,False,False
dMRI_weighted_mean_MD_cingulate_gyrus_part_of_cingulum_right,25520.0,25493.0,replication_weighted_tensor,replication_weighted_tensor,replication,primary,dMRI_weighted_mean,MD,cingulate gyrus part of cingulum (right),basket,A,G,genotype_pairwise,AA_vs_GG,AA,GG,30153,-0.010163134402215496,0.013871379491517474,-0.7326693360548878,0.4637659328692466,-0.03735165049083456,0.017025381686403572,nonrobust,ok,0.4637659328692466,0.33370115675515927,144,65.0,False,False,False
dMRI_weighted_mean_RD_corticospinal_tract_left,,25496.0,replication_weighted_tensor,replication_weighted_tensor,replication,primary,dMRI_weighted_mean,RD,corticospinal tract (left),derived,A,G,genotype_pairwise,AA_vs_AG,AA,AG,30148,0.00882614924472306,0.012592489814452379,0.7009058077294057,0.4833673109063099,-0.015855686796975403,0.03350798528642152,nonrobust,ok,0.4833673109063099,0.31572272333888385,144,66.0,False,False,False
dMRI_weighted_mean_FA_parahippocampal_part_of_cingulum_left,25494.0,25494.0,replication_weighted_tensor,replication_weighted_tensor,replication,primary,dMRI_weighted_mean,FA,parahippocampal part of cingulum (left),basket,A,G,genotype_pairwise,AG_vs_GG,AG,GG,30154,-0.009575848179725267,0.013700087234564035,-0.6989625697832275,0.4845809151468008,-0.03642862384674053,0.017276927487289997,nonrobust,ok,0.4845809151468008,0.31463369422172205,144,67.0,False,False,False
dMRI_weighted_mean_MD_posterior_thalamic_radiation_right,25535.0,25508.0,replication_weighted_tensor,replication_weighted_tensor,replication,primary,dMRI_weighted_mean,MD,posterior thalamic radiation (right),basket,A,G,genotype_pairwise,AA_vs_GG,AA,GG,30138,0.008628342255814504,0.012654938336566328,0.6818162227533727,0.495360502818624,-0.01617589598953341,0.03343258050116242,nonrobust,ok,0.495360502818624,0.30507862449980017,144,68.0,False,False,False
dMRI_weighted_mean_RD_uncinate_fasciculus_left,,25513.0,replication_weighted_tensor,replication_weighted_tensor,replication,primary,dMRI_weighted_mean,RD,uncinate fasciculus (left),derived,A,G,genotype_pairwise,AG_vs_GG,AG,GG,30149,-0.008362975991338879,0.012435300738326523,-0.6725189979172409,0.501258600702848,-0.03273671446965761,0.01601076248697985,nonrobust,ok,0.501258600702848,0.299938162589732,144,69.0,False,False,False
dMRI_weighted_mean_MD_corticospinal_tract_left,25523.0,25496.0,replication_weighted_tensor,replication_weighted_tensor,replication,primary,dMRI_weighted_mean,MD,corticospinal tract (left),basket,A,G,genotype_pairwise,AA_vs_AG,AA,AG,30152,0.008198450238983935,0.012327411363572037,0.6650585428835987,0.5060182316796384,-0.015963820201212633,0.0323607206791805,nonrobust,ok,0.5060182316796384,0.2958338353830842,144,70.0,False,False,False
dMRI_weighted_mean_MD_superior_thalamic_radiation_left,25538.0,25511.0,replication_weighted_tensor,replication_weighted_tensor,replication,primary,dMRI_weighted_mean,MD,superior thalamic radiation (left),basket,A,G,genotype_pairwise,AA_vs_GG,AA,GG,30147,-0.007988888443648952,0.012053226764030183,-0.6628008084515405,0.5074632982920986,-0.031613745128702214,0.015635968241404306,nonrobust,ok,0.5074632982920986,0.2945953621351471,144,71.0,False,False,False
dMRI_weighted_mean_FA_corticospinal_tract_left,25496.0,25496.0,replication_weighted_tensor,replication_weighted_tensor,replication,primary,dMRI_weighted_mean,FA,corticospinal tract (left),basket,A,G,genotype_pairwise,AA_vs_AG,AA,AG,30153,-0.008229310379385115,0.012436195296946496,-0.6617225110163466,0.5081542267252974,-0.03260480209735046,0.016146181338580236,nonrobust,ok,0.5081542267252974,0.2940044576955752,144,72.0,False,False,False
dMRI_weighted_mean_MD_superior_longitudinal_fasciculus_left,25536.0,25509.0,replication_weighted_tensor,replication_weighted_tensor,replication,primary,dMRI_weighted_mean,MD,superior longitudinal fasciculus (left),basket,A,G,genotype_pairwise,AA_vs_GG,AA,GG,30138,-0.00850991514823082,0.012958151094993074,-0.6567229449515358,0.5113641867737247,-0.03390846379628645,0.016888633499824817,nonrobust,ok,0.5113641867737247,0.29126969091895105,144,73.0,False,False,False
dMRI_weighted_mean_RD_superior_thalamic_radiation_right,,25512.0,replication_weighted_tensor,replication_weighted_tensor,replication,primary,dMRI_weighted_mean,RD,superior thalamic radiation (right),derived,A,G,genotype_pairwise,AG_vs_GG,AG,GG,30145,-0.007314822495992924,0.011185910432840146,-0.6539317957095123,0.5131608300659741,-0.029239700934933624,0.014610055942947774,nonrobust,ok,0.5131608300659741,0.2897465010411256,144,74.0,False,False,False
dMRI_weighted_mean_RD_superior_thalamic_radiation_left,,25511.0,replication_weighted_tensor,replication_weighted_tensor,replication,primary,dMRI_weighted_mean,RD,superior thalamic radiation (left),derived,A,G,genotype_pairwise,AG_vs_GG,AG,GG,30147,-0.007378681064899602,0.01153967429539187,-0.6394184858272928,0.5225556761508943,-0.029996952234774294,0.015239590104975092,nonrobust,ok,0.5225556761508943,0.28186743046680335,144,75.0,False,False,False
dMRI_weighted_mean_FA_posterior_thalamic_radiation_right,25508.0,25508.0,replication_weighted_tensor,replication_weighted_tensor,replication,primary,dMRI_weighted_mean,FA,posterior thalamic radiation (right),basket,A,G,genotype_pairwise,AG_vs_GG,AG,GG,30149,0.008077295099584887,0.012652431559262572,0.6383986399572084,0.5232191562712591,-0.016722029374315495,0.03287661957348527,nonrobust,ok,0.5232191562712591,0.28131636386077236,144,76.0,False,False,False
dMRI_weighted_mean_FA_superior_thalamic_radiation_left,25511.0,25511.0,replication_weighted_tensor,replication_weighted_tensor,replication,primary,dMRI_weighted_mean,FA,superior thalamic radiation (left),basket,A,G,genotype_pairwise,AA_vs_GG,AA,GG,30157,0.008804082320181338,0.013795743477447331,0.6381738203942295,0.5233654737946648,-0.018236183692838366,0.03584434833320104,nonrobust,ok,0.5233654737946648,0.2811949309797433,144,77.0,False,False,False
dMRI_weighted_mean_MD_posterior_thalamic_radiation_left,25534.0,25507.0,replication_weighted_tensor,replication_weighted_tensor,replication,primary,dMRI_weighted_mean,MD,posterior thalamic radiation (left),basket,A,G,genotype_pairwise,AG_vs_GG,AG,GG,30141,-0.006808047037756809,0.010946417385195088,-0.6219429424429421,0.5339841796015398,-0.028263508645522382,0.014647414570008763,nonrobust,ok,0.5339841796015398,0.2724716096634499,144,78.0,False,False,False
dMRI_weighted_mean_MD_posterior_thalamic_radiation_right,25535.0,25508.0,replication_weighted_tensor,replication_weighted_tensor,replication,primary,dMRI_weighted_mean,MD,posterior thalamic radiation (right),basket,A,G,genotype_pairwise,AG_vs_GG,AG,GG,30138,-0.006893381193520332,0.01125399281729762,-0.6125275984648811,0.5401934523692775,-0.028951704326165905,0.01516494193912524,nonrobust,ok,0.5401934523692775,0.2674506841565756,144,79.0,False,False,False
dMRI_weighted_mean_FA_parahippocampal_part_of_cingulum_left,25494.0,25494.0,replication_weighted_tensor,replication_weighted_tensor,replication,primary,dMRI_weighted_mean,FA,parahippocampal part of cingulum (left),basket,A,G,genotype_pairwise,AA_vs_GG,AA,GG,30154,-0.009053963567738917,0.015407260463250201,-0.5876426629727373,0.5567766515788135,-0.03925287411329626,0.021144946977818428,nonrobust,ok,0.5567766515788135,0.2543189851487367,144,80.0,False,False,False
dMRI_weighted_mean_RD_uncinate_fasciculus_right,,25514.0,replication_weighted_tensor,replication_weighted_tensor,replication,primary,dMRI_weighted_mean,RD,uncinate fasciculus (right),derived,A,G,genotype_pairwise,AG_vs_GG,AG,GG,30147,-0.007280030408489383,0.01252716335871607,-0.5811395764567986,0.5611508134022126,-0.0318338237464786,0.01727376292949983,nonrobust,ok,0.5611508134022126,0.2509204032248868,144,81.0,False,False,False
dMRI_weighted_mean_MD_superior_thalamic_radiation_right,25539.0,25512.0,replication_weighted_tensor,replication_weighted_tensor,replication,primary,dMRI_weighted_mean,MD,superior thalamic radiation (right),basket,A,G,genotype_pairwise,AG_vs_GG,AG,GG,30144,-0.005957142908188192,0.010332628528414697,-0.5765370246115078,0.5642566373808628,-0.026209551159942182,0.0142952653435658,nonrobust,ok,0.5642566373808628,0.24852332359104395,144,82.0,False,False,False
dMRI_weighted_mean_FA_superior_thalamic_radiation_left,25511.0,25511.0,replication_weighted_tensor,replication_weighted_tensor,replication,primary,dMRI_weighted_mean,FA,superior thalamic radiation (left),basket,A,G,genotype_pairwise,AG_vs_GG,AG,GG,30157,0.0070364380914789085,0.012266779624610797,0.5736173883291852,0.566231100409201,-0.017006991297796807,0.031079867480754628,nonrobust,ok,0.566231100409201,0.24700628056405707,144,83.0,False,False,False
dMRI_weighted_mean_RD_superior_longitudinal_fasciculus_left,,25509.0,replication_weighted_tensor,replication_weighted_tensor,replication,primary,dMRI_weighted_mean,RD,superior longitudinal fasciculus (left),derived,A,G,genotype_pairwise,AA_vs_GG,AA,GG,30137,-0.007637060582638775,0.013344483231776375,-0.5723009613780415,0.5671224477617495,-0.033792837323443445,0.01851871615816589,nonrobust,ok,0.5671224477617495,0.24632316219008005,144,84.0,False,False,False
dMRI_weighted_mean_MD_posterior_thalamic_radiation_left,25534.0,25507.0,replication_weighted_tensor,replication_weighted_tensor,replication,primary,dMRI_weighted_mean,MD,posterior thalamic radiation (left),basket,A,G,genotype_pairwise,AA_vs_AG,AA,AG,30141,-0.005878413905216148,0.010371040378053455,-0.5668104347231815,0.5708472804379818,-0.02620611116302967,0.014449283352597375,nonrobust,ok,0.5708472804379818,0.24348006361810423,144,85.0,False,False,False
dMRI_weighted_mean_FA_uncinate_fasciculus_left,25513.0,25513.0,replication_weighted_tensor,replication_weighted_tensor,replication,primary,dMRI_weighted_mean,FA,uncinate fasciculus (left),basket,A,G,genotype_pairwise,AA_vs_AG,AA,AG,30153,0.006194181402578297,0.012541274242006649,0.4939036722306142,0.6213778762302538,-0.018387269685908935,0.03077563249106553,nonrobust,ok,0.6213778762302538,0.2066442135885519,144,86.0,False,False,False
dMRI_weighted_mean_MD_uncinate_fasciculus_left,25540.0,25513.0,replication_weighted_tensor,replication_weighted_tensor,replication,primary,dMRI_weighted_mean,MD,uncinate fasciculus (left),basket,A,G,genotype_pairwise,AG_vs_GG,AG,GG,30148,-0.0058984671595507,0.012154583182842528,-0.48528748956829776,0.6274760211154419,-0.029721986868083493,0.017925052548982093,nonrobust,ok,0.6274760211154419,0.2024028660162085,144,87.0,False,False,False
dMRI_weighted_mean_RD_cingulate_gyrus_part_of_cingulum_right,,25493.0,replication_weighted_tensor,replication_weighted_tensor,replication,primary,dMRI_weighted_mean,RD,cingulate gyrus part of cingulum (right),derived,A,G,genotype_pairwise,AA_vs_AG,AA,AG,30152,-0.005984632020527304,0.012357027998423486,-0.48430998305505385,0.6281694758823356,-0.03020495237239664,0.01823568833134203,nonrobust,ok,0.6281694758823356,0.20192317073589253,144,88.0,False,False,False
dMRI_weighted_mean_FA_uncinate_fasciculus_right,25514.0,25514.0,replication_weighted_tensor,replication_weighted_tensor,replication,primary,dMRI_weighted_mean,FA,uncinate fasciculus (right),basket,A,G,genotype_pairwise,AA_vs_AG,AA,AG,30153,0.0058015581825256145,0.012493430948214016,0.46436869156066135,0.6423870328310685,-0.01868611793831626,0.03028923430336749,nonrobust,ok,0.6423870328310685,0.1922032342716415,144,89.0,False,False,False
dMRI_weighted_mean_MD_cingulate_gyrus_part_of_cingulum_right,25520.0,25493.0,replication_weighted_tensor,replication_weighted_tensor,replication,primary,dMRI_weighted_mean,MD,cingulate gyrus part of cingulum (right),basket,A,G,genotype_pairwise,AA_vs_AG,AA,AG,30153,-0.005377002961106328,0.01168800674641556,-0.4600444778794579,0.6454876749243287,-0.028286012094850665,0.017532006172638007,nonrobust,ok,0.6454876749243287,0.19011204582739152,144,90.0,False,False,False
dMRI_weighted_mean_RD_uncinate_fasciculus_right,,25514.0,replication_weighted_tensor,replication_weighted_tensor,replication,primary,dMRI_weighted_mean,RD,uncinate fasciculus (right),derived,A,G,genotype_pairwise,AA_vs_AG,AA,AG,30147,-0.005405120010154784,0.01187308370733132,-0.455241464087149,0.648938873276065,-0.02867688834960265,0.017866648329293085,nonrobust,ok,0.648938873276065,0.18779620959278687,144,91.0,False,False,False
dMRI_weighted_mean_MD_superior_thalamic_radiation_left,25538.0,25511.0,replication_weighted_tensor,replication_weighted_tensor,replication,primary,dMRI_weighted_mean,MD,superior thalamic radiation (left),basket,A,G,genotype_pairwise,AG_vs_GG,AG,GG,30147,-0.00483127545668664,0.010717569025620525,-0.4507809042458599,0.652150768401813,-0.025838183996569543,0.016175633083196264,nonrobust,ok,0.652150768401813,0.18565198967364654,144,92.0,False,False,False
dMRI_weighted_mean_FA_forceps_minor,25499.0,25499.0,replication_weighted_tensor,replication_weighted_tensor,replication,primary,dMRI_weighted_mean,FA,forceps minor,basket,A,G,genotype_pairwise,AA_vs_AG,AA,AG,30155,-0.005334789752325418,0.01205871877908315,-0.44240104193979995,0.6582022577354804,-0.028970410768081697,0.018300831263430864,nonrobust,ok,0.6582022577354804,0.1816406323418898,144,93.0,False,False,False
dMRI_weighted_mean_MD_uncinate_fasciculus_right,25541.0,25514.0,replication_weighted_tensor,replication_weighted_tensor,replication,primary,dMRI_weighted_mean,MD,uncinate fasciculus (right),basket,A,G,genotype_pairwise,AG_vs_GG,AG,GG,30149,-0.005267694427115738,0.01228914876842772,-0.42864599708069845,0.668183986156107,-0.029354968591674423,0.018819579737442946,nonrobust,ok,0.668183986156107,0.17510393696992485,144,94.0,False,False,False
dMRI_weighted_mean_MD_uncinate_fasciculus_right,25541.0,25514.0,replication_weighted_tensor,replication_weighted_tensor,replication,primary,dMRI_weighted_mean,MD,uncinate fasciculus (right),basket,A,G,genotype_pairwise,AA_vs_AG,AA,AG,30149,-0.004989530539353954,0.011647499678606222,-0.4283778215953569,0.6683791867494037,-0.027819144158401365,0.01784008307969346,nonrobust,ok,0.6683791867494037,0.17497708244803728,144,95.0,False,False,False
dMRI_weighted_mean_MD_cingulate_gyrus_part_of_cingulum_left,25519.0,25492.0,replication_weighted_tensor,replication_weighted_tensor,replication,primary,dMRI_weighted_mean,MD,cingulate gyrus part of cingulum (left),basket,A,G,genotype_pairwise,AG_vs_GG,AG,GG,30154,-0.005281418435268382,0.012374360602095744,-0.4268033399943033,0.669525677865206,-0.029535711388418547,0.01897287451788178,nonrobust,ok,0.669525677865206,0.17423276213021655,144,96.0,False,False,False
dMRI_weighted_mean_MD_superior_longitudinal_fasciculus_right,25537.0,25510.0,replication_weighted_tensor,replication_weighted_tensor,replication,primary,dMRI_weighted_mean,MD,superior longitudinal fasciculus (right),basket,A,G,genotype_pairwise,AA_vs_GG,AA,GG,30142,-0.005465237595883292,0.01297320726845924,-0.42127112307613424,0.6735601744658231,-0.030893296868459656,0.019962821676693072,nonrobust,ok,0.6735601744658231,0.1716235992415596,144,97.0,False,False,False
dMRI_weighted_mean_RD_corticospinal_tract_right,,25497.0,replication_weighted_tensor,replication_weighted_tensor,replication,primary,dMRI_weighted_mean,RD,corticospinal tract (right),derived,A,G,genotype_pairwise,AA_vs_AG,AA,AG,30149,0.004882679574030147,0.012205885262216318,0.4000266649355314,0.6891397644102598,-0.019041394442185545,0.02880675359024584,nonrobust,ok,0.6891397644102598,0.16169268991159905,144,98.0,False,False,False
dMRI_weighted_mean_MD_cingulate_gyrus_part_of_cingulum_right,25520.0,25493.0,replication_weighted_tensor,replication_weighted_tensor,replication,primary,dMRI_weighted_mean,MD,cingulate gyrus part of cingulum (right),basket,A,G,genotype_pairwise,AG_vs_GG,AG,GG,30153,-0.004786131441109168,0.012334592151772598,-0.38802510713103355,0.6980002442969571,-0.028962476509752144,0.019390213627533806,nonrobust,ok,0.6980002442969571,0.15614442537569015,144,99.0,False,False,False
dMRI_weighted_mean_MD_superior_longitudinal_fasciculus_left,25536.0,25509.0,replication_weighted_tensor,replication_weighted_tensor,replication,primary,dMRI_weighted_mean,MD,superior longitudinal fasciculus (left),basket,A,G,genotype_pairwise,AG_vs_GG,AG,GG,30138,-0.004454884595717368,0.011521717230261186,-0.3866510960724541,0.6990173062318827,-0.027037959406058278,0.018128190214623544,nonrobust,ok,0.6990173062318827,0.15551207188240432,144,100.0,False,False,False
dMRI_weighted_mean_MD_forceps_minor,25526.0,25499.0,replication_weighted_tensor,replication_weighted_tensor,replication,primary,dMRI_weighted_mean,MD,forceps minor,basket,A,G,genotype_pairwise,AG_vs_GG,AG,GG,30155,0.004648805592844389,0.012242348646448256,0.3797315145238163,0.7041474485395591,-0.01934673806740906,0.028644349253097834,nonrobust,ok,0.7041474485395591,0.15233639003111793,144,101.0,False,False,False
dMRI_weighted_mean_FA_superior_thalamic_radiation_right,25512.0,25512.0,replication_weighted_tensor,replication_weighted_tensor,replication,primary,dMRI_weighted_mean,FA,superior thalamic radiation (right),basket,A,G,genotype_pairwise,AA_vs_GG,AA,GG,30156,0.005194029018031622,0.013784923172871734,0.3767905669763396,0.7063319523712901,-0.021825028757852367,0.032213086793915616,nonrobust,ok,0.7063319523712901,0.15099114710483016,144,102.0,False,False,False
dMRI_weighted_mean_MD_superior_longitudinal_fasciculus_left,25536.0,25509.0,replication_weighted_tensor,replication_weighted_tensor,replication,primary,dMRI_weighted_mean,MD,superior longitudinal fasciculus (left),basket,A,G,genotype_pairwise,AA_vs_AG,AA,AG,30138,-0.004055030552513452,0.010918509315281585,-0.3713904925499323,0.7103493656576443,-0.025455791199268066,0.01734573009424116,nonrobust,ok,0.7103493656576443,0.14852800302788227,144,103.0,False,False,False
dMRI_weighted_mean_FA_cingulate_gyrus_part_of_cingulum_right,25493.0,25493.0,replication_weighted_tensor,replication_weighted_tensor,replication,primary,dMRI_weighted_mean,FA,cingulate gyrus part of cingulum (right),basket,A,G,genotype_pairwise,AA_vs_AG,AA,AG,30154,0.0045310974653076375,0.013079966605897473,0.3464150637253664,0.7290332684089706,-0.021106214398961883,0.030168409329577157,nonrobust,ok,0.7290332684089706,0.13725265281128599,144,104.0,False,False,False
dMRI_weighted_mean_RD_superior_longitudinal_fasciculus_left,,25509.0,replication_weighted_tensor,replication_weighted_tensor,replication,primary,dMRI_weighted_mean,RD,superior longitudinal fasciculus (left),derived,A,G,genotype_pairwise,AG_vs_GG,AG,GG,30137,-0.004066695462150438,0.011864872425135398,-0.34275087977644486,0.731788317514368,-0.02732236964749394,0.019188978723193063,nonrobust,ok,0.731788317514368,0.1356145279999213,144,105.0,False,False,False
dMRI_weighted_mean_MD_superior_longitudinal_fasciculus_right,25537.0,25510.0,replication_weighted_tensor,replication_weighted_tensor,replication,primary,dMRI_weighted_mean,MD,superior longitudinal fasciculus (right),basket,A,G,genotype_pairwise,AG_vs_GG,AG,GG,30142,-0.0038574114216356893,0.011536085560333446,-0.3343778443269618,0.7380968260476605,-0.026468648668638347,0.018753825825366967,nonrobust,ok,0.7380968260476605,0.13188666221505443,144,106.0,False,False,False
dMRI_weighted_mean_RD_forceps_minor,,25499.0,replication_weighted_tensor,replication_weighted_tensor,replication,primary,dMRI_weighted_mean,RD,forceps minor,derived,A,G,genotype_pairwise,AA_vs_GG,AA,GG,30154,-0.00466007034923467,0.013947943469414479,-0.3341044763662421,0.7383030894305699,-0.031998655176305395,0.022678514477836052,nonrobust,ok,0.7383030894305699,0.13176531426771315,144,107.0,False,False,False
dMRI_weighted_mean_FA_parahippocampal_part_of_cingulum_right,25495.0,25495.0,replication_weighted_tensor,replication_weighted_tensor,replication,primary,dMRI_weighted_mean,FA,parahippocampal part of cingulum (right),basket,A,G,genotype_pairwise,AA_vs_GG,AA,GG,30153,0.004904202152431557,0.015318162380000975,0.3201560363947027,0.7488523084174157,-0.02512007225887826,0.03492847656374137,nonrobust,ok,0.7488523084174157,0.12560382711235824,144,108.0,False,False,False
dMRI_weighted_mean_RD_superior_longitudinal_fasciculus_left,,25509.0,replication_weighted_tensor,replication_weighted_tensor,replication,primary,dMRI_weighted_mean,RD,superior longitudinal fasciculus (left),derived,A,G,genotype_pairwise,AA_vs_AG,AA,AG,30137,-0.003570365120488337,0.011244853557633452,-0.31751103757724186,0.7508581066824854,-0.02561077493089893,0.018470044689922256,nonrobust,ok,0.7508581066824854,0.1244421259879674,144,109.0,False,False,False
dMRI_weighted_mean_MD_superior_thalamic_radiation_left,25538.0,25511.0,replication_weighted_tensor,replication_weighted_tensor,replication,primary,dMRI_weighted_mean,MD,superior thalamic radiation (left),basket,A,G,genotype_pairwise,AA_vs_AG,AA,AG,30147,-0.003157612986962312,0.010156802183974223,-0.3108865300088753,0.755889074710393,-0.023065393755752474,0.016750167781827852,nonrobust,ok,0.755889074710393,0.12154193171538903,144,110.0,False,False,False
dMRI_weighted_mean_RD_superior_longitudinal_fasciculus_right,,25510.0,replication_weighted_tensor,replication_weighted_tensor,replication,primary,dMRI_weighted_mean,RD,superior longitudinal fasciculus (right),derived,A,G,genotype_pairwise,AA_vs_GG,AA,GG,30139,-0.00417406240221757,0.013506058371050966,-0.30905111525093815,0.757284820787536,-0.030646533481729913,0.02229840867729477,nonrobust,ok,0.757284820787536,0.12074074819886622,144,111.0,False,False,False
dMRI_weighted_mean_FA_superior_longitudinal_fasciculus_left,25509.0,25509.0,replication_weighted_tensor,replication_weighted_tensor,replication,primary,dMRI_weighted_mean,FA,superior longitudinal fasciculus (left),basket,A,G,genotype_pairwise,AG_vs_GG,AG,GG,30156,0.0038578980514168255,0.012675881873284873,0.3043494795851293,0.7608637921473886,-0.020987389832999838,0.028703185935833486,nonrobust,ok,0.7608637921473886,0.11869308253729978,144,112.0,False,False,False
dMRI_weighted_mean_RD_superior_thalamic_radiation_left,,25511.0,replication_weighted_tensor,replication_weighted_tensor,replication,primary,dMRI_weighted_mean,RD,superior thalamic radiation (left),derived,A,G,genotype_pairwise,AA_vs_AG,AA,AG,30147,-0.0030967077694000695,0.010936355787287967,-0.28315718961882835,0.7770583243877183,-0.024532448022995125,0.018339032484194988,nonrobust,ok,0.7770583243877183,0.10954638273175563,144,113.0,False,False,False
dMRI_weighted_mean_RD_superior_longitudinal_fasciculus_right,,25510.0,replication_weighted_tensor,replication_weighted_tensor,replication,primary,dMRI_weighted_mean,RD,superior longitudinal fasciculus (right),derived,A,G,genotype_pairwise,AG_vs_GG,AG,GG,30139,-0.003385379449134342,0.012009949170027307,-0.2818812470566555,0.7780365411473236,-0.026925410399350157,0.020154651501081474,nonrobust,ok,0.7780365411473236,0.10900000552191243,144,114.0,False,False,False
dMRI_weighted_mean_RD_parahippocampal_part_of_cingulum_left,,25494.0,replication_weighted_tensor,replication_weighted_tensor,replication,primary,dMRI_weighted_mean,RD,parahippocampal part of cingulum (left),derived,A,G,genotype_pairwise,AG_vs_GG,AG,GG,30114,0.0037855208814933814,0.013711786304241014,0.2760778790960687,0.7824901806307211,-0.023090186928582442,0.030661228691569207,nonrobust,ok,0.7824901806307211,0.10652110365327214,144,115.0,False,False,False
dMRI_weighted_mean_MD_parahippocampal_part_of_cingulum_left,25521.0,25494.0,replication_weighted_tensor,replication_weighted_tensor,replication,primary,dMRI_weighted_mean,MD,parahippocampal part of cingulum (left),basket,A,G,genotype_pairwise,AA_vs_AG,AA,AG,30111,-0.0035410863562597506,0.012831148724475635,-0.2759757861355833,0.7825685936374975,-0.028690705652273687,0.021608532939754187,nonrobust,ok,0.7825685936374975,0.10647758536917847,144,116.0,False,False,False
dMRI_weighted_mean_FA_superior_thalamic_radiation_right,25512.0,25512.0,replication_weighted_tensor,replication_weighted_tensor,replication,primary,dMRI_weighted_mean,FA,superior thalamic radiation (right),basket,A,G,genotype_pairwise,AA_vs_AG,AA,AG,30156,0.0031204644270868428,0.011615306806936261,0.2686510549358377,0.7882000921627083,-0.01964604952192417,0.025886978376097852,nonrobust,ok,0.7882000921627083,0.10336351868920121,144,117.0,False,False,False
dMRI_weighted_mean_MD_forceps_minor,25526.0,25499.0,replication_weighted_tensor,replication_weighted_tensor,replication,primary,dMRI_weighted_mean,MD,forceps minor,basket,A,G,genotype_pairwise,AA_vs_AG,AA,AG,30155,-0.0030551578018874394,0.011601247155654457,-0.2633473592016659,0.7922846932533725,-0.025794114245319605,0.019683798641544722,nonrobust,ok,0.7922846932533725,0.10111873445560607,144,118.0,False,False,False
dMRI_weighted_mean_RD_forceps_minor,,25499.0,replication_weighted_tensor,replication_weighted_tensor,replication,primary,dMRI_weighted_mean,RD,forceps minor,derived,A,G,genotype_pairwise,AG_vs_GG,AG,GG,30154,-0.0032442187031306,0.012402402505632206,-0.26157985935848543,0.793647193540685,-0.02755347502491107,0.021065037618649873,nonrobust,ok,0.793647193540685,0.10037251514205363,144,119.0,False,False,False
dMRI_weighted_mean_MD_parahippocampal_part_of_cingulum_right,25522.0,25495.0,replication_weighted_tensor,replication_weighted_tensor,replication,primary,dMRI_weighted_mean,MD,parahippocampal part of cingulum (right),basket,A,G,genotype_pairwise,AG_vs_GG,AG,GG,30121,-0.003158989534676869,0.013480839789310086,-0.234331806033468,0.8147290182129784,-0.029582031738083894,0.023264052668730155,nonrobust,ok,0.8147290182129784,0.08898681514223833,144,120.0,False,False,False
dMRI_weighted_mean_FA_superior_longitudinal_fasciculus_right,25510.0,25510.0,replication_weighted_tensor,replication_weighted_tensor,replication,primary,dMRI_weighted_mean,FA,superior longitudinal fasciculus (right),basket,A,G,genotype_pairwise,AA_vs_AG,AA,AG,30152,-0.0028625614215879026,0.01221824981948735,-0.23428571717549063,0.814764794050014,-0.02681087041667217,0.021085747573496363,nonrobust,ok,0.814764794050014,0.08896774511141574,144,121.0,False,False,False
dMRI_weighted_mean_FA_corticospinal_tract_right,25497.0,25497.0,replication_weighted_tensor,replication_weighted_tensor,replication,primary,dMRI_weighted_mean,FA,corticospinal tract (right),basket,A,G,genotype_pairwise,AA_vs_AG,AA,AG,30153,0.0027921820106857204,0.012021441063636378,0.23226683023317257,0.8163323795565919,-0.020770373102663574,0.026354737124035015,nonrobust,ok,0.8163323795565919,0.08813297701048663,144,122.0,False,False,False
dMRI_weighted_mean_FA_superior_longitudinal_fasciculus_right,25510.0,25510.0,replication_weighted_tensor,replication_weighted_tensor,replication,primary,dMRI_weighted_mean,FA,superior longitudinal fasciculus (right),basket,A,G,genotype_pairwise,AG_vs_GG,AG,GG,30152,0.0029156238375748684,0.012893047760354399,0.2261392257104867,0.8210946986083523,-0.022355318909141816,0.028186566584291556,nonrobust,ok,0.8210946986083523,0.08560675188016595,144,123.0,False,False,False
dMRI_weighted_mean_FA_posterior_thalamic_radiation_left,25507.0,25507.0,replication_weighted_tensor,replication_weighted_tensor,replication,primary,dMRI_weighted_mean,FA,posterior thalamic radiation (left),basket,A,G,genotype_pairwise,AA_vs_GG,AA,GG,30152,-0.002947453163348641,0.01382805999980764,-0.2131501572447359,0.8312113117218343,-0.030051061173538507,0.024156154846841228,nonrobust,ok,0.8312113117218343,0.08028855521874946,144,124.0,False,False,False
dMRI_weighted_mean_FA_superior_longitudinal_fasciculus_left,25509.0,25509.0,replication_weighted_tensor,replication_weighted_tensor,replication,primary,dMRI_weighted_mean,FA,superior longitudinal fasciculus (left),basket,A,G,genotype_pairwise,AA_vs_AG,AA,AG,30156,-0.002317190177605489,0.01201252859536907,-0.1928977866074579,0.8470403419396426,-0.025862276362160572,0.021227896006949593,nonrobust,ok,0.8470403419396426,0.0720959050594339,144,125.0,False,False,False
dMRI_weighted_mean_RD_parahippocampal_part_of_cingulum_right,,25495.0,replication_weighted_tensor,replication_weighted_tensor,replication,primary,dMRI_weighted_mean,RD,parahippocampal part of cingulum (right),derived,A,G,genotype_pairwise,AA_vs_AG,AA,AG,30126,-0.002248520845524635,0.013030945897618131,-0.1725523889969977,0.863004459412902,-0.027789750946969297,0.02329270925592003,nonrobust,ok,0.863004459412902,0.0639869601441043,144,126.0,False,False,False
dMRI_weighted_mean_FA_superior_thalamic_radiation_right,25512.0,25512.0,replication_weighted_tensor,replication_weighted_tensor,replication,primary,dMRI_weighted_mean,FA,superior thalamic radiation (right),basket,A,G,genotype_pairwise,AG_vs_GG,AG,GG,30156,0.0020735645909447796,0.012257205076543796,0.16917107758218802,0.8656632346076643,-0.021951098294789893,0.02609822747667945,nonrobust,ok,0.8656632346076643,0.06265102691620611,144,127.0,False,False,False
dMRI_weighted_mean_MD_parahippocampal_part_of_cingulum_right,25522.0,25495.0,replication_weighted_tensor,replication_weighted_tensor,replication,primary,dMRI_weighted_mean,MD,parahippocampal part of cingulum (right),basket,A,G,genotype_pairwise,AA_vs_GG,AA,GG,30121,-0.002447712634473836,0.015160185964283649,-0.16145663649776315,0.8717348655084622,-0.03216234761317988,0.027266922344232208,nonrobust,ok,0.8717348655084622,0.05961558382375814,144,128.0,False,False,False
dMRI_weighted_mean_MD_parahippocampal_part_of_cingulum_left,25521.0,25494.0,replication_weighted_tensor,replication_weighted_tensor,replication,primary,dMRI_weighted_mean,MD,parahippocampal part of cingulum (left),basket,A,G,genotype_pairwise,AG_vs_GG,AG,GG,30111,0.0021026993110328353,0.0135473851908805,0.15521071272471676,0.8766562629939496,-0.024450775153586887,0.028656173775652556,nonrobust,ok,0.8766562629939496,0.057170660166553845,144,129.0,False,False,False
dMRI_weighted_mean_FA_superior_thalamic_radiation_left,25511.0,25511.0,replication_weighted_tensor,replication_weighted_tensor,replication,primary,dMRI_weighted_mean,FA,superior thalamic radiation (left),basket,A,G,genotype_pairwise,AA_vs_AG,AA,AG,30157,0.0017676442287024288,0.011624302120365417,0.15206454636150335,0.8791370632176811,-0.02101650090013627,0.024551789357541126,nonrobust,ok,0.8791370632176811,0.05594341029751483,144,130.0,False,False,False
dMRI_weighted_mean_RD_parahippocampal_part_of_cingulum_left,,25494.0,replication_weighted_tensor,replication_weighted_tensor,replication,primary,dMRI_weighted_mean,RD,parahippocampal part of cingulum (left),derived,A,G,genotype_pairwise,AA_vs_AG,AA,AG,30114,-0.0019321853518773498,0.012987569784053766,-0.14877189374179156,0.8817346442077472,-0.027388396740705544,0.023524026036950845,nonrobust,ok,0.8817346442077472,0.054662095021869445,144,131.0,False,False,False
dMRI_weighted_mean_MD_superior_longitudinal_fasciculus_right,25537.0,25510.0,replication_weighted_tensor,replication_weighted_tensor,replication,primary,dMRI_weighted_mean,MD,superior longitudinal fasciculus (right),basket,A,G,genotype_pairwise,AA_vs_AG,AA,AG,30142,-0.0016078261742476026,0.010930755880608942,-0.14709194787707877,0.8830604476682561,-0.023032590511586154,0.01981693816309095,nonrobust,ok,0.8830604476682561,0.054009566875164276,144,132.0,False,False,False
dMRI_weighted_mean_RD_forceps_minor,,25499.0,replication_weighted_tensor,replication_weighted_tensor,replication,primary,dMRI_weighted_mean,RD,forceps minor,derived,A,G,genotype_pairwise,AA_vs_AG,AA,AG,30154,-0.0014158516461040703,0.011752898021011215,-0.12046830012247915,0.9041130072736334,-0.024452050510538878,0.02162034721833074,nonrobust,ok,0.9041130072736334,0.04377728261312132,144,133.0,False,False,False
dMRI_weighted_mean_RD_parahippocampal_part_of_cingulum_left,,25494.0,replication_weighted_tensor,replication_weighted_tensor,replication,primary,dMRI_weighted_mean,RD,parahippocampal part of cingulum (left),derived,A,G,genotype_pairwise,AA_vs_GG,AA,GG,30114,0.0018533355296160316,0.015416093121463777,0.12022083124521597,0.904309033579944,-0.02836288904626091,0.03206956010549297,nonrobust,ok,0.904309033579944,0.043683130759683615,144,134.0,False,False,False
dMRI_weighted_mean_MD_forceps_minor,25526.0,25499.0,replication_weighted_tensor,replication_weighted_tensor,replication,primary,dMRI_weighted_mean,MD,forceps minor,basket,A,G,genotype_pairwise,AA_vs_GG,AA,GG,30155,0.0015936477909569498,0.01376810767345111,0.11574922485752805,0.9078520778323095,-0.02539245090124247,0.02857974648315637,nonrobust,ok,0.9078520778323095,0.04198490810287729,144,135.0,False,False,False
dMRI_weighted_mean_FA_superior_longitudinal_fasciculus_left,25509.0,25509.0,replication_weighted_tensor,replication_weighted_tensor,replication,primary,dMRI_weighted_mean,FA,superior longitudinal fasciculus (left),basket,A,G,genotype_pairwise,AA_vs_GG,AA,GG,30156,0.0015407078738113363,0.01425627001810753,0.10807229884495831,0.9139390742489023,-0.026402210520242032,0.02948362626786471,nonrobust,ok,0.9139390742489023,0.03908275459376986,144,136.0,False,False,False
dMRI_weighted_mean_MD_parahippocampal_part_of_cingulum_left,25521.0,25494.0,replication_weighted_tensor,replication_weighted_tensor,replication,primary,dMRI_weighted_mean,MD,parahippocampal part of cingulum (left),basket,A,G,genotype_pairwise,AA_vs_GG,AA,GG,30111,-0.0014383870452269155,0.0152306043698347,-0.09444057571843596,0.9247598252523519,-0.03129104558536886,0.028414271494915027,nonrobust,ok,0.9247598252523519,0.03397104575983873,144,137.0,False,False,False
dMRI_weighted_mean_RD_parahippocampal_part_of_cingulum_right,,25495.0,replication_weighted_tensor,replication_weighted_tensor,replication,primary,dMRI_weighted_mean,RD,parahippocampal part of cingulum (right),derived,A,G,genotype_pairwise,AG_vs_GG,AG,GG,30126,0.0012309871862562695,0.01375329176760828,0.08950491322779087,0.9286812552435151,-0.025726072757718776,0.028188047130231316,nonrobust,ok,0.9286812552435151,0.03213332028211974,144,138.0,False,False,False
dMRI_weighted_mean_RD_superior_longitudinal_fasciculus_right,,25510.0,replication_weighted_tensor,replication_weighted_tensor,replication,primary,dMRI_weighted_mean,RD,superior longitudinal fasciculus (right),derived,A,G,genotype_pairwise,AA_vs_AG,AA,AG,30139,-0.0007886829530832281,0.011380180955481089,-0.06930319967393586,0.9447487473033248,-0.0230943403808134,0.02151697447464694,nonrobust,ok,0.9447487473033248,0.024683675266586113,144,139.0,False,False,False
dMRI_weighted_mean_RD_parahippocampal_part_of_cingulum_right,,25495.0,replication_weighted_tensor,replication_weighted_tensor,replication,primary,dMRI_weighted_mean,RD,parahippocampal part of cingulum (right),derived,A,G,genotype_pairwise,AA_vs_GG,AA,GG,30126,-0.0010175336592683655,0.015466036470620169,-0.06579149487984905,0.9475442724359938,-0.03133164894737259,0.029296581628835857,nonrobust,ok,0.9475442724359938,0.023400489195811672,144,140.0,False,False,False
dMRI_weighted_mean_MD_parahippocampal_part_of_cingulum_right,25522.0,25495.0,replication_weighted_tensor,replication_weighted_tensor,replication,primary,dMRI_weighted_mean,MD,parahippocampal part of cingulum (right),basket,A,G,genotype_pairwise,AA_vs_AG,AA,AG,30121,0.0007112769002030324,0.012773277861427198,0.05568475906650004,0.9555933174428052,-0.024324912631251097,0.025747466431657165,nonrobust,ok,0.9555933174428052,0.01972689597517601,144,141.0,False,False,False
dMRI_weighted_mean_FA_parahippocampal_part_of_cingulum_left,25494.0,25494.0,replication_weighted_tensor,replication_weighted_tensor,replication,primary,dMRI_weighted_mean,FA,parahippocampal part of cingulum (left),basket,A,G,genotype_pairwise,AA_vs_AG,AA,AG,30154,0.0005218846119863516,0.012982044088549393,0.04020049604104115,0.9679335533102307,-0.02492349479622819,0.02596726402020089,nonrobust,ok,0.9679335533102307,0.0141544551101881,144,142.0,False,False,False
dMRI_weighted_mean_RD_posterior_thalamic_radiation_left,,25507.0,replication_weighted_tensor,replication_weighted_tensor,replication,primary,dMRI_weighted_mean,RD,posterior thalamic radiation (left),derived,A,G,genotype_pairwise,AA_vs_AG,AA,AG,30141,0.00041753340669396343,0.010572853725541108,0.03949107946942627,0.9684991319898665,-0.020305726926835296,0.021140793740223224,nonrobust,ok,0.9684991319898665,0.01390076417789068,144,143.0,False,False,False
dMRI_weighted_mean_FA_superior_longitudinal_fasciculus_right,25510.0,25510.0,replication_weighted_tensor,replication_weighted_tensor,replication,primary,dMRI_weighted_mean,FA,superior longitudinal fasciculus (right),basket,A,G,genotype_pairwise,AA_vs_GG,AA,GG,30152,5.306241598696578e-05,0.014499811341672088,0.003659524578396807,0.9970801530207591,-0.02836720787730453,0.028473332709278463,nonrobust,ok,0.9970801530207591,0.001269928332840905,144,144.0,False,False,False
free_water_like__tbss__cerebral_peduncle_left,,,secondary_composite,secondary_composite,mechanistic_composite,secondary,dMRI_composite_tbss,free_water_like,cerebral peduncle (left),composite,A,G,genotype_pairwise,AG_vs_GG,AG,GG,30160,-0.07062753213547558,0.024152396803643377,-2.924245270962982,0.003455542644754142,-0.11796729550407581,-0.023287768766875362,nonrobust,ok,0.003455542644754142,2.4614837430460104,900,1.0,True,True,False
free_water_like__wm__medial_lemniscus_left,,,secondary_composite,secondary_composite,mechanistic_composite,secondary,dMRI_composite_wm,free_water_like,medial lemniscus (left),composite,A,G,genotype_pairwise,AG_vs_GG,AG,GG,30160,-0.07176603982752829,0.0279593739004932,-2.5667970993535856,0.010269134477553654,-0.126567646274467,-0.01696443338058956,nonrobust,ok,0.010269134477553654,1.9884661588820565,900,2.0,True,False,False
free_water_like__tbss__cerebral_peduncle_right,,,secondary_composite,secondary_composite,mechanistic_composite,secondary,dMRI_composite_tbss,free_water_like,cerebral peduncle (right),composite,A,G,genotype_pairwise,AG_vs_GG,AG,GG,30160,-0.0570846941963179,0.023702438696569024,-2.4083890660829352,0.016029166444529206,-0.10354251982234716,-0.010626868570288633,nonrobust,ok,0.016029166444529206,1.7950890614233863,900,3.0,True,False,False
axonal_loss_like__tbss__splenium_of_corpus_callosum,,,secondary_composite,secondary_composite,mechanistic_composite,secondary,dMRI_composite_tbss,axonal_loss_like,splenium of corpus callosum,composite,A,G,genotype_pairwise,AG_vs_GG,AG,GG,30160,-0.03495511420814312,0.014852065820386735,-2.353552336144503,0.018601491013358725,-0.0640658185075161,-0.005844409908770148,nonrobust,ok,0.018601491013358725,1.7304522432594216,900,4.0,True,False,False
demyelination_like__tbss__cerebral_peduncle_left,,,secondary_composite,secondary_composite,mechanistic_composite,secondary,dMRI_composite_tbss,demyelination_like,cerebral peduncle (left),composite,A,G,genotype_pairwise,AG_vs_GG,AG,GG,30160,-0.050809106620235946,0.02180159122297055,-2.330522854987876,0.019785215524792503,-0.09354118733028324,-0.008077025910188641,nonrobust,ok,0.019785215524792503,1.7036592145049392,900,5.0,True,False,False
axonal_loss_like__tbss__splenium_of_corpus_callosum,,,secondary_composite,secondary_composite,mechanistic_composite,secondary,dMRI_composite_tbss,axonal_loss_like,splenium of corpus callosum,composite,A,G,genotype_pairwise,AA_vs_GG,AA,GG,30160,-0.0379130865697278,0.016703119980913464,-2.269820645068156,0.02322562559290653,-0.07065193869451988,-0.005174234444935713,nonrobust,ok,0.02322562559290653,1.6340325792551764,900,6.0,True,False,False
free_water_like__tbss__cingulum_hippocampus_right,,,secondary_composite,secondary_composite,mechanistic_composite,secondary,dMRI_composite_tbss,free_water_like,cingulum hippocampus (right),composite,A,G,genotype_pairwise,AA_vs_GG,AA,GG,30160,-0.0551146452243264,0.025034947603396727,-2.2015083113994005,0.027707745616544252,-0.10418424709967018,-0.0060450433489826205,nonrobust,ok,0.027707745616544252,1.557398808253268,900,7.0,True,False,False
demyelination_like__wm__forceps_major,,,secondary_composite,secondary_composite,mechanistic_composite,secondary,dMRI_composite_wm,demyelination_like,forceps major,composite,A,G,genotype_pairwise,AA_vs_GG,AA,GG,30160,-0.06074623179930237,0.02779814283728455,-2.1852622369371333,0.028877434868829436,-0.11523181824863929,-0.006260645349965462,nonrobust,ok,0.028877434868829436,1.5394413869953896,900,8.0,True,False,False
tract_geometry_like__tbss__cingulum_cingulate_gyrus_right,,,secondary_composite,secondary_composite,mechanistic_composite,secondary,dMRI_composite_tbss,tract_geometry_like,cingulum cingulate gyrus (right),composite,A,G,genotype_pairwise,AA_vs_GG,AA,GG,30160,0.04883978230887997,0.022363506885734265,2.183905348943058,0.028977024509935126,0.005006322107405474,0.09267324251035447,nonrobust,ok,0.028977024509935126,1.537946211868995,900,9.0,True,False,False
axonal_loss_like__tbss__genu_of_corpus_callosum,,,secondary_composite,secondary_composite,mechanistic_composite,secondary,dMRI_composite_tbss,axonal_loss_like,genu of corpus callosum,composite,A,G,genotype_pairwise,AG_vs_GG,AG,GG,30160,-0.028536456944308945,0.013111492621568008,-2.1764460971718305,0.029529797105036233,-0.05423556097776643,-0.002837352910851458,nonrobust,ok,0.029529797105036233,1.5297395369992253,900,10.0,True,False,False
free_water_like__tbss__tapetum_right,,,secondary_composite,secondary_composite,mechanistic_composite,secondary,dMRI_composite_tbss,free_water_like,tapetum (right),composite,A,G,genotype_pairwise,AA_vs_AG,AA,AG,30160,0.049147078550832085,0.02308512417228395,2.128950149197732,0.033266615388224716,0.003899216629077794,0.09439494047258637,nonrobust,ok,0.033266615388224716,1.477991382870013,900,11.0,True,False,False
axonal_loss_like__tbss__medial_lemniscus_left,,,secondary_composite,secondary_composite,mechanistic_composite,secondary,dMRI_composite_tbss,axonal_loss_like,medial lemniscus (left),composite,A,G,genotype_pairwise,AA_vs_AG,AA,AG,30160,-0.027267586796350912,0.012963294285525857,-2.103445790534624,0.03543523449271426,-0.052676215552472885,-0.001858958040228939,nonrobust,ok,0.03543523449271426,1.4505646889486086,900,12.0,True,False,False
tract_geometry_like__tbss__anterior_corona_radiata_left,,,secondary_composite,secondary_composite,mechanistic_composite,secondary,dMRI_composite_tbss,tract_geometry_like,anterior corona radiata (left),composite,A,G,genotype_pairwise,AG_vs_GG,AG,GG,30160,0.03840946741114451,0.01831000498700015,2.0977311277858584,0.03593735962419579,0.00252104977667926,0.07429788504560976,nonrobust,ok,0.03593735962419579,1.4444538343713371,900,13.0,True,False,False
free_water_like__wm__corticospinal_tract_left,,,secondary_composite,secondary_composite,mechanistic_composite,secondary,dMRI_composite_wm,free_water_like,corticospinal tract (left),composite,A,G,genotype_pairwise,AG_vs_GG,AG,GG,30160,-0.04972686491439226,0.023843259107515422,-2.085573314040709,0.0370258331555244,-0.09646070475904624,-0.002993025069738281,nonrobust,ok,0.0370258331555244,1.4314951601997106,900,14.0,True,False,False
demyelination_like__tbss__cingulum_hippocampus_right,,,secondary_composite,secondary_composite,mechanistic_composite,secondary,dMRI_composite_tbss,demyelination_like,cingulum hippocampus (right),composite,A,G,genotype_pairwise,AA_vs_GG,AA,GG,30160,-0.050515148590262564,0.02432780374610299,-2.0764368669471227,0.037862171108190006,-0.09819871730525372,-0.0028315798752714116,nonrobust,ok,0.037862171108190006,1.4217944861653564,900,15.0,True,False,False
free_water_like__wm__corticospinal_tract_right,,,secondary_composite,secondary_composite,mechanistic_composite,secondary,dMRI_composite_wm,free_water_like,corticospinal tract (right),composite,A,G,genotype_pairwise,AG_vs_GG,AG,GG,30160,-0.04765500266498482,0.023360217053268673,-2.040006843956816,0.0413585007463462,-0.0934420587709055,-0.0018679465590641445,nonrobust,ok,0.0413585007463462,1.3834352128877658,900,16.0,True,False,False
demyelination_like__tbss__retrolenticular_part_of_internal_capsule,,,secondary_composite,secondary_composite,mechanistic_composite,secondary,dMRI_composite_tbss,demyelination_like,retrolenticular part of internal capsule (left),composite,A,G,genotype_pairwise,AG_vs_GG,AG,GG,30160,-0.0394508959243373,0.01938296104665594,-2.0353389675280598,0.041825665787263946,-0.0774423547758692,-0.0014594370728054015,nonrobust,ok,0.041825665787263946,1.3785571371454006,900,17.0,True,False,False
demyelination_like__tbss__retrolenticular_part_of_internal_capsule,,,secondary_composite,secondary_composite,mechanistic_composite,secondary,dMRI_composite_tbss,demyelination_like,retrolenticular part of internal capsule (right),composite,A,G,genotype_pairwise,AG_vs_GG,AG,GG,30160,-0.0394508959243373,0.01938296104665594,-2.0353389675280598,0.041825665787263946,-0.0774423547758692,-0.0014594370728054015,nonrobust,ok,0.041825665787263946,1.3785571371454006,900,17.0,True,False,False
axonal_loss_like__tbss__body_of_corpus_callosum,,,secondary_composite,secondary_composite,mechanistic_composite,secondary,dMRI_composite_tbss,axonal_loss_like,body of corpus callosum,composite,A,G,genotype_pairwise,AG_vs_GG,AG,GG,30160,-0.029685232495396105,0.014847154280092882,-1.9993887000418773,0.04557543652101611,-0.05878630995908993,-0.0005841550317022826,nonrobust,ok,0.04557543652101611,1.341269162985424,900,19.0,True,False,False
demyelination_like__tbss__cerebral_peduncle_right,,,secondary_composite,secondary_composite,mechanistic_composite,secondary,dMRI_composite_tbss,demyelination_like,cerebral peduncle (right),composite,A,G,genotype_pairwise,AG_vs_GG,AG,GG,30160,-0.042078977678327995,0.021197567939025535,-1.9850851663439646,0.047144210040807155,-0.08362714610159272,-0.0005308092550632762,nonrobust,ok,0.047144210040807155,1.3265716370036862,900,20.0,True,False,False
tract_geometry_like__tbss__genu_of_corpus_callosum,,,secondary_composite,secondary_composite,mechanistic_composite,secondary,dMRI_composite_tbss,tract_geometry_like,genu of corpus callosum,composite,A,G,genotype_pairwise,AG_vs_GG,AG,GG,30160,0.02896305473962843,0.015031214724846764,1.9268605545067612,0.054006570108447643,-0.0004987893167562527,0.05842489879601311,nonrobust,ok,0.054006570108447643,1.2675534033571052,900,21.0,False,False,False
free_water_like__tbss__retrolenticular_part_of_internal_capsule,,,secondary_composite,secondary_composite,mechanistic_composite,secondary,dMRI_composite_tbss,free_water_like,retrolenticular part of internal capsule (left),composite,A,G,genotype_pairwise,AG_vs_GG,AG,GG,30160,-0.044753170030235656,0.02327105206522995,-1.9231262043843238,0.05447378274213951,-0.09036545882553147,0.00085911876506016,nonrobust,ok,0.05447378274213951,1.263812465611828,900,22.0,False,False,False
free_water_like__tbss__retrolenticular_part_of_internal_capsule,,,secondary_composite,secondary_composite,mechanistic_composite,secondary,dMRI_composite_tbss,free_water_like,retrolenticular part of internal capsule (right),composite,A,G,genotype_pairwise,AG_vs_GG,AG,GG,30160,-0.044753170030235656,0.02327105206522995,-1.9231262043843238,0.05447378274213951,-0.09036545882553147,0.00085911876506016,nonrobust,ok,0.05447378274213951,1.263812465611828,900,22.0,False,False,False
tract_geometry_like__wm__inferior_fronto_occipital_fasciculus_rig,,,secondary_composite,secondary_composite,mechanistic_composite,secondary,dMRI_composite_wm,tract_geometry_like,inferior fronto-occipital fasciculus (right),composite,A,G,genotype_pairwise,AA_vs_GG,AA,GG,30160,0.037027354565501276,0.019332768591999443,1.9152639410800403,0.055468475992861685,-0.0008657248603510387,0.07492043399135359,nonrobust,ok,0.055468475992861685,1.2559537662823859,900,24.0,False,False,False
demyelination_like__wm__corticospinal_tract_left,,,secondary_composite,secondary_composite,mechanistic_composite,secondary,dMRI_composite_wm,demyelination_like,corticospinal tract (left),composite,A,G,genotype_pairwise,AG_vs_GG,AG,GG,30160,-0.038611156552400674,0.0201958856673111,-1.911832795473604,0.055907286944512975,-0.078195983527651,0.000973670422849654,nonrobust,ok,0.055907286944512975,1.2525315825690133,900,25.0,False,False,False
axonal_loss_like__tbss__corticospinal_tract_left,,,secondary_composite,secondary_composite,mechanistic_composite,secondary,dMRI_composite_tbss,axonal_loss_like,corticospinal tract (left),composite,A,G,genotype_pairwise,AG_vs_GG,AG,GG,30160,0.02662057495924987,0.014028284063370497,1.897635864728412,0.0577537861141956,-0.000875480750106742,0.05411663066860649,nonrobust,ok,0.0577537861141956,1.2384195398409221,900,26.0,False,False,False
tract_geometry_like__tbss__retrolenticular_part_of_internal_capsule,,,secondary_composite,secondary_composite,mechanistic_composite,secondary,dMRI_composite_tbss,tract_geometry_like,retrolenticular part of internal capsule (right),composite,A,G,genotype_pairwise,AA_vs_GG,AA,GG,30160,0.041833529560467396,0.02209770852117592,1.8931161808193335,0.05835216426879867,-0.0014789541191219113,0.0851460132400567,nonrobust,ok,0.05835216426879867,1.2339430314341122,900,27.0,False,False,False
tract_geometry_like__tbss__retrolenticular_part_of_internal_capsule,,,secondary_composite,secondary_composite,mechanistic_composite,secondary,dMRI_composite_tbss,tract_geometry_like,retrolenticular part of internal capsule (left),composite,A,G,genotype_pairwise,AA_vs_GG,AA,GG,30160,0.041833529560467396,0.02209770852117592,1.8931161808193335,0.05835216426879867,-0.0014789541191219113,0.0851460132400567,nonrobust,ok,0.05835216426879867,1.2339430314341122,900,27.0,False,False,False
demyelination_like__wm__medial_lemniscus_left,,,secondary_composite,secondary_composite,mechanistic_composite,secondary,dMRI_composite_wm,demyelination_like,medial lemniscus (left),composite,A,G,genotype_pairwise,AG_vs_GG,AG,GG,30160,-0.03963278218923961,0.02096861330901145,-1.8901002944342087,0.05875430699175043,-0.08073218943591678,0.0014666250574375678,nonrobust,ok,0.05875430699175043,1.2309602918785167,900,29.0,False,False,False
tract_geometry_like__wm__forceps_minor,,,secondary_composite,secondary_composite,mechanistic_composite,secondary,dMRI_composite_wm,tract_geometry_like,forceps minor,composite,A,G,genotype_pairwise,AG_vs_GG,AG,GG,30160,0.03203721536996377,0.017023417556190006,1.8819496886695637,0.05985264832750111,-0.0013294341342933932,0.06540386487422092,nonrobust,ok,0.05985264832750111,1.2229166284058757,900,30.0,False,False,False
demyelination_like__tbss__splenium_of_corpus_callosum,,,secondary_composite,secondary_composite,mechanistic_composite,secondary,dMRI_composite_tbss,demyelination_like,splenium of corpus callosum,composite,A,G,genotype_pairwise,AA_vs_GG,AA,GG,30160,-0.048385136280231666,0.026221829509789973,-1.8452235097542289,0.06501501259167565,-0.09978107905879602,0.0030108064983326854,nonrobust,ok,0.06501501259167565,1.186986349004626,900,31.0,False,False,False
free_water_like__wm__forceps_major,,,secondary_composite,secondary_composite,mechanistic_composite,secondary,dMRI_composite_wm,free_water_like,forceps major,composite,A,G,genotype_pairwise,AA_vs_GG,AA,GG,30160,-0.05764599136038874,0.03129034588344632,-1.842293197240925,0.06544226850171526,-0.11897644986049721,0.0036844671397197395,nonrobust,ok,0.06544226850171526,1.1841416546194137,900,32.0,False,False,False
axonal_loss_like__tbss__genu_of_corpus_callosum,,,secondary_composite,secondary_composite,mechanistic_composite,secondary,dMRI_composite_tbss,axonal_loss_like,genu of corpus callosum,composite,A,G,genotype_pairwise,AA_vs_GG,AA,GG,30160,-0.02710453852584005,0.014745614316245293,-1.8381423753894666,0.06605144158639706,-0.05600659318032448,0.0017975161286443789,nonrobust,ok,0.06605144158639706,1.1801176993789726,900,33.0,False,False,False
tract_geometry_like__tbss__superior_longitudinal_fasciculus_left,,,secondary_composite,secondary_composite,mechanistic_composite,secondary,dMRI_composite_tbss,tract_geometry_like,superior longitudinal fasciculus (left),composite,A,G,genotype_pairwise,AA_vs_AG,AA,AG,30160,0.03518319339659944,0.01954809327463261,1.7998273745837077,0.07189807758857193,-0.0031319319076037744,0.07349831870080266,nonrobust,ok,0.07189807758857193,1.1432827216315367,900,34.0,False,False,False
demyelination_like__wm__corticospinal_tract_right,,,secondary_composite,secondary_composite,mechanistic_composite,secondary,dMRI_composite_wm,demyelination_like,corticospinal tract (right),composite,A,G,genotype_pairwise,AG_vs_GG,AG,GG,30160,-0.03515842009443438,0.01958477320891068,-1.795191586821031,0.07263337645884921,-0.07354543968818644,0.003228599499317676,nonrobust,ok,0.07263337645884921,1.1388637666142787,900,35.0,False,False,False
tract_geometry_like__tbss__splenium_of_corpus_callosum,,,secondary_composite,secondary_composite,mechanistic_composite,secondary,dMRI_composite_tbss,tract_geometry_like,splenium of corpus callosum,composite,A,G,genotype_pairwise,AG_vs_GG,AG,GG,30160,0.032258234683376075,0.018136826865220054,1.778604103302978,0.07531495051953815,-0.003290746191568411,0.06780721555832056,nonrobust,ok,0.07531495051953815,1.1231188048929301,900,36.0,False,False,False
free_water_like__tbss__cingulum_cingulate_gyrus_left,,,secondary_composite,secondary_composite,mechanistic_composite,secondary,dMRI_composite_tbss,free_water_like,cingulum cingulate gyrus (left),composite,A,G,genotype_pairwise,AA_vs_AG,AA,AG,30160,-0.03384584433771642,0.019279085600804536,-1.7555731137115753,0.07917166756771593,-0.0716337027322671,0.003942014056834267,nonrobust,ok,0.07917166756771593,1.1014302075570643,900,37.0,False,False,False
axonal_loss_like__tbss__cingulum_cingulate_gyrus_right,,,secondary_composite,secondary_composite,mechanistic_composite,secondary,dMRI_composite_tbss,axonal_loss_like,cingulum cingulate gyrus (right),composite,A,G,genotype_pairwise,AG_vs_GG,AG,GG,30160,-0.029907926300164762,0.017150835674798755,-1.7438174364944288,0.08120130875778712,-0.06352432093873922,0.0037084683384096886,nonrobust,ok,0.08120130875778712,1.0904369709841375,900,38.0,False,False,False
tract_geometry_like__wm__posterior_thalamic_radiation_right,,,secondary_composite,secondary_composite,mechanistic_composite,secondary,dMRI_composite_wm,tract_geometry_like,posterior thalamic radiation (right),composite,A,G,genotype_pairwise,AA_vs_AG,AA,AG,30160,-0.027259277646717636,0.015676526485394596,-1.7388595408628553,0.08206986775193481,-0.0579859612257248,0.0034674059322895336,nonrobust,ok,0.08206986775193481,1.085816266401918,900,39.0,False,False,False
axonal_loss_like__tbss__external_capsule_right,,,secondary_composite,secondary_composite,mechanistic_composite,secondary,dMRI_composite_tbss,axonal_loss_like,external capsule (right),composite,A,G,genotype_pairwise,AA_vs_GG,AA,GG,30160,-0.024337014117198692,0.01405764032448481,-1.7312303882757512,0.08342110009447577,-0.05189060939357372,0.0032165811591763314,nonrobust,ok,0.08342110009447577,1.0787240873047381,900,40.0,False,False,False
free_water_like__tbss__superior_cerebellar_peduncle_right,,,secondary_composite,secondary_composite,mechanistic_composite,secondary,dMRI_composite_tbss,free_water_like,superior cerebellar peduncle (right),composite,A,G,genotype_pairwise,AG_vs_GG,AG,GG,30160,-0.04262825811220645,0.024635048624280235,-1.730390662602231,0.08357092213151299,-0.090914040344447,0.005657524120034098,nonrobust,ok,0.08357092213151299,1.0779448057493248,900,41.0,False,False,False
free_water_like__wm__inferior_fronto_occipital_fasciculus_rig,,,secondary_composite,secondary_composite,mechanistic_composite,secondary,dMRI_composite_wm,free_water_like,inferior fronto-occipital fasciculus (right),composite,A,G,genotype_pairwise,AA_vs_GG,AA,GG,30160,-0.04213521326831322,0.02443316803964134,-1.7245087988570036,0.08462647032627316,-0.09002530064744178,0.00575487411081535,nonrobust,ok,0.08462647032627316,1.0724937726756054,900,42.0,False,False,False
axonal_loss_like__tbss__cingulum_cingulate_gyrus_right,,,secondary_composite,secondary_composite,mechanistic_composite,secondary,dMRI_composite_tbss,axonal_loss_like,cingulum cingulate gyrus (right),composite,A,G,genotype_pairwise,AA_vs_GG,AA,GG,30160,-0.033109872537588285,0.019288391898712648,-1.7165698784769152,0.08606825087018855,-0.07091597168664418,0.0046962266114676104,nonrobust,ok,0.08606825087018855,1.0651570229335385,900,43.0,False,False,False
tract_geometry_like__tbss__external_capsule_right,,,secondary_composite,secondary_composite,mechanistic_composite,secondary,dMRI_composite_tbss,tract_geometry_like,external capsule (right),composite,A,G,genotype_pairwise,AA_vs_GG,AA,GG,30160,0.034866248165446714,0.020415588515243954,1.7078247898370753,0.0876793422225215,-0.0051492060853119415,0.07488170241620537,nonrobust,ok,0.0876793422225215,1.0571027169596239,900,44.0,False,False,False
axonal_loss_like__tbss__anterior_corona_radiata_left,,,secondary_composite,secondary_composite,mechanistic_composite,secondary,dMRI_composite_tbss,axonal_loss_like,anterior corona radiata (left),composite,A,G,genotype_pairwise,AG_vs_GG,AG,GG,30160,-0.019108938806443036,0.011210986329757236,-1.7044832849115448,0.0883013292549645,-0.04108296665527582,0.0028650890423897457,nonrobust,ok,0.0883013292549645,1.0540327586676073,900,45.0,False,False,False
tract_geometry_like__tbss__splenium_of_corpus_callosum,,,secondary_composite,secondary_composite,mechanistic_composite,secondary,dMRI_composite_tbss,tract_geometry_like,splenium of corpus callosum,composite,A,G,genotype_pairwise,AA_vs_GG,AA,GG,30160,0.03471437611519751,0.020397269906183114,1.7019128674997035,0.08878220289417459,-0.0052651728535623304,0.07469392508395735,nonrobust,ok,0.08878220289417459,1.0516740833147624,900,46.0,False,False,False
demyelination_like__tbss__uncinate_fasciculus_left,,,secondary_composite,secondary_composite,mechanistic_composite,secondary,dMRI_composite_tbss,demyelination_like,uncinate fasciculus (left),composite,A,G,genotype_pairwise,AA_vs_GG,AA,GG,30160,-0.040690401800107606,0.023922991795397083,-1.7008910151420387,0.08897395629374893,-0.08758052123091392,0.006199717630698702,nonrobust,ok,0.08897395629374893,1.0507370977722663,900,47.0,False,False,False
tract_geometry_like__wm__posterior_thalamic_radiation_left,,,secondary_composite,secondary_composite,mechanistic_composite,secondary,dMRI_composite_wm,tract_geometry_like,posterior thalamic radiation (left),composite,A,G,genotype_pairwise,AA_vs_AG,AA,AG,30160,-0.026178217372268706,0.015460645549967272,-1.6932163206033866,0.09042482013777553,-0.05648176479290587,0.004125330048368462,nonrobust,ok,0.09042482013777553,1.0437123464120632,900,48.0,False,False,False
free_water_like__wm__medial_lemniscus_left,,,secondary_composite,secondary_composite,mechanistic_composite,secondary,dMRI_composite_wm,free_water_like,medial lemniscus (left),composite,A,G,genotype_pairwise,AA_vs_AG,AA,AG,30160,0.04465546863342852,0.026493785993947958,1.6855072598393182,0.09190128423002242,-0.007273520853140127,0.09658445811999716,nonrobust,ok,0.09190128423002242,1.0366784197334173,900,49.0,False,False,False
axonal_loss_like__tbss__tapetum_right,,,secondary_composite,secondary_composite,mechanistic_composite,secondary,dMRI_composite_tbss,axonal_loss_like,tapetum (right),composite,A,G,genotype_pairwise,AA_vs_AG,AA,AG,30160,-0.020507499044625118,0.012218140643330686,-1.6784467983530051,0.09327046263896827,-0.04445559378494918,0.0034405956956989406,nonrobust,ok,0.09327046263896827,1.030255869049811,900,50.0,False,False,False
demyelination_like__tbss__cerebral_peduncle_right,,,secondary_composite,secondary_composite,mechanistic_composite,secondary,dMRI_composite_tbss,demyelination_like,cerebral peduncle (right),composite,A,G,genotype_pairwise,AA_vs_GG,AA,GG,30160,-0.03977403923428242,0.023839479630039,-1.6684105463512313,0.09524483125831291,-0.08650047113632742,0.006952392667762576,nonrobust,ok,0.09524483125831291,1.021158583283851,900,51.0,False,False,False
free_water_like__tbss__posterior_thalamic_radiation_right,,,secondary_composite,secondary_composite,mechanistic_composite,secondary,dMRI_composite_tbss,free_water_like,posterior thalamic radiation (right),composite,A,G,genotype_pairwise,AA_vs_AG,AA,AG,30160,0.03218798159451197,0.019311023661497007,1.6668190230997175,0.09556097470312908,-0.005662476808142483,0.07003843999716643,nonrobust,ok,0.09556097470312908,1.0197194291813516,900,52.0,False,False,False
demyelination_like__wm__cingulate_gyrus_part_of_cingulum_left,,,secondary_composite,secondary_composite,mechanistic_composite,secondary,dMRI_composite_wm,demyelination_like,cingulate gyrus part of cingulum (left),composite,A,G,genotype_pairwise,AA_vs_GG,AA,GG,30160,-0.03537908954378047,0.021285964201252595,-1.6620853633540615,0.0965062471963904,-0.07710051854116207,0.006342339453601124,nonrobust,ok,0.0965062471963904,1.0154445723028114,900,53.0,False,False,False
tract_geometry_like__tbss__cerebral_peduncle_right,,,secondary_composite,secondary_composite,mechanistic_composite,secondary,dMRI_composite_tbss,tract_geometry_like,cerebral peduncle (right),composite,A,G,genotype_pairwise,AA_vs_AG,AA,AG,30160,0.02816360725392333,0.01702096746667953,1.6546419766712308,0.09800774414591959,-0.0051982399667923375,0.061525454474639,nonrobust,ok,0.09800774414591959,1.0087396068895242,900,54.0,False,False,False
tract_geometry_like__tbss__cerebral_peduncle_left,,,secondary_composite,secondary_composite,mechanistic_composite,secondary,dMRI_composite_tbss,tract_geometry_like,cerebral peduncle (left),composite,A,G,genotype_pairwise,AA_vs_AG,AA,AG,30160,0.028253198761274148,0.01708829179060462,1.6533658897847328,0.09826702357704262,-0.005240607104766683,0.06174700462731498,nonrobust,ok,0.09826702357704262,1.0075921981521332,900,55.0,False,False,False
free_water_like__tbss__retrolenticular_part_of_internal_capsule,,,secondary_composite,secondary_composite,mechanistic_composite,secondary,dMRI_composite_tbss,free_water_like,retrolenticular part of internal capsule (left),composite,A,G,genotype_pairwise,AA_vs_AG,AA,AG,30160,0.03644034954667612,0.022051218867220314,1.6525322144820576,0.09843670808255031,-0.00678101235997948,0.07966171145333172,nonrobust,ok,0.09843670808255031,1.0068429183894745,900,56.0,False,False,False
free_water_like__tbss__retrolenticular_part_of_internal_capsule,,,secondary_composite,secondary_composite,mechanistic_composite,secondary,dMRI_composite_tbss,free_water_like,retrolenticular part of internal capsule (right),composite,A,G,genotype_pairwise,AA_vs_AG,AA,AG,30160,0.03644034954667612,0.022051218867220314,1.6525322144820576,0.09843670808255031,-0.00678101235997948,0.07966171145333172,nonrobust,ok,0.09843670808255031,1.0068429183894745,900,56.0,False,False,False
tract_geometry_like__tbss__medial_lemniscus_left,,,secondary_composite,secondary_composite,mechanistic_composite,secondary,dMRI_composite_tbss,tract_geometry_like,medial lemniscus (left),composite,A,G,genotype_pairwise,AA_vs_AG,AA,AG,30160,0.028877335797681824,0.017514329665042235,1.648783387657685,0.0992026302227674,-0.005451523099571868,0.06320619469493552,nonrobust,ok,0.0992026302227674,1.003476812965874,900,58.0,False,False,False
axonal_loss_like__wm__parahippocampal_part_of_cingulum_right,,,secondary_composite,secondary_composite,mechanistic_composite,secondary,dMRI_composite_wm,axonal_loss_like,parahippocampal part of cingulum (right),composite,A,G,genotype_pairwise,AA_vs_AG,AA,AG,30160,-0.02047435321217645,0.01242167532083713,-1.6482763140517047,0.09930659451822296,-0.04482138490061349,0.0038726784762605944,nonrobust,ok,0.09930659451822296,1.0030219109428737,900,59.0,False,False,False
free_water_like__tbss__cerebral_peduncle_left,,,secondary_composite,secondary_composite,mechanistic_composite,secondary,dMRI_composite_tbss,free_water_like,cerebral peduncle (left),composite,A,G,genotype_pairwise,AA_vs_AG,AA,AG,30160,0.037706334486033576,0.02288636485330427,1.6475458085074457,0.09945652144758942,-0.007151950401014878,0.08256461937308203,nonrobust,ok,0.09945652144758942,1.0023667345521723,900,60.0,False,False,False
free_water_like__tbss__anterior_limb_of_internal_capsule_right,,,secondary_composite,secondary_composite,mechanistic_composite,secondary,dMRI_composite_tbss,free_water_like,anterior limb of internal capsule (right),composite,A,G,genotype_pairwise,AG_vs_GG,AG,GG,30160,0.03783179635577712,0.02316818532846514,1.6329201367918882,0.10249642919888897,-0.0075788690968527014,0.08324246180840694,nonrobust,ok,0.10249642919888897,0.9892912644251189,900,61.0,False,False,False
axonal_loss_like__tbss__cerebral_peduncle_right,,,secondary_composite,secondary_composite,mechanistic_composite,secondary,dMRI_composite_tbss,axonal_loss_like,cerebral peduncle (right),composite,A,G,genotype_pairwise,AA_vs_AG,AA,AG,30160,-0.021994915252044646,0.01357842511728171,-1.6198428803095135,0.1052766837884672,-0.04860922757873712,0.00461939707464783,nonrobust,ok,0.1052766837884672,0.9776678037743123,900,62.0,False,False,False
demyelination_like__wm__inferior_fronto_occipital_fasciculus_rig,,,secondary_composite,secondary_composite,mechanistic_composite,secondary,dMRI_composite_wm,demyelination_like,inferior fronto-occipital fasciculus (right),composite,A,G,genotype_pairwise,AA_vs_GG,AA,GG,30160,-0.03632736775373648,0.022441184189237417,-1.6187812304111273,0.10550499456893801,-0.08031307889729535,0.007658343389822381,nonrobust,ok,0.10550499456893801,0.9767269805332467,900,63.0,False,False,False
axonal_loss_like__wm__medial_lemniscus_left,,,secondary_composite,secondary_composite,mechanistic_composite,secondary,dMRI_composite_wm,axonal_loss_like,medial lemniscus (left),composite,A,G,genotype_pairwise,AG_vs_GG,AG,GG,30160,0.023944340809563112,0.01479942422466292,1.6179238087965873,0.1056896721070963,-0.005063183639579222,0.05295186525870545,nonrobust,ok,0.1056896721070963,0.9759674494574035,900,64.0,False,False,False
tract_geometry_like__wm__inferior_fronto_occipital_fasciculus_rig,,,secondary_composite,secondary_composite,mechanistic_composite,secondary,dMRI_composite_wm,tract_geometry_like,inferior fronto-occipital fasciculus (right),composite,A,G,genotype_pairwise,AG_vs_GG,AG,GG,30160,0.027794016868223866,0.017190294504666456,1.6168435544067576,0.10592270992242649,-0.005899718817863393,0.061487752554311124,nonrobust,ok,0.10592270992242649,0.975010916789372,900,65.0,False,False,False
demyelination_like__wm__forceps_major,,,secondary_composite,secondary_composite,mechanistic_composite,secondary,dMRI_composite_wm,demyelination_like,forceps major,composite,A,G,genotype_pairwise,AA_vs_AG,AA,AG,30160,-0.037861218839069656,0.02342187337123634,-1.6164897759871684,0.10599911727912557,-0.08376912404855956,0.008046686370420247,nonrobust,ok,0.10599911727912557,0.9746977513616549,900,66.0,False,False,False
tract_geometry_like__tbss__medial_lemniscus_left,,,secondary_composite,secondary_composite,mechanistic_composite,secondary,dMRI_composite_tbss,tract_geometry_like,medial lemniscus (left),composite,A,G,genotype_pairwise,AG_vs_GG,AG,GG,30160,-0.029785090262373165,0.01848319042938132,-1.6114691008661621,0.10708817711824099,-0.06601295900506027,0.006442778480313945,nonrobust,ok,0.10708817711824099,0.9702584740396347,900,67.0,False,False,False
axonal_loss_like__wm__middle_cerebellar_peduncle,,,secondary_composite,secondary_composite,mechanistic_composite,secondary,dMRI_composite_wm,axonal_loss_like,middle cerebellar peduncle,composite,A,G,genotype_pairwise,AA_vs_GG,AA,GG,30160,-0.03099753681791065,0.019414939486248346,-1.5965816859674629,0.1103696575135679,-0.06905167482197176,0.007056601186150455,nonrobust,ok,0.1103696575135679,0.9571503050998255,900,68.0,False,False,False
tract_geometry_like__wm__forceps_major,,,secondary_composite,secondary_composite,mechanistic_composite,secondary,dMRI_composite_wm,tract_geometry_like,forceps major,composite,A,G,genotype_pairwise,AA_vs_AG,AA,AG,30160,0.02782608475575101,0.017506700044805888,1.589453448367433,0.11196873440242971,-0.006487819749211213,0.062139989260713235,nonrobust,ok,0.11196873440242971,0.9509032306522753,900,69.0,False,False,False
tract_geometry_like__tbss__cingulum_cingulate_gyrus_right,,,secondary_composite,secondary_composite,mechanistic_composite,secondary,dMRI_composite_tbss,tract_geometry_like,cingulum cingulate gyrus (right),composite,A,G,genotype_pairwise,AG_vs_GG,AG,GG,30160,0.031381973624559883,0.01988516376707682,1.5781601797274578,0.11453950019460933,-0.007593824716798772,0.07035777196591854,nonrobust,ok,0.11453950019460933,0.9410447163090941,900,70.0,False,False,False
demyelination_like__wm__posterior_thalamic_radiation_right,,,secondary_composite,secondary_composite,mechanistic_composite,secondary,dMRI_composite_wm,demyelination_like,posterior thalamic radiation (right),composite,A,G,genotype_pairwise,AA_vs_AG,AA,AG,30160,0.029620671552690638,0.018845393742634883,1.5717724955609869,0.11601400924785996,-0.007317131664829217,0.06655847477021049,nonrobust,ok,0.11601400924785996,0.9354895644654787,900,71.0,False,False,False
axonal_loss_like__tbss__cerebral_peduncle_left,,,secondary_composite,secondary_composite,mechanistic_composite,secondary,dMRI_composite_tbss,axonal_loss_like,cerebral peduncle (left),composite,A,G,genotype_pairwise,AA_vs_AG,AA,AG,30160,-0.021425648851225776,0.013711861414367301,-1.5625631126038046,0.11816607929722572,-0.04830150220757959,0.005450204505128037,nonrobust,ok,0.11816607929722572,0.9275071739476098,900,72.0,False,False,False
free_water_like__wm__inferior_fronto_occipital_fasciculus_rig,,,secondary_composite,secondary_composite,mechanistic_composite,secondary,dMRI_composite_wm,free_water_like,inferior fronto-occipital fasciculus (right),composite,A,G,genotype_pairwise,AG_vs_GG,AG,GG,30160,-0.0339055432604677,0.021725463287097655,-1.5606361444362646,0.11862031485145764,-0.07648840985734595,0.008677323336410546,nonrobust,ok,0.11862031485145764,0.9258409275622591,900,73.0,False,False,False
axonal_loss_like__tbss__inferior_cerebellar_peduncle_left,,,secondary_composite,secondary_composite,mechanistic_composite,secondary,dMRI_composite_tbss,axonal_loss_like,inferior cerebellar peduncle (left),composite,A,G,genotype_pairwise,AG_vs_GG,AG,GG,30160,0.023480178336660967,0.015094218741647692,1.5555742724116546,0.11982005015721765,-0.006105156372468265,0.0530655130457902,nonrobust,ok,0.11982005015721765,0.9214705029479715,900,74.0,False,False,False
tract_geometry_like__wm__anterior_thalamic_radiation_right,,,secondary_composite,secondary_composite,mechanistic_composite,secondary,dMRI_composite_wm,tract_geometry_like,anterior thalamic radiation (right),composite,A,G,genotype_pairwise,AA_vs_AG,AA,AG,30160,-0.024306839104657776,0.015705913911300995,-1.5476233501552619,0.1217236955697108,-0.05509112333505087,0.00647744512573532,nonrobust,ok,0.1217236955697108,0.9146248707965438,900,75.0,False,False,False
free_water_like__tbss__uncinate_fasciculus_left,,,secondary_composite,secondary_composite,mechanistic_composite,secondary,dMRI_composite_tbss,free_water_like,uncinate fasciculus (left),composite,A,G,genotype_pairwise,AA_vs_GG,AA,GG,30160,-0.03679600165900934,0.02377909878145292,-1.547409428641142,0.12177523843990029,-0.0834040844337483,0.009812081115729614,nonrobust,ok,0.12177523843990029,0.9144410113925581,900,76.0,False,False,False
demyelination_like__tbss__uncinate_fasciculus_left,,,secondary_composite,secondary_composite,mechanistic_composite,secondary,dMRI_composite_tbss,demyelination_like,uncinate fasciculus (left),composite,A,G,genotype_pairwise,AA_vs_AG,AA,AG,30160,-0.0310703589060551,0.020156788450679503,-1.5414339929239913,0.12322188452205043,-0.0705785536116902,0.008437835799580004,nonrobust,ok,0.12322188452205043,0.9093121535099115,900,77.0,False,False,False
free_water_like__tbss__middle_cerebellar_peduncle,,,secondary_composite,secondary_composite,mechanistic_composite,secondary,dMRI_composite_tbss,free_water_like,middle cerebellar peduncle,composite,A,G,genotype_pairwise,AG_vs_GG,AG,GG,30160,-0.039130647489783885,0.025712759565256833,-1.521837723814652,0.12806042724017305,-0.08952879071627107,0.011267495736703305,nonrobust,ok,0.12806042724017305,0.8925850535993095,900,78.0,False,False,False
free_water_like__tbss__anterior_limb_of_internal_capsule_right,,,secondary_composite,secondary_composite,mechanistic_composite,secondary,dMRI_composite_tbss,free_water_like,anterior limb of internal capsule (right),composite,A,G,genotype_pairwise,AA_vs_GG,AA,GG,30160,0.03914941673943752,0.026055700530912107,1.502527889933,0.13297149704482228,-0.0119209059107113,0.09021973938958633,nonrobust,ok,0.13297149704482228,0.8762414417604737,900,79.0,False,False,False
axonal_loss_like__tbss__tapetum_right,,,secondary_composite,secondary_composite,mechanistic_composite,secondary,dMRI_composite_tbss,axonal_loss_like,tapetum (right),composite,A,G,genotype_pairwise,AG_vs_GG,AG,GG,30160,0.01930983092232968,0.012894025893231355,1.4975796607067668,0.13425315606336133,-0.005963028728688386,0.04458269057334775,nonrobust,ok,0.13425315606336133,0.872075495983779,900,80.0,False,False,False
tract_geometry_like__tbss__retrolenticular_part_of_internal_capsule,,,secondary_composite,secondary_composite,mechanistic_composite,secondary,dMRI_composite_tbss,tract_geometry_like,retrolenticular part of internal capsule (right),composite,A,G,genotype_pairwise,AG_vs_GG,AG,GG,30160,0.029345829778126248,0.019648821406494925,1.4935160318789387,0.13531281830455982,-0.009166727108776196,0.06785838666502869,nonrobust,ok,0.13531281830455982,0.8686610603480551,900,81.0,False,False,False
tract_geometry_like__tbss__retrolenticular_part_of_internal_capsule,,,secondary_composite,secondary_composite,mechanistic_composite,secondary,dMRI_composite_tbss,tract_geometry_like,retrolenticular part of internal capsule (left),composite,A,G,genotype_pairwise,AG_vs_GG,AG,GG,30160,0.029345829778126248,0.019648821406494925,1.4935160318789387,0.13531281830455982,-0.009166727108776196,0.06785838666502869,nonrobust,ok,0.13531281830455982,0.8686610603480551,900,81.0,False,False,False
tract_geometry_like__tbss__anterior_corona_radiata_left,,,secondary_composite,secondary_composite,mechanistic_composite,secondary,dMRI_composite_tbss,tract_geometry_like,anterior corona radiata (left),composite,A,G,genotype_pairwise,AA_vs_GG,AA,GG,30160,0.030480333686185867,0.02059203169764997,1.4802004063379712,0.13883041358612297,-0.009880956986978846,0.07084162435935058,nonrobust,ok,0.13883041358612297,0.8575153825430211,900,83.0,False,False,False
demyelination_like__tbss__anterior_limb_of_internal_capsule_right,,,secondary_composite,secondary_composite,mechanistic_composite,secondary,dMRI_composite_tbss,demyelination_like,anterior limb of internal capsule (right),composite,A,G,genotype_pairwise,AA_vs_GG,AA,GG,30160,0.03637062300655271,0.024690708395431544,1.4730489876621873,0.14074845879075887,-0.01202425483292198,0.0847655008460274,nonrobust,ok,0.14074845879075887,0.8515563520171741,900,84.0,False,False,False
free_water_like__tbss__cingulum_hippocampus_right,,,secondary_composite,secondary_composite,mechanistic_composite,secondary,dMRI_composite_tbss,free_water_like,cingulum hippocampus (right),composite,A,G,genotype_pairwise,AA_vs_AG,AA,AG,30160,-0.030864256799141274,0.021093688742250295,-1.4631986456366304,0.1434236479963756,-0.07220881741344856,0.010480303815166021,nonrobust,ok,0.1434236479963756,0.8433792353655568,900,85.0,False,False,False
free_water_like__wm__posterior_thalamic_radiation_right,,,secondary_composite,secondary_composite,mechanistic_composite,secondary,dMRI_composite_wm,free_water_like,posterior thalamic radiation (right),composite,A,G,genotype_pairwise,AA_vs_AG,AA,AG,30160,0.03043462756492478,0.02107617961301887,1.4440296165499154,0.14874122710892818,-0.010875614383564602,0.07174486951341416,nonrobust,ok,0.14874122710892818,0.8275686399223693,900,86.0,False,False,False
tract_geometry_like__tbss__superior_longitudinal_fasciculus_right,,,secondary_composite,secondary_composite,mechanistic_composite,secondary,dMRI_composite_tbss,tract_geometry_like,superior longitudinal fasciculus (right),composite,A,G,genotype_pairwise,AA_vs_GG,AA,GG,30160,0.03287874920386958,0.02280089926783405,1.441993529187363,0.14931477757071498,-0.011812019364810467,0.07756951777254963,nonrobust,ok,0.14931477757071498,0.8258972083511722,900,87.0,False,False,False
free_water_like__tbss__superior_cerebellar_peduncle_left,,,secondary_composite,secondary_composite,mechanistic_composite,secondary,dMRI_composite_tbss,free_water_like,superior cerebellar peduncle (left),composite,A,G,genotype_pairwise,AA_vs_GG,AA,GG,30160,-0.03838827724761325,0.026841691472099454,-1.4301735524944792,0.15267776785594842,-0.09099917682137651,0.014222622326150021,nonrobust,ok,0.15267776785594842,0.8162241980478716,900,88.0,False,False,False
free_water_like__tbss__cerebral_peduncle_right,,,secondary_composite,secondary_composite,mechanistic_composite,secondary,dMRI_composite_tbss,free_water_like,cerebral peduncle (right),composite,A,G,genotype_pairwise,AA_vs_GG,AA,GG,30160,-0.0379608757773383,0.026656539378218932,-1.4240736668299918,0.15443568834320906,-0.09020886907795758,0.014287117523280983,nonrobust,ok,0.15443568834320906,0.8112523318530344,900,89.0,False,False,False
axonal_loss_like__wm__medial_lemniscus_left,,,secondary_composite,secondary_composite,mechanistic_composite,secondary,dMRI_composite_wm,axonal_loss_like,medial lemniscus (left),composite,A,G,genotype_pairwise,AA_vs_AG,AA,AG,30160,-0.01994949999198929,0.01402366088873514,-1.4225600683209783,0.15487426319744194,-0.04743649407508045,0.007537494091101871,nonrobust,ok,0.15487426319744194,0.8100207467340166,900,90.0,False,False,False
axonal_loss_like__tbss__inferior_cerebellar_peduncle_right,,,secondary_composite,secondary_composite,mechanistic_composite,secondary,dMRI_composite_tbss,axonal_loss_like,inferior cerebellar peduncle (right),composite,A,G,genotype_pairwise,AA_vs_AG,AA,AG,30160,-0.0197813870282164,0.013981628542459951,-1.4148128001071918,0.15713390802162355,-0.047185995858089365,0.007623221801656567,nonrobust,ok,0.15713390802162355,0.8037300881764772,900,91.0,False,False,False
demyelination_like__tbss__cingulum_hippocampus_right,,,secondary_composite,secondary_composite,mechanistic_composite,secondary,dMRI_composite_tbss,demyelination_like,cingulum hippocampus (right),composite,A,G,genotype_pairwise,AA_vs_AG,AA,AG,30160,-0.028863282933121348,0.020497870741827382,-1.4081112763690005,0.1591086234668522,-0.06904001397837659,0.011313448112133882,nonrobust,ok,0.1591086234668522,0.798306281556582,900,92.0,False,False,False
demyelination_like__wm__anterior_thalamic_radiation_right,,,secondary_composite,secondary_composite,mechanistic_composite,secondary,dMRI_composite_wm,demyelination_like,anterior thalamic radiation (right),composite,A,G,genotype_pairwise,AA_vs_AG,AA,AG,30160,0.02422785676784317,0.017239597098902822,1.4053609622573546,0.15992446269407834,-0.00956251417823848,0.05801822771392482,nonrobust,ok,0.15992446269407834,0.7960850997280415,900,93.0,False,False,False
tract_geometry_like__tbss__body_of_corpus_callosum,,,secondary_composite,secondary_composite,mechanistic_composite,secondary,dMRI_composite_tbss,tract_geometry_like,body of corpus callosum,composite,A,G,genotype_pairwise,AG_vs_GG,AG,GG,30160,0.021134811579277088,0.015052509021469285,1.4040723409720373,0.1603077993278599,-0.0083687702380183,0.05063839339657247,nonrobust,ok,0.1603077993278599,0.795045347747831,900,94.0,False,False,False
axonal_loss_like__tbss__retrolenticular_part_of_internal_capsule,,,secondary_composite,secondary_composite,mechanistic_composite,secondary,dMRI_composite_tbss,axonal_loss_like,retrolenticular part of internal capsule (left),composite,A,G,genotype_pairwise,AG_vs_GG,AG,GG,30160,-0.01928871447744486,0.01374235861665726,-1.4035956283417612,0.16044978677502497,-0.04622434369586108,0.007646914740971355,nonrobust,ok,0.16044978677502497,0.7946608557108367,900,95.0,False,False,False
axonal_loss_like__tbss__retrolenticular_part_of_internal_capsule,,,secondary_composite,secondary_composite,mechanistic_composite,secondary,dMRI_composite_tbss,axonal_loss_like,retrolenticular part of internal capsule (right),composite,A,G,genotype_pairwise,AG_vs_GG,AG,GG,30160,-0.01928871447744486,0.01374235861665726,-1.4035956283417612,0.16044978677502497,-0.04622434369586108,0.007646914740971355,nonrobust,ok,0.16044978677502497,0.7946608557108367,900,95.0,False,False,False
demyelination_like__wm__cingulate_gyrus_part_of_cingulum_left,,,secondary_composite,secondary_composite,mechanistic_composite,secondary,dMRI_composite_wm,demyelination_like,cingulate gyrus part of cingulum (left),composite,A,G,genotype_pairwise,AA_vs_AG,AA,AG,30160,-0.025158103218106662,0.017934908854332285,-1.4027449719673133,0.1607033883733806,-0.06031131588284008,0.009995109446626755,nonrobust,ok,0.1607033883733806,0.7939749661965301,900,97.0,False,False,False
demyelination_like__tbss__superior_cerebellar_peduncle_left,,,secondary_composite,secondary_composite,mechanistic_composite,secondary,dMRI_composite_tbss,demyelination_like,superior cerebellar peduncle (left),composite,A,G,genotype_pairwise,AA_vs_GG,AA,GG,30160,-0.03536521181307025,0.025214730890602683,-1.4025615409701067,0.16075811334601436,-0.08478719686359751,0.014056773237457007,nonrobust,ok,0.16075811334601436,0.7938270993214013,900,98.0,False,False,False
free_water_like__tbss__posterior_corona_radiata_left,,,secondary_composite,secondary_composite,mechanistic_composite,secondary,dMRI_composite_tbss,free_water_like,posterior corona radiata (left),composite,A,G,genotype_pairwise,AG_vs_GG,AG,GG,30160,-0.02651500968063536,0.018937922816151122,-1.400101264433402,0.16149347618037724,-0.0636341739647436,0.01060415460347288,nonrobust,ok,0.16149347618037724,0.7918450170857553,900,99.0,False,False,False
tract_geometry_like__wm__parahippocampal_part_of_cingulum_right,,,secondary_composite,secondary_composite,mechanistic_composite,secondary,dMRI_composite_wm,tract_geometry_like,parahippocampal part of cingulum (right),composite,A,G,genotype_pairwise,AG_vs_GG,AG,GG,30160,-0.027978141572480245,0.01998703903340386,-1.3998142258951436,0.16157943558828794,-0.06715361993070197,0.011197336785741484,nonrobust,ok,0.16157943558828794,0.7916139132324495,900,100.0,False,False,False
free_water_like__tbss__cingulum_cingulate_gyrus_right,,,secondary_composite,secondary_composite,mechanistic_composite,secondary,dMRI_composite_tbss,free_water_like,cingulum cingulate gyrus (right),composite,A,G,genotype_pairwise,AA_vs_AG,AA,AG,30160,-0.026051533019396365,0.018674235825962386,-1.3950521596807448,0.16301057685283035,-0.06265385916854029,0.01055079312974756,nonrobust,ok,0.16301057685283035,0.7877842157200021,900,101.0,False,False,False
axonal_loss_like__tbss__retrolenticular_part_of_internal_capsule,,,secondary_composite,secondary_composite,mechanistic_composite,secondary,dMRI_composite_tbss,axonal_loss_like,retrolenticular part of internal capsule (left),composite,A,G,genotype_pairwise,AA_vs_GG,AA,GG,30160,-0.02143716221896741,0.015455106890227149,-1.3870601071366866,0.165433877857025,-0.051729853622141456,0.008855529184206637,nonrobust,ok,0.165433877857025,0.7813755500447326,900,102.0,False,False,False
axonal_loss_like__tbss__retrolenticular_part_of_internal_capsule,,,secondary_composite,secondary_composite,mechanistic_composite,secondary,dMRI_composite_tbss,axonal_loss_like,retrolenticular part of internal capsule (right),composite,A,G,genotype_pairwise,AA_vs_GG,AA,GG,30160,-0.02143716221896741,0.015455106890227149,-1.3870601071366866,0.165433877857025,-0.051729853622141456,0.008855529184206637,nonrobust,ok,0.165433877857025,0.7813755500447326,900,102.0,False,False,False
demyelination_like__tbss__cingulum_cingulate_gyrus_right,,,secondary_composite,secondary_composite,mechanistic_composite,secondary,dMRI_composite_tbss,demyelination_like,cingulum cingulate gyrus (right),composite,A,G,genotype_pairwise,AA_vs_GG,AA,GG,30160,-0.030919747352178634,0.02231941954123905,-1.3853293673273612,0.1659622153922957,-0.07466679441325463,0.012827299708897361,nonrobust,ok,0.1659622153922957,0.7799907765049856,900,104.0,False,False,False
demyelination_like__tbss__splenium_of_corpus_callosum,,,secondary_composite,secondary_composite,mechanistic_composite,secondary,dMRI_composite_tbss,demyelination_like,splenium of corpus callosum,composite,A,G,genotype_pairwise,AG_vs_GG,AG,GG,30160,-0.03222506998642883,0.02331590375063939,-1.3821068370787526,0.1669493273316348,-0.07792527006403868,0.013475130091181023,nonrobust,ok,0.1669493273316348,0.7774153264553588,900,105.0,False,False,False
axonal_loss_like__tbss__anterior_limb_of_internal_capsule_right,,,secondary_composite,secondary_composite,mechanistic_composite,secondary,dMRI_composite_tbss,axonal_loss_like,anterior limb of internal capsule (right),composite,A,G,genotype_pairwise,AA_vs_AG,AA,AG,30160,0.017690998461572734,0.01281532652252767,1.3804563177125662,0.16745661321071925,-0.00742760695055306,0.04280960387369853,nonrobust,ok,0.16745661321071925,0.7760976965910593,900,106.0,False,False,False
free_water_like__wm__superior_thalamic_radiation_right,,,secondary_composite,secondary_composite,mechanistic_composite,secondary,dMRI_composite_wm,free_water_like,superior thalamic radiation (right),composite,A,G,genotype_pairwise,AA_vs_GG,AA,GG,30160,-0.031496661674363734,0.02281641104080215,-1.3804389138168511,0.16746196844764416,-0.07621783400245977,0.0132245106537323,nonrobust,ok,0.16746196844764416,0.7760838081419058,900,107.0,False,False,False
demyelination_like__wm__inferior_fronto_occipital_fasciculus_rig,,,secondary_composite,secondary_composite,mechanistic_composite,secondary,dMRI_composite_wm,demyelination_like,inferior fronto-occipital fasciculus (right),composite,A,G,genotype_pairwise,AG_vs_GG,AG,GG,30160,-0.027414876029517553,0.019954232804819307,-1.3738877509185101,0.1694869352425395,-0.06652605273226239,0.011696300673227293,nonrobust,ok,0.1694869352425395,0.7708637733945438,900,108.0,False,False,False
free_water_like__wm__cingulate_gyrus_part_of_cingulum_left,,,secondary_composite,secondary_composite,mechanistic_composite,secondary,dMRI_composite_wm,free_water_like,cingulate gyrus part of cingulum (left),composite,A,G,genotype_pairwise,AA_vs_GG,AA,GG,30160,-0.029758559694659313,0.021702463889768743,-1.371206506588797,0.17032098417892255,-0.0722963464580112,0.012779227068692563,nonrobust,ok,0.17032098417892255,0.7687318420450723,900,109.0,False,False,False
axonal_loss_like__wm__anterior_thalamic_radiation_right,,,secondary_composite,secondary_composite,mechanistic_composite,secondary,dMRI_composite_wm,axonal_loss_like,anterior thalamic radiation (right),composite,A,G,genotype_pairwise,AA_vs_AG,AA,AG,30160,0.016386967428850225,0.01195356400746086,1.3708854880956207,0.17042104852768492,-0.007042545431722318,0.039816480289422765,nonrobust,ok,0.17042104852768492,0.7684767669936805,900,110.0,False,False,False
tract_geometry_like__tbss__genu_of_corpus_callosum,,,secondary_composite,secondary_composite,mechanistic_composite,secondary,dMRI_composite_tbss,tract_geometry_like,genu of corpus callosum,composite,A,G,genotype_pairwise,AA_vs_GG,AA,GG,30160,0.023158840243435105,0.01690459671026768,1.3699729511659193,0.17070573507231393,-0.009974915160292398,0.05629259564716261,nonrobust,ok,0.17070573507231393,0.7677518879747829,900,111.0,False,False,False
tract_geometry_like__wm__posterior_thalamic_radiation_right,,,secondary_composite,secondary_composite,mechanistic_composite,secondary,dMRI_composite_wm,tract_geometry_like,posterior thalamic radiation (right),composite,A,G,genotype_pairwise,AA_vs_GG,AA,GG,30160,-0.02541966371511359,0.01860561345911121,-1.3662362582656753,0.17187519792830908,-0.06188748699752596,0.011048159567298786,nonrobust,ok,0.17187519792830908,0.7647867886998558,900,112.0,False,False,False
free_water_like__wm__cingulate_gyrus_part_of_cingulum_left,,,secondary_composite,secondary_composite,mechanistic_composite,secondary,dMRI_composite_wm,free_water_like,cingulate gyrus part of cingulum (left),composite,A,G,genotype_pairwise,AA_vs_AG,AA,AG,30160,-0.024920471461458833,0.01828583887943095,-1.362828997114862,0.17294677620814944,-0.060761522458850054,0.010920579535932392,nonrobust,ok,0.17294677620814944,0.7620875289838804,900,113.0,False,False,False
axonal_loss_like__tbss__superior_longitudinal_fasciculus_right,,,secondary_composite,secondary_composite,mechanistic_composite,secondary,dMRI_composite_tbss,axonal_loss_like,superior longitudinal fasciculus (right),composite,A,G,genotype_pairwise,AA_vs_GG,AA,GG,30160,-0.02060010661393046,0.015128253875598826,-1.361697574837601,0.17330370922277516,-0.05025215168727589,0.009051938459414974,nonrobust,ok,0.17330370922277516,0.761192141973075,900,114.0,False,False,False
axonal_loss_like__tbss__inferior_cerebellar_peduncle_right,,,secondary_composite,secondary_composite,mechanistic_composite,secondary,dMRI_composite_tbss,axonal_loss_like,inferior cerebellar peduncle (right),composite,A,G,genotype_pairwise,AG_vs_GG,AG,GG,30160,0.01995454608408267,0.014755066725674611,1.3523860281404683,0.1762621866808018,-0.008966035709935153,0.0488751278781005,nonrobust,ok,0.1762621866808018,0.7538408463918457,900,115.0,False,False,False
demyelination_like__tbss__cingulum_cingulate_gyrus_left,,,secondary_composite,secondary_composite,mechanistic_composite,secondary,dMRI_composite_tbss,demyelination_like,cingulum cingulate gyrus (left),composite,A,G,genotype_pairwise,AA_vs_AG,AA,AG,30160,-0.026082167411330476,0.01933498397907267,-1.3489624527002795,0.17735934435361145,-0.06397958909359192,0.011815254270930966,nonrobust,ok,0.17735934435361145,0.751145925352155,900,116.0,False,False,False
free_water_like__tbss__uncinate_fasciculus_left,,,secondary_composite,secondary_composite,mechanistic_composite,secondary,dMRI_composite_tbss,free_water_like,uncinate fasciculus (left),composite,A,G,genotype_pairwise,AA_vs_AG,AA,AG,30160,-0.026983574699188377,0.02003554855449891,-1.346784922099341,0.17805982208505408,-0.06625413385905615,0.012286984460679398,nonrobust,ok,0.17805982208505408,0.749434064900783,900,117.0,False,False,False
tract_geometry_like__tbss__posterior_limb_of_internal_capsule_left,,,secondary_composite,secondary_composite,mechanistic_composite,secondary,dMRI_composite_tbss,tract_geometry_like,posterior limb of internal capsule (left),composite,A,G,genotype_pairwise,AA_vs_AG,AA,AG,30160,0.02500379339294792,0.018566995922558956,1.3466795327168806,0.1780937763815054,-0.011388337813968814,0.061395924599864656,nonrobust,ok,0.1780937763815054,0.7493512570128724,900,118.0,False,False,False
demyelination_like__tbss__cerebral_peduncle_left,,,secondary_composite,secondary_composite,mechanistic_composite,secondary,dMRI_composite_tbss,demyelination_like,cerebral peduncle (left),composite,A,G,genotype_pairwise,AA_vs_GG,AA,GG,30160,-0.033003167818149805,0.024518784011329182,-1.3460360759693595,0.17830118948852683,-0.08106106627926854,0.015054730642968923,nonrobust,ok,0.17830118948852683,0.7488457595359166,900,119.0,False,False,False
axonal_loss_like__wm__medial_lemniscus_right,,,secondary_composite,secondary_composite,mechanistic_composite,secondary,dMRI_composite_wm,axonal_loss_like,medial lemniscus (right),composite,A,G,genotype_pairwise,AA_vs_AG,AA,AG,30160,-0.018763666126482163,0.014006517290630183,-1.3396382367681314,0.18037326977091586,-0.04621705800089097,0.008689725747926643,nonrobust,ok,0.18037326977091586,0.7438278218446598,900,120.0,False,False,False
axonal_loss_like__wm__forceps_major,,,secondary_composite,secondary_composite,mechanistic_composite,secondary,dMRI_composite_wm,axonal_loss_like,forceps major,composite,A,G,genotype_pairwise,AA_vs_GG,AA,GG,30160,-0.02173821555476877,0.016257200100787777,-1.3371438759442593,0.18118595164406986,-0.05360304503998083,0.010126613930443291,nonrobust,ok,0.18118595164406986,0.7418754786237819,900,121.0,False,False,False
axonal_loss_like__tbss__inferior_cerebellar_peduncle_left,,,secondary_composite,secondary_composite,mechanistic_composite,secondary,dMRI_composite_tbss,axonal_loss_like,inferior cerebellar peduncle (left),composite,A,G,genotype_pairwise,AA_vs_AG,AA,AG,30160,-0.01912440495055548,0.014303002724964388,-1.337090212335333,0.18120346547842414,-0.04715892135756143,0.00891011145645047,nonrobust,ok,0.18120346547842414,0.7418335007885385,900,122.0,False,False,False
tract_geometry_like__tbss__uncinate_fasciculus_left,,,secondary_composite,secondary_composite,mechanistic_composite,secondary,dMRI_composite_tbss,tract_geometry_like,uncinate fasciculus (left),composite,A,G,genotype_pairwise,AA_vs_GG,AA,GG,30160,0.03090178328598898,0.023158966035922088,1.3343334602268917,0.18210485964334389,-0.014490811946489924,0.07629437851846789,nonrobust,ok,0.18210485964334389,0.7396784644844461,900,123.0,False,False,False
axonal_loss_like__tbss__superior_longitudinal_fasciculus_left,,,secondary_composite,secondary_composite,mechanistic_composite,secondary,dMRI_composite_tbss,axonal_loss_like,superior longitudinal fasciculus (left),composite,A,G,genotype_pairwise,AA_vs_AG,AA,AG,30160,-0.017237742834845683,0.012942544140399382,-1.3318666444442784,0.18291426724279966,-0.042605700390997835,0.00813021472130647,nonrobust,ok,0.18291426724279966,0.7377524183991241,900,124.0,False,False,False
axonal_loss_like__tbss__superior_cerebellar_peduncle_left,,,secondary_composite,secondary_composite,mechanistic_composite,secondary,dMRI_composite_tbss,axonal_loss_like,superior cerebellar peduncle (left),composite,A,G,genotype_pairwise,AA_vs_AG,AA,AG,30160,-0.020481243382828616,0.015457920288216227,-1.324967589491436,0.1851921277602996,-0.05077944917019184,0.009816962404534606,nonrobust,ok,0.1851921277602996,0.7323774784690229,900,125.0,False,False,False
tract_geometry_like__tbss__superior_longitudinal_fasciculus_right,,,secondary_composite,secondary_composite,mechanistic_composite,secondary,dMRI_composite_tbss,tract_geometry_like,superior longitudinal fasciculus (right),composite,A,G,genotype_pairwise,AA_vs_AG,AA,AG,30160,0.02539217408460926,0.019211347266164774,1.3217279211505495,0.18626898105478565,-0.01226291418534884,0.06304726235456737,nonrobust,ok,0.18626898105478565,0.7298594611443147,900,126.0,False,False,False
free_water_like__tbss__external_capsule_left,,,secondary_composite,secondary_composite,mechanistic_composite,secondary,dMRI_composite_tbss,free_water_like,external capsule (left),composite,A,G,genotype_pairwise,AG_vs_GG,AG,GG,30160,0.03144149162192702,0.02391579351419799,1.3146748237001327,0.18862939576361978,-0.015434518860132043,0.07831750210398608,nonrobust,ok,0.18862939576361978,0.7243906264283373,900,127.0,False,False,False
axonal_loss_like__tbss__body_of_corpus_callosum,,,secondary_composite,secondary_composite,mechanistic_composite,secondary,dMRI_composite_tbss,axonal_loss_like,body of corpus callosum,composite,A,G,genotype_pairwise,AA_vs_GG,AA,GG,30160,-0.02191260947421413,0.016697596301728936,-1.312321191520555,0.18942195946394283,-0.05464063494409302,0.010815415995664764,nonrobust,ok,0.18942195946394283,0.7225696751680395,900,128.0,False,False,False
tract_geometry_like__wm__middle_cerebellar_peduncle,,,secondary_composite,secondary_composite,mechanistic_composite,secondary,dMRI_composite_wm,tract_geometry_like,middle cerebellar peduncle,composite,A,G,genotype_pairwise,AG_vs_GG,AG,GG,30160,0.02626982900022374,0.02008901679632828,1.3076712149011267,0.19099500551325876,-0.013105530272714203,0.06564518827316168,nonrobust,ok,0.19099500551325876,0.7189779893302406,900,129.0,False,False,False
demyelination_like__tbss__retrolenticular_part_of_internal_capsule,,,secondary_composite,secondary_composite,mechanistic_composite,secondary,dMRI_composite_tbss,demyelination_like,retrolenticular part of internal capsule (left),composite,A,G,genotype_pairwise,AA_vs_AG,AA,AG,30160,0.02393739546841444,0.01836693567340839,1.3032873797816449,0.19248680388300818,-0.012062608823262877,0.059937399760091756,nonrobust,ok,0.19248680388300818,0.7155990386086479,900,130.0,False,False,False
demyelination_like__tbss__retrolenticular_part_of_internal_capsule,,,secondary_composite,secondary_composite,mechanistic_composite,secondary,dMRI_composite_tbss,demyelination_like,retrolenticular part of internal capsule (right),composite,A,G,genotype_pairwise,AA_vs_AG,AA,AG,30160,0.02393739546841444,0.01836693567340839,1.3032873797816449,0.19248680388300818,-0.012062608823262877,0.059937399760091756,nonrobust,ok,0.19248680388300818,0.7155990386086479,900,130.0,False,False,False
axonal_loss_like__tbss__medial_lemniscus_right,,,secondary_composite,secondary_composite,mechanistic_composite,secondary,dMRI_composite_tbss,axonal_loss_like,medial lemniscus (right),composite,A,G,genotype_pairwise,AA_vs_AG,AA,AG,30160,-0.0167113358226649,0.012839708542569508,-1.3015354489752766,0.19308536699589338,-0.041877731069837415,0.008455059424507617,nonrobust,ok,0.19308536699589338,0.7142506380473255,900,132.0,False,False,False
tract_geometry_like__wm__forceps_minor,,,secondary_composite,secondary_composite,mechanistic_composite,secondary,dMRI_composite_wm,tract_geometry_like,forceps minor,composite,A,G,genotype_pairwise,AA_vs_GG,AA,GG,30160,0.024837101414781845,0.01914509330654355,1.2973089771410433,0.1945350063332006,-0.012688126171112448,0.062362329000676134,nonrobust,ok,0.1945350063332006,0.7110022365522942,900,133.0,False,False,False
free_water_like__tbss__tapetum_right,,,secondary_composite,secondary_composite,mechanistic_composite,secondary,dMRI_composite_tbss,free_water_like,tapetum (right),composite,A,G,genotype_pairwise,AA_vs_GG,AA,GG,30160,0.035524255265243325,0.02739847359714957,1.2965778965489205,0.1947865680275608,-0.01817796183953048,0.08922647237001713,nonrobust,ok,0.1947865680275608,0.7104409942368483,900,134.0,False,False,False
axonal_loss_like__wm__forceps_major,,,secondary_composite,secondary_composite,mechanistic_composite,secondary,dMRI_composite_wm,axonal_loss_like,forceps major,composite,A,G,genotype_pairwise,AA_vs_AG,AA,AG,30160,-0.01775104404681535,0.013697824504332885,-1.2959024289733274,0.19501920555222,-0.04459938444017597,0.00909729634654527,nonrobust,ok,0.19501920555222,0.7099226170752664,900,135.0,False,False,False
demyelination_like__wm__middle_cerebellar_peduncle,,,secondary_composite,secondary_composite,mechanistic_composite,secondary,dMRI_composite_wm,demyelination_like,middle cerebellar peduncle,composite,A,G,genotype_pairwise,AA_vs_GG,AA,GG,30160,-0.027790075338216827,0.021462025807963657,-1.2948486590629806,0.19538254087962492,-0.06985659285280678,0.014276442176373125,nonrobust,ok,0.19538254087962492,0.7091142468526818,900,136.0,False,False,False
tract_geometry_like__tbss__superior_fronto_occipital_fasciculus_rig,,,secondary_composite,secondary_composite,mechanistic_composite,secondary,dMRI_composite_tbss,tract_geometry_like,superior fronto-occipital fasciculus (right),composite,A,G,genotype_pairwise,AG_vs_GG,AG,GG,30160,-0.02293396409359357,0.017848790735205095,-1.2849029625496389,0.19883624860586405,-0.05791838144520034,0.012050453258013197,nonrobust,ok,0.19883624860586405,0.7015044391819096,900,137.0,False,False,False
demyelination_like__tbss__middle_cerebellar_peduncle,,,secondary_composite,secondary_composite,mechanistic_composite,secondary,dMRI_composite_tbss,demyelination_like,middle cerebellar peduncle,composite,A,G,genotype_pairwise,AG_vs_GG,AG,GG,30160,-0.028394118319037272,0.0221968002956822,-1.2791987106610405,0.20083711602742527,-0.07190082624870989,0.015112589610635344,nonrobust,ok,0.20083711602742527,0.697156023616989,900,138.0,False,False,False
demyelination_like__tbss__tapetum_right,,,secondary_composite,secondary_composite,mechanistic_composite,secondary,dMRI_composite_tbss,demyelination_like,tapetum (right),composite,A,G,genotype_pairwise,AA_vs_AG,AA,AG,30160,0.02693789380217186,0.02108769345590867,1.2774224861763623,0.20146314807117913,-0.014394915786386436,0.06827070339073016,nonrobust,ok,0.20146314807117913,0.6958043840292559,900,139.0,False,False,False
axonal_loss_like__tbss__fornix_cres_stria_terminalis_left,,,secondary_composite,secondary_composite,mechanistic_composite,secondary,dMRI_composite_tbss,axonal_loss_like,fornix cres+stria terminalis (left),composite,A,G,genotype_pairwise,AG_vs_GG,AG,GG,30160,-0.017007944878750642,0.013329506230519782,-1.2759621087695325,0.20197892467464448,-0.043134365204782234,0.00911847544728095,nonrobust,ok,0.20197892467464448,0.6946939442910762,900,140.0,False,False,False
free_water_like__tbss__fornix_cres_stria_terminalis_right,,,secondary_composite,secondary_composite,mechanistic_composite,secondary,dMRI_composite_tbss,free_water_like,fornix cres+stria terminalis (right),composite,A,G,genotype_pairwise,AA_vs_GG,AA,GG,30160,0.031245447767608875,0.0246841623250927,1.265809524184108,0.2055912457693242,-0.017136599485181002,0.07962749502039876,nonrobust,ok,0.2055912457693242,0.6869953818704333,900,141.0,False,False,False
free_water_like__tbss__superior_cerebellar_peduncle_right,,,secondary_composite,secondary_composite,mechanistic_composite,secondary,dMRI_composite_tbss,free_water_like,superior cerebellar peduncle (right),composite,A,G,genotype_pairwise,AA_vs_GG,AA,GG,30160,-0.03493378615419324,0.027705383068136392,-1.260902477626095,0.20735392229807484,-0.08923755936332464,0.019369987054938156,nonrobust,ok,0.20735392229807484,0.6832877451261068,900,142.0,False,False,False
tract_geometry_like__wm__uncinate_fasciculus_left,,,secondary_composite,secondary_composite,mechanistic_composite,secondary,dMRI_composite_wm,tract_geometry_like,uncinate fasciculus (left),composite,A,G,genotype_pairwise,AA_vs_GG,AA,GG,30160,0.02647237813453343,0.02118670697456237,1.249480542979957,0.2114992440847738,-0.015054502319184378,0.06799925858825123,nonrobust,ok,0.2114992440847738,0.6746911804894031,900,143.0,False,False,False
demyelination_like__wm__middle_cerebellar_peduncle,,,secondary_composite,secondary_composite,mechanistic_composite,secondary,dMRI_composite_wm,demyelination_like,middle cerebellar peduncle,composite,A,G,genotype_pairwise,AA_vs_AG,AA,AG,30160,-0.02256137660419405,0.018083253032648825,-1.2476392695197094,0.21217305953723903,-0.058005350403555526,0.012882597195167426,nonrobust,ok,0.21217305953723903,0.6733097610430169,900,144.0,False,False,False
demyelination_like__tbss__superior_cerebellar_peduncle_right,,,secondary_composite,secondary_composite,mechanistic_composite,secondary,dMRI_composite_tbss,demyelination_like,superior cerebellar peduncle (right),composite,A,G,genotype_pairwise,AG_vs_GG,AG,GG,30160,-0.02815322427709689,0.02265414535275769,-1.2427405156412046,0.213973311789786,-0.07255634869726402,0.016249900143070227,nonrobust,ok,0.213973311789786,0.6696403914415732,900,145.0,False,False,False
demyelination_like__tbss__cingulum_cingulate_gyrus_right,,,secondary_composite,secondary_composite,mechanistic_composite,secondary,dMRI_composite_tbss,demyelination_like,cingulum cingulate gyrus (right),composite,A,G,genotype_pairwise,AA_vs_AG,AA,AG,30160,-0.023320509994548533,0.01880566702870661,-1.2400788527708202,0.21495605881144664,-0.06018044709997748,0.01353942711088042,nonrobust,ok,0.21495605881144664,0.6676503092290194,900,146.0,False,False,False
tract_geometry_like__tbss__superior_cerebellar_peduncle_left,,,secondary_composite,secondary_composite,mechanistic_composite,secondary,dMRI_composite_tbss,tract_geometry_like,superior cerebellar peduncle (left),composite,A,G,genotype_pairwise,AA_vs_AG,AA,AG,30160,0.021675445108870428,0.017511307170790108,1.2377970928992867,0.21580112329643134,-0.012647489566292927,0.05599837978403378,nonrobust,ok,0.21580112329643134,0.6659462990406336,900,147.0,False,False,False
demyelination_like__tbss__superior_cerebellar_peduncle_right,,,secondary_composite,secondary_composite,mechanistic_composite,secondary,dMRI_composite_tbss,demyelination_like,superior cerebellar peduncle (right),composite,A,G,genotype_pairwise,AA_vs_GG,AA,GG,30160,-0.03148166521335739,0.025477594327164906,-1.2356608245304692,0.21659447037236054,-0.0814188741974048,0.018455543770690017,nonrobust,ok,0.21659447037236054,0.6643526350487656,900,148.0,False,False,False
demyelination_like__tbss__posterior_thalamic_radiation_right,,,secondary_composite,secondary_composite,mechanistic_composite,secondary,dMRI_composite_tbss,demyelination_like,posterior thalamic radiation (right),composite,A,G,genotype_pairwise,AA_vs_AG,AA,AG,30160,0.023319817740449608,0.018904396642041667,1.2335658303205743,0.2173745259801695,-0.013733633763188053,0.06037326924408727,nonrobust,ok,0.2173745259801695,0.662791352036597,900,149.0,False,False,False
free_water_like__tbss__splenium_of_corpus_callosum,,,secondary_composite,secondary_composite,mechanistic_composite,secondary,dMRI_composite_tbss,free_water_like,splenium of corpus callosum,composite,A,G,genotype_pairwise,AA_vs_GG,AA,GG,30160,-0.031389340625955914,0.025449682717037878,-1.2333882891570038,0.21744072487151822,-0.08127184162265977,0.018493160370747948,nonrobust,ok,0.21744072487151822,0.6626591128228773,900,150.0,False,False,False
axonal_loss_like__tbss__medial_lemniscus_left,,,secondary_composite,secondary_composite,mechanistic_composite,secondary,dMRI_composite_tbss,axonal_loss_like,medial lemniscus (left),composite,A,G,genotype_pairwise,AG_vs_GG,AG,GG,30160,0.016780875095692243,0.013680400075471987,1.2266362827925767,0.21996908151100772,-0.01003331264831378,0.043595062839698266,nonrobust,ok,0.21996908151100772,0.6576383585996283,900,151.0,False,False,False
free_water_like__wm__forceps_major,,,secondary_composite,secondary_composite,mechanistic_composite,secondary,dMRI_composite_wm,free_water_like,forceps major,composite,A,G,genotype_pairwise,AA_vs_AG,AA,AG,30160,-0.03230010731764175,0.026364297907027264,-1.2251457418493334,0.22053006077061885,-0.08397529444067214,0.019375079805388648,nonrobust,ok,0.22053006077061885,0.6565322028538628,900,152.0,False,False,False
tract_geometry_like__wm__uncinate_fasciculus_right,,,secondary_composite,secondary_composite,mechanistic_composite,secondary,dMRI_composite_wm,tract_geometry_like,uncinate fasciculus (right),composite,A,G,genotype_pairwise,AA_vs_AG,AA,AG,30160,0.021523042829586708,0.017712890094803164,1.2151062144229876,0.22433527453707344,-0.013195003270728835,0.05624108892990225,nonrobust,ok,0.22433527453707344,0.6491024324700168,900,153.0,False,False,False
demyelination_like__wm__cingulate_gyrus_part_of_cingulum_right,,,secondary_composite,secondary_composite,mechanistic_composite,secondary,dMRI_composite_wm,demyelination_like,cingulate gyrus part of cingulum (right),composite,A,G,genotype_pairwise,AA_vs_GG,AA,GG,30160,-0.025455936403161496,0.0209953036066943,-1.212458599314798,0.22534655690579275,-0.06660765781090583,0.01569578500458283,nonrobust,ok,0.22534655690579275,0.6471490731742701,900,154.0,False,False,False
tract_geometry_like__tbss__external_capsule_right,,,secondary_composite,secondary_composite,mechanistic_composite,secondary,dMRI_composite_tbss,tract_geometry_like,external capsule (right),composite,A,G,genotype_pairwise,AG_vs_GG,AG,GG,30160,0.022008882806555614,0.018153115390227386,1.2124025178842832,0.22536801290832015,-0.013572024296073001,0.05758978990918423,nonrobust,ok,0.22536801290832015,0.6471077245064769,900,155.0,False,False,False
free_water_like__tbss__cerebral_peduncle_left,,,secondary_composite,secondary_composite,mechanistic_composite,secondary,dMRI_composite_tbss,free_water_like,cerebral peduncle (left),composite,A,G,genotype_pairwise,AA_vs_GG,AA,GG,30160,-0.032921197649442006,0.027162577012292112,-1.2120056809979367,0.2255198790617119,-0.08616104703984767,0.02031865174096366,nonrobust,ok,0.2255198790617119,0.646815170033072,900,156.0,False,False,False
free_water_like__tbss__inferior_cerebellar_peduncle_right,,,secondary_composite,secondary_composite,mechanistic_composite,secondary,dMRI_composite_tbss,free_water_like,inferior cerebellar peduncle (right),composite,A,G,genotype_pairwise,AG_vs_GG,AG,GG,30160,-0.028451458311571448,0.023595820039895164,-1.205783832198521,0.2279104880280349,-0.07470030666637364,0.017797390043230756,nonrobust,ok,0.2279104880280349,0.6422356889139814,900,157.0,False,False,False
free_water_like__wm__inferior_longitudinal_fasciculus_left,,,secondary_composite,secondary_composite,mechanistic_composite,secondary,dMRI_composite_wm,free_water_like,inferior longitudinal fasciculus (left),composite,A,G,genotype_pairwise,AA_vs_GG,AA,GG,30160,-0.029908893499815133,0.024858791764556482,-1.203151536208572,0.2289273067647069,-0.07863322215881972,0.01881543515918946,nonrobust,ok,0.2289273067647069,0.6403024009911923,900,158.0,False,False,False
free_water_like__tbss__superior_cerebellar_peduncle_left,,,secondary_composite,secondary_composite,mechanistic_composite,secondary,dMRI_composite_tbss,free_water_like,superior cerebellar peduncle (left),composite,A,G,genotype_pairwise,AG_vs_GG,AG,GG,30160,-0.02849560531795347,0.023867072075736403,-1.193929662906683,0.2325150498018614,-0.07527611963097802,0.018284908995071084,nonrobust,ok,0.2325150498018614,0.6335489316584528,900,159.0,False,False,False
free_water_like__tbss__external_capsule_right,,,secondary_composite,secondary_composite,mechanistic_composite,secondary,dMRI_composite_tbss,free_water_like,external capsule (right),composite,A,G,genotype_pairwise,AG_vs_GG,AG,GG,30160,0.029060931349272706,0.02434827653899099,1.1935518845752773,0.23266286936575128,-0.01866276494306373,0.07678462764160915,nonrobust,ok,0.23266286936575128,0.6332729201779834,900,160.0,False,False,False
free_water_like__wm__posterior_thalamic_radiation_left,,,secondary_composite,secondary_composite,mechanistic_composite,secondary,dMRI_composite_wm,free_water_like,posterior thalamic radiation (left),composite,A,G,genotype_pairwise,AA_vs_GG,AA,GG,30160,-0.029184529815673703,0.02446879920411726,-1.1927242351460772,0.23298695044857795,-0.07714445584926588,0.018775396217918475,nonrobust,ok,0.23298695044857795,0.6326684030378628,900,161.0,False,False,False
tract_geometry_like__wm__parahippocampal_part_of_cingulum_right,,,secondary_composite,secondary_composite,mechanistic_composite,secondary,dMRI_composite_wm,tract_geometry_like,parahippocampal part of cingulum (right),composite,A,G,genotype_pairwise,AA_vs_AG,AA,AG,30160,0.022584887675674174,0.018939348809750903,1.1924849107824853,0.23308072187926943,-0.014537071618806227,0.059706846970154576,nonrobust,ok,0.23308072187926943,0.6324936455171123,900,162.0,False,False,False
free_water_like__tbss__corticospinal_tract_right,,,secondary_composite,secondary_composite,mechanistic_composite,secondary,dMRI_composite_tbss,free_water_like,corticospinal tract (right),composite,A,G,genotype_pairwise,AG_vs_GG,AG,GG,30160,-0.03467458462955746,0.02911421121203561,-1.1909848553692994,0.23366907928802189,-0.09173972315996218,0.022390553900847245,nonrobust,ok,0.23366907928802189,0.6313987526614248,900,163.0,False,False,False
demyelination_like__tbss__posterior_corona_radiata_right,,,secondary_composite,secondary_composite,mechanistic_composite,secondary,dMRI_composite_tbss,demyelination_like,posterior corona radiata (right),composite,A,G,genotype_pairwise,AG_vs_GG,AG,GG,30160,-0.02237804433569738,0.01908496240599704,-1.1725485154042306,0.2409863409546983,-0.05978541270347121,0.01502932403207645,nonrobust,ok,0.2409863409546983,0.6180075724297495,900,164.0,False,False,False
free_water_like__wm__corticospinal_tract_left,,,secondary_composite,secondary_composite,mechanistic_composite,secondary,dMRI_composite_wm,free_water_like,corticospinal tract (left),composite,A,G,genotype_pairwise,AA_vs_AG,AA,AG,30160,0.026371500448454474,0.022593431685593683,1.1672197838484983,0.24313102470895903,-0.017912622505309506,0.07065562340221845,nonrobust,ok,0.24313102470895903,0.6141596195186481,900,165.0,False,False,False
tract_geometry_like__wm__uncinate_fasciculus_right,,,secondary_composite,secondary_composite,mechanistic_composite,secondary,dMRI_composite_wm,tract_geometry_like,uncinate fasciculus (right),composite,A,G,genotype_pairwise,AA_vs_GG,AA,GG,30160,0.02445695761386247,0.02102246225620637,1.1633726494926704,0.24468771813348256,-0.016747995945198546,0.06566191117292348,nonrobust,ok,0.24468771813348256,0.611387829098231,900,166.0,False,False,False
axonal_loss_like__wm__medial_lemniscus_right,,,secondary_composite,secondary_composite,mechanistic_composite,secondary,dMRI_composite_wm,axonal_loss_like,medial lemniscus (right),composite,A,G,genotype_pairwise,AG_vs_GG,AG,GG,30160,0.017136929430227626,0.014781332273987173,1.159362979775912,0.2463176110077369,-0.011835133997351123,0.046108992857806376,nonrobust,ok,0.2463176110077369,0.608504536232126,900,167.0,False,False,False
tract_geometry_like__tbss__tapetum_right,,,secondary_composite,secondary_composite,mechanistic_composite,secondary,dMRI_composite_tbss,tract_geometry_like,tapetum (right),composite,A,G,genotype_pairwise,AA_vs_AG,AA,AG,30160,0.02106697384696889,0.018283418456107214,1.1522448002568078,0.2492297973251048,-0.01476933301391575,0.056903280707853526,nonrobust,ok,0.2492297973251048,0.6034000356876228,900,168.0,False,False,False
free_water_like__tbss__posterior_corona_radiata_right,,,secondary_composite,secondary_composite,mechanistic_composite,secondary,dMRI_composite_tbss,free_water_like,posterior corona radiata (right),composite,A,G,genotype_pairwise,AG_vs_GG,AG,GG,30160,-0.021196656972028646,0.018529482369585386,-1.1439422078417691,0.25265685469904886,-0.05751525995997308,0.015121946015915787,nonrobust,ok,0.25265685469904886,0.59746891465279,900,169.0,False,False,False
free_water_like__wm__posterior_thalamic_radiation_right,,,secondary_composite,secondary_composite,mechanistic_composite,secondary,dMRI_composite_wm,free_water_like,posterior thalamic radiation (right),composite,A,G,genotype_pairwise,AA_vs_GG,AA,GG,30160,0.028526789177230637,0.025014166973785373,1.1404253120692152,0.2541183784334948,-0.020502081747207947,0.07755566010166923,nonrobust,ok,0.2541183784334948,0.5949639246244831,900,170.0,False,False,False
axonal_loss_like__tbss__external_capsule_right,,,secondary_composite,secondary_composite,mechanistic_composite,secondary,dMRI_composite_tbss,axonal_loss_like,external capsule (right),composite,A,G,genotype_pairwise,AG_vs_GG,AG,GG,30160,-0.014188704713032584,0.012499760500861413,-1.1351181258276732,0.25633501811165993,-0.03868878679953143,0.010311377373466261,nonrobust,ok,0.25633501811165993,0.591192060480549,900,171.0,False,False,False
free_water_like__wm__corticospinal_tract_right,,,secondary_composite,secondary_composite,mechanistic_composite,secondary,dMRI_composite_wm,free_water_like,corticospinal tract (right),composite,A,G,genotype_pairwise,AA_vs_AG,AA,AG,30160,0.025089785893377965,0.022135709962037328,1.133452956169324,0.25703326512989383,-0.018297182286970026,0.06847675407372596,nonrobust,ok,0.25703326512989383,0.5900106668342341,900,172.0,False,False,False
demyelination_like__tbss__tapetum_right,,,secondary_composite,secondary_composite,mechanistic_composite,secondary,dMRI_composite_tbss,demyelination_like,tapetum (right),composite,A,G,genotype_pairwise,AA_vs_GG,AA,GG,30160,0.02829532371703357,0.025027832125337674,1.1305543195004872,0.25825188250800923,-0.020760331507370826,0.07735097894143797,nonrobust,ok,0.25825188250800923,0.5879565040392779,900,173.0,False,False,False
tract_geometry_like__tbss__corticospinal_tract_left,,,secondary_composite,secondary_composite,mechanistic_composite,secondary,dMRI_composite_tbss,tract_geometry_like,corticospinal tract (left),composite,A,G,genotype_pairwise,AG_vs_GG,AG,GG,30160,-0.02235199530276746,0.01977615991613057,-1.1302495225342455,0.2583802547301787,-0.06111414128688747,0.016410150681352546,nonrobust,ok,0.2583802547301787,0.5877406779423444,900,174.0,False,False,False
free_water_like__tbss__middle_cerebellar_peduncle,,,secondary_composite,secondary_composite,mechanistic_composite,secondary,dMRI_composite_tbss,free_water_like,middle cerebellar peduncle,composite,A,G,genotype_pairwise,AA_vs_AG,AA,AG,30160,0.027536185471613826,0.02436493576931406,1.1301562923179846,0.25841952960431797,-0.020220163647181568,0.07529253459040922,nonrobust,ok,0.25841952960431797,0.5876746683902278,900,175.0,False,False,False
tract_geometry_like__tbss__superior_cerebellar_peduncle_left,,,secondary_composite,secondary_composite,mechanistic_composite,secondary,dMRI_composite_tbss,tract_geometry_like,superior cerebellar peduncle (left),composite,A,G,genotype_pairwise,AA_vs_GG,AA,GG,30160,0.023434078980610132,0.02078321448868347,1.127548339231646,0.2595198532403641,-0.017301938398200177,0.06417009635942045,nonrobust,ok,0.2595198532403641,0.5858294130643374,900,176.0,False,False,False
demyelination_like__wm__posterior_thalamic_radiation_right,,,secondary_composite,secondary_composite,mechanistic_composite,secondary,dMRI_composite_wm,demyelination_like,posterior thalamic radiation (right),composite,A,G,genotype_pairwise,AA_vs_GG,AA,GG,30160,0.025187890572009663,0.022366569009205615,1.1261401139192537,0.26011534585464424,-0.01865157152657333,0.06902735267059265,nonrobust,ok,0.26011534585464424,0.5848340252612818,900,177.0,False,False,False
demyelination_like__tbss__anterior_limb_of_internal_capsule_right,,,secondary_composite,secondary_composite,mechanistic_composite,secondary,dMRI_composite_tbss,demyelination_like,anterior limb of internal capsule (right),composite,A,G,genotype_pairwise,AG_vs_GG,AG,GG,30160,0.024552146295185005,0.02195446279856454,1.1183214328883653,0.26343881083276927,-0.018479569447908496,0.06758386203827851,nonrobust,ok,0.26343881083276927,0.5793202427043327,900,178.0,False,False,False
demyelination_like__tbss__uncinate_fasciculus_right,,,secondary_composite,secondary_composite,mechanistic_composite,secondary,dMRI_composite_tbss,demyelination_like,uncinate fasciculus (right),composite,A,G,genotype_pairwise,AA_vs_AG,AA,AG,30160,-0.023524446057028057,0.021070256488522367,-1.116476492340877,0.2642272887708886,-0.06482307842016875,0.017774186306112643,nonrobust,ok,0.2642272887708886,0.5780223314958921,900,179.0,False,False,False
demyelination_like__tbss__posterior_corona_radiata_left,,,secondary_composite,secondary_composite,mechanistic_composite,secondary,dMRI_composite_tbss,demyelination_like,posterior corona radiata (left),composite,A,G,genotype_pairwise,AG_vs_GG,AG,GG,30160,-0.02123979359257137,0.019214792065019443,-1.1053876368112485,0.2690006417690178,-0.058901633820273386,0.01642204663513064,nonrobust,ok,0.2690006417690178,0.5702466838771065,900,180.0,False,False,False
demyelination_like__wm__superior_thalamic_radiation_right,,,secondary_composite,secondary_composite,mechanistic_composite,secondary,dMRI_composite_wm,demyelination_like,superior thalamic radiation (right),composite,A,G,genotype_pairwise,AA_vs_GG,AA,GG,30160,-0.02349676621747894,0.02127558458853075,-1.1044004981252356,0.26942842101005304,-0.06519785071596443,0.01820431828100655,nonrobust,ok,0.26942842101005304,0.5695565940740582,900,181.0,False,False,False
tract_geometry_like__wm__medial_lemniscus_right,,,secondary_composite,secondary_composite,mechanistic_composite,secondary,dMRI_composite_wm,tract_geometry_like,medial lemniscus (right),composite,A,G,genotype_pairwise,AG_vs_GG,AG,GG,30160,-0.021011090473482492,0.019080796189062103,-1.1011642420627559,0.27083413435692816,-0.05841029287224523,0.016388111925280245,nonrobust,ok,0.27083413435692816,0.5672966005901806,900,182.0,False,False,False
demyelination_like__wm__corticospinal_tract_right,,,secondary_composite,secondary_composite,mechanistic_composite,secondary,dMRI_composite_wm,demyelination_like,corticospinal tract (right),composite,A,G,genotype_pairwise,AA_vs_GG,AA,GG,30160,-0.024235066056926227,0.022025677819066957,-1.10030965929896,0.2712061718285733,-0.06740636638229877,0.018936234268446324,nonrobust,ok,0.2712061718285733,0.566700431469452,900,183.0,False,False,False
axonal_loss_like__wm__middle_cerebellar_peduncle,,,secondary_composite,secondary_composite,mechanistic_composite,secondary,dMRI_composite_wm,axonal_loss_like,middle cerebellar peduncle,composite,A,G,genotype_pairwise,AA_vs_AG,AA,AG,30160,-0.017911334737666873,0.016358440087846732,-1.0949292622940157,0.2735565360002644,-0.04997459906434726,0.014151929589013512,nonrobust,ok,0.2735565360002644,0.5629529043011052,900,184.0,False,False,False
tract_geometry_like__tbss__superior_corona_radiata_left,,,secondary_composite,secondary_composite,mechanistic_composite,secondary,dMRI_composite_tbss,tract_geometry_like,superior corona radiata (left),composite,A,G,genotype_pairwise,AA_vs_AG,AA,AG,30160,0.019043027600267506,0.017452880022307517,1.0911108983690674,0.2752329681038902,-0.015165387285992309,0.05325144248652732,nonrobust,ok,0.2752329681038902,0.5602995464247206,900,185.0,False,False,False
tract_geometry_like__tbss__superior_corona_radiata_left,,,secondary_composite,secondary_composite,mechanistic_composite,secondary,dMRI_composite_tbss,tract_geometry_like,superior corona radiata (left),composite,A,G,genotype_pairwise,AA_vs_GG,AA,GG,30160,0.022594714584909914,0.020713870495854575,1.090801189928833,0.2753692507294397,-0.01800538550841349,0.06319481467823332,nonrobust,ok,0.2753692507294397,0.5600845571223182,900,186.0,False,False,False
free_water_like__tbss__cingulum_hippocampus_right,,,secondary_composite,secondary_composite,mechanistic_composite,secondary,dMRI_composite_tbss,free_water_like,cingulum hippocampus (right),composite,A,G,genotype_pairwise,AG_vs_GG,AG,GG,30160,-0.024250388425185128,0.022260553120642023,-1.0893884035027839,0.27599151069843125,-0.06788205470463206,0.019381277854261802,nonrobust,ok,0.27599151069843125,0.5591042763171319,900,187.0,False,False,False
tract_geometry_like__wm__cingulate_gyrus_part_of_cingulum_right,,,secondary_composite,secondary_composite,mechanistic_composite,secondary,dMRI_composite_wm,tract_geometry_like,cingulate gyrus part of cingulum (right),composite,A,G,genotype_pairwise,AA_vs_GG,AA,GG,30160,0.024993618962361193,0.023063136739358253,1.0837042352399744,0.27850478306829113,-0.02021114662074614,0.07019838454546853,nonrobust,ok,0.27850478306829113,0.5551673418104398,900,188.0,False,False,False
free_water_like__tbss__superior_fronto_occipital_fasciculus_lef,,,secondary_composite,secondary_composite,mechanistic_composite,secondary,dMRI_composite_tbss,free_water_like,superior fronto-occipital fasciculus (left),composite,A,G,genotype_pairwise,AG_vs_GG,AG,GG,30160,-0.019671092922993908,0.018184120580205004,-1.0817731237664363,0.27936216331945857,-0.055312771565965785,0.015970585719977965,nonrobust,ok,0.27936216331945857,0.5538324148800736,900,189.0,False,False,False
axonal_loss_like__tbss__fornix_cres_stria_terminalis_right,,,secondary_composite,secondary_composite,mechanistic_composite,secondary,dMRI_composite_tbss,axonal_loss_like,fornix cres+stria terminalis (right),composite,A,G,genotype_pairwise,AA_vs_GG,AA,GG,30160,-0.015672741467846432,0.014536640323750747,-1.0781543134309695,0.28097368133359674,-0.04416519787685192,0.012819714941159056,nonrobust,ok,0.28097368133359674,0.5513343583401049,900,190.0,False,False,False
tract_geometry_like__tbss__pontine_crossing_tract,,,secondary_composite,secondary_composite,mechanistic_composite,secondary,dMRI_composite_tbss,tract_geometry_like,pontine crossing tract,composite,A,G,genotype_pairwise,AG_vs_GG,AG,GG,30160,0.020896918169912453,0.01947976796970046,1.072749850122254,0.2833921116891386,-0.017284286522027244,0.05907812286185215,nonrobust,ok,0.2833921116891386,0.5476122426473377,900,191.0,False,False,False
demyelination_like__wm__medial_lemniscus_left,,,secondary_composite,secondary_composite,mechanistic_composite,secondary,dMRI_composite_wm,demyelination_like,medial lemniscus (left),composite,A,G,genotype_pairwise,AA_vs_AG,AA,AG,30160,0.021215933274462227,0.019869470452948828,1.0677654104925363,0.2856350513976326,-0.017729105478797236,0.06016097202772169,nonrobust,ok,0.2856350513976326,0.5441884996461349,900,192.0,False,False,False
free_water_like__tbss__posterior_thalamic_radiation_right,,,secondary_composite,secondary_composite,mechanistic_composite,secondary,dMRI_composite_tbss,free_water_like,posterior thalamic radiation (right),composite,A,G,genotype_pairwise,AG_vs_GG,AG,GG,30160,-0.021700293000433822,0.020379274259873705,-1.0648216773431018,0.28696531824531096,-0.061644569708437166,0.018243983707569522,nonrobust,ok,0.28696531824531096,0.5421705876033839,900,193.0,False,False,False
tract_geometry_like__tbss__cerebral_peduncle_left,,,secondary_composite,secondary_composite,mechanistic_composite,secondary,dMRI_composite_tbss,tract_geometry_like,cerebral peduncle (left),composite,A,G,genotype_pairwise,AA_vs_GG,AA,GG,30160,0.02144028585352948,0.020281160627560413,1.0571528053672585,0.29045048109265514,-0.018311683806245656,0.061192255513304615,nonrobust,ok,0.29045048109265514,0.5369278998360142,900,194.0,False,False,False
axonal_loss_like__wm__forceps_minor,,,secondary_composite,secondary_composite,mechanistic_composite,secondary,dMRI_composite_wm,axonal_loss_like,forceps minor,composite,A,G,genotype_pairwise,AG_vs_GG,AG,GG,30160,-0.014305659037026585,0.013583208185644425,-1.0531870557756517,0.2922638656836323,-0.04092934638874484,0.01231802831469167,nonrobust,ok,0.2922638656836323,0.5342248757279935,900,195.0,False,False,False
demyelination_like__tbss__cingulum_cingulate_gyrus_left,,,secondary_composite,secondary_composite,mechanistic_composite,secondary,dMRI_composite_tbss,demyelination_like,cingulum cingulate gyrus (left),composite,A,G,genotype_pairwise,AA_vs_GG,AA,GG,30160,-0.023895888527147635,0.022947636932702766,-1.0413224070620322,0.29773444462913673,-0.06887426939321667,0.021082492338921392,nonrobust,ok,0.29773444462913673,0.5261709193101821,900,196.0,False,False,False
axonal_loss_like__wm__cingulate_gyrus_part_of_cingulum_right,,,secondary_composite,secondary_composite,mechanistic_composite,secondary,dMRI_composite_wm,axonal_loss_like,cingulate gyrus part of cingulum (right),composite,A,G,genotype_pairwise,AA_vs_GG,AA,GG,30160,-0.021219963113768985,0.02039048153410537,-1.0406798426155957,0.29803266039318244,-0.061186206573745114,0.018746280346207147,nonrobust,ok,0.29803266039318244,0.5257361404495613,900,197.0,False,False,False
demyelination_like__tbss__superior_cerebellar_peduncle_left,,,secondary_composite,secondary_composite,mechanistic_composite,secondary,dMRI_composite_tbss,demyelination_like,superior cerebellar peduncle (left),composite,A,G,genotype_pairwise,AA_vs_AG,AA,AG,30160,-0.021761572506226894,0.0212451686958519,-1.024306882085423,0.3056987180449675,-0.06340304051307524,0.01987989550062145,nonrobust,ok,0.3056987180449675,0.5147063824945982,900,198.0,False,False,False
tract_geometry_like__tbss__fornix_cres_stria_terminalis_left,,,secondary_composite,secondary_composite,mechanistic_composite,secondary,dMRI_composite_tbss,tract_geometry_like,fornix cres+stria terminalis (left),composite,A,G,genotype_pairwise,AA_vs_AG,AA,AG,30160,-0.01720206165849974,0.016822229486424947,-1.0225791814563763,0.30651521293204037,-0.05017437366935224,0.015770250352352765,nonrobust,ok,0.30651521293204037,0.5135479657508527,900,199.0,False,False,False
tract_geometry_like__wm__middle_cerebellar_peduncle,,,secondary_composite,secondary_composite,mechanistic_composite,secondary,dMRI_composite_wm,tract_geometry_like,middle cerebellar peduncle,composite,A,G,genotype_pairwise,AA_vs_GG,AA,GG,30160,0.02308113808292091,0.022592766683478083,1.0216162724240396,0.3069709011482474,-0.02120168143735578,0.0673639576031976,nonrobust,ok,0.3069709011482474,0.5129027908736348,900,200.0,False,False,False
axonal_loss_like__tbss__fornix,,,secondary_composite,secondary_composite,mechanistic_composite,secondary,dMRI_composite_tbss,axonal_loss_like,fornix,composite,A,G,genotype_pairwise,AA_vs_AG,AA,AG,30160,-0.00886632012830587,0.00868515715195378,-1.0208589174821479,0.30732962780079504,-0.025889611345953283,0.008156971089341544,nonrobust,ok,0.30732962780079504,0.512395570006713,900,201.0,False,False,False
free_water_like__tbss__cingulum_cingulate_gyrus_left,,,secondary_composite,secondary_composite,mechanistic_composite,secondary,dMRI_composite_tbss,free_water_like,cingulum cingulate gyrus (left),composite,A,G,genotype_pairwise,AA_vs_GG,AA,GG,30160,-0.02335588108409899,0.02288129419918861,-1.0207412605589072,0.3073853817542284,-0.06820422726535726,0.021492465097159272,nonrobust,ok,0.3073853817542284,0.5123167899736557,900,202.0,False,False,False
tract_geometry_like__tbss__middle_cerebellar_peduncle,,,secondary_composite,secondary_composite,mechanistic_composite,secondary,dMRI_composite_tbss,tract_geometry_like,middle cerebellar peduncle,composite,A,G,genotype_pairwise,AG_vs_GG,AG,GG,30160,0.018550864620676025,0.018209516594518374,1.0187455841776933,0.30833209075842677,-0.017140591330853445,0.054242320572205495,nonrobust,ok,0.30833209075842677,0.5109812721790492,900,203.0,False,False,False
axonal_loss_like__tbss__corticospinal_tract_left,,,secondary_composite,secondary_composite,mechanistic_composite,secondary,dMRI_composite_tbss,axonal_loss_like,corticospinal tract (left),composite,A,G,genotype_pairwise,AA_vs_GG,AA,GG,30160,0.016053362131465677,0.015776668018477193,1.0175381844039837,0.3089057925314208,-0.014869603270751017,0.046976327533682374,nonrobust,ok,0.3089057925314208,0.5101739478304834,900,204.0,False,False,False
axonal_loss_like__wm__posterior_thalamic_radiation_left,,,secondary_composite,secondary_composite,mechanistic_composite,secondary,dMRI_composite_wm,axonal_loss_like,posterior thalamic radiation (left),composite,A,G,genotype_pairwise,AA_vs_AG,AA,AG,30160,0.012119370570818935,0.011948234418270462,1.0143231331557057,0.31043687889747545,-0.011299696059792395,0.03553843720143027,nonrobust,ok,0.31043687889747545,0.5080266915688357,900,205.0,False,False,False
tract_geometry_like__tbss__fornix_cres_stria_terminalis_left,,,secondary_composite,secondary_composite,mechanistic_composite,secondary,dMRI_composite_tbss,tract_geometry_like,fornix cres+stria terminalis (left),composite,A,G,genotype_pairwise,AG_vs_GG,AG,GG,30160,0.017993911979402418,0.017752804531534206,1.0135813723088052,0.3107908336411377,-0.016802368177980014,0.05279019213678485,nonrobust,ok,0.3107908336411377,0.5075317986155832,900,206.0,False,False,False
demyelination_like__tbss__posterior_corona_radiata_left,,,secondary_composite,secondary_composite,mechanistic_composite,secondary,dMRI_composite_tbss,demyelination_like,posterior corona radiata (left),composite,A,G,genotype_pairwise,AA_vs_AG,AA,AG,30160,0.01841949894152696,0.01820758185432237,1.0116389473846732,0.3117189847308906,-0.017268164833855223,0.054107162716909143,nonrobust,ok,0.3117189847308906,0.506236746928203,900,207.0,False,False,False
free_water_like__tbss__genu_of_corpus_callosum,,,secondary_composite,secondary_composite,mechanistic_composite,secondary,dMRI_composite_tbss,free_water_like,genu of corpus callosum,composite,A,G,genotype_pairwise,AA_vs_GG,AA,GG,30160,0.024636561801064435,0.024408746896842574,1.009333330595981,0.31282304978911724,-0.023205659060687684,0.07247878266281656,nonrobust,ok,0.31282304978911724,0.504701254245774,900,208.0,False,False,False
demyelination_like__wm__corticospinal_tract_left,,,secondary_composite,secondary_composite,mechanistic_composite,secondary,dMRI_composite_wm,demyelination_like,corticospinal tract (left),composite,A,G,genotype_pairwise,AA_vs_GG,AA,GG,30160,-0.022847907705142924,0.022712954918289202,-1.0059416657735298,0.31445185378761664,-0.06736630146850218,0.021670486058216337,nonrobust,ok,0.31445185378761664,0.5024458406321758,900,209.0,False,False,False
demyelination_like__tbss__posterior_limb_of_internal_capsule_left,,,secondary_composite,secondary_composite,mechanistic_composite,secondary,dMRI_composite_tbss,demyelination_like,posterior limb of internal capsule (left),composite,A,G,genotype_pairwise,AA_vs_GG,AA,GG,30160,-0.02356677136548331,0.02353890226898404,-1.0011839590555585,0.3167460633709269,-0.06970405837801764,0.022570515647051023,nonrobust,ok,0.3167460633709269,0.4992887739722489,900,210.0,False,False,False
demyelination_like__tbss__cingulum_hippocampus_right,,,secondary_composite,secondary_composite,mechanistic_composite,secondary,dMRI_composite_tbss,demyelination_like,cingulum hippocampus (right),composite,A,G,genotype_pairwise,AG_vs_GG,AG,GG,30160,-0.021651865657141216,0.021631775555432057,-1.0009287310538924,0.3168694462211568,-0.06405110016633692,0.020747368852054485,nonrobust,ok,0.3168694462211568,0.49911963514631286,900,211.0,False,False,False
demyelination_like__tbss__external_capsule_right,,,secondary_composite,secondary_composite,mechanistic_composite,secondary,dMRI_composite_tbss,demyelination_like,external capsule (right),composite,A,G,genotype_pairwise,AA_vs_AG,AA,AG,30160,-0.021031298247176786,0.021102472912382864,-0.9966271884104961,0.3189536497094872,-0.062393076222512306,0.020330479728158737,nonrobust,ok,0.3189536497094872,0.49627242395834864,900,212.0,False,False,False
axonal_loss_like__tbss__uncinate_fasciculus_left,,,secondary_composite,secondary_composite,mechanistic_composite,secondary,dMRI_composite_tbss,axonal_loss_like,uncinate fasciculus (left),composite,A,G,genotype_pairwise,AA_vs_GG,AA,GG,30160,-0.01916876907584145,0.01923974127010971,-0.9963111669085426,0.3191071230082775,-0.05687951084631,0.018541972694627106,nonrobust,ok,0.3191071230082775,0.4960635015142197,900,213.0,False,False,False
tract_geometry_like__tbss__sagittal_stratum_right,,,secondary_composite,secondary_composite,mechanistic_composite,secondary,dMRI_composite_tbss,tract_geometry_like,sagittal stratum (right),composite,A,G,genotype_pairwise,AA_vs_AG,AA,AG,30160,0.01832895920172554,0.018419761141780965,0.9950704062144726,0.3197101558265027,-0.017774585338686675,0.05443250374213776,nonrobust,ok,0.3197101558265027,0.4952435678279202,900,214.0,False,False,False
demyelination_like__wm__inferior_longitudinal_fasciculus_left,,,secondary_composite,secondary_composite,mechanistic_composite,secondary,dMRI_composite_wm,demyelination_like,inferior longitudinal fasciculus (left),composite,A,G,genotype_pairwise,AA_vs_GG,AA,GG,30160,-0.023014382166236986,0.023134966214550072,-0.994787800976461,0.31984761140552187,-0.0683599366899251,0.022331172357451124,nonrobust,ok,0.31984761140552187,0.49505688820818117,900,215.0,False,False,False
axonal_loss_like__tbss__superior_longitudinal_fasciculus_right,,,secondary_composite,secondary_composite,mechanistic_composite,secondary,dMRI_composite_tbss,axonal_loss_like,superior longitudinal fasciculus (right),composite,A,G,genotype_pairwise,AA_vs_AG,AA,AG,30160,-0.012662585286926265,0.012746608601742255,-0.9934081827220689,0.32051919497624476,-0.03764650054239344,0.012321329968540913,nonrobust,ok,0.32051919497624476,0.4941459567141477,900,216.0,False,False,False
tract_geometry_like__tbss__cerebral_peduncle_right,,,secondary_composite,secondary_composite,mechanistic_composite,secondary,dMRI_composite_tbss,tract_geometry_like,cerebral peduncle (right),composite,A,G,genotype_pairwise,AA_vs_GG,AA,GG,30160,0.020033177868148427,0.020201257062921064,0.9916797655586918,0.32136186994758703,-0.019562177279490015,0.05962853301578687,nonrobust,ok,0.32136186994758703,0.4930056541866547,900,217.0,False,False,False
axonal_loss_like__tbss__sagittal_stratum_right,,,secondary_composite,secondary_composite,mechanistic_composite,secondary,dMRI_composite_tbss,axonal_loss_like,sagittal stratum (right),composite,A,G,genotype_pairwise,AA_vs_AG,AA,AG,30160,-0.012934486905227187,0.013124665300013579,-0.9855098480274239,0.3243817507223443,-0.03865940996963277,0.012790436159178398,nonrobust,ok,0.3243817507223443,0.4889435865925741,900,218.0,False,False,False
axonal_loss_like__tbss__fornix_cres_stria_terminalis_right,,,secondary_composite,secondary_composite,mechanistic_composite,secondary,dMRI_composite_tbss,axonal_loss_like,fornix cres+stria terminalis (right),composite,A,G,genotype_pairwise,AG_vs_GG,AG,GG,30160,-0.012673579064264636,0.012925677307134262,-0.9804963224069905,0.32684919666337287,-0.03800847688303172,0.012661318754502448,nonrobust,ok,0.32684919666337287,0.4856525781145937,900,219.0,False,False,False
free_water_like__tbss__medial_lemniscus_right,,,secondary_composite,secondary_composite,mechanistic_composite,secondary,dMRI_composite_tbss,free_water_like,medial lemniscus (right),composite,A,G,genotype_pairwise,AA_vs_AG,AA,AG,30160,0.025394476836006853,0.02594400510888241,0.9788186800546299,0.3276775767426747,-0.025456917858824327,0.07624587153083803,nonrobust,ok,0.3276775767426747,0.48455327674431037,900,220.0,False,False,False
axonal_loss_like__wm__corticospinal_tract_right,,,secondary_composite,secondary_composite,mechanistic_composite,secondary,dMRI_composite_wm,axonal_loss_like,corticospinal tract (right),composite,A,G,genotype_pairwise,AA_vs_AG,AA,AG,30160,-0.014059526646215343,0.014471463847225967,-0.9715345174918439,0.3312901106875408,-0.04242423428556594,0.014305180993135254,nonrobust,ok,0.3312901106875408,0.4797915280115902,900,221.0,False,False,False
tract_geometry_like__tbss__tapetum_left,,,secondary_composite,secondary_composite,mechanistic_composite,secondary,dMRI_composite_tbss,tract_geometry_like,tapetum (left),composite,A,G,genotype_pairwise,AA_vs_GG,AA,GG,30160,0.02120579698484242,0.0218753769206538,0.9693911589162518,0.3323579814686701,-0.021670906948179813,0.06408250091786465,nonrobust,ok,0.3323579814686701,0.4783938873240831,900,222.0,False,False,False
axonal_loss_like__tbss__posterior_limb_of_internal_capsule_left,,,secondary_composite,secondary_composite,mechanistic_composite,secondary,dMRI_composite_tbss,axonal_loss_like,posterior limb of internal capsule (left),composite,A,G,genotype_pairwise,AA_vs_AG,AA,AG,30160,-0.013903285412867396,0.014500453994076715,-0.9588172493458993,0.3376586482431312,-0.042324815019126404,0.01451824419339161,nonrobust,ok,0.3376586482431312,0.47152212248408887,900,223.0,False,False,False
axonal_loss_like__wm__cingulate_gyrus_part_of_cingulum_left,,,secondary_composite,secondary_composite,mechanistic_composite,secondary,dMRI_composite_wm,axonal_loss_like,cingulate gyrus part of cingulum (left),composite,A,G,genotype_pairwise,AA_vs_GG,AA,GG,30160,-0.019538081999911742,0.02045161420935543,-0.9553320241574966,0.3394176184065857,-0.05962414820062683,0.020547984200803344,nonrobust,ok,0.3394176184065857,0.46926561818166485,900,224.0,False,False,False
axonal_loss_like__tbss__superior_fronto_occipital_fasciculus_rig,,,secondary_composite,secondary_composite,mechanistic_composite,secondary,dMRI_composite_tbss,axonal_loss_like,superior fronto-occipital fasciculus (right),composite,A,G,genotype_pairwise,AA_vs_GG,AA,GG,30160,0.01239569887831623,0.012982378524102502,0.9548095408944464,0.33968181795242103,-0.013050335827436048,0.03784173358406851,nonrobust,ok,0.33968181795242103,0.46892769885932917,900,225.0,False,False,False
tract_geometry_like__tbss__uncinate_fasciculus_right,,,secondary_composite,secondary_composite,mechanistic_composite,secondary,dMRI_composite_tbss,tract_geometry_like,uncinate fasciculus (right),composite,A,G,genotype_pairwise,AG_vs_GG,AG,GG,30160,-0.01966797688191062,0.020712660918136217,-0.9495630213638626,0.3423420870379462,-0.06026570614953798,0.020929752385716743,nonrobust,ok,0.3423420870379462,0.4655397060483691,900,226.0,False,False,False
tract_geometry_like__wm__cingulate_gyrus_part_of_cingulum_right,,,secondary_composite,secondary_composite,mechanistic_composite,secondary,dMRI_composite_wm,tract_geometry_like,cingulate gyrus part of cingulum (right),composite,A,G,genotype_pairwise,AG_vs_GG,AG,GG,30160,0.01946018500255938,0.02050726003698356,0.9489412514136045,0.3426582387497741,-0.020734949475469215,0.05965531948058798,nonrobust,ok,0.3426582387497741,0.46513882170285464,900,227.0,False,False,False
axonal_loss_like__tbss__superior_cerebellar_peduncle_right,,,secondary_composite,secondary_composite,mechanistic_composite,secondary,dMRI_composite_tbss,axonal_loss_like,superior cerebellar peduncle (right),composite,A,G,genotype_pairwise,AA_vs_AG,AA,AG,30160,-0.01400974584064374,0.01482036069377713,-0.9453039726979278,0.3445114259468225,-0.043058306692992696,0.01503881501170522,nonrobust,ok,0.3445114259468225,0.46279636985688694,900,228.0,False,False,False
free_water_like__tbss__uncinate_fasciculus_right,,,secondary_composite,secondary_composite,mechanistic_composite,secondary,dMRI_composite_tbss,free_water_like,uncinate fasciculus (right),composite,A,G,genotype_pairwise,AA_vs_GG,AA,GG,30160,-0.02368853580065194,0.025099475459089814,-0.9437860898432879,0.34528667239136535,-0.07288461512020256,0.02550754351889867,nonrobust,ok,0.34528667239136535,0.4618201845193329,900,229.0,False,False,False
tract_geometry_like__tbss__anterior_limb_of_internal_capsule_right,,,secondary_composite,secondary_composite,mechanistic_composite,secondary,dMRI_composite_tbss,tract_geometry_like,anterior limb of internal capsule (right),composite,A,G,genotype_pairwise,AA_vs_AG,AA,AG,30160,-0.014811791854512635,0.01573614567918823,-0.9412591975493659,0.34657972730892816,-0.0456553316838275,0.01603174797480223,nonrobust,ok,0.34657972730892816,0.46019684432077135,900,230.0,False,False,False
demyelination_like__tbss__posterior_corona_radiata_right,,,secondary_composite,secondary_composite,mechanistic_composite,secondary,dMRI_composite_tbss,demyelination_like,posterior corona radiata (right),composite,A,G,genotype_pairwise,AA_vs_AG,AA,AG,30160,0.01697900386665262,0.0180845576688006,0.9388675231987965,0.3478064252631139,-0.018467527077128485,0.05242553481043373,nonrobust,ok,0.3478064252631139,0.45866239924377217,900,231.0,False,False,False
axonal_loss_like__tbss__external_capsule_left,,,secondary_composite,secondary_composite,mechanistic_composite,secondary,dMRI_composite_tbss,axonal_loss_like,external capsule (left),composite,A,G,genotype_pairwise,AA_vs_GG,AA,GG,30160,-0.01327069171061355,0.014176275045400836,-0.9361197964989342,0.3492191475991612,-0.04105681627429381,0.014515432853066714,nonrobust,ok,0.3492191475991612,0.45690195205501477,900,232.0,False,False,False
free_water_like__wm__anterior_thalamic_radiation_right,,,secondary_composite,secondary_composite,mechanistic_composite,secondary,dMRI_composite_wm,free_water_like,anterior thalamic radiation (right),composite,A,G,genotype_pairwise,AA_vs_AG,AA,AG,30160,0.017623222524617302,0.018833057373883574,0.9357600401651199,0.3494043829296608,-0.01929040086585422,0.054536845915088825,nonrobust,ok,0.3494043829296608,0.456671651527594,900,233.0,False,False,False
demyelination_like__tbss__body_of_corpus_callosum,,,secondary_composite,secondary_composite,mechanistic_composite,secondary,dMRI_composite_tbss,demyelination_like,body of corpus callosum,composite,A,G,genotype_pairwise,AG_vs_GG,AG,GG,30160,-0.02065349921556743,0.022081112088498635,-0.9353468762257312,0.3496171943054406,-0.06393345315485424,0.022626454723719373,nonrobust,ok,0.3496171943054406,0.4564072167460287,900,234.0,False,False,False
free_water_like__tbss__uncinate_fasciculus_right,,,secondary_composite,secondary_composite,mechanistic_composite,secondary,dMRI_composite_tbss,free_water_like,uncinate fasciculus (right),composite,A,G,genotype_pairwise,AA_vs_AG,AA,AG,30160,-0.019763256006725353,0.021148057959424538,-0.9345187177301992,0.35004400764614974,-0.06121438268553091,0.021687870672080205,nonrobust,ok,0.35004400764614974,0.4558773525742011,900,235.0,False,False,False
tract_geometry_like__wm__forceps_major,,,secondary_composite,secondary_composite,mechanistic_composite,secondary,dMRI_composite_wm,tract_geometry_like,forceps major,composite,A,G,genotype_pairwise,AA_vs_GG,AA,GG,30160,0.01935197664774324,0.02077774654236898,0.9313799553903318,0.35166465095906974,-0.021373323315038148,0.06007727661052463,nonrobust,ok,0.35166465095906974,0.45387128441257285,900,236.0,False,False,False
axonal_loss_like__wm__anterior_thalamic_radiation_left,,,secondary_composite,secondary_composite,mechanistic_composite,secondary,dMRI_composite_wm,axonal_loss_like,anterior thalamic radiation (left),composite,A,G,genotype_pairwise,AA_vs_AG,AA,AG,30160,0.010707757019150657,0.011528833649566559,0.9287805986820903,0.35301037367942945,-0.011889265600323164,0.03330477963862448,nonrobust,ok,0.35301037367942945,0.45221253210357554,900,237.0,False,False,False
tract_geometry_like__tbss__cingulum_cingulate_gyrus_right,,,secondary_composite,secondary_composite,mechanistic_composite,secondary,dMRI_composite_tbss,tract_geometry_like,cingulum cingulate gyrus (right),composite,A,G,genotype_pairwise,AA_vs_AG,AA,AG,30160,0.017457808684320085,0.01884281369012516,0.9264969113115572,0.35419535435430616,-0.01947493751644562,0.05439055488508579,nonrobust,ok,0.35419535435430616,0.4507571393388322,900,238.0,False,False,False
demyelination_like__wm__forceps_major,,,secondary_composite,secondary_composite,mechanistic_composite,secondary,dMRI_composite_wm,demyelination_like,forceps major,composite,A,G,genotype_pairwise,AG_vs_GG,AG,GG,30160,-0.022885012960232716,0.024717528675818303,-0.9258616935527871,0.35452540817803335,-0.07133245973260921,0.025562433812143785,nonrobust,ok,0.35452540817803335,0.4503526342860208,900,239.0,False,False,False
tract_geometry_like__tbss__medial_lemniscus_right,,,secondary_composite,secondary_composite,mechanistic_composite,secondary,dMRI_composite_tbss,tract_geometry_like,medial lemniscus (right),composite,A,G,genotype_pairwise,AA_vs_AG,AA,AG,30160,0.015671527974704832,0.01697717369553059,0.923094047086914,0.3559657198531643,-0.017604481522323853,0.04894753747173351,nonrobust,ok,0.3559657198531643,0.44859182336263564,900,240.0,False,False,False
tract_geometry_like__tbss__superior_cerebellar_peduncle_right,,,secondary_composite,secondary_composite,mechanistic_composite,secondary,dMRI_composite_tbss,tract_geometry_like,superior cerebellar peduncle (right),composite,A,G,genotype_pairwise,AA_vs_GG,AA,GG,30160,0.018872912013487547,0.02046669677182203,0.9221278950822802,0.35646938296392816,-0.02124271667512329,0.058988540702098385,nonrobust,ok,0.35646938296392816,0.44797776561809366,900,241.0,False,False,False
tract_geometry_like__wm__uncinate_fasciculus_left,,,secondary_composite,secondary_composite,mechanistic_composite,secondary,dMRI_composite_wm,tract_geometry_like,uncinate fasciculus (left),composite,A,G,genotype_pairwise,AA_vs_AG,AA,AG,30160,0.01639814920635148,0.01785127772083079,0.9185980669168771,0.35831332752278555,-0.018591142746810514,0.05138744115951347,nonrobust,ok,0.35831332752278555,0.44573703787922075,900,242.0,False,False,False
demyelination_like__tbss__corticospinal_tract_right,,,secondary_composite,secondary_composite,mechanistic_composite,secondary,dMRI_composite_tbss,demyelination_like,corticospinal tract (right),composite,A,G,genotype_pairwise,AG_vs_GG,AG,GG,30160,-0.021488194405290914,0.02342699348983338,-0.9172408066197719,0.3590239400896804,-0.06740613527313694,0.024429746462555114,nonrobust,ok,0.3590239400896804,0.4448765912484392,900,243.0,False,False,False
axonal_loss_like__wm__parahippocampal_part_of_cingulum_right,,,secondary_composite,secondary_composite,mechanistic_composite,secondary,dMRI_composite_wm,axonal_loss_like,parahippocampal part of cingulum (right),composite,A,G,genotype_pairwise,AG_vs_GG,AG,GG,30160,0.011977335465790538,0.013108819737773577,0.9136852672767616,0.3608896887027465,-0.013716529597498946,0.037671200529080025,nonrobust,ok,0.3608896887027465,0.44262552637349994,900,244.0,False,False,False
axonal_loss_like__tbss__external_capsule_left,,,secondary_composite,secondary_composite,mechanistic_composite,secondary,dMRI_composite_tbss,axonal_loss_like,external capsule (left),composite,A,G,genotype_pairwise,AG_vs_GG,AG,GG,30160,-0.01150354649829426,0.012605248019698697,-0.9125997743413882,0.36146050465496005,-0.036210388775953284,0.013203295779364764,nonrobust,ok,0.36146050465496005,0.44193914939981327,900,245.0,False,False,False
axonal_loss_like__tbss__fornix,,,secondary_composite,secondary_composite,mechanistic_composite,secondary,dMRI_composite_tbss,axonal_loss_like,fornix,composite,A,G,genotype_pairwise,AG_vs_GG,AG,GG,30160,0.008358514515501658,0.009165604200603455,0.9119436463284484,0.3618058096490493,-0.009606474115413951,0.026323503146417265,nonrobust,ok,0.3618058096490493,0.44152446379387605,900,246.0,False,False,False
axonal_loss_like__wm__cingulate_gyrus_part_of_cingulum_right,,,secondary_composite,secondary_composite,mechanistic_composite,secondary,dMRI_composite_wm,axonal_loss_like,cingulate gyrus part of cingulum (right),composite,A,G,genotype_pairwise,AG_vs_GG,AG,GG,30160,-0.01652821188049896,0.018130790786390044,-0.9116100933063511,0.3619814301296699,-0.0520653617746174,0.019008938013619484,nonrobust,ok,0.3619814301296699,0.4413137084698036,900,247.0,False,False,False
free_water_like__wm__forceps_major,,,secondary_composite,secondary_composite,mechanistic_composite,secondary,dMRI_composite_wm,free_water_like,forceps major,composite,A,G,genotype_pairwise,AG_vs_GG,AG,GG,30160,-0.025345884042746993,0.027822722768839073,-0.9109778454585294,0.36231446431054537,-0.07987964824242759,0.029187880156933604,nonrobust,ok,0.36231446431054537,0.4409143277240545,900,248.0,False,False,False
axonal_loss_like__tbss__uncinate_fasciculus_left,,,secondary_composite,secondary_composite,mechanistic_composite,secondary,dMRI_composite_tbss,axonal_loss_like,uncinate fasciculus (left),composite,A,G,genotype_pairwise,AA_vs_AG,AA,AG,30160,-0.014755841071687613,0.016210823376281318,-0.9102462428452248,0.36270007270849547,-0.04652977013066888,0.01701808798729365,nonrobust,ok,0.36270007270849547,0.4404523573589227,900,249.0,False,False,False
axonal_loss_like__wm__uncinate_fasciculus_right,,,secondary_composite,secondary_composite,mechanistic_composite,secondary,dMRI_composite_wm,axonal_loss_like,uncinate fasciculus (right),composite,A,G,genotype_pairwise,AA_vs_AG,AA,AG,30160,-0.01229141309981257,0.013531894831503565,-0.9083290442959229,0.3637117958996139,-0.03881452401340643,0.014231697813781289,nonrobust,ok,0.3637117958996139,0.439242613679856,900,250.0,False,False,False
tract_geometry_like__tbss__middle_cerebellar_peduncle,,,secondary_composite,secondary_composite,mechanistic_composite,secondary,dMRI_composite_tbss,tract_geometry_like,middle cerebellar peduncle,composite,A,G,genotype_pairwise,AA_vs_AG,AA,AG,30160,-0.015598464096443965,0.017255001396862597,-0.9039966869710115,0.3660045141656647,-0.04941902814618335,0.01822209995329542,nonrobust,ok,0.3660045141656647,0.4365135581434346,900,251.0,False,False,False
free_water_like__tbss__pontine_crossing_tract,,,secondary_composite,secondary_composite,mechanistic_composite,secondary,dMRI_composite_tbss,free_water_like,pontine crossing tract,composite,A,G,genotype_pairwise,AG_vs_GG,AG,GG,30160,-0.025976711301278307,0.029009224810294266,-0.895463821289708,0.3705464779937808,-0.08283607185214079,0.03088264924958417,nonrobust,ok,0.3705464779937808,0.43115731030204657,900,252.0,False,False,False
free_water_like__tbss__posterior_corona_radiata_left,,,secondary_composite,secondary_composite,mechanistic_composite,secondary,dMRI_composite_tbss,free_water_like,posterior corona radiata (left),composite,A,G,genotype_pairwise,AA_vs_AG,AA,AG,30160,0.016032998321760857,0.017945225670885336,0.8934408859384303,0.3716283784276767,-0.019140435758607178,0.051206432402128896,nonrobust,ok,0.3716283784276767,0.4298911296515783,900,253.0,False,False,False
axonal_loss_like__tbss__cerebral_peduncle_right,,,secondary_composite,secondary_composite,mechanistic_composite,secondary,dMRI_composite_tbss,axonal_loss_like,cerebral peduncle (right),composite,A,G,genotype_pairwise,AA_vs_GG,AA,GG,30160,-0.014338205382498853,0.016115491486650667,-0.889715674782613,0.37362580495531206,-0.045925279731643794,0.01724886896664609,nonrobust,ok,0.37362580495531206,0.4275631362891671,900,254.0,False,False,False
axonal_loss_like__tbss__anterior_limb_of_internal_capsule_left,,,secondary_composite,secondary_composite,mechanistic_composite,secondary,dMRI_composite_tbss,axonal_loss_like,anterior limb of internal capsule (left),composite,A,G,genotype_pairwise,AG_vs_GG,AG,GG,30160,-0.01180799020578643,0.013306832928550592,-0.8873629261889728,0.37489074572440084,-0.037889969859584434,0.014273989448011573,nonrobust,ok,0.37489074572440084,0.4260952801184129,900,255.0,False,False,False
axonal_loss_like__tbss__anterior_corona_radiata_left,,,secondary_composite,secondary_composite,mechanistic_composite,secondary,dMRI_composite_tbss,axonal_loss_like,anterior corona radiata (left),composite,A,G,genotype_pairwise,AA_vs_AG,AA,AG,30160,0.009404727522621947,0.01062332345705441,0.8852905176653305,0.3760071533437962,-0.01141745516730441,0.030226910212548305,nonrobust,ok,0.3760071533437962,0.42480389276333264,900,256.0,False,False,False
tract_geometry_like__wm__posterior_thalamic_radiation_left,,,secondary_composite,secondary_composite,mechanistic_composite,secondary,dMRI_composite_wm,tract_geometry_like,posterior thalamic radiation (left),composite,A,G,genotype_pairwise,AA_vs_GG,AA,GG,30160,-0.01624451442222043,0.018349396162410037,-0.8852887734528508,0.3760080938156356,-0.05221014049847618,0.019721111654035315,nonrobust,ok,0.3760080938156356,0.42480280650415964,900,257.0,False,False,False
free_water_like__wm__uncinate_fasciculus_left,,,secondary_composite,secondary_composite,mechanistic_composite,secondary,dMRI_composite_wm,free_water_like,uncinate fasciculus (left),composite,A,G,genotype_pairwise,AA_vs_GG,AA,GG,30160,-0.02401347121603449,0.027136078096283534,-0.8849278488523842,0.37620273404270654,-0.07720138156189857,0.029174439129829588,nonrobust,ok,0.37620273404270654,0.4245780525513334,900,258.0,False,False,False
tract_geometry_like__tbss__anterior_limb_of_internal_capsule_left,,,secondary_composite,secondary_composite,mechanistic_composite,secondary,dMRI_composite_tbss,tract_geometry_like,anterior limb of internal capsule (left),composite,A,G,genotype_pairwise,AA_vs_AG,AA,AG,30160,-0.013721731989226264,0.015558013362329762,-0.8819719889462467,0.3777991160353924,-0.04421612461808158,0.01677266063962905,nonrobust,ok,0.3777991160353924,0.422739062564001,900,259.0,False,False,False
axonal_loss_like__wm__anterior_thalamic_radiation_right,,,secondary_composite,secondary_composite,mechanistic_composite,secondary,dMRI_composite_wm,axonal_loss_like,anterior thalamic radiation (right),composite,A,G,genotype_pairwise,AG_vs_GG,AG,GG,30160,-0.011112787987434133,0.0126148133605526,-0.8809316214050851,0.3783619827507807,-0.03583837875520141,0.013612802780333146,nonrobust,ok,0.3783619827507807,0.42209250734162346,900,260.0,False,False,False
demyelination_like__tbss__external_capsule_left,,,secondary_composite,secondary_composite,mechanistic_composite,secondary,dMRI_composite_tbss,demyelination_like,external capsule (left),composite,A,G,genotype_pairwise,AG_vs_GG,AG,GG,30160,0.019572635288836807,0.022271176754317876,0.8788325603424667,0.37949920200483933,-0.02407985378134258,0.0632251243590162,nonrobust,ok,0.37949920200483933,0.4207891329839402,900,261.0,False,False,False
tract_geometry_like__wm__corticospinal_tract_right,,,secondary_composite,secondary_composite,mechanistic_composite,secondary,dMRI_composite_wm,tract_geometry_like,corticospinal tract (right),composite,A,G,genotype_pairwise,AA_vs_AG,AA,AG,30160,0.01575651815786505,0.018067536978995078,0.8720899908041275,0.38316635878711547,-0.019656651482923455,0.05116968779865356,nonrobust,ok,0.38316635878711547,0.4166126280759406,900,262.0,False,False,False
free_water_like__wm__corticospinal_tract_left,,,secondary_composite,secondary_composite,mechanistic_composite,secondary,dMRI_composite_wm,free_water_like,corticospinal tract (left),composite,A,G,genotype_pairwise,AA_vs_GG,AA,GG,30160,-0.023355364465937785,0.026814910627595605,-0.8709842367291893,0.3837698228949069,-0.0759137724028697,0.02920304347099413,nonrobust,ok,0.3837698228949069,0.41592917828601556,900,263.0,False,False,False
free_water_like__tbss__posterior_corona_radiata_right,,,secondary_composite,secondary_composite,mechanistic_composite,secondary,dMRI_composite_tbss,free_water_like,posterior corona radiata (right),composite,A,G,genotype_pairwise,AA_vs_AG,AA,AG,30160,0.015276769751094241,0.01755819505206328,0.870064930124982,0.38427197617617015,-0.019138067240115537,0.04969160674230402,nonrobust,ok,0.38427197617617015,0.41536128619873497,900,264.0,False,False,False
free_water_like__wm__inferior_longitudinal_fasciculus_left,,,secondary_composite,secondary_composite,mechanistic_composite,secondary,dMRI_composite_wm,free_water_like,inferior longitudinal fasciculus (left),composite,A,G,genotype_pairwise,AA_vs_AG,AA,AG,30160,-0.018178129942391784,0.020945265166795242,-0.8678873147526331,0.38546305905716927,-0.059231773800176434,0.022875513915392866,nonrobust,ok,0.38546305905716927,0.4140172363324985,900,265.0,False,False,False
tract_geometry_like__wm__parahippocampal_part_of_cingulum_left,,,secondary_composite,secondary_composite,mechanistic_composite,secondary,dMRI_composite_wm,tract_geometry_like,parahippocampal part of cingulum (left),composite,A,G,genotype_pairwise,AG_vs_GG,AG,GG,30160,-0.01747782386453134,0.02017547719475695,-0.8662904820448729,0.3863379052237803,-0.057022649333128624,0.022067001604065946,nonrobust,ok,0.3863379052237803,0.4130326793210935,900,266.0,False,False,False
demyelination_like__wm__uncinate_fasciculus_left,,,secondary_composite,secondary_composite,mechanistic_composite,secondary,dMRI_composite_wm,demyelination_like,uncinate fasciculus (left),composite,A,G,genotype_pairwise,AA_vs_GG,AA,GG,30160,-0.021541796748654286,0.02491606089811328,-0.8645747350170226,0.38727924985205076,-0.07037837543621482,0.02729478193890625,nonrobust,ok,0.38727924985205076,0.4119757715813541,900,267.0,False,False,False
tract_geometry_like__wm__anterior_thalamic_radiation_left,,,secondary_composite,secondary_composite,mechanistic_composite,secondary,dMRI_composite_wm,tract_geometry_like,anterior thalamic radiation (left),composite,A,G,genotype_pairwise,AA_vs_AG,AA,AG,30160,-0.013815112596753172,0.01600246581165727,-0.863311489576145,0.3879732227227757,-0.045180651636079226,0.017550426442572882,nonrobust,ok,0.3879732227227757,0.4111982476662172,900,268.0,False,False,False
free_water_like__wm__medial_lemniscus_left,,,secondary_composite,secondary_composite,mechanistic_composite,secondary,dMRI_composite_wm,free_water_like,medial lemniscus (left),composite,A,G,genotype_pairwise,AA_vs_GG,AA,GG,30160,-0.027110571194099767,0.03144402822468759,-0.8621850546748492,0.3885926764320249,-0.08874225386369508,0.03452111147549555,nonrobust,ok,0.3885926764320249,0.4105053885409983,900,269.0,False,False,False
demyelination_like__tbss__cerebral_peduncle_left,,,secondary_composite,secondary_composite,mechanistic_composite,secondary,dMRI_composite_tbss,demyelination_like,cerebral peduncle (left),composite,A,G,genotype_pairwise,AA_vs_AG,AA,AG,30160,0.01780593880208614,0.020658784930041904,0.8619063929647107,0.38874601210158033,-0.022686191151801496,0.05829806875597378,nonrobust,ok,0.38874601210158033,0.41033405309349547,900,270.0,False,False,False
free_water_like__wm__corticospinal_tract_right,,,secondary_composite,secondary_composite,mechanistic_composite,secondary,dMRI_composite_wm,free_water_like,corticospinal tract (right),composite,A,G,genotype_pairwise,AA_vs_GG,AA,GG,30160,-0.022565216771606857,0.026271665702244186,-0.8589183886303519,0.3903924979164737,-0.07405884068621559,0.028928407143001874,nonrobust,ok,0.3903924979164737,0.40849853666308983,900,271.0,False,False,False
axonal_loss_like__tbss__superior_longitudinal_fasciculus_left,,,secondary_composite,secondary_composite,mechanistic_composite,secondary,dMRI_composite_tbss,axonal_loss_like,superior longitudinal fasciculus (left),composite,A,G,genotype_pairwise,AA_vs_GG,AA,GG,30160,-0.013163804465379195,0.01536079906974969,-0.8569739377232608,0.3914662252906176,-0.043271648379440364,0.016944039448681975,nonrobust,ok,0.3914662252906176,0.40730570181206754,900,272.0,False,False,False
axonal_loss_like__tbss__external_capsule_right,,,secondary_composite,secondary_composite,mechanistic_composite,secondary,dMRI_composite_tbss,axonal_loss_like,external capsule (right),composite,A,G,genotype_pairwise,AA_vs_AG,AA,AG,30160,-0.010148309404166108,0.011844542043896924,-0.8567920453619543,0.39156675800733376,-0.033364134405970185,0.013067515597637969,nonrobust,ok,0.39156675800733376,0.4071941846594271,900,273.0,False,False,False
tract_geometry_like__tbss__inferior_cerebellar_peduncle_right,,,secondary_composite,secondary_composite,mechanistic_composite,secondary,dMRI_composite_tbss,tract_geometry_like,inferior cerebellar peduncle (right),composite,A,G,genotype_pairwise,AA_vs_AG,AA,AG,30160,0.015150165487768204,0.0177641153092227,0.8528522374487518,0.3937481511270796,-0.019668284292929102,0.04996861526846551,nonrobust,ok,0.3937481511270796,0.4047814724587043,900,274.0,False,False,False
free_water_like__tbss__cerebral_peduncle_right,,,secondary_composite,secondary_composite,mechanistic_composite,secondary,dMRI_composite_tbss,free_water_like,cerebral peduncle (right),composite,A,G,genotype_pairwise,AA_vs_AG,AA,AG,30160,0.019123818418979595,0.02245999286666763,0.8514614645029929,0.39451994820828373,-0.02489875856220447,0.06314639540016366,nonrobust,ok,0.39451994820828373,0.4039310325616507,900,275.0,False,False,False
tract_geometry_like__tbss__uncinate_fasciculus_right,,,secondary_composite,secondary_composite,mechanistic_composite,secondary,dMRI_composite_tbss,tract_geometry_like,uncinate fasciculus (right),composite,A,G,genotype_pairwise,AA_vs_AG,AA,AG,30160,0.016679968659869093,0.01962693469758386,0.8498509276602653,0.3954148439628643,-0.02178968931189914,0.055149626631637326,nonrobust,ok,0.3954148439628643,0.40294703120303527,900,276.0,False,False,False
tract_geometry_like__wm__cingulate_gyrus_part_of_cingulum_left,,,secondary_composite,secondary_composite,mechanistic_composite,secondary,dMRI_composite_wm,tract_geometry_like,cingulate gyrus part of cingulum (left),composite,A,G,genotype_pairwise,AA_vs_GG,AA,GG,30160,0.01903806481937773,0.022411624609104754,0.8494727692183229,0.3956251456378024,-0.024889708242916076,0.06296583788167154,nonrobust,ok,0.3956251456378024,0.40271611276575503,900,277.0,False,False,False
free_water_like__tbss__anterior_corona_radiata_left,,,secondary_composite,secondary_composite,mechanistic_composite,secondary,dMRI_composite_tbss,free_water_like,anterior corona radiata (left),composite,A,G,genotype_pairwise,AG_vs_GG,AG,GG,30160,0.015934220356195412,0.018779649365393915,0.8484833793307185,0.39617568529804625,-0.02087472098120935,0.052743161693600174,nonrobust,ok,0.39617568529804625,0.40211218216679356,900,278.0,False,False,False
free_water_like__tbss__medial_lemniscus_right,,,secondary_composite,secondary_composite,mechanistic_composite,secondary,dMRI_composite_tbss,free_water_like,medial lemniscus (right),composite,A,G,genotype_pairwise,AG_vs_GG,AG,GG,30160,-0.023202133033170792,0.02737918013987314,-0.8474371005500203,0.3967583834235593,-0.07686653411043173,0.030462268044090142,nonrobust,ok,0.3967583834235593,0.40147388792251426,900,279.0,False,False,False
free_water_like__wm__superior_thalamic_radiation_left,,,secondary_composite,secondary_composite,mechanistic_composite,secondary,dMRI_composite_wm,free_water_like,superior thalamic radiation (left),composite,A,G,genotype_pairwise,AA_vs_GG,AA,GG,30160,-0.02008717962337002,0.023748628823377672,-0.8458248167825422,0.3976573153915701,-0.06663553993590945,0.026461180689169417,nonrobust,ok,0.3976573153915701,0.40049102376078155,900,280.0,False,False,False
free_water_like__tbss__corticospinal_tract_right,,,secondary_composite,secondary_composite,mechanistic_composite,secondary,dMRI_composite_tbss,free_water_like,corticospinal tract (right),composite,A,G,genotype_pairwise,AA_vs_AG,AA,AG,30160,0.02333112246752891,0.02758808848794233,0.8456955065127483,0.39772946573356494,-0.030742748189240946,0.07740499312429877,nonrobust,ok,0.39772946573356494,0.40041223317430136,900,281.0,False,False,False
free_water_like__tbss__fornix_cres_stria_terminalis_right,,,secondary_composite,secondary_composite,mechanistic_composite,secondary,dMRI_composite_tbss,free_water_like,fornix cres+stria terminalis (right),composite,A,G,genotype_pairwise,AG_vs_GG,AG,GG,30160,0.01855188973429161,0.021948642169385767,0.8452408851135225,0.3979831902734955,-0.02446841731879818,0.0615721967873814,nonrobust,ok,0.3979831902734955,0.4001352709555457,900,282.0,False,False,False
demyelination_like__tbss__posterior_limb_of_internal_capsule_left,,,secondary_composite,secondary_composite,mechanistic_composite,secondary,dMRI_composite_tbss,demyelination_like,posterior limb of internal capsule (left),composite,A,G,genotype_pairwise,AA_vs_AG,AA,AG,30160,-0.016648498806828633,0.019833166246724272,-0.8394271796909063,0.40123641550839206,-0.05552237971410173,0.022225382100444464,nonrobust,ok,0.40123641550839206,0.39659965806274744,900,283.0,False,False,False
tract_geometry_like__wm__inferior_longitudinal_fasciculus_right,,,secondary_composite,secondary_composite,mechanistic_composite,secondary,dMRI_composite_wm,tract_geometry_like,inferior longitudinal fasciculus (right),composite,A,G,genotype_pairwise,AG_vs_GG,AG,GG,30160,0.013813466291151705,0.016511121167576602,0.8366158876162592,0.40281526522366884,-0.018549059688276297,0.046175992270579704,nonrobust,ok,0.40281526522366884,0.3948940796358377,900,284.0,False,False,False
tract_geometry_like__tbss__superior_fronto_occipital_fasciculus_lef,,,secondary_composite,secondary_composite,mechanistic_composite,secondary,dMRI_composite_tbss,tract_geometry_like,superior fronto-occipital fasciculus (left),composite,A,G,genotype_pairwise,AA_vs_AG,AA,AG,30160,-0.013282000975854894,0.015877708567584494,-0.8365187532772249,0.40286988330766116,-0.044403010312355225,0.01783900836064544,nonrobust,ok,0.40286988330766116,0.39483519724841987,900,285.0,False,False,False
free_water_like__wm__uncinate_fasciculus_right,,,secondary_composite,secondary_composite,mechanistic_composite,secondary,dMRI_composite_wm,free_water_like,uncinate fasciculus (right),composite,A,G,genotype_pairwise,AG_vs_GG,AG,GG,30160,-0.019926276745324368,0.023953148276358183,-0.8318855006208788,0.405480286819317,-0.06687550420935547,0.027022950718706733,nonrobust,ok,0.405480286819317,0.39203025497613075,900,286.0,False,False,False
tract_geometry_like__tbss__sagittal_stratum_right,,,secondary_composite,secondary_composite,mechanistic_composite,secondary,dMRI_composite_tbss,tract_geometry_like,sagittal stratum (right),composite,A,G,genotype_pairwise,AA_vs_GG,AA,GG,30160,0.018122434553222065,0.02186140891175276,0.8289691952781411,0.407128522106857,-0.024726891466068386,0.060971760572512516,nonrobust,ok,0.407128522106857,0.3902684712887072,900,287.0,False,False,False
axonal_loss_like__tbss__fornix_cres_stria_terminalis_left,,,secondary_composite,secondary_composite,mechanistic_composite,secondary,dMRI_composite_tbss,axonal_loss_like,fornix cres+stria terminalis (left),composite,A,G,genotype_pairwise,AA_vs_GG,AA,GG,30160,-0.012413000117880595,0.014990799566016734,-0.8280412304371102,0.4076538254952551,-0.04179562867979189,0.016969628444030705,nonrobust,ok,0.4076538254952551,0.38970847782496376,900,288.0,False,False,False
axonal_loss_like__tbss__superior_cerebellar_peduncle_left,,,secondary_composite,secondary_composite,mechanistic_composite,secondary,dMRI_composite_tbss,axonal_loss_like,superior cerebellar peduncle (left),composite,A,G,genotype_pairwise,AG_vs_GG,AG,GG,30160,0.013462112488944099,0.016313024237494186,0.8252370800751038,0.4092436552631109,-0.01851213476724211,0.04543635974513031,nonrobust,ok,0.4092436552631109,0.38801804497791437,900,289.0,False,False,False
demyelination_like__tbss__uncinate_fasciculus_right,,,secondary_composite,secondary_composite,mechanistic_composite,secondary,dMRI_composite_tbss,demyelination_like,uncinate fasciculus (right),composite,A,G,genotype_pairwise,AA_vs_GG,AA,GG,30160,-0.020604543599279598,0.025007137140680775,-0.8239465190823789,0.40997658443063933,-0.06961963574066829,0.02841054854210909,nonrobust,ok,0.40997658443063933,0.38724094704359097,900,290.0,False,False,False
demyelination_like__wm__corticospinal_tract_left,,,secondary_composite,secondary_composite,mechanistic_composite,secondary,dMRI_composite_wm,demyelination_like,corticospinal tract (left),composite,A,G,genotype_pairwise,AA_vs_AG,AA,AG,30160,0.01576324884725775,0.01913724802036939,0.8236946519415745,0.4101197145553861,-0.021746601631591513,0.053273099326107014,nonrobust,ok,0.4101197145553861,0.3870893535683378,900,291.0,False,False,False
axonal_loss_like__tbss__medial_lemniscus_right,,,secondary_composite,secondary_composite,mechanistic_composite,secondary,dMRI_composite_tbss,axonal_loss_like,medial lemniscus (right),composite,A,G,genotype_pairwise,AG_vs_GG,AG,GG,30160,0.011149269615047516,0.013549977794682214,0.8228256742548411,0.41061376193587495,-0.015409284704219078,0.037707823934314114,nonrobust,ok,0.41061376193587495,0.38656649911386093,900,292.0,False,False,False
free_water_like__wm__superior_thalamic_radiation_right,,,secondary_composite,secondary_composite,mechanistic_composite,secondary,dMRI_composite_wm,free_water_like,superior thalamic radiation (right),composite,A,G,genotype_pairwise,AA_vs_AG,AA,AG,30160,-0.015811601121456687,0.01922441701634013,-0.8224749342472825,0.4108132712867514,-0.05349230667841194,0.021869104435498568,nonrobust,ok,0.4108132712867514,0.3863555350029341,900,293.0,False,False,False
tract_geometry_like__tbss__uncinate_fasciculus_left,,,secondary_composite,secondary_composite,mechanistic_composite,secondary,dMRI_composite_tbss,tract_geometry_like,uncinate fasciculus (left),composite,A,G,genotype_pairwise,AG_vs_GG,AG,GG,30160,0.016914258220629613,0.02059246944826204,0.8213807607254768,0.4114360333469178,-0.023447890463048855,0.05727640690430808,nonrobust,ok,0.4114360333469178,0.38569767569807234,900,294.0,False,False,False
tract_geometry_like__tbss__posterior_limb_of_internal_capsule_left,,,secondary_composite,secondary_composite,mechanistic_composite,secondary,dMRI_composite_tbss,tract_geometry_like,posterior limb of internal capsule (left),composite,A,G,genotype_pairwise,AA_vs_GG,AA,GG,30160,0.018071290065970937,0.022036153835090496,0.8200746010945935,0.41218018303068027,-0.025120543713022466,0.06126312384496434,nonrobust,ok,0.41218018303068027,0.38491289224460634,900,295.0,False,False,False
demyelination_like__wm__uncinate_fasciculus_left,,,secondary_composite,secondary_composite,mechanistic_composite,secondary,dMRI_composite_wm,demyelination_like,uncinate fasciculus (left),composite,A,G,genotype_pairwise,AA_vs_AG,AA,AG,30160,-0.01714908163481265,0.02099351840450609,-0.8168750613585447,0.41400640435046054,-0.058297303967502774,0.023999140697877473,nonrobust,ok,0.41400640435046054,0.3829929406362212,900,296.0,False,False,False
tract_geometry_like__wm__anterior_thalamic_radiation_right,,,secondary_composite,secondary_composite,mechanistic_composite,secondary,dMRI_composite_wm,tract_geometry_like,anterior thalamic radiation (right),composite,A,G,genotype_pairwise,AG_vs_GG,AG,GG,30160,0.01348738633892817,0.016574736415374273,0.8137315732163101,0.4158052872775423,-0.01899982833296625,0.0459746010108226,nonrobust,ok,0.4158052872775423,0.3811099925878549,900,297.0,False,False,False
free_water_like__wm__posterior_thalamic_radiation_left,,,secondary_composite,secondary_composite,mechanistic_composite,secondary,dMRI_composite_wm,free_water_like,posterior thalamic radiation (left),composite,A,G,genotype_pairwise,AA_vs_AG,AA,AG,30160,-0.016724449875745697,0.020616669245125247,-0.8112100784514524,0.41725156057503876,-0.05713403122900086,0.023685131477509464,nonrobust,ok,0.41725156057503876,0.37960203032789963,900,298.0,False,False,False
tract_geometry_like__tbss__inferior_cerebellar_peduncle_left,,,secondary_composite,secondary_composite,mechanistic_composite,secondary,dMRI_composite_tbss,tract_geometry_like,inferior cerebellar peduncle (left),composite,A,G,genotype_pairwise,AG_vs_GG,AG,GG,30160,-0.015488407816510341,0.019117391697890375,-0.8101736921684511,0.41784686760049494,-0.05295933902721536,0.02198252339419468,nonrobust,ok,0.41784686760049494,0.3789828491840617,900,299.0,False,False,False
axonal_loss_like__tbss__tapetum_left,,,secondary_composite,secondary_composite,mechanistic_composite,secondary,dMRI_composite_tbss,axonal_loss_like,tapetum (left),composite,A,G,genotype_pairwise,AA_vs_AG,AA,AG,30160,0.009809885944066316,0.012116923010943682,0.8096020693707707,0.4181754254394998,-0.013939817770932755,0.033559589659065386,nonrobust,ok,0.4181754254394998,0.3786414925838849,900,300.0,False,False,False
tract_geometry_like__tbss__superior_longitudinal_fasciculus_left,,,secondary_composite,secondary_composite,mechanistic_composite,secondary,dMRI_composite_tbss,tract_geometry_like,superior longitudinal fasciculus (left),composite,A,G,genotype_pairwise,AA_vs_GG,AA,GG,30160,0.01878085725716685,0.023200564721357085,0.8095000049666156,0.4182341061080904,-0.026693273234149828,0.06425498774848352,nonrobust,ok,0.4182341061080904,0.37858055427640785,900,301.0,False,False,False
axonal_loss_like__tbss__posterior_limb_of_internal_capsule_right,,,secondary_composite,secondary_composite,mechanistic_composite,secondary,dMRI_composite_tbss,axonal_loss_like,posterior limb of internal capsule (right),composite,A,G,genotype_pairwise,AA_vs_GG,AA,GG,30160,-0.013879597668888887,0.01715811547618673,-0.8089231995292253,0.41856582439103307,-0.04751026103937757,0.01975106570159979,nonrobust,ok,0.41856582439103307,0.3782362343927083,900,302.0,False,False,False
free_water_like__tbss__splenium_of_corpus_callosum,,,secondary_composite,secondary_composite,mechanistic_composite,secondary,dMRI_composite_tbss,free_water_like,splenium of corpus callosum,composite,A,G,genotype_pairwise,AA_vs_AG,AA,AG,30160,-0.017266473762563826,0.021443131989994157,-0.8052216332306654,0.4206982619016395,-0.05929595856031507,0.024763011035187413,nonrobust,ok,0.4206982619016395,0.37602928224990706,900,303.0,False,False,False
demyelination_like__tbss__superior_fronto_occipital_fasciculus_lef,,,secondary_composite,secondary_composite,mechanistic_composite,secondary,dMRI_composite_tbss,demyelination_like,superior fronto-occipital fasciculus (left),composite,A,G,genotype_pairwise,AG_vs_GG,AG,GG,30160,-0.01337542206296122,0.01669722395786269,-0.8010566365232683,0.4231052875522845,-0.046102717722433996,0.01935187359651156,nonrobust,ok,0.4231052875522845,0.3735515472510001,900,304.0,False,False,False
axonal_loss_like__tbss__anterior_limb_of_internal_capsule_right,,,secondary_composite,secondary_composite,mechanistic_composite,secondary,dMRI_composite_tbss,axonal_loss_like,anterior limb of internal capsule (right),composite,A,G,genotype_pairwise,AG_vs_GG,AG,GG,30160,-0.010816173004206215,0.013524247005773647,-0.7997615689500993,0.4238553703595529,-0.03732429384193796,0.015691947833525524,nonrobust,ok,0.4238553703595529,0.3727823098459571,900,305.0,False,False,False
demyelination_like__tbss__pontine_crossing_tract,,,secondary_composite,secondary_composite,mechanistic_composite,secondary,dMRI_composite_tbss,demyelination_like,pontine crossing tract,composite,A,G,genotype_pairwise,AG_vs_GG,AG,GG,30160,-0.01817177803276221,0.022766709360111173,-0.7981732337919859,0.42477637036886684,-0.06279553287380463,0.026451976808280216,nonrobust,ok,0.42477637036886684,0.3718396503631237,900,306.0,False,False,False
free_water_like__wm__uncinate_fasciculus_left,,,secondary_composite,secondary_composite,mechanistic_composite,secondary,dMRI_composite_wm,free_water_like,uncinate fasciculus (left),composite,A,G,genotype_pairwise,AA_vs_AG,AA,AG,30160,-0.018205067324738096,0.02286403766911571,-0.7962315137946584,0.4259038685585578,-0.06301958994567414,0.026609455296197945,nonrobust,ok,0.4259038685585578,0.3706884151363844,900,307.0,False,False,False
demyelination_like__tbss__superior_corona_radiata_left,,,secondary_composite,secondary_composite,mechanistic_composite,secondary,dMRI_composite_tbss,demyelination_like,superior corona radiata (left),composite,A,G,genotype_pairwise,AA_vs_AG,AA,AG,30160,-0.014357175398762164,0.01805464076963115,-0.7952069266817916,0.4264995186103042,-0.04974506790020075,0.021030717102676427,nonrobust,ok,0.4264995186103042,0.3700814546840467,900,308.0,False,False,False
tract_geometry_like__tbss__superior_longitudinal_fasciculus_left,,,secondary_composite,secondary_composite,mechanistic_composite,secondary,dMRI_composite_tbss,tract_geometry_like,superior longitudinal fasciculus (left),composite,A,G,genotype_pairwise,AG_vs_GG,AG,GG,30160,-0.016402336139432594,0.020629458131503742,-0.7950929217275073,0.4265658261163875,-0.056836984274251004,0.024032311995385816,nonrobust,ok,0.4265658261163875,0.3700139405499027,900,309.0,False,False,False
axonal_loss_like__tbss__corticospinal_tract_left,,,secondary_composite,secondary_composite,mechanistic_composite,secondary,dMRI_composite_tbss,axonal_loss_like,corticospinal tract (left),composite,A,G,genotype_pairwise,AA_vs_AG,AA,AG,30160,-0.010567212827784195,0.013292942723252201,-0.7949490980127281,0.42664948537000835,-0.03662196706634441,0.015487541410776018,nonrobust,ok,0.42664948537000835,0.3699287738825094,900,310.0,False,False,False
demyelination_like__wm__uncinate_fasciculus_right,,,secondary_composite,secondary_composite,mechanistic_composite,secondary,dMRI_composite_wm,demyelination_like,uncinate fasciculus (right),composite,A,G,genotype_pairwise,AA_vs_GG,AA,GG,30160,-0.019210596808541223,0.024234153080354877,-0.7927075786326555,0.4279545662954837,-0.06671060608668349,0.02828941246960104,nonrobust,ok,0.4279545662954837,0.36860233531983666,900,311.0,False,False,False
tract_geometry_like__tbss__tapetum_right,,,secondary_composite,secondary_composite,mechanistic_composite,secondary,dMRI_composite_tbss,tract_geometry_like,tapetum (right),composite,A,G,genotype_pairwise,AG_vs_GG,AG,GG,30160,-0.015268459348429101,0.019294823809260512,-0.7913241136258024,0.42876122031867636,-0.05308716532594262,0.022550246629084413,nonrobust,ok,0.42876122031867636,0.3677845016810083,900,312.0,False,False,False
free_water_like__tbss__posterior_limb_of_internal_capsule_left,,,secondary_composite,secondary_composite,mechanistic_composite,secondary,dMRI_composite_tbss,free_water_like,posterior limb of internal capsule (left),composite,A,G,genotype_pairwise,AA_vs_GG,AA,GG,30160,-0.018219402571651992,0.02303763002599506,-0.7908540310393776,0.4290355115339911,-0.0633741738711799,0.026935368727875914,nonrobust,ok,0.4290355115339911,0.36750675950531014,900,313.0,False,False,False
demyelination_like__tbss__middle_cerebellar_peduncle,,,secondary_composite,secondary_composite,mechanistic_composite,secondary,dMRI_composite_tbss,demyelination_like,middle cerebellar peduncle,composite,A,G,genotype_pairwise,AA_vs_AG,AA,AG,30160,0.016627570002844833,0.02103327774352742,0.7905363208528753,0.429220951855978,-0.024598582388558044,0.057853722394247714,nonrobust,ok,0.429220951855978,0.36731908667498525,900,314.0,False,False,False
tract_geometry_like__tbss__posterior_thalamic_radiation_right,,,secondary_composite,secondary_composite,mechanistic_composite,secondary,dMRI_composite_tbss,tract_geometry_like,posterior thalamic radiation (right),composite,A,G,genotype_pairwise,AA_vs_GG,AA,GG,30160,-0.014814870375824215,0.018921422313602797,-0.7829681157305843,0.43365209892836676,-0.05190169294691526,0.022271952195266835,nonrobust,ok,0.43365209892836676,0.36285854723099614,900,315.0,False,False,False
tract_geometry_like__tbss__external_capsule_left,,,secondary_composite,secondary_composite,mechanistic_composite,secondary,dMRI_composite_tbss,tract_geometry_like,external capsule (left),composite,A,G,genotype_pairwise,AA_vs_GG,AA,GG,30160,0.016528613320492713,0.0211175746004938,0.782694681239872,0.4338126870111443,-0.024862764629845303,0.05791999127083073,nonrobust,ok,0.4338126870111443,0.3626977510346851,900,316.0,False,False,False
free_water_like__tbss__inferior_cerebellar_peduncle_right,,,secondary_composite,secondary_composite,mechanistic_composite,secondary,dMRI_composite_tbss,free_water_like,inferior cerebellar peduncle (right),composite,A,G,genotype_pairwise,AA_vs_GG,AA,GG,30160,-0.02073693021260626,0.02653663254262016,-0.7814454294191596,0.4345468098193279,-0.07274990082501487,0.03127604039980234,nonrobust,ok,0.4345468098193279,0.36196343405708625,900,317.0,False,False,False
demyelination_like__wm__medial_lemniscus_left,,,secondary_composite,secondary_composite,mechanistic_composite,secondary,dMRI_composite_wm,demyelination_like,medial lemniscus (left),composite,A,G,genotype_pairwise,AA_vs_GG,AA,GG,30160,-0.018416848914777382,0.02358198974940155,-0.7809709490372734,0.4348258261161456,-0.06463858929000267,0.02780489146044791,nonrobust,ok,0.4348258261161456,0.36168466926228904,900,318.0,False,False,False
axonal_loss_like__tbss__posterior_limb_of_internal_capsule_left,,,secondary_composite,secondary_composite,mechanistic_composite,secondary,dMRI_composite_tbss,axonal_loss_like,posterior limb of internal capsule (left),composite,A,G,genotype_pairwise,AA_vs_GG,AA,GG,30160,-0.013399205363933459,0.01720979722432598,-0.7785800837324065,0.43623333780612006,-0.04713116724103737,0.020332756513170458,nonrobust,ok,0.43623333780612006,0.3602811478540911,900,319.0,False,False,False
tract_geometry_like__tbss__cingulum_hippocampus_left,,,secondary_composite,secondary_composite,mechanistic_composite,secondary,dMRI_composite_tbss,tract_geometry_like,cingulum hippocampus (left),composite,A,G,genotype_pairwise,AG_vs_GG,AG,GG,30160,0.015771201022408126,0.020262263831163946,0.7783533544831039,0.43636695038670326,-0.02394373008268003,0.055486132127496285,nonrobust,ok,0.43636695038670326,0.360148149486571,900,320.0,False,False,False
tract_geometry_like__tbss__corticospinal_tract_right,,,secondary_composite,secondary_composite,mechanistic_composite,secondary,dMRI_composite_tbss,tract_geometry_like,corticospinal tract (right),composite,A,G,genotype_pairwise,AG_vs_GG,AG,GG,30160,-0.01547979075966117,0.019894136553881597,-0.7781081987517005,0.4365114483115158,-0.05447317615904758,0.023513594639725244,nonrobust,ok,0.4365114483115158,0.36000436164153005,900,321.0,False,False,False
demyelination_like__wm__parahippocampal_part_of_cingulum_left,,,secondary_composite,secondary_composite,mechanistic_composite,secondary,dMRI_composite_wm,demyelination_like,parahippocampal part of cingulum (left),composite,A,G,genotype_pairwise,AG_vs_GG,AG,GG,30160,0.018638460279500203,0.023978915149893972,0.7772853843883182,0.43699662713444054,-0.028361271393527204,0.06563819195252761,nonrobust,ok,0.43699662713444054,0.3595219150262683,900,322.0,False,False,False
demyelination_like__tbss__superior_corona_radiata_left,,,secondary_composite,secondary_composite,mechanistic_composite,secondary,dMRI_composite_tbss,demyelination_like,superior corona radiata (left),composite,A,G,genotype_pairwise,AA_vs_GG,AA,GG,30160,-0.016644355913188604,0.021428067475013222,-0.7767548768733907,0.4373096095664004,-0.05864431359691227,0.025355601770535068,nonrobust,ok,0.4373096095664004,0.35921097923916473,900,323.0,False,False,False
demyelination_like__tbss__superior_longitudinal_fasciculus_left,,,secondary_composite,secondary_composite,mechanistic_composite,secondary,dMRI_composite_tbss,demyelination_like,superior longitudinal fasciculus (left),composite,A,G,genotype_pairwise,AA_vs_AG,AA,AG,30160,-0.015673158239166336,0.020218815662999334,-0.7751768699216341,0.43824134550035665,-0.05530292901766522,0.02395661253933255,nonrobust,ok,0.43824134550035665,0.35828665170547697,900,324.0,False,False,False
free_water_like__wm__superior_thalamic_radiation_right,,,secondary_composite,secondary_composite,mechanistic_composite,secondary,dMRI_composite_wm,free_water_like,superior thalamic radiation (right),composite,A,G,genotype_pairwise,AG_vs_GG,AG,GG,30160,-0.015685060552907047,0.02028787669310988,-0.773124797147154,0.4394546998071417,-0.05545019399748021,0.024080072891666117,nonrobust,ok,0.4394546998071417,0.3570858865464281,900,325.0,False,False,False
demyelination_like__wm__superior_thalamic_radiation_right,,,secondary_composite,secondary_composite,mechanistic_composite,secondary,dMRI_composite_wm,demyelination_like,superior thalamic radiation (right),composite,A,G,genotype_pairwise,AA_vs_AG,AA,AG,30160,-0.013806469885803712,0.01792616330696832,-0.7701854350750454,0.44119604821591296,-0.04894254089183945,0.02132960112023203,nonrobust,ok,0.44119604821591296,0.355368386181323,900,326.0,False,False,False
axonal_loss_like__tbss__anterior_corona_radiata_left,,,secondary_composite,secondary_composite,mechanistic_composite,secondary,dMRI_composite_tbss,axonal_loss_like,anterior corona radiata (left),composite,A,G,genotype_pairwise,AA_vs_GG,AA,GG,30160,-0.009704211283821089,0.012608242653575833,-0.7696719955709982,0.4415006271417543,-0.034416923176006226,0.015008500608364051,nonrobust,ok,0.4415006271417543,0.3550686751803881,900,327.0,False,False,False
tract_geometry_like__tbss__corticospinal_tract_left,,,secondary_composite,secondary_composite,mechanistic_composite,secondary,dMRI_composite_tbss,tract_geometry_like,corticospinal tract (left),composite,A,G,genotype_pairwise,AA_vs_AG,AA,AG,30160,0.0143607987201326,0.01873952365545685,0.7663374472141832,0.44348165257742567,-0.022369494455399826,0.051091091895665026,nonrobust,ok,0.44348165257742567,0.35312434279777016,900,328.0,False,False,False
free_water_like__wm__cingulate_gyrus_part_of_cingulum_right,,,secondary_composite,secondary_composite,mechanistic_composite,secondary,dMRI_composite_wm,free_water_like,cingulate gyrus part of cingulum (right),composite,A,G,genotype_pairwise,AA_vs_GG,AA,GG,30160,-0.016567665574781707,0.02167185052840223,-0.7644785826235193,0.44458818844818115,-0.05904544879915606,0.025910117649592643,nonrobust,ok,0.44458818844818115,0.35204207955857186,900,329.0,False,False,False
tract_geometry_like__tbss__body_of_corpus_callosum,,,secondary_composite,secondary_composite,mechanistic_composite,secondary,dMRI_composite_tbss,tract_geometry_like,body of corpus callosum,composite,A,G,genotype_pairwise,AA_vs_AG,AA,AG,30160,-0.010893884441043089,0.014263479364956146,-0.7637606619187326,0.44501597011300686,-0.03885093331861362,0.017063164436527438,nonrobust,ok,0.44501597011300686,0.3516244033842306,900,330.0,False,False,False
axonal_loss_like__tbss__posterior_corona_radiata_right,,,secondary_composite,secondary_composite,mechanistic_composite,secondary,dMRI_composite_tbss,axonal_loss_like,posterior corona radiata (right),composite,A,G,genotype_pairwise,AG_vs_GG,AG,GG,30160,-0.008542873146705657,0.011189016347628158,-0.7635052878009756,0.44516819442388134,-0.030473838861222808,0.013388092567811493,nonrobust,ok,0.44516819442388134,0.3514758719196137,900,331.0,False,False,False
tract_geometry_like__tbss__pontine_crossing_tract,,,secondary_composite,secondary_composite,mechanistic_composite,secondary,dMRI_composite_tbss,tract_geometry_like,pontine crossing tract,composite,A,G,genotype_pairwise,AA_vs_GG,AA,GG,30160,0.016666091458860006,0.02190758548562569,0.7607452436871784,0.44681530454571994,-0.026273742682588634,0.05960592560030865,nonrobust,ok,0.44681530454571994,0.34987195962554185,900,332.0,False,False,False
axonal_loss_like__wm__middle_cerebellar_peduncle,,,secondary_composite,secondary_composite,mechanistic_composite,secondary,dMRI_composite_wm,axonal_loss_like,middle cerebellar peduncle,composite,A,G,genotype_pairwise,AG_vs_GG,AG,GG,30160,-0.013086202080243779,0.017263359149553115,-0.7580333564793229,0.44843704814468255,-0.0469231476940109,0.02075074353352335,nonrobust,ok,0.44843704814468255,0.34829851485462204,900,333.0,False,False,False
free_water_like__tbss__fornix_cres_stria_terminalis_left,,,secondary_composite,secondary_composite,mechanistic_composite,secondary,dMRI_composite_tbss,free_water_like,fornix cres+stria terminalis (left),composite,A,G,genotype_pairwise,AA_vs_GG,AA,GG,30160,0.019196647388178507,0.02536184517736073,0.7569105186918501,0.4491094968945051,-0.03051368815525784,0.06890698293161485,nonrobust,ok,0.4491094968945051,0.3476477612248146,900,334.0,False,False,False
demyelination_like__wm__inferior_longitudinal_fasciculus_left,,,secondary_composite,secondary_composite,mechanistic_composite,secondary,dMRI_composite_wm,demyelination_like,inferior longitudinal fasciculus (left),composite,A,G,genotype_pairwise,AA_vs_AG,AA,AG,30160,-0.0147531248474976,0.019492821959251238,-0.7568491046775199,0.4491462932141045,-0.05295991593491489,0.023453666239919693,nonrobust,ok,0.4491462932141045,0.34761218018266316,900,335.0,False,False,False
free_water_like__tbss__fornix,,,secondary_composite,secondary_composite,mechanistic_composite,secondary,dMRI_composite_tbss,free_water_like,fornix,composite,A,G,genotype_pairwise,AA_vs_AG,AA,AG,30160,0.0136547644430962,0.018102404526943276,0.7543066680878061,0.45067109913118975,-0.021826747130069893,0.04913627601626229,nonrobust,ok,0.45067109913118975,0.3461402916966995,900,336.0,False,False,False
free_water_like__tbss__external_capsule_right,,,secondary_composite,secondary_composite,mechanistic_composite,secondary,dMRI_composite_tbss,free_water_like,external capsule (right),composite,A,G,genotype_pairwise,AA_vs_AG,AA,AG,30160,-0.017369061246628674,0.023071976870487506,-0.7528206769679233,0.45156366600565034,-0.0625911538767868,0.02785303138352946,nonrobust,ok,0.45156366600565034,0.34528100981188514,900,337.0,False,False,False
demyelination_like__wm__cingulate_gyrus_part_of_cingulum_right,,,secondary_composite,secondary_composite,mechanistic_composite,secondary,dMRI_composite_wm,demyelination_like,cingulate gyrus part of cingulum (right),composite,A,G,genotype_pairwise,AA_vs_AG,AA,AG,30160,-0.01328700446590753,0.017690007039142613,-0.7511022712714259,0.45259707930891135,-0.04796019876749982,0.021386189835684768,nonrobust,ok,0.45259707930891135,0.3442882529533536,900,338.0,False,False,False
tract_geometry_like__tbss__external_capsule_right,,,secondary_composite,secondary_composite,mechanistic_composite,secondary,dMRI_composite_tbss,tract_geometry_like,external capsule (right),composite,A,G,genotype_pairwise,AA_vs_AG,AA,AG,30160,0.012857365358891102,0.017201556658021,0.7474535947242762,0.45479574119236643,-0.020858444644671126,0.046573175362453326,nonrobust,ok,0.45479574119236643,0.34218361079458126,900,339.0,False,False,False
demyelination_like__wm__superior_thalamic_radiation_left,,,secondary_composite,secondary_composite,mechanistic_composite,secondary,dMRI_composite_wm,demyelination_like,superior thalamic radiation (left),composite,A,G,genotype_pairwise,AA_vs_GG,AA,GG,30160,-0.01662819433548511,0.022286193511277922,-0.7461208809422937,0.4556003211647607,-0.060310116911863984,0.027053728240893762,nonrobust,ok,0.4556003211647607,0.34141597844712035,900,340.0,False,False,False
axonal_loss_like__tbss__posterior_corona_radiata_left,,,secondary_composite,secondary_composite,mechanistic_composite,secondary,dMRI_composite_tbss,axonal_loss_like,posterior corona radiata (left),composite,A,G,genotype_pairwise,AA_vs_AG,AA,AG,30160,0.007808202319152276,0.01046674954220673,0.7460006841346519,0.4556729252024013,-0.01270708858943889,0.02832349322774344,nonrobust,ok,0.4556729252024013,0.3413467752018728,900,341.0,False,False,False
demyelination_like__wm__posterior_thalamic_radiation_left,,,secondary_composite,secondary_composite,mechanistic_composite,secondary,dMRI_composite_wm,demyelination_like,posterior thalamic radiation (left),composite,A,G,genotype_pairwise,AA_vs_GG,AA,GG,30160,-0.016424737144387837,0.02203724845710413,-0.7453170560906849,0.456085989726289,-0.05961871643082404,0.026769242142048365,nonrobust,ok,0.456085989726289,0.34095326842561796,900,342.0,False,False,False
axonal_loss_like__wm__posterior_thalamic_radiation_right,,,secondary_composite,secondary_composite,mechanistic_composite,secondary,dMRI_composite_wm,axonal_loss_like,posterior thalamic radiation (right),composite,A,G,genotype_pairwise,AA_vs_AG,AA,AG,30160,0.009099415151649621,0.012265756631472818,0.741855184726342,0.45818096628235905,-0.014942009026308987,0.03314083932960823,nonrobust,ok,0.45818096628235905,0.33896295619908073,900,343.0,False,False,False
axonal_loss_like__tbss__corticospinal_tract_right,,,secondary_composite,secondary_composite,mechanistic_composite,secondary,dMRI_composite_tbss,axonal_loss_like,corticospinal tract (right),composite,A,G,genotype_pairwise,AG_vs_GG,AG,GG,30160,0.01028672807088266,0.013976012786226729,0.7360273797846095,0.46171986706333756,-0.01710687362899912,0.03768032977076444,nonrobust,ok,0.46171986706333756,0.3356214380536918,900,344.0,False,False,False
axonal_loss_like__wm__posterior_thalamic_radiation_left,,,secondary_composite,secondary_composite,mechanistic_composite,secondary,dMRI_composite_wm,axonal_loss_like,posterior thalamic radiation (left),composite,A,G,genotype_pairwise,AA_vs_GG,AA,GG,30160,0.010411846444901866,0.014180707142765566,0.7342261806889917,0.46281671482559916,-0.017382965225162854,0.03820665811496659,nonrobust,ok,0.46281671482559916,0.3345909647042156,900,345.0,False,False,False
demyelination_like__tbss__splenium_of_corpus_callosum,,,secondary_composite,secondary_composite,mechanistic_composite,secondary,dMRI_composite_tbss,demyelination_like,splenium of corpus callosum,composite,A,G,genotype_pairwise,AA_vs_AG,AA,AG,30160,-0.016160066293802837,0.02209371949541516,-0.7314325818772316,0.4645207594695252,-0.05946473130690034,0.027144598719294664,nonrobust,ok,0.4645207594695252,0.3329948725818521,900,346.0,False,False,False
tract_geometry_like__wm__superior_thalamic_radiation_left,,,secondary_composite,secondary_composite,mechanistic_composite,secondary,dMRI_composite_wm,tract_geometry_like,superior thalamic radiation (left),composite,A,G,genotype_pairwise,AA_vs_AG,AA,AG,30160,0.011873126293761773,0.016329970932703684,0.727075776355714,0.4671852863738464,-0.020134337232744094,0.04388058982026764,nonrobust,ok,0.4671852863738464,0.3305108434369047,900,347.0,False,False,False
free_water_like__tbss__medial_lemniscus_left,,,secondary_composite,secondary_composite,mechanistic_composite,secondary,dMRI_composite_tbss,free_water_like,medial lemniscus (left),composite,A,G,genotype_pairwise,AA_vs_AG,AA,AG,30160,0.018944871184153927,0.02606439346935602,0.7268487258845084,0.46732437744544997,-0.032142490008888094,0.07003223237719595,nonrobust,ok,0.46732437744544997,0.3303815639063354,900,348.0,False,False,False
tract_geometry_like__wm__cingulate_gyrus_part_of_cingulum_left,,,secondary_composite,secondary_composite,mechanistic_composite,secondary,dMRI_composite_wm,tract_geometry_like,cingulate gyrus part of cingulum (left),composite,A,G,genotype_pairwise,AG_vs_GG,AG,GG,30160,0.014480771171901101,0.019927949042848194,0.7266563729546471,0.4674422307729529,-0.024578888197708447,0.05354043054151065,nonrobust,ok,0.4674422307729529,0.33027205411077865,900,349.0,False,False,False
demyelination_like__tbss__inferior_cerebellar_peduncle_right,,,secondary_composite,secondary_composite,mechanistic_composite,secondary,dMRI_composite_tbss,demyelination_like,inferior cerebellar peduncle (right),composite,A,G,genotype_pairwise,AA_vs_GG,AA,GG,30160,-0.017215658779212772,0.02377967060530262,-0.7239654015801994,0.46909269699056777,-0.0638248623539267,0.029393544795501166,nonrobust,ok,0.46909269699056777,0.32874132825809926,900,350.0,False,False,False
free_water_like__wm__uncinate_fasciculus_right,,,secondary_composite,secondary_composite,mechanistic_composite,secondary,dMRI_composite_wm,free_water_like,uncinate fasciculus (right),composite,A,G,genotype_pairwise,AA_vs_GG,AA,GG,30160,-0.019326454754252768,0.026938495588366786,-0.7174288813143215,0.47311516490118066,-0.07212709466701671,0.033474185158511166,nonrobust,ok,0.47311516490118066,0.32503313115805443,900,351.0,False,False,False
tract_geometry_like__wm__superior_thalamic_radiation_left,,,secondary_composite,secondary_composite,mechanistic_composite,secondary,dMRI_composite_wm,tract_geometry_like,superior thalamic radiation (left),composite,A,G,genotype_pairwise,AA_vs_GG,AA,GG,30160,0.0138955599085003,0.01938115100022164,0.7169625740154127,0.47340284633795227,-0.024092351172158896,0.05188347098915949,nonrobust,ok,0.47340284633795227,0.3247691352004508,900,352.0,False,False,False
tract_geometry_like__tbss__uncinate_fasciculus_left,,,secondary_composite,secondary_composite,mechanistic_composite,secondary,dMRI_composite_tbss,tract_geometry_like,uncinate fasciculus (left),composite,A,G,genotype_pairwise,AA_vs_AG,AA,AG,30160,0.013987525065359368,0.01951304348197662,0.7168294929634662,0.47348496638350634,-0.024258901098798132,0.052233951229516865,nonrobust,ok,0.47348496638350634,0.32469380572160855,900,353.0,False,False,False
axonal_loss_like__tbss__tapetum_left,,,secondary_composite,secondary_composite,mechanistic_composite,secondary,dMRI_composite_tbss,axonal_loss_like,tapetum (left),composite,A,G,genotype_pairwise,AG_vs_GG,AG,GG,30160,-0.009149274725187949,0.012787209086079769,-0.7155020820882567,0.47430449770826877,-0.03421276872129997,0.015914219270924075,nonrobust,ok,0.47430449770826877,0.32394275702508224,900,354.0,False,False,False
demyelination_like__tbss__external_capsule_right,,,secondary_composite,secondary_composite,mechanistic_composite,secondary,dMRI_composite_tbss,demyelination_like,external capsule (right),composite,A,G,genotype_pairwise,AG_vs_GG,AG,GG,30160,0.015913054081854398,0.022269823215040695,0.7145568210486272,0.4748885679895113,-0.0277367819916219,0.0595628901553307,nonrobust,ok,0.4748885679895113,0.32340828507966085,900,355.0,False,False,False
axonal_loss_like__tbss__cingulum_cingulate_gyrus_left,,,secondary_composite,secondary_composite,mechanistic_composite,secondary,dMRI_composite_tbss,axonal_loss_like,cingulum cingulate gyrus (left),composite,A,G,genotype_pairwise,AG_vs_GG,AG,GG,30160,-0.012335240183544979,0.01728464134103446,-0.7136532335363305,0.4754472574202666,-0.04621389983161202,0.021543419464522057,nonrobust,ok,0.4754472574202666,0.3228976534516833,900,356.0,False,False,False
demyelination_like__tbss__retrolenticular_part_of_internal_capsule,,,secondary_composite,secondary_composite,mechanistic_composite,secondary,dMRI_composite_tbss,demyelination_like,retrolenticular part of internal capsule (left),composite,A,G,genotype_pairwise,AA_vs_GG,AA,GG,30160,-0.015513500455922861,0.02179871324723471,-0.7116704678837333,0.4766744669658215,-0.05823994020654809,0.027212939294702365,nonrobust,ok,0.4766744669658215,0.3217781104032109,900,357.0,False,False,False
demyelination_like__tbss__retrolenticular_part_of_internal_capsule,,,secondary_composite,secondary_composite,mechanistic_composite,secondary,dMRI_composite_tbss,demyelination_like,retrolenticular part of internal capsule (right),composite,A,G,genotype_pairwise,AA_vs_GG,AA,GG,30160,-0.015513500455922861,0.02179871324723471,-0.7116704678837333,0.4766744669658215,-0.05823994020654809,0.027212939294702365,nonrobust,ok,0.4766744669658215,0.3217781104032109,900,357.0,False,False,False
demyelination_like__tbss__fornix_cres_stria_terminalis_right,,,secondary_composite,secondary_composite,mechanistic_composite,secondary,dMRI_composite_tbss,demyelination_like,fornix cres+stria terminalis (right),composite,A,G,genotype_pairwise,AA_vs_GG,AA,GG,30160,0.014528263336971268,0.020603832285218095,0.7051243252156711,0.48073841733943123,-0.025856157008483406,0.054912683682425946,nonrobust,ok,0.48073841733943123,0.31809117062805525,900,359.0,False,False,False
axonal_loss_like__tbss__cerebral_peduncle_left,,,secondary_composite,secondary_composite,mechanistic_composite,secondary,dMRI_composite_tbss,axonal_loss_like,cerebral peduncle (left),composite,A,G,genotype_pairwise,AG_vs_GG,AG,GG,30160,0.01019044715577948,0.01447037657221268,0.7042281937118412,0.4812962152535869,-0.018172129376573164,0.038553023688132126,nonrobust,ok,0.4812962152535869,0.3175875534503068,900,360.0,False,False,False
axonal_loss_like__tbss__superior_fronto_occipital_fasciculus_rig,,,secondary_composite,secondary_composite,mechanistic_composite,secondary,dMRI_composite_tbss,axonal_loss_like,superior fronto-occipital fasciculus (right),composite,A,G,genotype_pairwise,AG_vs_GG,AG,GG,30160,0.008101741891931184,0.011543660140469208,0.7018347554714026,0.48278773877692305,-0.014524341303874845,0.030727825087737214,nonrobust,ok,0.48278773877692305,0.3162437680882378,900,361.0,False,False,False
free_water_like__tbss__anterior_corona_radiata_left,,,secondary_composite,secondary_composite,mechanistic_composite,secondary,dMRI_composite_tbss,free_water_like,anterior corona radiata (left),composite,A,G,genotype_pairwise,AA_vs_AG,AA,AG,30160,-0.012449924397174423,0.017795248673982304,-0.6996207035520072,0.4841697066116184,-0.047329396946442906,0.022429548152094064,nonrobust,ok,0.4841697066116184,0.3150023868541826,900,362.0,False,False,False
demyelination_like__wm__inferior_fronto_occipital_fasciculus_lef,,,secondary_composite,secondary_composite,mechanistic_composite,secondary,dMRI_composite_wm,demyelination_like,inferior fronto-occipital fasciculus (left),composite,A,G,genotype_pairwise,AA_vs_AG,AA,AG,30160,-0.012882772036827445,0.018431012460820035,-0.6989725639984871,0.48457466815029193,-0.04900836965897828,0.02324282558532339,nonrobust,ok,0.48457466815029193,0.3146392929845194,900,363.0,False,False,False
free_water_like__tbss__external_capsule_left,,,secondary_composite,secondary_composite,mechanistic_composite,secondary,dMRI_composite_tbss,free_water_like,external capsule (left),composite,A,G,genotype_pairwise,AA_vs_GG,AA,GG,30160,0.018770403352623075,0.026896485198582242,0.6978756969186626,0.4852604153872516,-0.033947894342613076,0.07148870104785923,nonrobust,ok,0.4852604153872516,0.3140251343596583,900,364.0,False,False,False
tract_geometry_like__tbss__posterior_limb_of_internal_capsule_right,,,secondary_composite,secondary_composite,mechanistic_composite,secondary,dMRI_composite_tbss,tract_geometry_like,posterior limb of internal capsule (right),composite,A,G,genotype_pairwise,AA_vs_AG,AA,AG,30160,0.012876590120109822,0.01848800843396645,0.6964833538507454,0.4861316467486536,-0.02336072212414043,0.04911390236436007,nonrobust,ok,0.4861316467486536,0.3132461058109974,900,365.0,False,False,False
axonal_loss_like__wm__acoustic_radiation_right,,,secondary_composite,secondary_composite,mechanistic_composite,secondary,dMRI_composite_wm,axonal_loss_like,acoustic radiation (right),composite,A,G,genotype_pairwise,AG_vs_GG,AG,GG,30160,-0.010161138693234279,0.01469443573668562,-0.6914956705595936,0.48925952312377174,-0.038962881073719854,0.0186406036872513,nonrobust,ok,0.48925952312377174,0.3104607123233009,900,366.0,False,False,False
axonal_loss_like__tbss__cerebral_peduncle_left,,,secondary_composite,secondary_composite,mechanistic_composite,secondary,dMRI_composite_tbss,axonal_loss_like,cerebral peduncle (left),composite,A,G,genotype_pairwise,AA_vs_GG,AA,GG,30160,-0.011235201695446296,0.016273859742992575,-0.6903833431576738,0.4899585611864762,-0.04313268481442367,0.020662281423531076,nonrobust,ok,0.4899585611864762,0.30984064937775624,900,367.0,False,False,False
axonal_loss_like__tbss__posterior_limb_of_internal_capsule_right,,,secondary_composite,secondary_composite,mechanistic_composite,secondary,dMRI_composite_tbss,axonal_loss_like,posterior limb of internal capsule (right),composite,A,G,genotype_pairwise,AG_vs_GG,AG,GG,30160,-0.010494976942281407,0.01525663832250011,-0.6878957684147022,0.4915238111371508,-0.040398661196033095,0.019408707311470277,nonrobust,ok,0.4915238111371508,0.30845543857449026,900,368.0,False,False,False
free_water_like__tbss__pontine_crossing_tract,,,secondary_composite,secondary_composite,mechanistic_composite,secondary,dMRI_composite_tbss,free_water_like,pontine crossing tract,composite,A,G,genotype_pairwise,AA_vs_AG,AA,AG,30160,0.018893441382646252,0.027488605313894545,0.6873190242611642,0.4918870973148345,-0.03498543786366993,0.07277232062896244,nonrobust,ok,0.4918870973148345,0.30813456926514926,900,369.0,False,False,False
free_water_like__tbss__cingulum_cingulate_gyrus_right,,,secondary_composite,secondary_composite,mechanistic_composite,secondary,dMRI_composite_tbss,free_water_like,cingulum cingulate gyrus (right),composite,A,G,genotype_pairwise,AA_vs_GG,AA,GG,30160,-0.015214771393177298,0.022163431021907078,-0.6864808692362888,0.4924153006990659,-0.05865607407395726,0.028226531287602663,nonrobust,ok,0.4924153006990659,0.30766846080584487,900,370.0,False,False,False
free_water_like__tbss__superior_corona_radiata_left,,,secondary_composite,secondary_composite,mechanistic_composite,secondary,dMRI_composite_tbss,free_water_like,superior corona radiata (left),composite,A,G,genotype_pairwise,AA_vs_AG,AA,AG,30160,-0.011646020023739958,0.017044917065769976,-0.6832547192105606,0.4944512484673611,-0.045054809515358674,0.021762769467878754,nonrobust,ok,0.4944512484673611,0.30587652219693584,900,371.0,False,False,False
tract_geometry_like__wm__inferior_fronto_occipital_fasciculus_lef,,,secondary_composite,secondary_composite,mechanistic_composite,secondary,dMRI_composite_wm,tract_geometry_like,inferior fronto-occipital fasciculus (left),composite,A,G,genotype_pairwise,AG_vs_GG,AG,GG,30160,0.011903517393123633,0.01745300759625377,0.6820324421149443,0.49522377308314425,-0.022305147543699555,0.04611218232994682,nonrobust,ok,0.49522377308314425,0.30519851529849873,900,372.0,False,False,False
axonal_loss_like__wm__cingulate_gyrus_part_of_cingulum_left,,,secondary_composite,secondary_composite,mechanistic_composite,secondary,dMRI_composite_wm,axonal_loss_like,cingulate gyrus part of cingulum (left),composite,A,G,genotype_pairwise,AG_vs_GG,AG,GG,30160,-0.01240014910525447,0.018185148685850007,-0.6818832949605254,0.49531808375370434,-0.04804384288065183,0.02324354467014289,nonrobust,ok,0.49531808375370434,0.3051158159079583,900,373.0,False,False,False
axonal_loss_like__tbss__medial_lemniscus_left,,,secondary_composite,secondary_composite,mechanistic_composite,secondary,dMRI_composite_tbss,axonal_loss_like,medial lemniscus (left),composite,A,G,genotype_pairwise,AA_vs_GG,AA,GG,30160,-0.01048671170065867,0.015385426284190552,-0.6816003344304079,0.495497035401015,-0.040642826041606926,0.019669402640289588,nonrobust,ok,0.495497035401015,0.3049589395900719,900,374.0,False,False,False
free_water_like__tbss__genu_of_corpus_callosum,,,secondary_composite,secondary_composite,mechanistic_composite,secondary,dMRI_composite_tbss,free_water_like,genu of corpus callosum,composite,A,G,genotype_pairwise,AA_vs_AG,AA,AG,30160,0.014007597032845542,0.020566070989519777,0.6811022406751219,0.49581212678689235,-0.026302809506965612,0.054318003572656696,nonrobust,ok,0.49581212678689235,0.30468285527649974,900,375.0,False,False,False
axonal_loss_like__tbss__posterior_corona_radiata_right,,,secondary_composite,secondary_composite,mechanistic_composite,secondary,dMRI_composite_tbss,axonal_loss_like,posterior corona radiata (right),composite,A,G,genotype_pairwise,AA_vs_AG,AA,AG,30160,0.007169585114199094,0.010602505108013756,0.676216143369746,0.4989087072207187,-0.01361179269307641,0.027950962921474597,nonrobust,ok,0.4989087072207187,0.30197891645586283,900,376.0,False,False,False
tract_geometry_like__tbss__posterior_thalamic_radiation_right,,,secondary_composite,secondary_composite,mechanistic_composite,secondary,dMRI_composite_tbss,tract_geometry_like,posterior thalamic radiation (right),composite,A,G,genotype_pairwise,AG_vs_GG,AG,GG,30160,-0.01137286625470544,0.016824533975573732,-0.6759691692629848,0.49906550032131747,-0.044349695165966464,0.021603962656555585,nonrobust,ok,0.49906550032131747,0.30184245124777187,900,377.0,False,False,False
demyelination_like__tbss__sagittal_stratum_right,,,secondary_composite,secondary_composite,mechanistic_composite,secondary,dMRI_composite_tbss,demyelination_like,sagittal stratum (right),composite,A,G,genotype_pairwise,AA_vs_AG,AA,AG,30160,-0.013424419901533126,0.019903344852897638,-0.6744805961385293,0.5000110847616872,-0.05243585397327245,0.0255870141702062,nonrobust,ok,0.5000110847616872,0.3010203676690369,900,378.0,False,False,False
axonal_loss_like__wm__forceps_minor,,,secondary_composite,secondary_composite,mechanistic_composite,secondary,dMRI_composite_wm,axonal_loss_like,forceps minor,composite,A,G,genotype_pairwise,AA_vs_GG,AA,GG,30160,-0.010267802860277859,0.01527612109953852,-0.6721472547496394,0.5014952012665181,-0.040209674216628924,0.019674068496073203,nonrobust,ok,0.5014952012665181,0.29973321832340816,900,379.0,False,False,False
tract_geometry_like__tbss__retrolenticular_part_of_internal_capsule,,,secondary_composite,secondary_composite,mechanistic_composite,secondary,dMRI_composite_tbss,tract_geometry_like,retrolenticular part of internal capsule (right),composite,A,G,genotype_pairwise,AA_vs_AG,AA,AG,30160,0.012487699782341148,0.018618860037055308,0.6707016303623365,0.5024158563603119,-0.024006087377296967,0.04898148694197926,nonrobust,ok,0.5024158563603119,0.29893666262054513,900,380.0,False,False,False
tract_geometry_like__tbss__retrolenticular_part_of_internal_capsule,,,secondary_composite,secondary_composite,mechanistic_composite,secondary,dMRI_composite_tbss,tract_geometry_like,retrolenticular part of internal capsule (left),composite,A,G,genotype_pairwise,AA_vs_AG,AA,AG,30160,0.012487699782341148,0.018618860037055308,0.6707016303623365,0.5024158563603119,-0.024006087377296967,0.04898148694197926,nonrobust,ok,0.5024158563603119,0.29893666262054513,900,380.0,False,False,False
free_water_like__tbss__superior_corona_radiata_left,,,secondary_composite,secondary_composite,mechanistic_composite,secondary,dMRI_composite_tbss,free_water_like,superior corona radiata (left),composite,A,G,genotype_pairwise,AA_vs_GG,AA,GG,30160,-0.013544794981322838,0.020229681534604426,-0.6695505788439341,0.5031495495620527,-0.05319586334758333,0.026106273384937654,nonrobust,ok,0.5031495495620527,0.2983029117703404,900,382.0,False,False,False
free_water_like__wm__cingulate_gyrus_part_of_cingulum_right,,,secondary_composite,secondary_composite,mechanistic_composite,secondary,dMRI_composite_wm,free_water_like,cingulate gyrus part of cingulum (right),composite,A,G,genotype_pairwise,AA_vs_AG,AA,AG,30160,-0.012194829117868969,0.018260044988177442,-0.6678422274295913,0.5042395146345365,-0.0479853229503451,0.02359566471460716,nonrobust,ok,0.5042395146345365,0.2973631239207643,900,383.0,False,False,False
axonal_loss_like__tbss__sagittal_stratum_left,,,secondary_composite,secondary_composite,mechanistic_composite,secondary,dMRI_composite_tbss,axonal_loss_like,sagittal stratum (left),composite,A,G,genotype_pairwise,AA_vs_AG,AA,AG,30160,-0.009129592080437038,0.013766633685555993,-0.6631680837135837,0.5072280735381979,-0.03611280150494067,0.017853617344066597,nonrobust,ok,0.5072280735381979,0.2947967175764018,900,384.0,False,False,False
tract_geometry_like__tbss__external_capsule_left,,,secondary_composite,secondary_composite,mechanistic_composite,secondary,dMRI_composite_tbss,tract_geometry_like,external capsule (left),composite,A,G,genotype_pairwise,AA_vs_AG,AA,AG,30160,0.011771658678421604,0.017793028875907405,0.6615882411319515,0.5082402947692817,-0.02310346296867986,0.046646780325523066,nonrobust,ok,0.5082402947692817,0.29393090579054343,900,385.0,False,False,False
free_water_like__wm__acoustic_radiation_left,,,secondary_composite,secondary_composite,mechanistic_composite,secondary,dMRI_composite_wm,free_water_like,acoustic radiation (left),composite,A,G,genotype_pairwise,AG_vs_GG,AG,GG,30160,0.017531729679995264,0.026533135104810233,0.6607485173064569,0.5087787453188315,-0.03447438579999462,0.06953784515998515,nonrobust,ok,0.5087787453188315,0.2934710400160019,900,386.0,False,False,False
tract_geometry_like__tbss__medial_lemniscus_right,,,secondary_composite,secondary_composite,mechanistic_composite,secondary,dMRI_composite_tbss,tract_geometry_like,medial lemniscus (right),composite,A,G,genotype_pairwise,AG_vs_GG,AG,GG,30160,-0.011821031765085152,0.017916319971611003,-0.6597912843606256,0.5093929099532002,-0.04693780939952048,0.023295745869350182,nonrobust,ok,0.5093929099532002,0.2929471041105866,900,387.0,False,False,False
demyelination_like__wm__medial_lemniscus_right,,,secondary_composite,secondary_composite,mechanistic_composite,secondary,dMRI_composite_wm,demyelination_like,medial lemniscus (right),composite,A,G,genotype_pairwise,AG_vs_GG,AG,GG,30160,0.01329499437982621,0.020180377115562965,0.6588080244334583,0.5100241775929102,-0.026259435149741397,0.05284942390939382,nonrobust,ok,0.5100241775929102,0.292409235772058,900,388.0,False,False,False
demyelination_like__wm__medial_lemniscus_right,,,secondary_composite,secondary_composite,mechanistic_composite,secondary,dMRI_composite_wm,demyelination_like,medial lemniscus (right),composite,A,G,genotype_pairwise,AA_vs_AG,AA,AG,30160,-0.01259648359720113,0.019122552403344723,-0.6587239679885976,0.5100781620773531,-0.05007753001829334,0.024884562823891086,nonrobust,ok,0.5100781620773531,0.29236326947473257,900,389.0,False,False,False
demyelination_like__tbss__superior_fronto_occipital_fasciculus_lef,,,secondary_composite,secondary_composite,mechanistic_composite,secondary,dMRI_composite_tbss,demyelination_like,superior fronto-occipital fasciculus (left),composite,A,G,genotype_pairwise,AA_vs_AG,AA,AG,30160,0.01039548100426936,0.01582198084288402,0.6570277835309577,0.5111681595357772,-0.02061629953304227,0.04140726154158099,nonrobust,ok,0.5111681595357772,0.29143620604014703,900,390.0,False,False,False
axonal_loss_like__wm__acoustic_radiation_left,,,secondary_composite,secondary_composite,mechanistic_composite,secondary,dMRI_composite_wm,axonal_loss_like,acoustic radiation (left),composite,A,G,genotype_pairwise,AG_vs_GG,AG,GG,30160,-0.009908541061463839,0.01514302055091385,-0.654330556321267,0.512903946736563,-0.0395895294699506,0.019772447347022923,nonrobust,ok,0.512903946736563,0.28996395907556805,900,391.0,False,False,False
tract_geometry_like__tbss__superior_fronto_occipital_fasciculus_rig,,,secondary_composite,secondary_composite,mechanistic_composite,secondary,dMRI_composite_tbss,tract_geometry_like,superior fronto-occipital fasciculus (right),composite,A,G,genotype_pairwise,AA_vs_AG,AA,AG,30160,0.011036680061736056,0.016913184239112852,0.6525489172058451,0.5140521938174396,-0.022113907277420325,0.04418726740089243,nonrobust,ok,0.5140521938174396,0.2889927830745622,900,392.0,False,False,False
axonal_loss_like__tbss__anterior_corona_radiata_right,,,secondary_composite,secondary_composite,mechanistic_composite,secondary,dMRI_composite_tbss,axonal_loss_like,anterior corona radiata (right),composite,A,G,genotype_pairwise,AA_vs_AG,AA,AG,30160,0.007276534900591868,0.011157950798094497,0.652139002247126,0.514316568656221,-0.014593540966189042,0.02914661076737278,nonrobust,ok,0.514316568656221,0.2887694847007569,900,393.0,False,False,False
demyelination_like__wm__cingulate_gyrus_part_of_cingulum_right,,,secondary_composite,secondary_composite,mechanistic_composite,secondary,dMRI_composite_wm,demyelination_like,cingulate gyrus part of cingulum (right),composite,A,G,genotype_pairwise,AG_vs_GG,AG,GG,30160,-0.012168931937253966,0.01866858595531526,-0.6518400465027865,0.5145094248742719,-0.04876018409065028,0.02442232021614234,nonrobust,ok,0.5145094248742719,0.28860666534586515,900,394.0,False,False,False
free_water_like__wm__inferior_fronto_occipital_fasciculus_lef,,,secondary_composite,secondary_composite,mechanistic_composite,secondary,dMRI_composite_wm,free_water_like,inferior fronto-occipital fasciculus (left),composite,A,G,genotype_pairwise,AA_vs_AG,AA,AG,30160,-0.012904802370034309,0.01985357497573136,-0.6499989239121368,0.5156979603805241,-0.05181868528661952,0.026009080546550906,nonrobust,ok,0.5156979603805241,0.2876045862532333,900,395.0,False,False,False
tract_geometry_like__tbss__anterior_limb_of_internal_capsule_right,,,secondary_composite,secondary_composite,mechanistic_composite,secondary,dMRI_composite_tbss,tract_geometry_like,anterior limb of internal capsule (right),composite,A,G,genotype_pairwise,AA_vs_GG,AA,GG,30160,-0.01212418256901992,0.018676372225442623,-0.649172249442709,0.5162320826784301,-0.04873069615540568,0.02448233101736584,nonrobust,ok,0.5162320826784301,0.2871550085150575,900,396.0,False,False,False
demyelination_like__wm__anterior_thalamic_radiation_right,,,secondary_composite,secondary_composite,mechanistic_composite,secondary,dMRI_composite_wm,demyelination_like,anterior thalamic radiation (right),composite,A,G,genotype_pairwise,AA_vs_GG,AA,GG,30160,0.013264720776611044,0.020460736637790154,0.6483012323276592,0.5167951653840324,-0.026839225786328868,0.05336866733955095,nonrobust,ok,0.5167951653840324,0.28668155781649,900,397.0,False,False,False
axonal_loss_like__wm__parahippocampal_part_of_cingulum_left,,,secondary_composite,secondary_composite,mechanistic_composite,secondary,dMRI_composite_wm,axonal_loss_like,parahippocampal part of cingulum (left),composite,A,G,genotype_pairwise,AA_vs_GG,AA,GG,30160,0.009518698101252967,0.014702997827040145,0.6473984566431221,0.517379114578021,-0.01929982635409744,0.03833722255660338,nonrobust,ok,0.517379114578021,0.28619110674933906,900,398.0,False,False,False
demyelination_like__tbss__posterior_limb_of_internal_capsule_right,,,secondary_composite,secondary_composite,mechanistic_composite,secondary,dMRI_composite_tbss,demyelination_like,posterior limb of internal capsule (right),composite,A,G,genotype_pairwise,AA_vs_GG,AA,GG,30160,-0.015047132995964163,0.023357365491759045,-0.6442136208072395,0.5194419107058541,-0.060828599915511566,0.03073433392358324,nonrobust,ok,0.5194419107058541,0.28446301263129076,900,399.0,False,False,False
demyelination_like__tbss__pontine_crossing_tract,,,secondary_composite,secondary_composite,mechanistic_composite,secondary,dMRI_composite_tbss,demyelination_like,pontine crossing tract,composite,A,G,genotype_pairwise,AA_vs_AG,AA,AG,30160,0.01388918980182148,0.021573313040552645,0.6438134826910054,0.5197013772310622,-0.028395455598772497,0.05617383520241546,nonrobust,ok,0.5197013772310622,0.28424613227650913,900,400.0,False,False,False
axonal_loss_like__tbss__superior_corona_radiata_left,,,secondary_composite,secondary_composite,mechanistic_composite,secondary,dMRI_composite_tbss,axonal_loss_like,superior corona radiata (left),composite,A,G,genotype_pairwise,AA_vs_GG,AA,GG,30160,-0.00883364503898581,0.013733230759135283,-0.6432313848006748,0.5200789535497211,-0.03575138325392665,0.01808409317595503,nonrobust,ok,0.5200789535497211,0.2839307208111366,900,401.0,False,False,False
axonal_loss_like__tbss__uncinate_fasciculus_right,,,secondary_composite,secondary_composite,mechanistic_composite,secondary,dMRI_composite_tbss,axonal_loss_like,uncinate fasciculus (right),composite,A,G,genotype_pairwise,AA_vs_AG,AA,AG,30160,-0.010575191610501473,0.016485076831285694,-0.6415008991909381,0.5212022633836662,-0.04288666954169114,0.021736286320688192,nonrobust,ok,0.5212022633836662,0.2829937069792106,900,402.0,False,False,False
free_water_like__tbss__superior_fronto_occipital_fasciculus_lef,,,secondary_composite,secondary_composite,mechanistic_composite,secondary,dMRI_composite_tbss,free_water_like,superior fronto-occipital fasciculus (left),composite,A,G,genotype_pairwise,AA_vs_AG,AA,AG,30160,0.011000199864749509,0.017230936603040235,0.6383982553106619,0.5232194047564236,-0.022773196127329733,0.04477359585682875,nonrobust,ok,0.5232194047564236,0.2813161576074102,900,403.0,False,False,False
axonal_loss_like__tbss__superior_corona_radiata_left,,,secondary_composite,secondary_composite,mechanistic_composite,secondary,dMRI_composite_tbss,axonal_loss_like,superior corona radiata (left),composite,A,G,genotype_pairwise,AA_vs_AG,AA,AG,30160,-0.00736291806870129,0.011571204367905017,-0.6363138904644855,0.524576772612612,-0.030042989165566705,0.015317153028164124,nonrobust,ok,0.524576772612612,0.2801909431575939,900,404.0,False,False,False
free_water_like__tbss__inferior_cerebellar_peduncle_left,,,secondary_composite,secondary_composite,mechanistic_composite,secondary,dMRI_composite_tbss,free_water_like,inferior cerebellar peduncle (left),composite,A,G,genotype_pairwise,AG_vs_GG,AG,GG,30160,-0.015554927940390269,0.02462088483885053,-0.6317777789953904,0.5275369741265201,-0.06381294852826495,0.032703092647484416,nonrobust,ok,0.5275369741265201,0.27774709603712966,900,405.0,False,False,False
demyelination_like__tbss__posterior_thalamic_radiation_right,,,secondary_composite,secondary_composite,mechanistic_composite,secondary,dMRI_composite_tbss,demyelination_like,posterior thalamic radiation (right),composite,A,G,genotype_pairwise,AG_vs_GG,AG,GG,30160,-0.012586681582935674,0.019950153375542866,-0.6309065071332153,0.5281065274422542,-0.05168986242430926,0.02651649925843791,nonrobust,ok,0.5281065274422542,0.27727846456105554,900,406.0,False,False,False
free_water_like__tbss__posterior_thalamic_radiation_left,,,secondary_composite,secondary_composite,mechanistic_composite,secondary,dMRI_composite_tbss,free_water_like,posterior thalamic radiation (left),composite,A,G,genotype_pairwise,AA_vs_GG,AA,GG,30160,-0.014002367530842101,0.022249687584734286,-0.6293287255165441,0.529138725412736,-0.05761273688050906,0.029608001818824857,nonrobust,ok,0.529138725412736,0.2764304531388595,900,407.0,False,False,False
axonal_loss_like__tbss__posterior_corona_radiata_left,,,secondary_composite,secondary_composite,mechanistic_composite,secondary,dMRI_composite_tbss,axonal_loss_like,posterior corona radiata (left),composite,A,G,genotype_pairwise,AA_vs_GG,AA,GG,30160,0.007809015909710598,0.012422413621860811,0.628623079815052,0.5296006967087115,-0.016539462881307615,0.03215749470072881,nonrobust,ok,0.5296006967087115,0.2760514522380131,900,408.0,False,False,False
free_water_like__tbss__splenium_of_corpus_callosum,,,secondary_composite,secondary_composite,mechanistic_composite,secondary,dMRI_composite_tbss,free_water_like,splenium of corpus callosum,composite,A,G,genotype_pairwise,AG_vs_GG,AG,GG,30160,-0.014122866863392088,0.02262932693133503,-0.6240957544272352,0.5325695109879556,-0.05847734608255151,0.030231612355767334,nonrobust,ok,0.5325695109879556,0.2736237000613746,900,409.0,False,False,False
axonal_loss_like__tbss__superior_fronto_occipital_fasciculus_lef,,,secondary_composite,secondary_composite,mechanistic_composite,secondary,dMRI_composite_tbss,axonal_loss_like,superior fronto-occipital fasciculus (left),composite,A,G,genotype_pairwise,AA_vs_GG,AA,GG,30160,0.007260047088793764,0.011783369703646277,0.6161265640801541,0.5378157282910624,-0.015835877427120136,0.03035597160470767,nonrobust,ok,0.5378157282910624,0.2693665010897794,900,410.0,False,False,False
tract_geometry_like__wm__parahippocampal_part_of_cingulum_left,,,secondary_composite,secondary_composite,mechanistic_composite,secondary,dMRI_composite_wm,tract_geometry_like,parahippocampal part of cingulum (left),composite,A,G,genotype_pairwise,AA_vs_GG,AA,GG,30160,-0.013942080173317672,0.022690002881190687,-0.6144591627564414,0.5389166729738648,-0.05841548693129173,0.030531326584656387,nonrobust,ok,0.5389166729738648,0.26847838001775315,900,411.0,False,False,False
tract_geometry_like__wm__corticospinal_tract_left,,,secondary_composite,secondary_composite,mechanistic_composite,secondary,dMRI_composite_wm,tract_geometry_like,corticospinal tract (left),composite,A,G,genotype_pairwise,AG_vs_GG,AG,GG,30160,0.01183407680105437,0.01934966096715313,0.6115909121686016,0.5408131486918994,-0.026092112425411547,0.04976026602752028,nonrobust,ok,0.5408131486918994,0.26695275801516755,900,412.0,False,False,False
demyelination_like__tbss__genu_of_corpus_callosum,,,secondary_composite,secondary_composite,mechanistic_composite,secondary,dMRI_composite_tbss,demyelination_like,genu of corpus callosum,composite,A,G,genotype_pairwise,AA_vs_AG,AA,AG,30160,0.012729769572606995,0.020815059177478445,0.6115653798563493,0.540830045520535,-0.028068664801268305,0.05352820394648229,nonrobust,ok,0.540830045520535,0.26693918940126976,900,413.0,False,False,False
tract_geometry_like__tbss__superior_cerebellar_peduncle_right,,,secondary_composite,secondary_composite,mechanistic_composite,secondary,dMRI_composite_tbss,tract_geometry_like,superior cerebellar peduncle (right),composite,A,G,genotype_pairwise,AA_vs_AG,AA,AG,30160,0.010526432021380441,0.01724461892735328,0.6104183609812042,0.5415893942114804,-0.023273781930033356,0.04432664597279424,nonrobust,ok,0.5415893942114804,0.2663298489029145,900,414.0,False,False,False
free_water_like__tbss__fornix_cres_stria_terminalis_right,,,secondary_composite,secondary_composite,mechanistic_composite,secondary,dMRI_composite_tbss,free_water_like,fornix cres+stria terminalis (right),composite,A,G,genotype_pairwise,AA_vs_AG,AA,AG,30160,0.012693558033317266,0.02079812768923236,0.6103221512525379,0.5416531110991214,-0.028071689876557615,0.05345880594319215,nonrobust,ok,0.5416531110991214,0.2662787580481839,900,415.0,False,False,False
demyelination_like__tbss__corticospinal_tract_right,,,secondary_composite,secondary_composite,mechanistic_composite,secondary,dMRI_composite_tbss,demyelination_like,corticospinal tract (right),composite,A,G,genotype_pairwise,AA_vs_AG,AA,AG,30160,0.013527708393019075,0.022198986079237953,0.6093840657736677,0.5422745736995355,-0.029983283768862272,0.05703870055490042,nonrobust,ok,0.5422745736995355,0.26578075839114396,900,416.0,False,False,False
tract_geometry_like__wm__posterior_thalamic_radiation_left,,,secondary_composite,secondary_composite,mechanistic_composite,secondary,dMRI_composite_wm,tract_geometry_like,posterior thalamic radiation (left),composite,A,G,genotype_pairwise,AG_vs_GG,AG,GG,30160,0.009933702950048275,0.0163159002557534,0.6088357243141028,0.5426380033894607,-0.022046181428819454,0.04191358732891601,nonrobust,ok,0.5426380033894607,0.2654897939058365,900,417.0,False,False,False
demyelination_like__tbss__posterior_limb_of_internal_capsule_right,,,secondary_composite,secondary_composite,mechanistic_composite,secondary,dMRI_composite_tbss,demyelination_like,posterior limb of internal capsule (right),composite,A,G,genotype_pairwise,AA_vs_AG,AA,AG,30160,-0.01196071116560429,0.019680208855531817,-0.6077532638705869,0.5433557925661692,-0.05053478883747191,0.026613366506263326,nonrobust,ok,0.5433557925661692,0.2649156986850914,900,418.0,False,False,False
demyelination_like__tbss__superior_cerebellar_peduncle_left,,,secondary_composite,secondary_composite,mechanistic_composite,secondary,dMRI_composite_tbss,demyelination_like,superior cerebellar peduncle (left),composite,A,G,genotype_pairwise,AG_vs_GG,AG,GG,30160,-0.013603639306843357,0.022420412668920402,-0.6067524049501988,0.5440198913602536,-0.05754863735411584,0.030341358740429127,nonrobust,ok,0.5440198913602536,0.26438522061420544,900,419.0,False,False,False
demyelination_like__tbss__body_of_corpus_callosum,,,secondary_composite,secondary_composite,mechanistic_composite,secondary,dMRI_composite_tbss,demyelination_like,body of corpus callosum,composite,A,G,genotype_pairwise,AA_vs_GG,AA,GG,30160,-0.01505141766709003,0.024833142337675657,-0.6061020173131588,0.5444516586193304,-0.06372547231772394,0.03362263698354387,nonrobust,ok,0.5444516586193304,0.26404067481891635,900,420.0,False,False,False
axonal_loss_like__tbss__anterior_limb_of_internal_capsule_left,,,secondary_composite,secondary_composite,mechanistic_composite,secondary,dMRI_composite_tbss,axonal_loss_like,anterior limb of internal capsule (left),composite,A,G,genotype_pairwise,AA_vs_AG,AA,AG,30160,0.007641027072950905,0.012609308960957107,0.6059830159297576,0.5445306774739731,-0.017073774828748327,0.032355828974650135,nonrobust,ok,0.5445306774739731,0.2639776481719994,900,421.0,False,False,False
tract_geometry_like__tbss__body_of_corpus_callosum,,,secondary_composite,secondary_composite,mechanistic_composite,secondary,dMRI_composite_tbss,tract_geometry_like,body of corpus callosum,composite,A,G,genotype_pairwise,AA_vs_GG,AA,GG,30160,0.010240927138233998,0.016928544974145344,0.6049502277883171,0.5452167048681795,-0.0229397679193206,0.043421622195788594,nonrobust,ok,0.5452167048681795,0.26343084630594454,900,422.0,False,False,False
free_water_like__wm__parahippocampal_part_of_cingulum_left,,,secondary_composite,secondary_composite,mechanistic_composite,secondary,dMRI_composite_wm,free_water_like,parahippocampal part of cingulum (left),composite,A,G,genotype_pairwise,AG_vs_GG,AG,GG,30160,0.01731809540900492,0.028728917544209195,0.6028105786566844,0.546639326135727,-0.03899185053282941,0.07362804135083925,nonrobust,ok,0.546639326135727,0.2622991276573064,900,423.0,False,False,False
demyelination_like__wm__anterior_thalamic_radiation_right,,,secondary_composite,secondary_composite,mechanistic_composite,secondary,dMRI_composite_wm,demyelination_like,anterior thalamic radiation (right),composite,A,G,genotype_pairwise,AG_vs_GG,AG,GG,30160,-0.010963135991232126,0.018193260158898703,-0.6025932623114736,0.5467839193645956,-0.0466227286116931,0.02469645662922885,nonrobust,ok,0.5467839193645956,0.2621842662949882,900,424.0,False,False,False
tract_geometry_like__wm__acoustic_radiation_left,,,secondary_composite,secondary_composite,mechanistic_composite,secondary,dMRI_composite_wm,tract_geometry_like,acoustic radiation (left),composite,A,G,genotype_pairwise,AA_vs_GG,AA,GG,30160,0.013116703228723398,0.021772603189095935,0.6024407423772116,0.5468854110744088,-0.029558559655941948,0.05579196611338874,nonrobust,ok,0.5468854110744088,0.26210366187749096,900,425.0,False,False,False
axonal_loss_like__tbss__posterior_thalamic_radiation_right,,,secondary_composite,secondary_composite,mechanistic_composite,secondary,dMRI_composite_tbss,axonal_loss_like,posterior thalamic radiation (right),composite,A,G,genotype_pairwise,AG_vs_GG,AG,GG,30160,0.007453811991247654,0.012531512903220755,0.5948054356096087,0.5519780797539529,-0.017108506204830554,0.03201613018732586,nonrobust,ok,0.5519780797539529,0.25807816870363537,900,426.0,False,False,False
free_water_like__wm__parahippocampal_part_of_cingulum_left,,,secondary_composite,secondary_composite,mechanistic_composite,secondary,dMRI_composite_wm,free_water_like,parahippocampal part of cingulum (left),composite,A,G,genotype_pairwise,AA_vs_AG,AA,AG,30160,-0.016178150401190045,0.027222991328880543,-0.5942826122868738,0.5523276475678245,-0.069536414517663,0.03718011371528292,nonrobust,ok,0.5523276475678245,0.2578032169870406,900,427.0,False,False,False
tract_geometry_like__tbss__superior_fronto_occipital_fasciculus_rig,,,secondary_composite,secondary_composite,mechanistic_composite,secondary,dMRI_composite_tbss,tract_geometry_like,superior fronto-occipital fasciculus (right),composite,A,G,genotype_pairwise,AA_vs_GG,AA,GG,30160,-0.011897284031857518,0.020073335034316745,-0.5926909510312209,0.5533925255678066,-0.051241906359354224,0.02744733829563919,nonrobust,ok,0.5533925255678066,0.25696671098216245,900,428.0,False,False,False
tract_geometry_like__tbss__posterior_thalamic_radiation_left,,,secondary_composite,secondary_composite,mechanistic_composite,secondary,dMRI_composite_tbss,tract_geometry_like,posterior thalamic radiation (left),composite,A,G,genotype_pairwise,AG_vs_GG,AG,GG,30160,-0.009693812478860512,0.01638433288314178,-0.5916513383852632,0.5540886061438294,-0.041807827826741174,0.022420202869020155,nonrobust,ok,0.5540886061438294,0.2564207802492977,900,429.0,False,False,False
axonal_loss_like__tbss__superior_longitudinal_fasciculus_right,,,secondary_composite,secondary_composite,mechanistic_composite,secondary,dMRI_composite_tbss,axonal_loss_like,superior longitudinal fasciculus (right),composite,A,G,genotype_pairwise,AG_vs_GG,AG,GG,30160,-0.007937521327004194,0.01345172773497774,-0.5900744858494811,0.5551452170966223,-0.03430350119433652,0.01842845854032813,nonrobust,ok,0.5551452170966223,0.25559339753612487,900,430.0,False,False,False
free_water_like__tbss__posterior_limb_of_internal_capsule_right,,,secondary_composite,secondary_composite,mechanistic_composite,secondary,dMRI_composite_tbss,free_water_like,posterior limb of internal capsule (right),composite,A,G,genotype_pairwise,AA_vs_AG,AA,AG,30160,-0.011427349835912802,0.01940693658465436,-0.5888281123641507,0.5559810780674049,-0.04946580179975183,0.02661110212792623,nonrobust,ok,0.5559810780674049,0.2549399886890746,900,431.0,False,False,False
demyelination_like__wm__corticospinal_tract_right,,,secondary_composite,secondary_composite,mechanistic_composite,secondary,dMRI_composite_wm,demyelination_like,corticospinal tract (right),composite,A,G,genotype_pairwise,AA_vs_AG,AA,AG,30160,0.010923354037508153,0.018558169148692277,0.5886008447270716,0.5561335577463298,-0.025451476303181765,0.04729818437819807,nonrobust,ok,0.5561335577463298,0.25482089829777527,900,432.0,False,False,False
free_water_like__tbss__superior_fronto_occipital_fasciculus_rig,,,secondary_composite,secondary_composite,mechanistic_composite,secondary,dMRI_composite_tbss,free_water_like,superior fronto-occipital fasciculus (right),composite,A,G,genotype_pairwise,AA_vs_GG,AA,GG,30160,-0.012369652975955185,0.021116663011850795,-0.5857768800408124,0.5580299278744683,-0.0537592441723325,0.029019938220422127,nonrobust,ok,0.5580299278744683,0.2533425086570562,900,433.0,False,False,False
free_water_like__wm__inferior_longitudinal_fasciculus_right,,,secondary_composite,secondary_composite,mechanistic_composite,secondary,dMRI_composite_wm,free_water_like,inferior longitudinal fasciculus (right),composite,A,G,genotype_pairwise,AG_vs_GG,AG,GG,30160,-0.013381676015574603,0.02301529992795956,-0.581425228324668,0.5609583252194248,-0.05849267933772154,0.031729327306572325,nonrobust,ok,0.5609583252194248,0.2510694022011165,900,434.0,False,False,False
free_water_like__wm__superior_longitudinal_fasciculus_left,,,secondary_composite,secondary_composite,mechanistic_composite,secondary,dMRI_composite_wm,free_water_like,superior longitudinal fasciculus (left),composite,A,G,genotype_pairwise,AA_vs_GG,AA,GG,30160,-0.014666147816396562,0.025224660923737045,-0.5814210094136626,0.5609611678960318,-0.06410759616999245,0.03477530053719932,nonrobust,ok,0.5609611678960318,0.2510672014036942,900,435.0,False,False,False
tract_geometry_like__wm__anterior_thalamic_radiation_right,,,secondary_composite,secondary_composite,mechanistic_composite,secondary,dMRI_composite_wm,tract_geometry_like,anterior thalamic radiation (right),composite,A,G,genotype_pairwise,AA_vs_GG,AA,GG,30160,-0.010819452765729605,0.01864049179057591,-0.5804274311689355,0.5616308290057128,-0.04735563911668768,0.02571673358522847,nonrobust,ok,0.5616308290057128,0.25054906095733503,900,436.0,False,False,False
free_water_like__wm__superior_thalamic_radiation_left,,,secondary_composite,secondary_composite,mechanistic_composite,secondary,dMRI_composite_wm,free_water_like,superior thalamic radiation (left),composite,A,G,genotype_pairwise,AA_vs_AG,AA,AG,30160,-0.0116031084496797,0.020009875490516082,-0.5798690978951434,0.5620073092261696,-0.050823347271413966,0.027617130372054568,nonrobust,ok,0.5620073092261696,0.25025803614633,900,437.0,False,False,False
tract_geometry_like__tbss__tapetum_left,,,secondary_composite,secondary_composite,mechanistic_composite,secondary,dMRI_composite_tbss,tract_geometry_like,tapetum (left),composite,A,G,genotype_pairwise,AA_vs_AG,AA,AG,30160,0.01062996185847565,0.018431530163101686,0.5767270413476525,0.5641282472040121,-0.025496650482988874,0.04675657419994018,nonrobust,ok,0.5641282472040121,0.248622153602575,900,438.0,False,False,False
axonal_loss_like__wm__parahippocampal_part_of_cingulum_right,,,secondary_composite,secondary_composite,mechanistic_composite,secondary,dMRI_composite_wm,axonal_loss_like,parahippocampal part of cingulum (right),composite,A,G,genotype_pairwise,AA_vs_GG,AA,GG,30160,-0.008497017746385912,0.014742608303529395,-0.5763578310868992,0.5643777228306137,-0.0373931804833182,0.020399144990546375,nonrobust,ok,0.5643777228306137,0.24843013709110878,900,439.0,False,False,False
free_water_like__wm__posterior_thalamic_radiation_left,,,secondary_composite,secondary_composite,mechanistic_composite,secondary,dMRI_composite_wm,free_water_like,posterior thalamic radiation (left),composite,A,G,genotype_pairwise,AG_vs_GG,AG,GG,30160,-0.012460079939928006,0.021757145775199167,-0.5726890865497243,0.566859577385953,-0.05510504561135557,0.030184885731499553,nonrobust,ok,0.566859577385953,0.2465245113352647,900,440.0,False,False,False
tract_geometry_like__tbss__superior_fronto_occipital_fasciculus_lef,,,secondary_composite,secondary_composite,mechanistic_composite,secondary,dMRI_composite_tbss,tract_geometry_like,superior fronto-occipital fasciculus (left),composite,A,G,genotype_pairwise,AA_vs_GG,AA,GG,30160,-0.010790736437876024,0.01884438548935731,-0.5726234184696698,0.5669040485483761,-0.04772656343448646,0.026145090558734416,nonrobust,ok,0.5669040485483761,0.24649044148152757,900,441.0,False,False,False
tract_geometry_like__tbss__inferior_cerebellar_peduncle_left,,,secondary_composite,secondary_composite,mechanistic_composite,secondary,dMRI_composite_tbss,tract_geometry_like,inferior cerebellar peduncle (left),composite,A,G,genotype_pairwise,AA_vs_AG,AA,AG,30160,0.010358974719801507,0.018115287066476495,0.5718360786548867,0.5674373741155245,-0.025147787199243186,0.0458657366388462,nonrobust,ok,0.5674373741155245,0.24608206290465537,900,442.0,False,False,False
tract_geometry_like__tbss__inferior_cerebellar_peduncle_right,,,secondary_composite,secondary_composite,mechanistic_composite,secondary,dMRI_composite_tbss,tract_geometry_like,inferior cerebellar peduncle (right),composite,A,G,genotype_pairwise,AG_vs_GG,AG,GG,30160,-0.01071381659466171,0.01874679375969479,-0.5715012781383549,0.567664232944272,-0.047458359495266444,0.026030726305943025,nonrobust,ok,0.567664232944272,0.2459084686850805,900,443.0,False,False,False
tract_geometry_like__wm__medial_lemniscus_right,,,secondary_composite,secondary_composite,mechanistic_composite,secondary,dMRI_composite_wm,tract_geometry_like,medial lemniscus (right),composite,A,G,genotype_pairwise,AA_vs_GG,AA,GG,30160,-0.012199259765458294,0.0214588887452804,-0.568494478454359,0.5697035660529262,-0.054259628498777995,0.029861108967861403,nonrobust,ok,0.5697035660529262,0.24435106207349222,900,444.0,False,False,False
axonal_loss_like__tbss__anterior_corona_radiata_right,,,secondary_composite,secondary_composite,mechanistic_composite,secondary,dMRI_composite_tbss,axonal_loss_like,anterior corona radiata (right),composite,A,G,genotype_pairwise,AA_vs_GG,AA,GG,30160,0.007526166256244583,0.013242762657821141,0.5683229738924339,0.5698199926786915,-0.018430232840064537,0.0334825653525537,nonrobust,ok,0.5698199926786915,0.24426231719251976,900,445.0,False,False,False
demyelination_like__tbss__anterior_limb_of_internal_capsule_right,,,secondary_composite,secondary_composite,mechanistic_composite,secondary,dMRI_composite_tbss,demyelination_like,anterior limb of internal capsule (right),composite,A,G,genotype_pairwise,AA_vs_AG,AA,AG,30160,0.011818476711367702,0.020803643209871745,0.5680964911837941,0.5699737588497518,-0.028957581862311933,0.05259453528504734,nonrobust,ok,0.5699737588497518,0.2441451384487156,900,446.0,False,False,False
axonal_loss_like__tbss__corticospinal_tract_right,,,secondary_composite,secondary_composite,mechanistic_composite,secondary,dMRI_composite_tbss,axonal_loss_like,corticospinal tract (right),composite,A,G,genotype_pairwise,AA_vs_AG,AA,AG,30160,-0.00751557424037319,0.013243411427050576,-0.5674953377210735,0.570381996618968,-0.03347324495299649,0.018442096472250116,nonrobust,ok,0.570381996618968,0.24383419089186972,900,447.0,False,False,False
tract_geometry_like__wm__inferior_fronto_occipital_fasciculus_rig,,,secondary_composite,secondary_composite,mechanistic_composite,secondary,dMRI_composite_wm,tract_geometry_like,inferior fronto-occipital fasciculus (right),composite,A,G,genotype_pairwise,AA_vs_AG,AA,AG,30160,0.009233337697277409,0.016289205380651917,0.5668378218279839,0.570828669091471,-0.022694223548580687,0.04116089894313551,nonrobust,ok,0.570828669091471,0.2434942231615272,900,448.0,False,False,False
free_water_like__tbss__corticospinal_tract_left,,,secondary_composite,secondary_composite,mechanistic_composite,secondary,dMRI_composite_tbss,free_water_like,corticospinal tract (left),composite,A,G,genotype_pairwise,AA_vs_AG,AA,AG,30160,0.015609689643608208,0.02762205334383431,0.5651169176057125,0.5719985246030204,-0.038530753629281156,0.06975013291649758,nonrobust,ok,0.5719985246030204,0.2426050914125584,900,449.0,False,False,False
axonal_loss_like__tbss__cingulum_hippocampus_right,,,secondary_composite,secondary_composite,mechanistic_composite,secondary,dMRI_composite_tbss,axonal_loss_like,cingulum hippocampus (right),composite,A,G,genotype_pairwise,AA_vs_GG,AA,GG,30160,-0.010088681656549178,0.01789041786347789,-0.5639153726612813,0.5728159992253005,-0.04515469001621073,0.024977326703112375,nonrobust,ok,0.5728159992253005,0.24198486032620492,900,450.0,False,False,False
axonal_loss_like__tbss__superior_cerebellar_peduncle_right,,,secondary_composite,secondary_composite,mechanistic_composite,secondary,dMRI_composite_tbss,axonal_loss_like,superior cerebellar peduncle (right),composite,A,G,genotype_pairwise,AG_vs_GG,AG,GG,30160,0.008748546709723979,0.015640196009439448,0.5593629839705271,0.5759182500576244,-0.021906927533465813,0.03940402095291377,nonrobust,ok,0.5759182500576244,0.23963915905693348,900,451.0,False,False,False
free_water_like__tbss__tapetum_right,,,secondary_composite,secondary_composite,mechanistic_composite,secondary,dMRI_composite_tbss,free_water_like,tapetum (right),composite,A,G,genotype_pairwise,AG_vs_GG,AG,GG,30160,-0.01362282328558876,0.024362151125537187,-0.5591798201805291,0.5760432338757918,-0.06137371437971957,0.03412806780854205,nonrobust,ok,0.5760432338757918,0.23954492017216636,900,452.0,False,False,False
free_water_like__tbss__external_capsule_left,,,secondary_composite,secondary_composite,mechanistic_composite,secondary,dMRI_composite_tbss,free_water_like,external capsule (left),composite,A,G,genotype_pairwise,AA_vs_AG,AA,AG,30160,-0.012671088269303946,0.02266216394886558,-0.5591296708423219,0.5760774560584907,-0.05708992949163284,0.031747752953024955,nonrobust,ok,0.5760774560584907,0.23951911991488598,900,453.0,False,False,False
free_water_like__tbss__fornix_cres_stria_terminalis_left,,,secondary_composite,secondary_composite,mechanistic_composite,secondary,dMRI_composite_tbss,free_water_like,fornix cres+stria terminalis (left),composite,A,G,genotype_pairwise,AG_vs_GG,AG,GG,30160,0.012523213539014894,0.02255122362355322,0.5553230169708062,0.5786779341548536,-0.03167817975087816,0.056724606828907946,nonrobust,ok,0.5786779341548536,0.23756307761138257,900,454.0,False,False,False
tract_geometry_like__wm__anterior_thalamic_radiation_left,,,secondary_composite,secondary_composite,mechanistic_composite,secondary,dMRI_composite_wm,tract_geometry_like,anterior thalamic radiation (left),composite,A,G,genotype_pairwise,AA_vs_GG,AA,GG,30160,-0.010546752975614358,0.018992453051492622,-0.555312836473511,0.5786848962514042,-0.04777279892693301,0.02667929297570429,nonrobust,ok,0.5786848962514042,0.23755785262914708,900,455.0,False,False,False
free_water_like__wm__anterior_thalamic_radiation_right,,,secondary_composite,secondary_composite,mechanistic_composite,secondary,dMRI_composite_wm,free_water_like,anterior thalamic radiation (right),composite,A,G,genotype_pairwise,AA_vs_GG,AA,GG,30160,0.012394689557462445,0.022351927646612327,0.5545244129913328,0.5792241918300108,-0.03141607482444277,0.05620545393936766,nonrobust,ok,0.5792241918300108,0.2371533077244566,900,456.0,False,False,False
demyelination_like__tbss__external_capsule_left,,,secondary_composite,secondary_composite,mechanistic_composite,secondary,dMRI_composite_tbss,demyelination_like,external capsule (left),composite,A,G,genotype_pairwise,AA_vs_AG,AA,AG,30160,-0.011699615250344067,0.02110375550118731,-0.5543854623261646,0.5793192609886324,-0.053063907156325696,0.02966467665563756,nonrobust,ok,0.5793192609886324,0.23708203200151198,900,457.0,False,False,False
axonal_loss_like__tbss__body_of_corpus_callosum,,,secondary_composite,secondary_composite,mechanistic_composite,secondary,dMRI_composite_tbss,axonal_loss_like,body of corpus callosum,composite,A,G,genotype_pairwise,AA_vs_AG,AA,AG,30160,0.007772623021181977,0.014068889007166593,0.5524688564408077,0.5806313371765441,-0.019803020169555055,0.03534826621191901,nonrobust,ok,0.5806313371765441,0.2360995286221801,900,458.0,False,False,False
free_water_like__tbss__anterior_limb_of_internal_capsule_left,,,secondary_composite,secondary_composite,mechanistic_composite,secondary,dMRI_composite_tbss,free_water_like,anterior limb of internal capsule (left),composite,A,G,genotype_pairwise,AG_vs_GG,AG,GG,30160,0.01302019074578843,0.023599163073229464,0.551722563439478,0.5811426130287407,-0.03323521010184775,0.05927559159342461,nonrobust,ok,0.5811426130287407,0.23571727819276614,900,459.0,False,False,False
tract_geometry_like__wm__inferior_longitudinal_fasciculus_right,,,secondary_composite,secondary_composite,mechanistic_composite,secondary,dMRI_composite_wm,tract_geometry_like,inferior longitudinal fasciculus (right),composite,A,G,genotype_pairwise,AA_vs_GG,AA,GG,30160,0.010228521009722153,0.018568947997986363,0.5508400912551075,0.5817474551971096,-0.02616743635116027,0.04662447837060457,nonrobust,ok,0.5817474551971096,0.23526550781995204,900,460.0,False,False,False
free_water_like__tbss__cingulum_cingulate_gyrus_right,,,secondary_composite,secondary_composite,mechanistic_composite,secondary,dMRI_composite_tbss,free_water_like,cingulum cingulate gyrus (right),composite,A,G,genotype_pairwise,AG_vs_GG,AG,GG,30160,0.010836761626219066,0.019707260483018053,0.5498867605447857,0.5824011939090219,-0.027790338429072654,0.04946386168151079,nonrobust,ok,0.5824011939090219,0.23477774340043023,900,461.0,False,False,False
axonal_loss_like__wm__acoustic_radiation_left,,,secondary_composite,secondary_composite,mechanistic_composite,secondary,dMRI_composite_wm,axonal_loss_like,acoustic radiation (left),composite,A,G,genotype_pairwise,AA_vs_GG,AA,GG,30160,-0.009314847877116216,0.017030337206569563,-0.5469561620613685,0.5844129725958173,-0.0426950602014208,0.02406536444718837,nonrobust,ok,0.5844129725958173,0.23328015231294796,900,462.0,False,False,False
tract_geometry_like__tbss__tapetum_left,,,secondary_composite,secondary_composite,mechanistic_composite,secondary,dMRI_composite_tbss,tract_geometry_like,tapetum (left),composite,A,G,genotype_pairwise,AG_vs_GG,AG,GG,30160,0.010575835126366768,0.019451128785674406,0.5437131820419483,0.586642954192096,-0.027549235501285824,0.048700905754019364,nonrobust,ok,0.586642954192096,0.23162614100491935,900,463.0,False,False,False
axonal_loss_like__wm__corticospinal_tract_left,,,secondary_composite,secondary_composite,mechanistic_composite,secondary,dMRI_composite_wm,axonal_loss_like,corticospinal tract (left),composite,A,G,genotype_pairwise,AA_vs_AG,AA,AG,30160,-0.007821893747281539,0.014401832395839871,-0.5431179541806763,0.5870526807452183,-0.03605012066969009,0.020406333175127016,nonrobust,ok,0.5870526807452183,0.23132292442467187,900,464.0,False,False,False
demyelination_like__tbss__anterior_corona_radiata_right,,,secondary_composite,secondary_composite,mechanistic_composite,secondary,dMRI_composite_tbss,demyelination_like,anterior corona radiata (right),composite,A,G,genotype_pairwise,AA_vs_AG,AA,AG,30160,0.009536606046772563,0.017592206683731217,0.5420926560390943,0.5877587578122166,-0.024944895243141404,0.04401810733668653,nonrobust,ok,0.5877587578122166,0.23080089101428194,900,465.0,False,False,False
axonal_loss_like__wm__parahippocampal_part_of_cingulum_left,,,secondary_composite,secondary_composite,mechanistic_composite,secondary,dMRI_composite_wm,axonal_loss_like,parahippocampal part of cingulum (left),composite,A,G,genotype_pairwise,AG_vs_GG,AG,GG,30160,0.007084332764973174,0.013073598928447686,0.5418808396789593,0.5879046752292185,-0.018540497958052127,0.032709163487998474,nonrobust,ok,0.5879046752292185,0.23069308613141856,900,466.0,False,False,False
demyelination_like__wm__cingulate_gyrus_part_of_cingulum_left,,,secondary_composite,secondary_composite,mechanistic_composite,secondary,dMRI_composite_wm,demyelination_like,cingulate gyrus part of cingulum (left),composite,A,G,genotype_pairwise,AG_vs_GG,AG,GG,30160,-0.010220986325673805,0.01892703529212811,-0.540020461098035,0.5891869838756905,-0.047318810582325996,0.026876837930978382,nonrobust,ok,0.5891869838756905,0.22974685601372982,900,467.0,False,False,False
free_water_like__wm__acoustic_radiation_left,,,secondary_composite,secondary_composite,mechanistic_composite,secondary,dMRI_composite_wm,free_water_like,acoustic radiation (left),composite,A,G,genotype_pairwise,AA_vs_GG,AA,GG,30160,0.016089337360590948,0.029840033331732976,0.5391863065876994,0.5897623627431019,-0.04239844454858543,0.07457711926976732,nonrobust,ok,0.5897623627431019,0.22932294655964364,900,468.0,False,False,False
axonal_loss_like__wm__anterior_thalamic_radiation_left,,,secondary_composite,secondary_composite,mechanistic_composite,secondary,dMRI_composite_wm,axonal_loss_like,anterior thalamic radiation (left),composite,A,G,genotype_pairwise,AA_vs_GG,AA,GG,30160,0.007377478497110618,0.01368294326667803,0.5391733600969417,0.589771294948481,-0.01944169401386797,0.03419665100808921,nonrobust,ok,0.589771294948481,0.2293163690321909,900,469.0,False,False,False
axonal_loss_like__tbss__sagittal_stratum_left,,,secondary_composite,secondary_composite,mechanistic_composite,secondary,dMRI_composite_tbss,axonal_loss_like,sagittal stratum (left),composite,A,G,genotype_pairwise,AA_vs_GG,AA,GG,30160,-0.008780785003884257,0.01633886596149154,-0.5374170413405287,0.5909836139646818,-0.04080568317927394,0.02324411317150542,nonrobust,ok,0.5909836139646818,0.22842456051193374,900,470.0,False,False,False
tract_geometry_like__wm__corticospinal_tract_left,,,secondary_composite,secondary_composite,mechanistic_composite,secondary,dMRI_composite_wm,tract_geometry_like,corticospinal tract (left),composite,A,G,genotype_pairwise,AA_vs_GG,AA,GG,30160,0.011646189607648252,0.021761262886454198,0.5351798592028265,0.5925295119792502,-0.031006845783491187,0.05429922499878769,nonrobust,ok,0.5925295119792502,0.2272900139751595,900,471.0,False,False,False
demyelination_like__tbss__posterior_thalamic_radiation_left,,,secondary_composite,secondary_composite,mechanistic_composite,secondary,dMRI_composite_tbss,demyelination_like,posterior thalamic radiation (left),composite,A,G,genotype_pairwise,AA_vs_GG,AA,GG,30160,-0.011806568436443343,0.022066648515562542,-0.5350413058021358,0.5926253136578075,-0.05505817313462477,0.031445036261738085,nonrobust,ok,0.5926253136578075,0.22721980181461288,900,472.0,False,False,False
tract_geometry_like__wm__uncinate_fasciculus_left,,,secondary_composite,secondary_composite,mechanistic_composite,secondary,dMRI_composite_wm,tract_geometry_like,uncinate fasciculus (left),composite,A,G,genotype_pairwise,AG_vs_GG,AG,GG,30160,0.010074228928181952,0.018838777836895988,0.5347602172180961,0.5928196920067603,-0.02685060682218777,0.04699906467855167,nonrobust,ok,0.5928196920067603,0.2270773785985128,900,473.0,False,False,False
axonal_loss_like__tbss__cerebral_peduncle_right,,,secondary_composite,secondary_composite,mechanistic_composite,secondary,dMRI_composite_tbss,axonal_loss_like,cerebral peduncle (right),composite,A,G,genotype_pairwise,AG_vs_GG,AG,GG,30160,0.007656709869545792,0.014329558822610354,0.5343297699761983,0.5931174114719218,-0.02042985766053395,0.03574327739962553,nonrobust,ok,0.5931174114719218,0.2268593266913556,900,474.0,False,False,False
demyelination_like__wm__anterior_thalamic_radiation_left,,,secondary_composite,secondary_composite,mechanistic_composite,secondary,dMRI_composite_wm,demyelination_like,anterior thalamic radiation (left),composite,A,G,genotype_pairwise,AA_vs_GG,AA,GG,30160,0.010980387043746022,0.020681931282377393,0.5309169097328044,0.5954803421299328,-0.029557110781964713,0.051517884869456756,nonrobust,ok,0.5954803421299328,0.22513257078138912,900,475.0,False,False,False
free_water_like__wm__inferior_longitudinal_fasciculus_left,,,secondary_composite,secondary_composite,mechanistic_composite,secondary,dMRI_composite_wm,free_water_like,inferior longitudinal fasciculus (left),composite,A,G,genotype_pairwise,AG_vs_GG,AG,GG,30160,-0.011730763557423349,0.022103919023773275,-0.5307096693942212,0.5956239654320392,-0.05505542009611849,0.03159389298127179,nonrobust,ok,0.5956239654320392,0.22502783636395177,900,476.0,False,False,False
axonal_loss_like__wm__corticospinal_tract_right,,,secondary_composite,secondary_composite,mechanistic_composite,secondary,dMRI_composite_wm,axonal_loss_like,corticospinal tract (right),composite,A,G,genotype_pairwise,AA_vs_GG,AA,GG,30160,-0.009079908955672133,0.017175390401683834,-0.5286580824842246,0.5970466236333685,-0.04274443194232609,0.02458461403098183,nonrobust,ok,0.5970466236333685,0.22399175329931614,900,477.0,False,False,False
tract_geometry_like__tbss__superior_corona_radiata_right,,,secondary_composite,secondary_composite,mechanistic_composite,secondary,dMRI_composite_tbss,tract_geometry_like,superior corona radiata (right),composite,A,G,genotype_pairwise,AA_vs_GG,AA,GG,30160,0.010860274120968428,0.020663407980182968,0.5255800074887871,0.5991839870751785,-0.029640917215170356,0.05136146545710721,nonrobust,ok,0.5991839870751785,0.22243980147984144,900,478.0,False,False,False
demyelination_like__tbss__medial_lemniscus_right,,,secondary_composite,secondary_composite,mechanistic_composite,secondary,dMRI_composite_tbss,demyelination_like,medial lemniscus (right),composite,A,G,genotype_pairwise,AG_vs_GG,AG,GG,30160,-0.01176763975700425,0.022445653266320722,-0.5242725447720148,0.6000929152006929,-0.055762110488827565,0.03222683097481907,nonrobust,ok,0.6000929152006929,0.22178150055836202,900,479.0,False,False,False
demyelination_like__wm__posterior_thalamic_radiation_left,,,secondary_composite,secondary_composite,mechanistic_composite,secondary,dMRI_composite_wm,demyelination_like,posterior thalamic radiation (left),composite,A,G,genotype_pairwise,AG_vs_GG,AG,GG,30160,-0.010245241743439382,0.01959506157886242,-0.5228481524391394,0.6010838403444471,-0.04865242699623239,0.028161943509353624,nonrobust,ok,0.6010838403444471,0.2210649475322526,900,480.0,False,False,False
free_water_like__tbss__cingulum_cingulate_gyrus_left,,,secondary_composite,secondary_composite,mechanistic_composite,secondary,dMRI_composite_tbss,free_water_like,cingulum cingulate gyrus (left),composite,A,G,genotype_pairwise,AG_vs_GG,AG,GG,30160,0.010489963253617427,0.02034556944393077,0.5155895627559669,0.60614495172714,-0.02938825052803983,0.050368177035274686,nonrobust,ok,0.60614495172714,0.21742350750435332,900,481.0,False,False,False
demyelination_like__wm__superior_thalamic_radiation_right,,,secondary_composite,secondary_composite,mechanistic_composite,secondary,dMRI_composite_wm,demyelination_like,superior thalamic radiation (right),composite,A,G,genotype_pairwise,AG_vs_GG,AG,GG,30160,-0.009690296331675228,0.018917805957039145,-0.5122315110790929,0.6084928132250544,-0.04677003068434342,0.02738943802099296,nonrobust,ok,0.6084928132250544,0.21574454676034716,900,482.0,False,False,False
tract_geometry_like__tbss__corticospinal_tract_right,,,secondary_composite,secondary_composite,mechanistic_composite,secondary,dMRI_composite_tbss,tract_geometry_like,corticospinal tract (right),composite,A,G,genotype_pairwise,AA_vs_AG,AA,AG,30160,0.009625528502528312,0.01885131613707626,0.5106024657661479,0.6096332561969753,-0.02732388286939997,0.04657493987445659,nonrobust,ok,0.6096332561969753,0.21493134975755104,900,483.0,False,False,False
tract_geometry_like__tbss__cingulum_hippocampus_left,,,secondary_composite,secondary_composite,mechanistic_composite,secondary,dMRI_composite_tbss,tract_geometry_like,cingulum hippocampus (left),composite,A,G,genotype_pairwise,AA_vs_GG,AA,GG,30160,0.011626529560746958,0.022787605976825782,0.5102128574880022,0.6099061493123752,-0.03303818357104053,0.05629124269253445,nonrobust,ok,0.6099061493123752,0.21473698789337467,900,484.0,False,False,False
demyelination_like__wm__uncinate_fasciculus_right,,,secondary_composite,secondary_composite,mechanistic_composite,secondary,dMRI_composite_wm,demyelination_like,uncinate fasciculus (right),composite,A,G,genotype_pairwise,AG_vs_GG,AG,GG,30160,-0.01096808628271322,0.021548503337223517,-0.5089952703938665,0.6107593327521257,-0.053204103570147473,0.03126793100472103,nonrobust,ok,0.6107593327521257,0.21412988803560357,900,485.0,False,False,False
tract_geometry_like__tbss__cingulum_cingulate_gyrus_left,,,secondary_composite,secondary_composite,mechanistic_composite,secondary,dMRI_composite_tbss,tract_geometry_like,cingulum cingulate gyrus (left),composite,A,G,genotype_pairwise,AA_vs_GG,AA,GG,30160,0.01104633471232354,0.021781896922229683,0.5071337336579771,0.6120647645661527,-0.03164714429933489,0.05373981372398197,nonrobust,ok,0.6120647645661527,0.21320262130942025,900,486.0,False,False,False
demyelination_like__tbss__anterior_corona_radiata_right,,,secondary_composite,secondary_composite,mechanistic_composite,secondary,dMRI_composite_tbss,demyelination_like,anterior corona radiata (right),composite,A,G,genotype_pairwise,AA_vs_GG,AA,GG,30160,0.010529447613683771,0.02087922970405755,0.5043024940540569,0.6140525783223061,-0.030394763823569152,0.0514536590509367,nonrobust,ok,0.6140525783223061,0.21179444075196738,900,487.0,False,False,False
demyelination_like__wm__anterior_thalamic_radiation_left,,,secondary_composite,secondary_composite,mechanistic_composite,secondary,dMRI_composite_wm,demyelination_like,anterior thalamic radiation (left),composite,A,G,genotype_pairwise,AA_vs_AG,AA,AG,30160,0.008776344413581636,0.017425969008215022,0.5036359475587415,0.6145209742106738,-0.02537932369770984,0.04293201252487311,nonrobust,ok,0.6145209742106738,0.21146328962291883,900,488.0,False,False,False
axonal_loss_like__wm__acoustic_radiation_right,,,secondary_composite,secondary_composite,mechanistic_composite,secondary,dMRI_composite_wm,axonal_loss_like,acoustic radiation (right),composite,A,G,genotype_pairwise,AA_vs_AG,AA,AG,30160,0.007000531136201237,0.01392417573780872,0.5027609007542536,0.6151361262725417,-0.020291467661666895,0.03429252993406937,nonrobust,ok,0.6151361262725417,0.21102876658689165,900,489.0,False,False,False
axonal_loss_like__wm__superior_longitudinal_fasciculus_left,,,secondary_composite,secondary_composite,mechanistic_composite,secondary,dMRI_composite_wm,axonal_loss_like,superior longitudinal fasciculus (left),composite,A,G,genotype_pairwise,AA_vs_AG,AA,AG,30160,0.005708339301827231,0.011411119718091098,0.5002435731856599,0.6169072990168751,-0.016657958818271215,0.02807463742192568,nonrobust,ok,0.6169072990168751,0.20978009131543152,900,490.0,False,False,False
demyelination_like__wm__parahippocampal_part_of_cingulum_left,,,secondary_composite,secondary_composite,mechanistic_composite,secondary,dMRI_composite_wm,demyelination_like,parahippocampal part of cingulum (left),composite,A,G,genotype_pairwise,AA_vs_AG,AA,AG,30160,-0.011230271647377107,0.02272197684430698,-0.4942471213806762,0.6211353320284078,-0.05576634878378968,0.03330580548903547,nonrobust,ok,0.6211353320284078,0.20681376608765956,900,491.0,False,False,False
axonal_loss_like__tbss__sagittal_stratum_right,,,secondary_composite,secondary_composite,mechanistic_composite,secondary,dMRI_composite_tbss,axonal_loss_like,sagittal stratum (right),composite,A,G,genotype_pairwise,AG_vs_GG,AG,GG,30160,0.00682886984917557,0.013850697840079685,0.49303435307172094,0.621991971237732,-0.020319109027208418,0.033976848725559554,nonrobust,ok,0.621991971237732,0.20621522120894623,900,492.0,False,False,False
free_water_like__tbss__posterior_corona_radiata_left,,,secondary_composite,secondary_composite,mechanistic_composite,secondary,dMRI_composite_tbss,free_water_like,posterior corona radiata (left),composite,A,G,genotype_pairwise,AA_vs_GG,AA,GG,30160,-0.010482011358874502,0.021298208667594902,-0.49215459959422886,0.6226137060450709,-0.05222744005052793,0.03126341733277893,nonrobust,ok,0.6226137060450709,0.20578132311025804,900,493.0,False,False,False
free_water_like__tbss__genu_of_corpus_callosum,,,secondary_composite,secondary_composite,mechanistic_composite,secondary,dMRI_composite_tbss,free_water_like,genu of corpus callosum,composite,A,G,genotype_pairwise,AG_vs_GG,AG,GG,30160,0.010628964768218892,0.02170374851640387,0.4897294474355632,0.624328990053324,-0.03191133992001714,0.05316926945645492,nonrobust,ok,0.624328990053324,0.20458649859765918,900,494.0,False,False,False
tract_geometry_like__wm__medial_lemniscus_right,,,secondary_composite,secondary_composite,mechanistic_composite,secondary,dMRI_composite_wm,tract_geometry_like,medial lemniscus (right),composite,A,G,genotype_pairwise,AA_vs_AG,AA,AG,30160,0.008811830708024198,0.018080609838628456,0.48736357825708376,0.6260043082226188,-0.02662696231443638,0.04425062373048477,nonrobust,ok,0.6260043082226188,0.203422677922363,900,495.0,False,False,False
demyelination_like__tbss__medial_lemniscus_right,,,secondary_composite,secondary_composite,mechanistic_composite,secondary,dMRI_composite_tbss,demyelination_like,medial lemniscus (right),composite,A,G,genotype_pairwise,AA_vs_AG,AA,AG,30160,0.010319616100946933,0.02126908621947969,0.4851932045625693,0.627542892289328,-0.031368731307482446,0.052007963509376316,nonrobust,ok,0.627542892289328,0.20235658498962886,900,496.0,False,False,False
free_water_like__tbss__superior_fronto_occipital_fasciculus_rig,,,secondary_composite,secondary_composite,mechanistic_composite,secondary,dMRI_composite_tbss,free_water_like,superior fronto-occipital fasciculus (right),composite,A,G,genotype_pairwise,AG_vs_GG,AG,GG,30160,-0.009109629464146906,0.018776496206535803,-0.4851613082624003,0.6275655157676432,-0.045912390471068515,0.027693131542774706,nonrobust,ok,0.6275655157676432,0.20234092857026023,900,497.0,False,False,False
free_water_like__tbss__posterior_thalamic_radiation_left,,,secondary_composite,secondary_composite,mechanistic_composite,secondary,dMRI_composite_tbss,free_water_like,posterior thalamic radiation (left),composite,A,G,genotype_pairwise,AG_vs_GG,AG,GG,30160,-0.009504678659969464,0.019783958019167824,-0.4804235153936735,0.630929826603857,-0.04828210927010439,0.02927275195016546,nonrobust,ok,0.630929826603857,0.20001894125262903,900,498.0,False,False,False
demyelination_like__tbss__posterior_thalamic_radiation_right,,,secondary_composite,secondary_composite,mechanistic_composite,secondary,dMRI_composite_tbss,demyelination_like,posterior thalamic radiation (right),composite,A,G,genotype_pairwise,AA_vs_GG,AA,GG,30160,0.010733136157513933,0.022436596329374548,0.47837630984436996,0.6323859245393573,-0.033243582578291686,0.054709854893319546,nonrobust,ok,0.6323859245393573,0.19901780503160021,900,499.0,False,False,False
tract_geometry_like__tbss__posterior_corona_radiata_right,,,secondary_composite,secondary_composite,mechanistic_composite,secondary,dMRI_composite_tbss,tract_geometry_like,posterior corona radiata (right),composite,A,G,genotype_pairwise,AG_vs_GG,AG,GG,30160,0.007922337658578422,0.01657668970596391,0.4779203688495266,0.6327104121198126,-0.024568705549053278,0.04041338086621012,nonrobust,ok,0.6327104121198126,0.19879501856918677,900,500.0,False,False,False
demyelination_like__wm__inferior_fronto_occipital_fasciculus_lef,,,secondary_composite,secondary_composite,mechanistic_composite,secondary,dMRI_composite_wm,demyelination_like,inferior fronto-occipital fasciculus (left),composite,A,G,genotype_pairwise,AA_vs_GG,AA,GG,30160,-0.010407417987586029,0.021874762488078556,-0.47577284522553914,0.6342397282817355,-0.05328291760565126,0.0324680816304792,nonrobust,ok,0.6342397282817355,0.19774655758937718,900,501.0,False,False,False
demyelination_like__tbss__inferior_cerebellar_peduncle_left,,,secondary_composite,secondary_composite,mechanistic_composite,secondary,dMRI_composite_tbss,demyelination_like,inferior cerebellar peduncle (left),composite,A,G,genotype_pairwise,AA_vs_AG,AA,AG,30160,-0.009553407377017266,0.020095327623922445,-0.47540441020948726,0.634502259207494,-0.04894113615048125,0.02983432139644672,nonrobust,ok,0.634502259207494,0.19756682721844684,900,502.0,False,False,False
free_water_like__tbss__posterior_limb_of_internal_capsule_left,,,secondary_composite,secondary_composite,mechanistic_composite,secondary,dMRI_composite_tbss,free_water_like,posterior limb of internal capsule (left),composite,A,G,genotype_pairwise,AA_vs_AG,AA,AG,30160,-0.009227696285891844,0.01941080943430959,-0.4753895666803788,0.6345128370310108,-0.04727373920593002,0.028818346634146327,nonrobust,ok,0.6345128370310108,0.19755958713060612,900,503.0,False,False,False
demyelination_like__tbss__fornix_cres_stria_terminalis_right,,,secondary_composite,secondary_composite,mechanistic_composite,secondary,dMRI_composite_tbss,demyelination_like,fornix cres+stria terminalis (right),composite,A,G,genotype_pairwise,AA_vs_AG,AA,AG,30160,0.008241423055375454,0.017360165158202705,0.47473183464970486,0.6349816261710424,-0.025785266606545065,0.04226811271729597,nonrobust,ok,0.6349816261710424,0.19723884127176644,900,504.0,False,False,False
tract_geometry_like__tbss__posterior_thalamic_radiation_left,,,secondary_composite,secondary_composite,mechanistic_composite,secondary,dMRI_composite_tbss,tract_geometry_like,posterior thalamic radiation (left),composite,A,G,genotype_pairwise,AA_vs_GG,AA,GG,30160,-0.008696685943177846,0.018426357737971348,-0.47196988503357407,0.6369517627905394,-0.04481316010317315,0.02741978821681746,nonrobust,ok,0.6369517627905394,0.19589345612167444,900,505.0,False,False,False
demyelination_like__tbss__middle_cerebellar_peduncle,,,secondary_composite,secondary_composite,mechanistic_composite,secondary,dMRI_composite_tbss,demyelination_like,middle cerebellar peduncle,composite,A,G,genotype_pairwise,AA_vs_GG,AA,GG,30160,-0.011766548316192438,0.024963249087021692,-0.4713548414781403,0.6373908320844777,-0.06069561793601441,0.03716252130362953,nonrobust,ok,0.6373908320844777,0.19559418749510113,900,506.0,False,False,False
demyelination_like__wm__inferior_fronto_occipital_fasciculus_rig,,,secondary_composite,secondary_composite,mechanistic_composite,secondary,dMRI_composite_wm,demyelination_like,inferior fronto-occipital fasciculus (right),composite,A,G,genotype_pairwise,AA_vs_AG,AA,AG,30160,-0.008912491724218928,0.018908262233832532,-0.4713543536683036,0.6373911803742944,-0.04597351995832135,0.02814853650988349,nonrobust,ok,0.6373911803742944,0.19559395018339756,900,507.0,False,False,False
demyelination_like__tbss__inferior_cerebellar_peduncle_right,,,secondary_composite,secondary_composite,mechanistic_composite,secondary,dMRI_composite_tbss,demyelination_like,inferior cerebellar peduncle (right),composite,A,G,genotype_pairwise,AG_vs_GG,AG,GG,30160,-0.009907818242837426,0.02114438700198785,-0.4685791194564288,0.6393739554397806,-0.051351749683099926,0.03153611319742507,nonrobust,ok,0.6393739554397806,0.194245058460261,900,508.0,False,False,False
axonal_loss_like__tbss__cingulum_cingulate_gyrus_left,,,secondary_composite,secondary_composite,mechanistic_composite,secondary,dMRI_composite_tbss,axonal_loss_like,cingulum cingulate gyrus (left),composite,A,G,genotype_pairwise,AA_vs_GG,AA,GG,30160,-0.009030947923197946,0.01943887413628752,-0.46458184048526874,0.6422343558122716,-0.04713199889736204,0.029070103050966148,nonrobust,ok,0.6422343558122716,0.19230646591276981,900,509.0,False,False,False
free_water_like__tbss__uncinate_fasciculus_left,,,secondary_composite,secondary_composite,mechanistic_composite,secondary,dMRI_composite_tbss,free_water_like,uncinate fasciculus (left),composite,A,G,genotype_pairwise,AG_vs_GG,AG,GG,30160,-0.009812426959820965,0.021143878548150297,-0.46407885561182305,0.6425946625458236,-0.051255361808128244,0.031630507888486314,nonrobust,ok,0.6425946625458236,0.19206288606200314,900,510.0,False,False,False
tract_geometry_like__wm__superior_longitudinal_fasciculus_left,,,secondary_composite,secondary_composite,mechanistic_composite,secondary,dMRI_composite_wm,tract_geometry_like,superior longitudinal fasciculus (left),composite,A,G,genotype_pairwise,AA_vs_AG,AA,AG,30160,0.007912734922397927,0.01720026341432919,0.46003568269809103,0.6454939869457617,-0.02580054026646885,0.041626010111264704,nonrobust,ok,0.6454939869457617,0.1901077990186893,900,511.0,False,False,False
tract_geometry_like__wm__forceps_major,,,secondary_composite,secondary_composite,mechanistic_composite,secondary,dMRI_composite_wm,tract_geometry_like,forceps major,composite,A,G,genotype_pairwise,AG_vs_GG,AG,GG,30160,-0.00847410810800777,0.018475138752472794,-0.45867629042155683,0.6464700098134483,-0.04468619520870428,0.02773797899268874,nonrobust,ok,0.6464700098134483,0.18945161753476336,900,512.0,False,False,False
tract_geometry_like__tbss__superior_cerebellar_peduncle_right,,,secondary_composite,secondary_composite,mechanistic_composite,secondary,dMRI_composite_tbss,tract_geometry_like,superior cerebellar peduncle (right),composite,A,G,genotype_pairwise,AG_vs_GG,AG,GG,30160,0.008346479992107105,0.018198559785737332,0.45863409469624355,0.6465003154478908,-0.027323500130783638,0.04401646011499785,nonrobust,ok,0.6465003154478908,0.18943125887756262,900,513.0,False,False,False
free_water_like__tbss__posterior_thalamic_radiation_right,,,secondary_composite,secondary_composite,mechanistic_composite,secondary,dMRI_composite_tbss,free_water_like,posterior thalamic radiation (right),composite,A,G,genotype_pairwise,AA_vs_GG,AA,GG,30160,0.010487688594078151,0.022919199739834455,0.45759401345284073,0.6472475034717575,-0.03443495411928505,0.05541033130744135,nonrobust,ok,0.6472475034717575,0.18892961602716626,900,514.0,False,False,False
free_water_like__wm__inferior_fronto_occipital_fasciculus_lef,,,secondary_composite,secondary_composite,mechanistic_composite,secondary,dMRI_composite_wm,free_water_like,inferior fronto-occipital fasciculus (left),composite,A,G,genotype_pairwise,AA_vs_GG,AA,GG,30160,-0.01077059385188531,0.023563124275271685,-0.457095320894628,0.6476058873684164,-0.056955357065448145,0.03541416936167752,nonrobust,ok,0.6476058873684164,0.18868921174078554,900,515.0,False,False,False
tract_geometry_like__tbss__anterior_corona_radiata_left,,,secondary_composite,secondary_composite,mechanistic_composite,secondary,dMRI_composite_tbss,tract_geometry_like,anterior corona radiata (left),composite,A,G,genotype_pairwise,AA_vs_AG,AA,AG,30160,-0.007929133724958641,0.017350222340463236,-0.45700473281352433,0.6476709969895502,-0.04193633502542045,0.02607806757550317,nonrobust,ok,0.6476709969895502,0.18864555042088937,900,516.0,False,False,False
tract_geometry_like__tbss__anterior_limb_of_internal_capsule_left,,,secondary_composite,secondary_composite,mechanistic_composite,secondary,dMRI_composite_tbss,tract_geometry_like,anterior limb of internal capsule (left),composite,A,G,genotype_pairwise,AG_vs_GG,AG,GG,30160,0.007440574353758953,0.016418654277860236,0.45317808803564424,0.650423830832026,-0.024740712442072044,0.039621861149589946,nonrobust,ok,0.650423830832026,0.18680355503814777,900,517.0,False,False,False
tract_geometry_like__tbss__cerebral_peduncle_right,,,secondary_composite,secondary_composite,mechanistic_composite,secondary,dMRI_composite_tbss,tract_geometry_like,cerebral peduncle (right),composite,A,G,genotype_pairwise,AG_vs_GG,AG,GG,30160,-0.008130429385774903,0.017962536334283578,-0.45263259232812453,0.6508166425454425,-0.04333779313017126,0.027076934358621452,nonrobust,ok,0.6508166425454425,0.18654134990660437,900,518.0,False,False,False
demyelination_like__tbss__fornix_cres_stria_terminalis_left,,,secondary_composite,secondary_composite,mechanistic_composite,secondary,dMRI_composite_tbss,demyelination_like,fornix cres+stria terminalis (left),composite,A,G,genotype_pairwise,AA_vs_AG,AA,AG,30160,0.007897691735810768,0.017455996541401318,0.4524343091544153,0.6509594503945093,-0.026316831665377547,0.04211221513699909,nonrobust,ok,0.6509594503945093,0.18644606368740374,900,519.0,False,False,False
demyelination_like__tbss__uncinate_fasciculus_left,,,secondary_composite,secondary_composite,mechanistic_composite,secondary,dMRI_composite_tbss,demyelination_like,uncinate fasciculus (left),composite,A,G,genotype_pairwise,AG_vs_GG,AG,GG,30160,-0.009620042894052508,0.021271825214200388,-0.45224341574744026,0.6510969480779785,-0.05131375885298227,0.03207367306487725,nonrobust,ok,0.6510969480779785,0.18635434034040102,900,520.0,False,False,False
axonal_loss_like__tbss__anterior_limb_of_internal_capsule_right,,,secondary_composite,secondary_composite,mechanistic_composite,secondary,dMRI_composite_tbss,axonal_loss_like,anterior limb of internal capsule (right),composite,A,G,genotype_pairwise,AA_vs_GG,AA,GG,30160,0.006874825457366519,0.015209811424271259,0.45199938813152707,0.6512727348290553,-0.02293707600979626,0.0366867269245293,nonrobust,ok,0.6512727348290553,0.18623710294237195,900,521.0,False,False,False
free_water_like__tbss__corticospinal_tract_left,,,secondary_composite,secondary_composite,mechanistic_composite,secondary,dMRI_composite_tbss,free_water_like,corticospinal tract (left),composite,A,G,genotype_pairwise,AG_vs_GG,AG,GG,30160,-0.013151424379179839,0.029150054941790852,-0.451162936242887,0.6518754250391781,-0.07028681820137428,0.043983969443014595,nonrobust,ok,0.6518754250391781,0.1858353910583727,900,522.0,False,False,False
tract_geometry_like__wm__forceps_minor,,,secondary_composite,secondary_composite,mechanistic_composite,secondary,dMRI_composite_wm,tract_geometry_like,forceps minor,composite,A,G,genotype_pairwise,AA_vs_AG,AA,AG,30160,-0.007200113955181923,0.01613107586831044,-0.4463505108996837,0.6553473398520508,-0.03881773437998211,0.024417506469618263,nonrobust,ok,0.6553473398520508,0.18352845909416907,900,523.0,False,False,False
demyelination_like__tbss__corticospinal_tract_left,,,secondary_composite,secondary_composite,mechanistic_composite,secondary,dMRI_composite_tbss,demyelination_like,corticospinal tract (left),composite,A,G,genotype_pairwise,AA_vs_GG,AA,GG,30160,0.01171671001537349,0.026597450776981127,0.44052003756366626,0.6595637194120043,-0.04041546701975792,0.0638488870505049,nonrobust,ok,0.6595637194120043,0.1807432415850024,900,524.0,False,False,False
axonal_loss_like__wm__uncinate_fasciculus_right,,,secondary_composite,secondary_composite,mechanistic_composite,secondary,dMRI_composite_wm,axonal_loss_like,uncinate fasciculus (right),composite,A,G,genotype_pairwise,AA_vs_GG,AA,GG,30160,-0.007054676804482822,0.016060267230681928,-0.43926272851832715,0.660474383427543,-0.03853350917536692,0.024424155566401276,nonrobust,ok,0.660474383427543,0.1801440218826188,900,525.0,False,False,False
free_water_like__tbss__posterior_limb_of_internal_capsule_left,,,secondary_composite,secondary_composite,mechanistic_composite,secondary,dMRI_composite_tbss,free_water_like,posterior limb of internal capsule (left),composite,A,G,genotype_pairwise,AG_vs_GG,AG,GG,30160,-0.008991706285760149,0.02048457999959146,-0.4389499948712386,0.6607009733599569,-0.049142386889829075,0.03115897431830878,nonrobust,ok,0.6607009733599569,0.1799950533785342,900,526.0,False,False,False
free_water_like__wm__inferior_longitudinal_fasciculus_right,,,secondary_composite,secondary_composite,mechanistic_composite,secondary,dMRI_composite_wm,free_water_like,inferior longitudinal fasciculus (right),composite,A,G,genotype_pairwise,AA_vs_GG,AA,GG,30160,-0.011361430583229902,0.025883760598861077,-0.43894049088561815,0.6607078599224524,-0.06209474338035738,0.03937188221389758,nonrobust,ok,0.6607078599224524,0.1799905267006193,900,527.0,False,False,False
free_water_like__tbss__superior_cerebellar_peduncle_left,,,secondary_composite,secondary_composite,mechanistic_composite,secondary,dMRI_composite_tbss,free_water_like,superior cerebellar peduncle (left),composite,A,G,genotype_pairwise,AA_vs_AG,AA,AG,30160,-0.009892671929659778,0.022615996414194997,-0.4374192385107832,0.6618105253035752,-0.05422102274706592,0.03443567888774636,nonrobust,ok,0.6618105253035752,0.1792663301877794,900,528.0,False,False,False
tract_geometry_like__wm__acoustic_radiation_left,,,secondary_composite,secondary_composite,mechanistic_composite,secondary,dMRI_composite_wm,tract_geometry_like,acoustic radiation (left),composite,A,G,genotype_pairwise,AA_vs_AG,AA,AG,30160,0.008021296410104696,0.01834493612908553,0.4372485329827391,0.6619343054315495,-0.027935587804052857,0.04397818062426225,nonrobust,ok,0.6619343054315495,0.1791851105668116,900,529.0,False,False,False
demyelination_like__wm__superior_thalamic_radiation_left,,,secondary_composite,secondary_composite,mechanistic_composite,secondary,dMRI_composite_wm,demyelination_like,superior thalamic radiation (left),composite,A,G,genotype_pairwise,AA_vs_AG,AA,AG,30160,-0.008164033654666135,0.01877767178201212,-0.43477347721493287,0.6637300275225446,-0.044969098841389166,0.028641031532056896,nonrobust,ok,0.6637300275225446,0.17800853418505436,900,530.0,False,False,False
axonal_loss_like__wm__superior_longitudinal_fasciculus_right,,,secondary_composite,secondary_composite,mechanistic_composite,secondary,dMRI_composite_wm,axonal_loss_like,superior longitudinal fasciculus (right),composite,A,G,genotype_pairwise,AA_vs_AG,AA,AG,30160,0.004863390169803384,0.011361586623439949,0.4280555463767519,0.668613794173277,-0.01740582089931774,0.02713260123892451,nonrobust,ok,0.668613794173277,0.1748246677202095,900,531.0,False,False,False
tract_geometry_like__wm__corticospinal_tract_right,,,secondary_composite,secondary_composite,mechanistic_composite,secondary,dMRI_composite_wm,tract_geometry_like,corticospinal tract (right),composite,A,G,genotype_pairwise,AG_vs_GG,AG,GG,30160,-0.008148821208790943,0.01906700016268362,-0.4273782524394767,0.6691069532839142,-0.0455209827871542,0.02922334036957231,nonrobust,ok,0.6691069532839142,0.17450445695789624,900,532.0,False,False,False
demyelination_like__wm__superior_thalamic_radiation_left,,,secondary_composite,secondary_composite,mechanistic_composite,secondary,dMRI_composite_wm,demyelination_like,superior thalamic radiation (left),composite,A,G,genotype_pairwise,AG_vs_GG,AG,GG,30160,-0.008464160680818976,0.01981641832745034,-0.42712868395062836,0.6692887079915162,-0.04730521492737636,0.03037689356573841,nonrobust,ok,0.6692887079915162,0.17438650220155538,900,533.0,False,False,False
free_water_like__tbss__external_capsule_right,,,secondary_composite,secondary_composite,mechanistic_composite,secondary,dMRI_composite_tbss,free_water_like,external capsule (right),composite,A,G,genotype_pairwise,AA_vs_GG,AA,GG,30160,0.01169187010264403,0.02738286978239617,0.426977529950512,0.6693987992241663,-0.04197976283675361,0.06536350304204167,nonrobust,ok,0.6693987992241663,0.17431507102034846,900,534.0,False,False,False
free_water_like__wm__superior_longitudinal_fasciculus_left,,,secondary_composite,secondary_composite,mechanistic_composite,secondary,dMRI_composite_wm,free_water_like,superior longitudinal fasciculus (left),composite,A,G,genotype_pairwise,AA_vs_AG,AA,AG,30160,-0.009067734738647665,0.021253535441069612,-0.4266459462139876,0.6696403292145144,-0.05072560193527382,0.03259013245797849,nonrobust,ok,0.6696403292145144,0.17415839876046874,900,535.0,False,False,False
axonal_loss_like__tbss__middle_cerebellar_peduncle,,,secondary_composite,secondary_composite,mechanistic_composite,secondary,dMRI_composite_tbss,axonal_loss_like,middle cerebellar peduncle,composite,A,G,genotype_pairwise,AA_vs_AG,AA,AG,30160,-0.005653433541826118,0.013268195773404599,-0.4260890959385848,0.6700460232091443,-0.031659682666819164,0.020352815583166924,nonrobust,ok,0.6700460232091443,0.17389536604646652,900,536.0,False,False,False
free_water_like__tbss__superior_fronto_occipital_fasciculus_lef,,,secondary_composite,secondary_composite,mechanistic_composite,secondary,dMRI_composite_tbss,free_water_like,superior fronto-occipital fasciculus (left),composite,A,G,genotype_pairwise,AA_vs_GG,AA,GG,30160,-0.0086708930582444,0.02045045796805208,-0.4239950553572032,0.6715725000875191,-0.04875469297499014,0.03141290685850134,nonrobust,ok,0.6715725000875191,0.17290709589427078,900,537.0,False,False,False
free_water_like__tbss__fornix,,,secondary_composite,secondary_composite,mechanistic_composite,secondary,dMRI_composite_tbss,free_water_like,fornix,composite,A,G,genotype_pairwise,AG_vs_GG,AG,GG,30160,-0.00802796877609524,0.01910379651977278,-0.4202289721724237,0.6743212417175937,-0.04547225283785379,0.02941631528566331,nonrobust,ok,0.6743212417175937,0.17113315944625007,900,538.0,False,False,False
free_water_like__tbss__anterior_limb_of_internal_capsule_left,,,secondary_composite,secondary_composite,mechanistic_composite,secondary,dMRI_composite_tbss,free_water_like,anterior limb of internal capsule (left),composite,A,G,genotype_pairwise,AA_vs_AG,AA,AG,30160,-0.009363536725310814,0.02236213079461667,-0.418722920964443,0.6754216799689876,-0.05319429972747998,0.03446722627685836,nonrobust,ok,0.6754216799689876,0.17042500331004415,900,539.0,False,False,False
demyelination_like__tbss__sagittal_stratum_right,,,secondary_composite,secondary_composite,mechanistic_composite,secondary,dMRI_composite_tbss,demyelination_like,sagittal stratum (right),composite,A,G,genotype_pairwise,AA_vs_GG,AA,GG,30160,-0.009865049227825908,0.023622193425400444,-0.4176178329493412,0.6762295849838493,-0.05616559058184467,0.03643549212619286,nonrobust,ok,0.6762295849838493,0.1699058328098736,900,540.0,False,False,False
axonal_loss_like__wm__posterior_thalamic_radiation_right,,,secondary_composite,secondary_composite,mechanistic_composite,secondary,dMRI_composite_wm,axonal_loss_like,posterior thalamic radiation (right),composite,A,G,genotype_pairwise,AG_vs_GG,AG,GG,30160,-0.005372473775887472,0.012944275910968021,-0.4150462963583182,0.6781110198690457,-0.030743825678762004,0.01999887812698706,nonrobust,ok,0.6781110198690457,0.16869919791847715,900,541.0,False,False,False
axonal_loss_like__wm__cingulate_gyrus_part_of_cingulum_left,,,secondary_composite,secondary_composite,mechanistic_composite,secondary,dMRI_composite_wm,axonal_loss_like,cingulate gyrus part of cingulum (left),composite,A,G,genotype_pairwise,AA_vs_AG,AA,AG,30160,-0.007137932894657273,0.017231910816949133,-0.41422759033992185,0.6787104387747523,-0.04091323838898148,0.026637372599666934,nonrobust,ok,0.6787104387747523,0.1683154711748081,900,542.0,False,False,False
demyelination_like__tbss__tapetum_left,,,secondary_composite,secondary_composite,mechanistic_composite,secondary,dMRI_composite_tbss,demyelination_like,tapetum (left),composite,A,G,genotype_pairwise,AG_vs_GG,AG,GG,30160,-0.00960062027516697,0.023222768078294518,-0.41341412198575594,0.6793062242787189,-0.055118270325720434,0.035917029775386494,nonrobust,ok,0.6793062242787189,0.16793440608126295,900,543.0,False,False,False
tract_geometry_like__tbss__posterior_corona_radiata_left,,,secondary_composite,secondary_composite,mechanistic_composite,secondary,dMRI_composite_tbss,tract_geometry_like,posterior corona radiata (left),composite,A,G,genotype_pairwise,AG_vs_GG,AG,GG,30160,-0.006857467611406416,0.016698853293659083,-0.41065500072453154,0.6813284996942107,-0.03958795684092843,0.025873021618115596,nonrobust,ok,0.6813284996942107,0.1666434443189905,900,544.0,False,False,False
demyelination_like__tbss__sagittal_stratum_left,,,secondary_composite,secondary_composite,mechanistic_composite,secondary,dMRI_composite_tbss,demyelination_like,sagittal stratum (left),composite,A,G,genotype_pairwise,AA_vs_GG,AA,GG,30160,-0.009697227945482351,0.02368700237804059,-0.4093902550739101,0.6822562518122164,-0.05612479770612652,0.03673034181516183,nonrobust,ok,0.6822562518122164,0.16605247600968553,900,545.0,False,False,False
tract_geometry_like__tbss__genu_of_corpus_callosum,,,secondary_composite,secondary_composite,mechanistic_composite,secondary,dMRI_composite_tbss,tract_geometry_like,genu of corpus callosum,composite,A,G,genotype_pairwise,AA_vs_AG,AA,AG,30160,-0.005804214496193326,0.014243301283014233,-0.4075048600646473,0.6836401719419438,-0.03372171344287591,0.022113284450489254,nonrobust,ok,0.6836401719419438,0.16517242526652778,900,546.0,False,False,False
free_water_like__wm__middle_cerebellar_peduncle,,,secondary_composite,secondary_composite,mechanistic_composite,secondary,dMRI_composite_wm,free_water_like,middle cerebellar peduncle,composite,A,G,genotype_pairwise,AA_vs_AG,AA,AG,30160,-0.010791193252909531,0.026669947371377442,-0.40461996803528716,0.6857598018251655,-0.06306546681169665,0.04148308030587759,nonrobust,ok,0.6857598018251655,0.1638279761431789,900,547.0,False,False,False
demyelination_like__wm__uncinate_fasciculus_right,,,secondary_composite,secondary_composite,mechanistic_composite,secondary,dMRI_composite_wm,demyelination_like,uncinate fasciculus (right),composite,A,G,genotype_pairwise,AA_vs_AG,AA,AG,30160,-0.008242510525828004,0.02041896352679781,-0.40366938875279096,0.6864587682772922,-0.04826457994814187,0.03177955889648587,nonrobust,ok,0.6864587682772922,0.16338554327415736,900,548.0,False,False,False
axonal_loss_like__tbss__superior_fronto_occipital_fasciculus_lef,,,secondary_composite,secondary_composite,mechanistic_composite,secondary,dMRI_composite_tbss,axonal_loss_like,superior fronto-occipital fasciculus (left),composite,A,G,genotype_pairwise,AG_vs_GG,AG,GG,30160,0.004218394352542317,0.010477526511483193,0.4026135699030709,0.6872354324302208,-0.016318019891323858,0.024754808596408495,nonrobust,ok,0.6872354324302208,0.16289445727892551,900,549.0,False,False,False
free_water_like__wm__superior_thalamic_radiation_left,,,secondary_composite,secondary_composite,mechanistic_composite,secondary,dMRI_composite_wm,free_water_like,superior thalamic radiation (left),composite,A,G,genotype_pairwise,AG_vs_GG,AG,GG,30160,-0.008484071173690318,0.021116785297105277,-0.40176906921780975,0.6878568879166016,-0.0498739020545618,0.032905759707181154,nonrobust,ok,0.6878568879166016,0.16250190951632773,900,550.0,False,False,False
demyelination_like__wm__inferior_longitudinal_fasciculus_left,,,secondary_composite,secondary_composite,mechanistic_composite,secondary,dMRI_composite_wm,demyelination_like,inferior longitudinal fasciculus (left),composite,A,G,genotype_pairwise,AG_vs_GG,AG,GG,30160,-0.008261257318739387,0.020571129307791158,-0.40159473965342773,0.6879852007221416,-0.04858157838554167,0.0320590637480629,nonrobust,ok,0.6879852007221416,0.16242090379041588,900,551.0,False,False,False
axonal_loss_like__tbss__uncinate_fasciculus_right,,,secondary_composite,secondary_composite,mechanistic_composite,secondary,dMRI_composite_tbss,axonal_loss_like,uncinate fasciculus (right),composite,A,G,genotype_pairwise,AG_vs_GG,AG,GG,30160,0.0069788285575270335,0.017397001206606026,0.4011512371958116,0.6883116749134812,-0.027120061384515764,0.04107771849956983,nonrobust,ok,0.6883116749134812,0.16221486402537386,900,552.0,False,False,False
free_water_like__tbss__middle_cerebellar_peduncle,,,secondary_composite,secondary_composite,mechanistic_composite,secondary,dMRI_composite_tbss,free_water_like,middle cerebellar peduncle,composite,A,G,genotype_pairwise,AA_vs_GG,AA,GG,30160,-0.01159446201817006,0.028917412113090256,-0.40095088636654,0.6884591776461497,-0.06827386563162352,0.0450849415952834,nonrobust,ok,0.6884591776461497,0.16212180624021,900,553.0,False,False,False
tract_geometry_like__tbss__posterior_limb_of_internal_capsule_right,,,secondary_composite,secondary_composite,mechanistic_composite,secondary,dMRI_composite_tbss,tract_geometry_like,posterior limb of internal capsule (right),composite,A,G,genotype_pairwise,AA_vs_GG,AA,GG,30160,0.008790607513593007,0.0219424078970329,0.40062182577426664,0.6887014650781597,-0.034217480090621394,0.05179869511780741,nonrobust,ok,0.6887014650781597,0.16196899313681792,900,554.0,False,False,False
free_water_like__wm__inferior_fronto_occipital_fasciculus_rig,,,secondary_composite,secondary_composite,mechanistic_composite,secondary,dMRI_composite_wm,free_water_like,inferior fronto-occipital fasciculus (right),composite,A,G,genotype_pairwise,AA_vs_AG,AA,AG,30160,-0.008229670007845519,0.020586647504920882,-0.3997576587386732,0.6893379036165947,-0.04858040742570401,0.03212106741001298,nonrobust,ok,0.6893379036165947,0.16156784093283286,900,555.0,False,False,False
axonal_loss_like__tbss__cingulum_hippocampus_left,,,secondary_composite,secondary_composite,mechanistic_composite,secondary,dMRI_composite_tbss,axonal_loss_like,cingulum hippocampus (left),composite,A,G,genotype_pairwise,AA_vs_AG,AA,AG,30160,-0.005839724265000775,0.01485693873696594,-0.3930637642377029,0.6942752168320281,-0.03495997969586807,0.023280531165866515,nonrobust,ok,0.6942752168320281,0.1584683372426487,900,556.0,False,False,False
tract_geometry_like__wm__inferior_fronto_occipital_fasciculus_lef,,,secondary_composite,secondary_composite,mechanistic_composite,secondary,dMRI_composite_wm,tract_geometry_like,inferior fronto-occipital fasciculus (left),composite,A,G,genotype_pairwise,AA_vs_AG,AA,AG,30160,-0.0064982480684211,0.016538147451067884,-0.392924787231928,0.6943778626126171,-0.038913746755924884,0.025917250619082684,nonrobust,ok,0.6943778626126171,0.1584041333074232,900,557.0,False,False,False
axonal_loss_like__tbss__superior_fronto_occipital_fasciculus_rig,,,secondary_composite,secondary_composite,mechanistic_composite,secondary,dMRI_composite_tbss,axonal_loss_like,superior fronto-occipital fasciculus (right),composite,A,G,genotype_pairwise,AA_vs_AG,AA,AG,30160,0.004293956986385046,0.010938559011976429,0.39255234457149896,0.6946529693331719,-0.017146101299768957,0.025734015272539046,nonrobust,ok,0.6946529693331719,0.1582321035302781,900,558.0,False,False,False
axonal_loss_like__tbss__sagittal_stratum_right,,,secondary_composite,secondary_composite,mechanistic_composite,secondary,dMRI_composite_tbss,axonal_loss_like,sagittal stratum (right),composite,A,G,genotype_pairwise,AA_vs_GG,AA,GG,30160,-0.006105617056051617,0.015576948731580949,-0.39196489384811245,0.6950869746335209,-0.03663712384409104,0.02442588973198781,nonrobust,ok,0.6950869746335209,0.15796084974066937,900,559.0,False,False,False
free_water_like__tbss__inferior_cerebellar_peduncle_left,,,secondary_composite,secondary_composite,mechanistic_composite,secondary,dMRI_composite_tbss,free_water_like,inferior cerebellar peduncle (left),composite,A,G,genotype_pairwise,AA_vs_GG,AA,GG,30160,-0.010848260687645848,0.027689454010840435,-0.39178312015104194,0.6952212882757856,-0.06512081224166756,0.043424290866375864,nonrobust,ok,0.6952212882757856,0.1578769378839718,900,560.0,False,False,False
free_water_like__tbss__superior_longitudinal_fasciculus_right,,,secondary_composite,secondary_composite,mechanistic_composite,secondary,dMRI_composite_tbss,free_water_like,superior longitudinal fasciculus (right),composite,A,G,genotype_pairwise,AG_vs_GG,AG,GG,30160,0.007926322862948618,0.020509842276096063,0.3864643499568321,0.6991555777820624,-0.032273872917672045,0.04812651864356929,nonrobust,ok,0.6991555777820624,0.15542617324693572,900,561.0,False,False,False
demyelination_like__tbss__cingulum_cingulate_gyrus_right,,,secondary_composite,secondary_composite,mechanistic_composite,secondary,dMRI_composite_tbss,demyelination_like,cingulum cingulate gyrus (right),composite,A,G,genotype_pairwise,AG_vs_GG,AG,GG,30160,-0.007599237357630101,0.0198459622201181,-0.3829110059439022,0.7017884998204222,-0.046498198937329184,0.03129972422206898,nonrobust,ok,0.7017884998204222,0.15379375282829763,900,562.0,False,False,False
axonal_loss_like__tbss__superior_cerebellar_peduncle_left,,,secondary_composite,secondary_composite,mechanistic_composite,secondary,dMRI_composite_tbss,axonal_loss_like,superior cerebellar peduncle (left),composite,A,G,genotype_pairwise,AA_vs_GG,AA,GG,30160,-0.007019130893884517,0.018346161698017553,-0.3825939730294097,0.7020235863768363,-0.042978417277222444,0.028940155489453414,nonrobust,ok,0.7020235863768363,0.15364829632998353,900,563.0,False,False,False
demyelination_like__tbss__genu_of_corpus_callosum,,,secondary_composite,secondary_composite,mechanistic_composite,secondary,dMRI_composite_tbss,demyelination_like,genu of corpus callosum,composite,A,G,genotype_pairwise,AG_vs_GG,AG,GG,30160,-0.008397003339273276,0.021966510276672218,-0.3822638750311944,0.7022683912709837,-0.051452332671007385,0.03465832599246083,nonrobust,ok,0.7022683912709837,0.15349687850884605,900,564.0,False,False,False
demyelination_like__wm__parahippocampal_part_of_cingulum_right,,,secondary_composite,secondary_composite,mechanistic_composite,secondary,dMRI_composite_wm,demyelination_like,parahippocampal part of cingulum (right),composite,A,G,genotype_pairwise,AA_vs_AG,AA,AG,30160,-0.008660713620539513,0.022907422064052857,-0.3780745644936718,0.705377913733559,-0.05356027156972523,0.036238844328646214,nonrobust,ok,0.705377913733559,0.15157814276011905,900,565.0,False,False,False
tract_geometry_like__wm__superior_longitudinal_fasciculus_left,,,secondary_composite,secondary_composite,mechanistic_composite,secondary,dMRI_composite_wm,tract_geometry_like,superior longitudinal fasciculus (left),composite,A,G,genotype_pairwise,AA_vs_GG,AA,GG,30160,0.0077148255397995295,0.020414053634908016,0.3779173738726337,0.7054946849610553,-0.03229762027777988,0.047727271357378934,nonrobust,ok,0.7054946849610553,0.15150625377466503,900,566.0,False,False,False
demyelination_like__tbss__fornix_cres_stria_terminalis_left,,,secondary_composite,secondary_composite,mechanistic_composite,secondary,dMRI_composite_tbss,demyelination_like,fornix cres+stria terminalis (left),composite,A,G,genotype_pairwise,AA_vs_GG,AA,GG,30160,0.007828862726683965,0.02071756932222732,0.3778851951654671,0.7055185902143528,-0.03277848722952678,0.04843621268289472,nonrobust,ok,0.7055185902143528,0.15149153822268652,900,567.0,False,False,False
tract_geometry_like__tbss__cerebral_peduncle_left,,,secondary_composite,secondary_composite,mechanistic_composite,secondary,dMRI_composite_tbss,tract_geometry_like,cerebral peduncle (left),composite,A,G,genotype_pairwise,AG_vs_GG,AG,GG,30160,-0.0068129129077446685,0.01803358491698329,-0.37779026960571477,0.7055891111968804,-0.04215953500898333,0.028533709193493996,nonrobust,ok,0.7055891111968804,0.15144812995049725,900,568.0,False,False,False
demyelination_like__wm__inferior_longitudinal_fasciculus_right,,,secondary_composite,secondary_composite,mechanistic_composite,secondary,dMRI_composite_wm,demyelination_like,inferior longitudinal fasciculus (right),composite,A,G,genotype_pairwise,AG_vs_GG,AG,GG,30160,-0.007911197240631315,0.021008517239848215,-0.3765709474072561,0.7064951804306812,-0.04908881795235907,0.03326642347109644,nonrobust,ok,0.7064951804306812,0.1508907964757194,900,569.0,False,False,False
demyelination_like__wm__acoustic_radiation_left,,,secondary_composite,secondary_composite,mechanistic_composite,secondary,dMRI_composite_wm,demyelination_like,acoustic radiation (left),composite,A,G,genotype_pairwise,AG_vs_GG,AG,GG,30160,0.00811272779300802,0.021607396638523447,0.3754606780598446,0.7073205753102864,-0.034238722963419,0.05046417854943504,nonrobust,ok,0.7073205753102864,0.15038370850350902,900,570.0,False,False,False
demyelination_like__tbss__superior_longitudinal_fasciculus_right,,,secondary_composite,secondary_composite,mechanistic_composite,secondary,dMRI_composite_tbss,demyelination_like,superior longitudinal fasciculus (right),composite,A,G,genotype_pairwise,AA_vs_AG,AA,AG,30160,-0.007529986149542384,0.020150091061795456,-0.373694894303442,0.7086340003702956,-0.04702505367746772,0.031965081378382956,nonrobust,ok,0.7086340003702956,0.14957801398568843,900,571.0,False,False,False
demyelination_like__tbss__superior_longitudinal_fasciculus_left,,,secondary_composite,secondary_composite,mechanistic_composite,secondary,dMRI_composite_tbss,demyelination_like,superior longitudinal fasciculus (left),composite,A,G,genotype_pairwise,AA_vs_GG,AA,GG,30160,-0.008951258459365584,0.02399660850745662,-0.3730218150029035,0.7091348785512195,-0.05598566989386848,0.03808315297513731,nonrobust,ok,0.7091348785512195,0.14927115347779454,900,572.0,False,False,False
axonal_loss_like__wm__anterior_thalamic_radiation_right,,,secondary_composite,secondary_composite,mechanistic_composite,secondary,dMRI_composite_wm,axonal_loss_like,anterior thalamic radiation (right),composite,A,G,genotype_pairwise,AA_vs_GG,AA,GG,30160,0.005274179441416091,0.014187032541218135,0.3717605796767444,0.7100737769773808,-0.022533030288700028,0.03308138917153221,nonrobust,ok,0.7100737769773808,0.14869652554912643,900,573.0,False,False,False
demyelination_like__wm__inferior_longitudinal_fasciculus_right,,,secondary_composite,secondary_composite,mechanistic_composite,secondary,dMRI_composite_wm,demyelination_like,inferior longitudinal fasciculus (right),composite,A,G,genotype_pairwise,AA_vs_GG,AA,GG,30160,-0.008757775933348859,0.02362686701782583,-0.37067021737335526,0.7108858277492782,-0.055067477734726034,0.037551925868028316,nonrobust,ok,0.7108858277492782,0.14820014379910348,900,574.0,False,False,False
axonal_loss_like__tbss__cingulum_hippocampus_right,,,secondary_composite,secondary_composite,mechanistic_composite,secondary,dMRI_composite_tbss,axonal_loss_like,cingulum hippocampus (right),composite,A,G,genotype_pairwise,AA_vs_AG,AA,AG,30160,-0.005579633826611997,0.015073924334069512,-0.3701513755114931,0.7112723521870595,-0.03512519060147377,0.023965922948249774,nonrobust,ok,0.7112723521870595,0.14796407240149004,900,575.0,False,False,False
tract_geometry_like__tbss__superior_longitudinal_fasciculus_right,,,secondary_composite,secondary_composite,mechanistic_composite,secondary,dMRI_composite_tbss,tract_geometry_like,superior longitudinal fasciculus (right),composite,A,G,genotype_pairwise,AG_vs_GG,AG,GG,30160,0.007486575119260319,0.020274083948198962,0.36926823122508506,0.7119304436653222,-0.032251523936734576,0.047224674175255214,nonrobust,ok,0.7119304436653222,0.14756243530690333,900,576.0,False,False,False
axonal_loss_like__wm__uncinate_fasciculus_right,,,secondary_composite,secondary_composite,mechanistic_composite,secondary,dMRI_composite_wm,axonal_loss_like,uncinate fasciculus (right),composite,A,G,genotype_pairwise,AG_vs_GG,AG,GG,30160,0.005236736295329749,0.01428045456631172,0.3667065548237843,0.7138405374859991,-0.02275358472586447,0.033227057316523964,nonrobust,ok,0.7138405374859991,0.1463987930200487,900,577.0,False,False,False
axonal_loss_like__tbss__medial_lemniscus_right,,,secondary_composite,secondary_composite,mechanistic_composite,secondary,dMRI_composite_tbss,axonal_loss_like,medial lemniscus (right),composite,A,G,genotype_pairwise,AA_vs_GG,AA,GG,30160,-0.0055620662076173825,0.015238749112774728,-0.3649949327503969,0.7151177961415977,-0.035430686821013385,0.024306554405778617,nonrobust,ok,0.7151177961415977,0.14562241414214439,900,578.0,False,False,False
demyelination_like__tbss__inferior_cerebellar_peduncle_right,,,secondary_composite,secondary_composite,mechanistic_composite,secondary,dMRI_composite_tbss,demyelination_like,inferior cerebellar peduncle (right),composite,A,G,genotype_pairwise,AA_vs_AG,AA,AG,30160,-0.007307840536375346,0.020036030355958693,-0.3647349503142474,0.7153118719725733,-0.046579344048361976,0.031963662975611276,nonrobust,ok,0.7153118719725733,0.14550456694579558,900,579.0,False,False,False
tract_geometry_like__tbss__posterior_corona_radiata_right,,,secondary_composite,secondary_composite,mechanistic_composite,secondary,dMRI_composite_tbss,tract_geometry_like,posterior corona radiata (right),composite,A,G,genotype_pairwise,AA_vs_GG,AA,GG,30160,0.006786162726513759,0.01864268852518986,0.3640120209777869,0.7158516324886393,-0.029754329321210297,0.04332665477423781,nonrobust,ok,0.7158516324886393,0.14517698030169737,900,580.0,False,False,False
axonal_loss_like__tbss__fornix_cres_stria_terminalis_left,,,secondary_composite,secondary_composite,mechanistic_composite,secondary,dMRI_composite_tbss,axonal_loss_like,fornix cres+stria terminalis (left),composite,A,G,genotype_pairwise,AA_vs_AG,AA,AG,30160,0.004594944760870048,0.012630793762880274,0.3637890735239299,0.7160181203528073,-0.02016196830053448,0.029351857822274577,nonrobust,ok,0.7160181203528073,0.14507598681273737,900,581.0,False,False,False
tract_geometry_like__tbss__superior_corona_radiata_right,,,secondary_composite,secondary_composite,mechanistic_composite,secondary,dMRI_composite_tbss,tract_geometry_like,superior corona radiata (right),composite,A,G,genotype_pairwise,AA_vs_AG,AA,AG,30160,0.006309976514766211,0.0174103618347087,0.36242650064784165,0.717035926175471,-0.02781510084784518,0.0404350538773776,nonrobust,ok,0.717035926175471,0.1444590840129758,900,582.0,False,False,False
free_water_like__tbss__superior_longitudinal_fasciculus_right,,,secondary_composite,secondary_composite,mechanistic_composite,secondary,dMRI_composite_tbss,free_water_like,superior longitudinal fasciculus (right),composite,A,G,genotype_pairwise,AA_vs_GG,AA,GG,30160,0.008336188892461661,0.023066040810094075,0.36140527804900136,0.717799082091733,-0.036874268797419056,0.05354664658234238,nonrobust,ok,0.717799082091733,0.14399710137022131,900,583.0,False,False,False
tract_geometry_like__tbss__corticospinal_tract_left,,,secondary_composite,secondary_composite,mechanistic_composite,secondary,dMRI_composite_tbss,tract_geometry_like,corticospinal tract (left),composite,A,G,genotype_pairwise,AA_vs_GG,AA,GG,30160,-0.00799119658263486,0.02224091758248477,-0.3593015689662062,0.7193720633558287,-0.05158437634094948,0.03560198317567975,nonrobust,ok,0.7193720633558287,0.1430464319136563,900,584.0,False,False,False
axonal_loss_like__wm__uncinate_fasciculus_left,,,secondary_composite,secondary_composite,mechanistic_composite,secondary,dMRI_composite_wm,axonal_loss_like,uncinate fasciculus (left),composite,A,G,genotype_pairwise,AA_vs_GG,AA,GG,30160,-0.005628403581130422,0.01567912535771987,-0.35897433388139777,0.719616849990703,-0.03636018106456057,0.02510337390229973,nonrobust,ok,0.719616849990703,0.1428986761042696,900,585.0,False,False,False
tract_geometry_like__wm__corticospinal_tract_right,,,secondary_composite,secondary_composite,mechanistic_composite,secondary,dMRI_composite_wm,tract_geometry_like,corticospinal tract (right),composite,A,G,genotype_pairwise,AA_vs_GG,AA,GG,30160,0.007607696949074107,0.021443373281866327,0.35478079167271626,0.7227563467654905,-0.03442226079139268,0.04963765468954089,nonrobust,ok,0.7227563467654905,0.14100808595529396,900,586.0,False,False,False
tract_geometry_like__tbss__posterior_limb_of_internal_capsule_left,,,secondary_composite,secondary_composite,mechanistic_composite,secondary,dMRI_composite_tbss,tract_geometry_like,posterior limb of internal capsule (left),composite,A,G,genotype_pairwise,AG_vs_GG,AG,GG,30160,-0.006932503326976983,0.019594088263804304,-0.353805863974964,0.7234868981804508,-0.045337780839312225,0.03147277418535825,nonrobust,ok,0.7234868981804508,0.14056932922974555,900,587.0,False,False,False
demyelination_like__wm__acoustic_radiation_right,,,secondary_composite,secondary_composite,mechanistic_composite,secondary,dMRI_composite_wm,demyelination_like,acoustic radiation (right),composite,A,G,genotype_pairwise,AA_vs_GG,AA,GG,30160,-0.008823899230171068,0.025120556689583705,-0.35126208941977455,0.7253942330641003,-0.05806129869161952,0.04041350023127739,nonrobust,ok,0.7253942330641003,0.13942590141397207,900,588.0,False,False,False
free_water_like__tbss__sagittal_stratum_right,,,secondary_composite,secondary_composite,mechanistic_composite,secondary,dMRI_composite_tbss,free_water_like,sagittal stratum (right),composite,A,G,genotype_pairwise,AA_vs_GG,AA,GG,30160,-0.008199747514332275,0.023585087447044174,-0.347666614878713,0.7280930435334722,-0.054427559513611334,0.03802806448494679,nonrobust,ok,0.7280930435334722,0.13781311833648022,900,589.0,False,False,False
free_water_like__wm__anterior_thalamic_radiation_left,,,secondary_composite,secondary_composite,mechanistic_composite,secondary,dMRI_composite_wm,free_water_like,anterior thalamic radiation (left),composite,A,G,genotype_pairwise,AA_vs_GG,AA,GG,30160,0.007773410303998148,0.022397751852563322,0.34706207815712165,0.7285471490992826,-0.036127171543391366,0.05167399215138766,nonrobust,ok,0.7285471490992826,0.13754233691932663,900,590.0,False,False,False
free_water_like__tbss__corticospinal_tract_right,,,secondary_composite,secondary_composite,mechanistic_composite,secondary,dMRI_composite_tbss,free_water_like,corticospinal tract (right),composite,A,G,genotype_pairwise,AA_vs_GG,AA,GG,30160,-0.011343462162028554,0.03274279611370749,-0.3464414621963123,0.7290134319168777,-0.07552078719733989,0.052833862873282775,nonrobust,ok,0.7290134319168777,0.13726446982517845,900,591.0,False,False,False
tract_geometry_like__tbss__cingulum_cingulate_gyrus_left,,,secondary_composite,secondary_composite,mechanistic_composite,secondary,dMRI_composite_tbss,tract_geometry_like,cingulum cingulate gyrus (left),composite,A,G,genotype_pairwise,AA_vs_AG,AA,AG,30160,0.006347813696647397,0.01835276674719117,0.34587775151770556,0.729437047411,-0.029624418874493717,0.042320046267788514,nonrobust,ok,0.729437047411,0.13701218306011195,900,592.0,False,False,False
free_water_like__tbss__inferior_cerebellar_peduncle_right,,,secondary_composite,secondary_composite,mechanistic_composite,secondary,dMRI_composite_tbss,free_water_like,inferior cerebellar peduncle (right),composite,A,G,genotype_pairwise,AA_vs_AG,AA,AG,30160,0.007714528098965189,0.022358962998011326,0.3450306751548067,0.7300737609312291,-0.03611002588209043,0.05153908208002081,nonrobust,ok,0.7300737609312291,0.1366332599519716,900,593.0,False,False,False
demyelination_like__wm__superior_longitudinal_fasciculus_left,,,secondary_composite,secondary_composite,mechanistic_composite,secondary,dMRI_composite_wm,demyelination_like,superior longitudinal fasciculus (left),composite,A,G,genotype_pairwise,AA_vs_GG,AA,GG,30160,-0.008331373132246741,0.02422760349188309,-0.3438793744101838,0.7309394461045091,-0.055818544928008404,0.039155798663514915,nonrobust,ok,0.7309394461045091,0.1361186002130881,900,594.0,False,False,False
demyelination_like__tbss__fornix_cres_stria_terminalis_right,,,secondary_composite,secondary_composite,mechanistic_composite,secondary,dMRI_composite_tbss,demyelination_like,fornix cres+stria terminalis (right),composite,A,G,genotype_pairwise,AG_vs_GG,AG,GG,30160,0.0062868402815958145,0.01832049782327752,0.3431588127265804,0.7314814247754594,-0.029622143774929926,0.04219582433812155,nonrobust,ok,0.7314814247754594,0.13579669786395449,900,595.0,False,False,False
axonal_loss_like__wm__corticospinal_tract_left,,,secondary_composite,secondary_composite,mechanistic_composite,secondary,dMRI_composite_wm,axonal_loss_like,corticospinal tract (left),composite,A,G,genotype_pairwise,AA_vs_GG,AA,GG,30160,-0.005846273923628735,0.0170927486334137,-0.34203240502818644,0.7323289335851763,-0.03934881539821676,0.02765626755095929,nonrobust,ok,0.7323289335851763,0.13529380698270188,900,596.0,False,False,False
free_water_like__wm__forceps_minor,,,secondary_composite,secondary_composite,mechanistic_composite,secondary,dMRI_composite_wm,free_water_like,forceps minor,composite,A,G,genotype_pairwise,AA_vs_AG,AA,AG,30160,-0.007405748503314604,0.02166928469387977,-0.34176248122330816,0.7325320727175002,-0.04987850257881715,0.03506700557218795,nonrobust,ok,0.7325320727175002,0.13517335568471137,900,597.0,False,False,False
axonal_loss_like__wm__inferior_fronto_occipital_fasciculus_rig,,,secondary_composite,secondary_composite,mechanistic_composite,secondary,dMRI_composite_wm,axonal_loss_like,inferior fronto-occipital fasciculus (right),composite,A,G,genotype_pairwise,AA_vs_GG,AA,GG,30160,-0.005020985746740661,0.01472000031433351,-0.34109956790228513,0.7330310472234085,-0.033872835827356715,0.023830864333875396,nonrobust,ok,0.7330310472234085,0.13487763060818478,900,598.0,False,False,False
tract_geometry_like__tbss__anterior_limb_of_internal_capsule_left,,,secondary_composite,secondary_composite,mechanistic_composite,secondary,dMRI_composite_tbss,tract_geometry_like,anterior limb of internal capsule (left),composite,A,G,genotype_pairwise,AA_vs_GG,AA,GG,30160,-0.0062811576354673115,0.018464956703315806,-0.34016638849412445,0.7337336420563486,-0.042473287470571594,0.029910972199636968,nonrobust,ok,0.7337336420563486,0.13446156784838775,900,599.0,False,False,False
free_water_like__tbss__anterior_corona_radiata_right,,,secondary_composite,secondary_composite,mechanistic_composite,secondary,dMRI_composite_tbss,free_water_like,anterior corona radiata (right),composite,A,G,genotype_pairwise,AA_vs_AG,AA,AG,30160,0.006055649035705886,0.017890548518052416,0.33848313983193123,0.7350015310037112,-0.02901061541268638,0.04112191348409815,nonrobust,ok,0.7350015310037112,0.13371175628210297,900,600.0,False,False,False
free_water_like__tbss__superior_corona_radiata_right,,,secondary_composite,secondary_composite,mechanistic_composite,secondary,dMRI_composite_tbss,free_water_like,superior corona radiata (right),composite,A,G,genotype_pairwise,AA_vs_AG,AA,AG,30160,-0.005655385401373994,0.016870928253922047,-0.3352148332477951,0.7374654085985219,-0.038723149145170346,0.027412378342422355,nonrobust,ok,0.7374654085985219,0.13225834580011422,900,601.0,False,False,False
free_water_like__tbss__medial_lemniscus_left,,,secondary_composite,secondary_composite,mechanistic_composite,secondary,dMRI_composite_tbss,free_water_like,medial lemniscus (left),composite,A,G,genotype_pairwise,AA_vs_GG,AA,GG,30160,0.010358089715171164,0.030934405679015068,0.33484043051125334,0.7377478323773341,-0.05027471027973236,0.0709908897100747,nonrobust,ok,0.7377478323773341,0.13209205785368316,900,602.0,False,False,False
axonal_loss_like__tbss__posterior_thalamic_radiation_right,,,secondary_composite,secondary_composite,mechanistic_composite,secondary,dMRI_composite_tbss,axonal_loss_like,posterior thalamic radiation (right),composite,A,G,genotype_pairwise,AA_vs_AG,AA,AG,30160,-0.0039675996263667445,0.011874630033559928,-0.33412406240477094,0.7382883100692264,-0.027242398415429428,0.019307199162695937,nonrobust,ok,0.7382883100692264,0.13177400806760925,900,603.0,False,False,False
free_water_like__tbss__anterior_corona_radiata_right,,,secondary_composite,secondary_composite,mechanistic_composite,secondary,dMRI_composite_tbss,free_water_like,anterior corona radiata (right),composite,A,G,genotype_pairwise,AA_vs_GG,AA,GG,30160,0.007085296644017243,0.021233315339879613,0.3336877228357225,0.7386175782682098,-0.034532938262140773,0.048703531550175254,nonrobust,ok,0.7386175782682098,0.13158036084149524,900,604.0,False,False,False
demyelination_like__wm__posterior_thalamic_radiation_left,,,secondary_composite,secondary_composite,mechanistic_composite,secondary,dMRI_composite_wm,demyelination_like,posterior thalamic radiation (left),composite,A,G,genotype_pairwise,AA_vs_AG,AA,AG,30160,-0.006179495400948454,0.018567918217920296,-0.3328049665247066,0.7392838656109986,-0.04257343434746622,0.030214443545569312,nonrobust,ok,0.7392838656109986,0.13118877189334435,900,605.0,False,False,False
demyelination_like__tbss__posterior_limb_of_internal_capsule_left,,,secondary_composite,secondary_composite,mechanistic_composite,secondary,dMRI_composite_tbss,demyelination_like,posterior limb of internal capsule (left),composite,A,G,genotype_pairwise,AG_vs_GG,AG,GG,30160,-0.006918272558654678,0.02093030082033109,-0.330538610889647,0.7409953623315655,-0.04794258563712421,0.03410604051981486,nonrobust,ok,0.7409953623315655,0.1301845101314854,900,606.0,False,False,False
free_water_like__tbss__superior_cerebellar_peduncle_right,,,secondary_composite,secondary_composite,mechanistic_composite,secondary,dMRI_composite_tbss,free_water_like,superior cerebellar peduncle (right),composite,A,G,genotype_pairwise,AA_vs_AG,AA,AG,30160,0.007694471958013205,0.023343716798703763,0.3296164027504166,0.7416921591060184,-0.03806024292094872,0.05344918683697513,nonrobust,ok,0.7416921591060184,0.1297763121638681,900,607.0,False,False,False
axonal_loss_like__wm__corticospinal_tract_right,,,secondary_composite,secondary_composite,mechanistic_composite,secondary,dMRI_composite_wm,axonal_loss_like,corticospinal tract (right),composite,A,G,genotype_pairwise,AG_vs_GG,AG,GG,30160,0.00497961769054321,0.015271998825856274,0.3260619482311944,0.7443797907163134,-0.02495417382751086,0.034913409208597285,nonrobust,ok,0.7443797907163134,0.12820542611022318,900,608.0,False,False,False
free_water_like__tbss__superior_corona_radiata_right,,,secondary_composite,secondary_composite,mechanistic_composite,secondary,dMRI_composite_tbss,free_water_like,superior corona radiata (right),composite,A,G,genotype_pairwise,AA_vs_GG,AA,GG,30160,-0.0063932217079877215,0.020023183712368827,-0.3192909679012967,0.7495081339843173,-0.04563954523172849,0.032853101815753044,nonrobust,ok,0.7495081339843173,0.1252236496398025,900,609.0,False,False,False
free_water_like__tbss__retrolenticular_part_of_internal_capsule,,,secondary_composite,secondary_composite,mechanistic_composite,secondary,dMRI_composite_tbss,free_water_like,retrolenticular part of internal capsule (left),composite,A,G,genotype_pairwise,AA_vs_GG,AA,GG,30160,-0.008312820483559542,0.02617138783441632,-0.3176300980350718,0.7507677808276693,-0.059609895352842765,0.04298425438572369,nonrobust,ok,0.7507677808276693,0.12449437338286576,900,610.0,False,False,False
free_water_like__tbss__retrolenticular_part_of_internal_capsule,,,secondary_composite,secondary_composite,mechanistic_composite,secondary,dMRI_composite_tbss,free_water_like,retrolenticular part of internal capsule (right),composite,A,G,genotype_pairwise,AA_vs_GG,AA,GG,30160,-0.008312820483559542,0.02617138783441632,-0.3176300980350718,0.7507677808276693,-0.059609895352842765,0.04298425438572369,nonrobust,ok,0.7507677808276693,0.12449437338286576,900,610.0,False,False,False
demyelination_like__tbss__posterior_thalamic_radiation_left,,,secondary_composite,secondary_composite,mechanistic_composite,secondary,dMRI_composite_tbss,demyelination_like,posterior thalamic radiation (left),composite,A,G,genotype_pairwise,AA_vs_AG,AA,AG,30160,-0.005905268480388536,0.018592689816884677,-0.31761238091681354,0.7507812215390549,-0.04234776085382991,0.03053722389305284,nonrobust,ok,0.7507812215390549,0.12448659844274912,900,612.0,False,False,False
tract_geometry_like__wm__superior_longitudinal_fasciculus_right,,,secondary_composite,secondary_composite,mechanistic_composite,secondary,dMRI_composite_wm,tract_geometry_like,superior longitudinal fasciculus (right),composite,A,G,genotype_pairwise,AG_vs_GG,AG,GG,30160,-0.005545319378500613,0.017483486811921144,-0.317174682496373,0.7511132960545757,-0.03981372492281234,0.028723086165811117,nonrobust,ok,0.7511132960545757,0.12429455015928838,900,613.0,False,False,False
tract_geometry_like__tbss__fornix,,,secondary_composite,secondary_composite,mechanistic_composite,secondary,dMRI_composite_tbss,tract_geometry_like,fornix,composite,A,G,genotype_pairwise,AA_vs_GG,AA,GG,30160,0.005120276034233305,0.01621817629844844,0.3157121947628077,0.7522231952581677,-0.02666806507661549,0.0369086171450821,nonrobust,ok,0.7522231952581677,0.12365327897355773,900,614.0,False,False,False
demyelination_like__tbss__tapetum_left,,,secondary_composite,secondary_composite,mechanistic_composite,secondary,dMRI_composite_tbss,demyelination_like,tapetum (left),composite,A,G,genotype_pairwise,AA_vs_AG,AA,AG,30160,0.006938141522657035,0.02200546585353143,0.31529173564592383,0.7525423816086559,-0.0361935424584891,0.05006982550380318,nonrobust,ok,0.7525423816086559,0.12346903649097314,900,615.0,False,False,False
demyelination_like__tbss__superior_longitudinal_fasciculus_left,,,secondary_composite,secondary_composite,mechanistic_composite,secondary,dMRI_composite_tbss,demyelination_like,superior longitudinal fasciculus (left),composite,A,G,genotype_pairwise,AG_vs_GG,AG,GG,30160,0.006721899779800752,0.02133728365874477,0.31503071746650757,0.7527405516316464,-0.03510011761854309,0.0485439171781446,nonrobust,ok,0.7527405516316464,0.12335468702741367,900,616.0,False,False,False
tract_geometry_like__tbss__posterior_corona_radiata_left,,,secondary_composite,secondary_composite,mechanistic_composite,secondary,dMRI_composite_tbss,tract_geometry_like,posterior corona radiata (left),composite,A,G,genotype_pairwise,AA_vs_GG,AA,GG,30160,-0.005908927684128455,0.018780077699682363,-0.3146380850292433,0.7530386764211614,-0.042718708575637206,0.030900853207380292,nonrobust,ok,0.7530386764211614,0.12318271765729015,900,617.0,False,False,False
demyelination_like__tbss__external_capsule_left,,,secondary_composite,secondary_composite,mechanistic_composite,secondary,dMRI_composite_tbss,demyelination_like,external capsule (left),composite,A,G,genotype_pairwise,AA_vs_GG,AA,GG,30160,0.007873020038492742,0.025046895290005915,0.31433117547443873,0.7532717376990729,-0.04121999982975168,0.05696603990673717,nonrobust,ok,0.7532717376990729,0.12304832672856637,900,618.0,False,False,False
axonal_loss_like__wm__forceps_minor,,,secondary_composite,secondary_composite,mechanistic_composite,secondary,dMRI_composite_wm,axonal_loss_like,forceps minor,composite,A,G,genotype_pairwise,AA_vs_AG,AA,AG,30160,0.004037856176748726,0.012871197046918043,0.31371256006958376,0.7537415707875875,-0.021190257928258467,0.02926597028175592,nonrobust,ok,0.7537415707875875,0.12277753160921435,900,619.0,False,False,False
free_water_like__tbss__fornix_cres_stria_terminalis_left,,,secondary_composite,secondary_composite,mechanistic_composite,secondary,dMRI_composite_tbss,free_water_like,fornix cres+stria terminalis (left),composite,A,G,genotype_pairwise,AA_vs_AG,AA,AG,30160,0.006673433849163614,0.021369122738958878,0.31229329957457813,0.7548198312870151,-0.035210989551179274,0.0485578572495065,nonrobust,ok,0.7548198312870151,0.12215669819261288,900,620.0,False,False,False
free_water_like__tbss__medial_lemniscus_left,,,secondary_composite,secondary_composite,mechanistic_composite,secondary,dMRI_composite_tbss,free_water_like,medial lemniscus (left),composite,A,G,genotype_pairwise,AG_vs_GG,AG,GG,30160,-0.008586781468982762,0.027506228164814454,-0.3121758976742163,0.7549090469401498,-0.06250020228064382,0.0453266393426783,nonrobust,ok,0.7549090469401498,0.12210536994890016,900,621.0,False,False,False
axonal_loss_like__wm__inferior_fronto_occipital_fasciculus_lef,,,secondary_composite,secondary_composite,mechanistic_composite,secondary,dMRI_composite_wm,axonal_loss_like,inferior fronto-occipital fasciculus (left),composite,A,G,genotype_pairwise,AA_vs_GG,AA,GG,30160,-0.004609135244045219,0.014769387311876627,-0.3120735577391784,0.7549868194233833,-0.03355778601886088,0.024339515530770437,nonrobust,ok,0.7549868194233833,0.12206063022731467,900,622.0,False,False,False
free_water_like__tbss__sagittal_stratum_right,,,secondary_composite,secondary_composite,mechanistic_composite,secondary,dMRI_composite_tbss,free_water_like,sagittal stratum (right),composite,A,G,genotype_pairwise,AA_vs_AG,AA,AG,30160,-0.00619617790775538,0.019872080479178014,-0.311803181063389,0.7551923021439219,-0.04514633242758162,0.032753976612070856,nonrobust,ok,0.7551923021439219,0.12194244555513556,900,623.0,False,False,False
free_water_like__tbss__sagittal_stratum_left,,,secondary_composite,secondary_composite,mechanistic_composite,secondary,dMRI_composite_tbss,free_water_like,sagittal stratum (left),composite,A,G,genotype_pairwise,AG_vs_GG,AG,GG,30160,-0.006492780852338177,0.02083617213479561,-0.3116110200249057,0.7553383525404994,-0.04733259755408477,0.03434703584940842,nonrobust,ok,0.7553383525404994,0.12185846330517014,900,624.0,False,False,False
tract_geometry_like__wm__acoustic_radiation_right,,,secondary_composite,secondary_composite,mechanistic_composite,secondary,dMRI_composite_wm,tract_geometry_like,acoustic radiation (right),composite,A,G,genotype_pairwise,AG_vs_GG,AG,GG,30160,-0.005853953199036786,0.018833569332619385,-0.31082547846614766,0.7559354877605776,-0.04276858005121875,0.031060673653145177,nonrobust,ok,0.7559354877605776,0.12151526601344163,900,625.0,False,False,False
demyelination_like__wm__acoustic_radiation_left,,,secondary_composite,secondary_composite,mechanistic_composite,secondary,dMRI_composite_wm,demyelination_like,acoustic radiation (left),composite,A,G,genotype_pairwise,AA_vs_GG,AA,GG,30160,0.007468938399725947,0.02430038641715672,0.3073588325514313,0.7585724214587442,-0.04016089114084423,0.055098767940296126,nonrobust,ok,0.7585724214587442,0.12000295048902114,900,626.0,False,False,False
axonal_loss_like__tbss__superior_fronto_occipital_fasciculus_lef,,,secondary_composite,secondary_composite,mechanistic_composite,secondary,dMRI_composite_tbss,axonal_loss_like,superior fronto-occipital fasciculus (left),composite,A,G,genotype_pairwise,AA_vs_AG,AA,AG,30160,0.0030416527362514476,0.009928310488249352,0.30636156472457166,0.7593315236634628,-0.01641827386998981,0.022501579342492705,nonrobust,ok,0.7593315236634628,0.1195685700036775,900,627.0,False,False,False
free_water_like__tbss__posterior_limb_of_internal_capsule_right,,,secondary_composite,secondary_composite,mechanistic_composite,secondary,dMRI_composite_tbss,free_water_like,posterior limb of internal capsule (right),composite,A,G,genotype_pairwise,AA_vs_GG,AA,GG,30160,-0.007009240592810899,0.023033033552169208,-0.3043125247456075,0.7608919429643486,-0.05215500260083805,0.03813652141521626,nonrobust,ok,0.7608919429643486,0.11867701459132647,900,628.0,False,False,False
demyelination_like__tbss__corticospinal_tract_right,,,secondary_composite,secondary_composite,mechanistic_composite,secondary,dMRI_composite_tbss,demyelination_like,corticospinal tract (right),composite,A,G,genotype_pairwise,AA_vs_GG,AA,GG,30160,-0.00796048601227184,0.026346764671325452,-0.30214282898027517,0.7625453069445158,-0.059601307219738754,0.043680335195195076,nonrobust,ok,0.7625453069445158,0.11773434742847072,900,629.0,False,False,False
demyelination_like__tbss__corticospinal_tract_left,,,secondary_composite,secondary_composite,mechanistic_composite,secondary,dMRI_composite_tbss,demyelination_like,corticospinal tract (left),composite,A,G,genotype_pairwise,AG_vs_GG,AG,GG,30160,0.0071194447702499376,0.023649898345076532,0.30103489944734046,0.7633899963861025,-0.0392353994487091,0.05347428898920897,nonrobust,ok,0.7633899963861025,0.11725353543064593,900,630.0,False,False,False
demyelination_like__tbss__posterior_thalamic_radiation_left,,,secondary_composite,secondary_composite,mechanistic_composite,secondary,dMRI_composite_tbss,demyelination_like,posterior thalamic radiation (left),composite,A,G,genotype_pairwise,AG_vs_GG,AG,GG,30160,-0.005901299956054807,0.019621203497488787,-0.30076136546925286,0.7635985830783911,-0.044359724522769095,0.03255712461065949,nonrobust,ok,0.7635985830783911,0.11713488614768323,900,631.0,False,False,False
tract_geometry_like__wm__superior_longitudinal_fasciculus_right,,,secondary_composite,secondary_composite,mechanistic_composite,secondary,dMRI_composite_wm,tract_geometry_like,superior longitudinal fasciculus (right),composite,A,G,genotype_pairwise,AA_vs_AG,AA,AG,30160,0.004955801112837718,0.016567028992551202,0.2991363819708364,0.764838087511134,-0.027516306670262513,0.037427908895937945,nonrobust,ok,0.764838087511134,0.11643049313775167,900,632.0,False,False,False
axonal_loss_like__tbss__superior_cerebellar_peduncle_right,,,secondary_composite,secondary_composite,mechanistic_composite,secondary,dMRI_composite_tbss,axonal_loss_like,superior cerebellar peduncle (right),composite,A,G,genotype_pairwise,AA_vs_GG,AA,GG,30160,-0.0052611991309197605,0.01758947702157898,-0.29911060598704886,0.7648577537720588,-0.039737350162579295,0.02921495190073977,nonrobust,ok,0.7648577537720588,0.11641932627912623,900,633.0,False,False,False
axonal_loss_like__tbss__superior_longitudinal_fasciculus_left,,,secondary_composite,secondary_composite,mechanistic_composite,secondary,dMRI_composite_tbss,axonal_loss_like,superior longitudinal fasciculus (left),composite,A,G,genotype_pairwise,AG_vs_GG,AG,GG,30160,0.004073938369466488,0.013658502070173191,0.29827124149748213,0.7654982451422547,-0.022697328317986962,0.030845205056919938,nonrobust,ok,0.7654982451422547,0.11605580055802436,900,634.0,False,False,False
demyelination_like__wm__acoustic_radiation_right,,,secondary_composite,secondary_composite,mechanistic_composite,secondary,dMRI_composite_wm,demyelination_like,acoustic radiation (right),composite,A,G,genotype_pairwise,AG_vs_GG,AG,GG,30160,-0.006659178086057132,0.0223366749340712,-0.2981275460968261,0.7656079104546939,-0.0504400464784133,0.03712169030629904,nonrobust,ok,0.7656079104546939,0.11599358796753105,900,635.0,False,False,False
free_water_like__tbss__superior_longitudinal_fasciculus_left,,,secondary_composite,secondary_composite,mechanistic_composite,secondary,dMRI_composite_tbss,free_water_like,superior longitudinal fasciculus (left),composite,A,G,genotype_pairwise,AA_vs_AG,AA,AG,30160,-0.0057529379444803165,0.01942978818789021,-0.2960885568513756,0.7671645295760895,-0.043836180058902455,0.03233030416994183,nonrobust,ok,0.7671645295760895,0.11511148530231906,900,636.0,False,False,False
demyelination_like__tbss__anterior_corona_radiata_left,,,secondary_composite,secondary_composite,mechanistic_composite,secondary,dMRI_composite_tbss,demyelination_like,anterior corona radiata (left),composite,A,G,genotype_pairwise,AA_vs_AG,AA,AG,30160,-0.005101009194289115,0.01731485949627425,-0.2946029793303684,0.768299251645213,-0.03903889775988832,0.02883687937131009,nonrobust,ok,0.768299251645213,0.1144695898322291,900,637.0,False,False,False
axonal_loss_like__tbss__cingulum_hippocampus_left,,,secondary_composite,secondary_composite,mechanistic_composite,secondary,dMRI_composite_tbss,axonal_loss_like,cingulum hippocampus (left),composite,A,G,genotype_pairwise,AG_vs_GG,AG,GG,30160,0.004576782104429407,0.01567879748324534,0.2919090006309631,0.7703582469950148,-0.026154352730564445,0.035307916939423256,nonrobust,ok,0.7703582469950148,0.11330726377430753,900,638.0,False,False,False
axonal_loss_like__wm__superior_thalamic_radiation_left,,,secondary_composite,secondary_composite,mechanistic_composite,secondary,dMRI_composite_wm,axonal_loss_like,superior thalamic radiation (left),composite,A,G,genotype_pairwise,AG_vs_GG,AG,GG,30160,-0.003449992154958617,0.012076102475685916,-0.28568755208105,0.7751194383310291,-0.027119685819800236,0.020219701509883,nonrobust,ok,0.7751194383310291,0.11063137180149635,900,639.0,False,False,False
tract_geometry_like__wm__cingulate_gyrus_part_of_cingulum_right,,,secondary_composite,secondary_composite,mechanistic_composite,secondary,dMRI_composite_wm,tract_geometry_like,cingulate gyrus part of cingulum (right),composite,A,G,genotype_pairwise,AA_vs_AG,AA,AG,30160,0.005533433959801812,0.019432300618595032,0.28475444407785633,0.7758342680045403,-0.03255473262965332,0.04362160054925694,nonrobust,ok,0.7758342680045403,0.11023104185815798,900,640.0,False,False,False
free_water_like__tbss__posterior_corona_radiata_right,,,secondary_composite,secondary_composite,mechanistic_composite,secondary,dMRI_composite_tbss,free_water_like,posterior corona radiata (right),composite,A,G,genotype_pairwise,AA_vs_GG,AA,GG,30160,-0.005919887220934405,0.020838863155223094,-0.284079183055177,0.7763516863512575,-0.04676497844145,0.0349252039995812,nonrobust,ok,0.7763516863512575,0.10994149930623935,900,641.0,False,False,False
axonal_loss_like__tbss__cingulum_hippocampus_right,,,secondary_composite,secondary_composite,mechanistic_composite,secondary,dMRI_composite_tbss,axonal_loss_like,cingulum hippocampus (right),composite,A,G,genotype_pairwise,AG_vs_GG,AG,GG,30160,-0.004509047829937181,0.015907786327717267,-0.2834491070627939,0.7768345712266616,-0.03568901090336553,0.026670915243491165,nonrobust,ok,0.7768345712266616,0.1096714553980909,900,642.0,False,False,False
demyelination_like__tbss__inferior_cerebellar_peduncle_left,,,secondary_composite,secondary_composite,mechanistic_composite,secondary,dMRI_composite_tbss,demyelination_like,inferior cerebellar peduncle (left),composite,A,G,genotype_pairwise,AA_vs_GG,AA,GG,30160,-0.006651897735974896,0.023850047295441393,-0.2789050123706176,0.7803196699725846,-0.053399042728466975,0.04009524725651718,nonrobust,ok,0.7803196699725846,0.10772744543242954,900,643.0,False,False,False
axonal_loss_like__tbss__anterior_limb_of_internal_capsule_left,,,secondary_composite,secondary_composite,mechanistic_composite,secondary,dMRI_composite_tbss,axonal_loss_like,anterior limb of internal capsule (left),composite,A,G,genotype_pairwise,AA_vs_GG,AA,GG,30160,-0.004166963132835525,0.014965300427530893,-0.2784416626324305,0.780675286031287,-0.033499612258261216,0.02516568599259017,nonrobust,ok,0.780675286031287,0.1075295689510887,900,644.0,False,False,False
axonal_loss_like__wm__forceps_major,,,secondary_composite,secondary_composite,mechanistic_composite,secondary,dMRI_composite_wm,axonal_loss_like,forceps major,composite,A,G,genotype_pairwise,AG_vs_GG,AG,GG,30160,-0.00398717150795342,0.014455563165923767,-0.2758226339705959,0.7826862236430254,-0.032320713110394084,0.024346370094487247,nonrobust,ok,0.7826862236430254,0.10641231029468044,900,645.0,False,False,False
demyelination_like__tbss__fornix,,,secondary_composite,secondary_composite,mechanistic_composite,secondary,dMRI_composite_tbss,demyelination_like,fornix,composite,A,G,genotype_pairwise,AA_vs_AG,AA,AG,30160,0.004616036087488185,0.016744542711144134,0.27567406092350527,0.7828003443963665,-0.028204006416177835,0.03743607859115421,nonrobust,ok,0.7828003443963665,0.10634899194427579,900,646.0,False,False,False
free_water_like__wm__acoustic_radiation_right,,,secondary_composite,secondary_composite,mechanistic_composite,secondary,dMRI_composite_wm,free_water_like,acoustic radiation (right),composite,A,G,genotype_pairwise,AA_vs_AG,AA,AG,30160,-0.007042286260822848,0.025563481310811063,-0.2754822856558505,0.7829476562080077,-0.057147837522256106,0.043063265000610404,nonrobust,ok,0.7829476562080077,0.10626727163286039,900,647.0,False,False,False
tract_geometry_like__wm__inferior_fronto_occipital_fasciculus_lef,,,secondary_composite,secondary_composite,mechanistic_composite,secondary,dMRI_composite_wm,tract_geometry_like,inferior fronto-occipital fasciculus (left),composite,A,G,genotype_pairwise,AA_vs_GG,AA,GG,30160,0.005405269324702533,0.019628224344916748,0.2753824915447521,0.7830243159461163,-0.03306691641273899,0.043877455062144056,nonrobust,ok,0.7830243159461163,0.1062247512022737,900,648.0,False,False,False
demyelination_like__wm__parahippocampal_part_of_cingulum_left,,,secondary_composite,secondary_composite,mechanistic_composite,secondary,dMRI_composite_wm,demyelination_like,parahippocampal part of cingulum (left),composite,A,G,genotype_pairwise,AA_vs_GG,AA,GG,30160,0.007408188632123098,0.026967473858824663,0.2747082901018143,0.7835422784820485,-0.04544924996929522,0.06026562723354142,nonrobust,ok,0.7835422784820485,0.1059375648417511,900,649.0,False,False,False
demyelination_like__wm__forceps_minor,,,secondary_composite,secondary_composite,mechanistic_composite,secondary,dMRI_composite_wm,demyelination_like,forceps minor,composite,A,G,genotype_pairwise,AA_vs_GG,AA,GG,30160,-0.006332991518806591,0.023078007828411677,-0.27441673327668914,0.7837662998891768,-0.051566905092589384,0.0389009220549762,nonrobust,ok,0.7837662998891768,0.10581341409958177,900,650.0,False,False,False
demyelination_like__wm__middle_cerebellar_peduncle,,,secondary_composite,secondary_composite,mechanistic_composite,secondary,dMRI_composite_wm,demyelination_like,middle cerebellar peduncle,composite,A,G,genotype_pairwise,AG_vs_GG,AG,GG,30160,-0.005228698734022777,0.019083585599753494,-0.2739893248410465,0.7840947370086916,-0.04263336850081287,0.032175971032767314,nonrobust,ok,0.7840947370086916,0.1056314612002022,900,651.0,False,False,False
axonal_loss_like__wm__anterior_thalamic_radiation_left,,,secondary_composite,secondary_composite,mechanistic_composite,secondary,dMRI_composite_wm,axonal_loss_like,anterior thalamic radiation (left),composite,A,G,genotype_pairwise,AG_vs_GG,AG,GG,30160,-0.0033302785220400387,0.012166587694127661,-0.27372329906827,0.7842991808933288,-0.027177327207346627,0.02051677016326655,nonrobust,ok,0.7842991808933288,0.1055182385583056,900,652.0,False,False,False
free_water_like__wm__forceps_minor,,,secondary_composite,secondary_composite,mechanistic_composite,secondary,dMRI_composite_wm,free_water_like,forceps minor,composite,A,G,genotype_pairwise,AG_vs_GG,AG,GG,30160,0.006247591791832529,0.022867989990211925,0.2732024893533124,0.7846994722780298,-0.038574677552833364,0.05106986113649842,nonrobust,ok,0.7846994722780298,0.10529663946011714,900,653.0,False,False,False
axonal_loss_like__wm__cingulate_gyrus_part_of_cingulum_right,,,secondary_composite,secondary_composite,mechanistic_composite,secondary,dMRI_composite_wm,axonal_loss_like,cingulate gyrus part of cingulum (right),composite,A,G,genotype_pairwise,AA_vs_AG,AA,AG,30160,-0.004691751233270024,0.01718040227600332,-0.2730873909642509,0.78478794393402,-0.038366097714720236,0.02898259524818019,nonrobust,ok,0.78478794393402,0.10524767729368603,900,654.0,False,False,False
axonal_loss_like__wm__superior_longitudinal_fasciculus_left,,,secondary_composite,secondary_composite,mechanistic_composite,secondary,dMRI_composite_wm,axonal_loss_like,superior longitudinal fasciculus (left),composite,A,G,genotype_pairwise,AA_vs_GG,AA,GG,30160,0.0036773348558094047,0.013543235027749895,0.271525588109089,0.785988715498709,-0.022868003342770674,0.03022267305438948,nonrobust,ok,0.785988715498709,0.10458368911558208,900,655.0,False,False,False
demyelination_like__tbss__body_of_corpus_callosum,,,secondary_composite,secondary_composite,mechanistic_composite,secondary,dMRI_composite_tbss,demyelination_like,body of corpus callosum,composite,A,G,genotype_pairwise,AA_vs_AG,AA,AG,30160,0.0056020815484774025,0.020923653736421494,0.2677391634868217,0.7889019671366042,-0.035409202952251806,0.046613366049206614,nonrobust,ok,0.7889019671366042,0.10297696101973901,900,656.0,False,False,False
tract_geometry_like__tbss__tapetum_right,,,secondary_composite,secondary_composite,mechanistic_composite,secondary,dMRI_composite_tbss,tract_geometry_like,tapetum (right),composite,A,G,genotype_pairwise,AA_vs_GG,AA,GG,30160,0.005798514498539789,0.021699591221463633,0.26721768347434705,0.7893034230088438,-0.03673364170818841,0.04833067070526799,nonrobust,ok,0.7893034230088438,0.10275601376548361,900,657.0,False,False,False
free_water_like__wm__acoustic_radiation_right,,,secondary_composite,secondary_composite,mechanistic_composite,secondary,dMRI_composite_wm,free_water_like,acoustic radiation (right),composite,A,G,genotype_pairwise,AA_vs_GG,AA,GG,30160,-0.008087566257777828,0.03033990038426502,-0.26656535306135115,0.7898056914331538,-0.0675551096446663,0.051379977129110646,nonrobust,ok,0.7898056914331538,0.10247974101083583,900,658.0,False,False,False
tract_geometry_like__wm__acoustic_radiation_left,,,secondary_composite,secondary_composite,mechanistic_composite,secondary,dMRI_composite_wm,tract_geometry_like,acoustic radiation (left),composite,A,G,genotype_pairwise,AG_vs_GG,AG,GG,30160,0.005095406818618703,0.01935974452767659,0.26319597406537754,0.7924013653717639,-0.03285054663137229,0.0430413602686097,nonrobust,ok,0.7924013653717639,0.10105478480826095,900,659.0,False,False,False
free_water_like__wm__anterior_thalamic_radiation_right,,,secondary_composite,secondary_composite,mechanistic_composite,secondary,dMRI_composite_wm,free_water_like,anterior thalamic radiation (right),composite,A,G,genotype_pairwise,AG_vs_GG,AG,GG,30160,-0.005228532967154857,0.019874867749219944,-0.2630725916332232,0.7924964595722062,-0.04418415065924106,0.03372708472493135,nonrobust,ok,0.7924964595722062,0.10100266928899825,900,660.0,False,False,False
free_water_like__tbss__fornix,,,secondary_composite,secondary_composite,mechanistic_composite,secondary,dMRI_composite_tbss,free_water_like,fornix,composite,A,G,genotype_pairwise,AA_vs_GG,AA,GG,30160,0.005626795667000959,0.021484755671006908,0.26189712152948363,0.7934025809881553,-0.036484273382023286,0.0477378647160252,nonrobust,ok,0.7934025809881553,0.1005063910724928,900,661.0,False,False,False
tract_geometry_like__tbss__corticospinal_tract_right,,,secondary_composite,secondary_composite,mechanistic_composite,secondary,dMRI_composite_tbss,tract_geometry_like,corticospinal tract (right),composite,A,G,genotype_pairwise,AA_vs_GG,AA,GG,30160,-0.005854262257132857,0.02237359797584764,-0.26165940156127543,0.7935858634610069,-0.04970750144046088,0.037998976926195166,nonrobust,ok,0.7935858634610069,0.10040607708820218,900,662.0,False,False,False
free_water_like__wm__anterior_thalamic_radiation_left,,,secondary_composite,secondary_composite,mechanistic_composite,secondary,dMRI_composite_wm,free_water_like,anterior thalamic radiation (left),composite,A,G,genotype_pairwise,AG_vs_GG,AG,GG,30160,0.00520838036232607,0.019915613677150105,0.2615224640705815,0.7936914476597483,-0.033827101146263715,0.044243861870915856,nonrobust,ok,0.7936914476597483,0.10034829936450396,900,663.0,False,False,False
free_water_like__wm__superior_longitudinal_fasciculus_right,,,secondary_composite,secondary_composite,mechanistic_composite,secondary,dMRI_composite_wm,free_water_like,superior longitudinal fasciculus (right),composite,A,G,genotype_pairwise,AA_vs_GG,AA,GG,30160,-0.006510739112564976,0.0252343664767387,-0.25801080120504083,0.796400364720899,-0.05597121077826504,0.0429497325531351,nonrobust,ok,0.796400364720899,0.09886854975432467,900,664.0,False,False,False
axonal_loss_like__tbss__uncinate_fasciculus_left,,,secondary_composite,secondary_composite,mechanistic_composite,secondary,dMRI_composite_tbss,axonal_loss_like,uncinate fasciculus (left),composite,A,G,genotype_pairwise,AG_vs_GG,AG,GG,30160,-0.004412928004153837,0.01710757655081236,-0.25795167369537725,0.7964459971326916,-0.03794453285106919,0.029118676842761513,nonrobust,ok,0.7964459971326916,0.09884366611819068,900,665.0,False,False,False
tract_geometry_like__tbss__fornix,,,secondary_composite,secondary_composite,mechanistic_composite,secondary,dMRI_composite_tbss,tract_geometry_like,fornix,composite,A,G,genotype_pairwise,AG_vs_GG,AG,GG,30160,0.0037010955713195587,0.014420864015012566,0.2566486701120407,0.7974517832221446,-0.024564434164365927,0.031966625307005045,nonrobust,ok,0.7974517832221446,0.09829556646966152,900,666.0,False,False,False
axonal_loss_like__tbss__inferior_cerebellar_peduncle_left,,,secondary_composite,secondary_composite,mechanistic_composite,secondary,dMRI_composite_tbss,axonal_loss_like,inferior cerebellar peduncle (left),composite,A,G,genotype_pairwise,AA_vs_GG,AA,GG,30160,0.00435577338610549,0.0169754530924459,0.2565924669217704,0.7974951739420151,-0.02891686365296208,0.03762841042517306,nonrobust,ok,0.7974951739420151,0.0982719364045668,900,667.0,False,False,False
axonal_loss_like__wm__posterior_thalamic_radiation_right,,,secondary_composite,secondary_composite,mechanistic_composite,secondary,dMRI_composite_wm,axonal_loss_like,posterior thalamic radiation (right),composite,A,G,genotype_pairwise,AA_vs_GG,AA,GG,30160,0.003726941375762149,0.014557556923169955,0.25601420591598795,0.7979416468625543,-0.024806512490971086,0.03226039524249538,nonrobust,ok,0.7979416468625543,0.09802886726106634,900,668.0,False,False,False
free_water_like__wm__parahippocampal_part_of_cingulum_right,,,secondary_composite,secondary_composite,mechanistic_composite,secondary,dMRI_composite_wm,free_water_like,parahippocampal part of cingulum (right),composite,A,G,genotype_pairwise,AA_vs_AG,AA,AG,30160,0.006899852294228759,0.027098965215071685,0.25461681800274993,0.7990208368776348,-0.04621531516699412,0.060015019755451635,nonrobust,ok,0.7990208368776348,0.09744189500017451,900,669.0,False,False,False
tract_geometry_like__wm__medial_lemniscus_left,,,secondary_composite,secondary_composite,mechanistic_composite,secondary,dMRI_composite_wm,tract_geometry_like,medial lemniscus (left),composite,A,G,genotype_pairwise,AG_vs_GG,AG,GG,30160,0.004756107238708586,0.018769999944420804,0.25338877212529193,0.799969562701978,-0.032033920807844556,0.04154613528526172,nonrobust,ok,0.799969562701978,0.09692653676061362,900,670.0,False,False,False
tract_geometry_like__tbss__external_capsule_left,,,secondary_composite,secondary_composite,mechanistic_composite,secondary,dMRI_composite_tbss,tract_geometry_like,external capsule (left),composite,A,G,genotype_pairwise,AG_vs_GG,AG,GG,30160,0.004756954642071109,0.018777306772139266,0.25333529988066317,0.8000108793583111,-0.032047395109196436,0.04156130439333866,nonrobust,ok,0.8000108793583111,0.09690410699161345,900,671.0,False,False,False
free_water_like__tbss__sagittal_stratum_left,,,secondary_composite,secondary_composite,mechanistic_composite,secondary,dMRI_composite_tbss,free_water_like,sagittal stratum (left),composite,A,G,genotype_pairwise,AA_vs_GG,AA,GG,30160,-0.005920526382771942,0.023433042064271867,-0.25265718238943086,0.8005348921800433,-0.05185032272338795,0.04000926995784407,nonrobust,ok,0.8005348921800433,0.09661973413692491,900,672.0,False,False,False
demyelination_like__tbss__posterior_corona_radiata_right,,,secondary_composite,secondary_composite,mechanistic_composite,secondary,dMRI_composite_tbss,demyelination_like,posterior corona radiata (right),composite,A,G,genotype_pairwise,AA_vs_GG,AA,GG,30160,-0.005399040469044757,0.02146357420938838,-0.25154433350076255,0.8013950365881141,-0.04746859291874454,0.03667051198065503,nonrobust,ok,0.8013950365881141,0.09615335168254129,900,673.0,False,False,False
free_water_like__wm__cingulate_gyrus_part_of_cingulum_left,,,secondary_composite,secondary_composite,mechanistic_composite,secondary,dMRI_composite_wm,free_water_like,cingulate gyrus part of cingulum (left),composite,A,G,genotype_pairwise,AG_vs_GG,AG,GG,30160,-0.0048380882332004806,0.019297378125986753,-0.25071220564856345,0.8020383631950203,-0.042661800784197026,0.03298562431779606,nonrobust,ok,0.8020383631950203,0.09580485799334836,900,674.0,False,False,False
free_water_like__wm__superior_longitudinal_fasciculus_left,,,secondary_composite,secondary_composite,mechanistic_composite,secondary,dMRI_composite_wm,free_water_like,superior longitudinal fasciculus (left),composite,A,G,genotype_pairwise,AG_vs_GG,AG,GG,30160,-0.005598413077748898,0.02242924224721947,-0.24960330875390707,0.8028958713511257,-0.0495607174880594,0.038363891332561614,nonrobust,ok,0.8028958713511257,0.09534077530658773,900,675.0,False,False,False
tract_geometry_like__tbss__superior_corona_radiata_right,,,secondary_composite,secondary_composite,mechanistic_composite,secondary,dMRI_composite_tbss,tract_geometry_like,superior corona radiata (right),composite,A,G,genotype_pairwise,AG_vs_GG,AG,GG,30160,0.004550297606202217,0.018373471288350193,0.24765584765070275,0.8044024137675585,-0.03146251677912041,0.04056311199152484,nonrobust,ok,0.8044024137675585,0.09452663488738113,900,676.0,False,False,False
axonal_loss_like__tbss__posterior_thalamic_radiation_right,,,secondary_composite,secondary_composite,mechanistic_composite,secondary,dMRI_composite_tbss,axonal_loss_like,posterior thalamic radiation (right),composite,A,G,genotype_pairwise,AA_vs_GG,AA,GG,30160,0.003486212364880909,0.014093350116826447,0.24736576725775244,0.8046268802725958,-0.02413737568004369,0.03110980040980551,nonrobust,ok,0.8046268802725958,0.0944054629913774,900,677.0,False,False,False
demyelination_like__tbss__sagittal_stratum_left,,,secondary_composite,secondary_composite,mechanistic_composite,secondary,dMRI_composite_tbss,demyelination_like,sagittal stratum (left),composite,A,G,genotype_pairwise,AA_vs_AG,AA,AG,30160,-0.004913017540924273,0.019957950913847295,-0.2461684349326416,0.8055535557694009,-0.04403148190141151,0.034205446819562974,nonrobust,ok,0.8055535557694009,0.09390558100274907,900,678.0,False,False,False
tract_geometry_like__tbss__fornix_cres_stria_terminalis_right,,,secondary_composite,secondary_composite,mechanistic_composite,secondary,dMRI_composite_tbss,tract_geometry_like,fornix cres+stria terminalis (right),composite,A,G,genotype_pairwise,AA_vs_GG,AA,GG,30160,0.004963197353401743,0.020249290531120484,0.24510475296771334,0.8063770217366928,-0.03472630551120327,0.044652700218006755,nonrobust,ok,0.8063770217366928,0.09346185623974616,900,679.0,False,False,False
axonal_loss_like__tbss__fornix_cres_stria_terminalis_right,,,secondary_composite,secondary_composite,mechanistic_composite,secondary,dMRI_composite_tbss,axonal_loss_like,fornix cres+stria terminalis (right),composite,A,G,genotype_pairwise,AA_vs_AG,AA,AG,30160,-0.0029991624035817957,0.01224813293819873,-0.24486690491643756,0.80656118491784,-0.02700604336514417,0.021007718557980577,nonrobust,ok,0.80656118491784,0.09336268188407702,900,680.0,False,False,False
free_water_like__wm__middle_cerebellar_peduncle,,,secondary_composite,secondary_composite,mechanistic_composite,secondary,dMRI_composite_wm,free_water_like,middle cerebellar peduncle,composite,A,G,genotype_pairwise,AA_vs_GG,AA,GG,30160,-0.007705598777826212,0.03165310454640537,-0.24343895767093993,0.8076670542363297,-0.0697470802626929,0.05433588270704047,nonrobust,ok,0.8076670542363297,0.09276763218018477,900,681.0,False,False,False
tract_geometry_like__tbss__cingulum_cingulate_gyrus_left,,,secondary_composite,secondary_composite,mechanistic_composite,secondary,dMRI_composite_tbss,tract_geometry_like,cingulum cingulate gyrus (left),composite,A,G,genotype_pairwise,AG_vs_GG,AG,GG,30160,0.004698521015676143,0.01936800832128984,0.24259185238532768,0.8083232741414315,-0.03326362983440556,0.04266067186575785,nonrobust,ok,0.8083232741414315,0.0924149163323715,900,682.0,False,False,False
tract_geometry_like__wm__cingulate_gyrus_part_of_cingulum_left,,,secondary_composite,secondary_composite,mechanistic_composite,secondary,dMRI_composite_wm,tract_geometry_like,cingulate gyrus part of cingulum (left),composite,A,G,genotype_pairwise,AA_vs_AG,AA,AG,30160,0.004557293647476628,0.01888335622673606,0.2413391768262132,0.8092939208081223,-0.032454917713833034,0.0415695050087863,nonrobust,ok,0.8092939208081223,0.09189372189510746,900,683.0,False,False,False
free_water_like__wm__uncinate_fasciculus_left,,,secondary_composite,secondary_composite,mechanistic_composite,secondary,dMRI_composite_wm,free_water_like,uncinate fasciculus (left),composite,A,G,genotype_pairwise,AG_vs_GG,AG,GG,30160,-0.0058084038912963945,0.024128834520358695,-0.2407245939042582,0.8097702431968326,-0.05310198414506172,0.04148517636246893,nonrobust,ok,0.8097702431968326,0.09163818638812639,900,684.0,False,False,False
demyelination_like__tbss__superior_corona_radiata_right,,,secondary_composite,secondary_composite,mechanistic_composite,secondary,dMRI_composite_tbss,demyelination_like,superior corona radiata (right),composite,A,G,genotype_pairwise,AA_vs_AG,AA,AG,30160,-0.004295697481733389,0.017853688053465905,-0.24060560870500214,0.80986246886754,-0.03928971379320705,0.030698318829740272,nonrobust,ok,0.80986246886754,0.09158872690311723,900,685.0,False,False,False
axonal_loss_like__wm__medial_lemniscus_left,,,secondary_composite,secondary_composite,mechanistic_composite,secondary,dMRI_composite_wm,axonal_loss_like,medial lemniscus (left),composite,A,G,genotype_pairwise,AA_vs_GG,AA,GG,30160,0.003994840817573823,0.016643917517094948,0.24001806146123514,0.8103179166218432,-0.02862797186604844,0.036617653501196085,nonrobust,ok,0.8103179166218432,0.09134455847166258,900,686.0,False,False,False
tract_geometry_like__wm__parahippocampal_part_of_cingulum_right,,,secondary_composite,secondary_composite,mechanistic_composite,secondary,dMRI_composite_wm,tract_geometry_like,parahippocampal part of cingulum (right),composite,A,G,genotype_pairwise,AA_vs_GG,AA,GG,30160,-0.00539325389680607,0.022478079149089863,-0.23993393123292936,0.8103831369338007,-0.04945128078952674,0.03866477299591461,nonrobust,ok,0.8103831369338007,0.09130960468232022,900,687.0,False,False,False
free_water_like__tbss__posterior_thalamic_radiation_left,,,secondary_composite,secondary_composite,mechanistic_composite,secondary,dMRI_composite_tbss,free_water_like,posterior thalamic radiation (left),composite,A,G,genotype_pairwise,AA_vs_AG,AA,AG,30160,-0.004497688870872637,0.018746912993779053,-0.23991623966917341,0.8103968521396998,-0.04124246547554328,0.032247087733798,nonrobust,ok,0.8103968521396998,0.09130225459374502,900,688.0,False,False,False
tract_geometry_like__wm__acoustic_radiation_right,,,secondary_composite,secondary_composite,mechanistic_composite,secondary,dMRI_composite_wm,tract_geometry_like,acoustic radiation (right),composite,A,G,genotype_pairwise,AA_vs_GG,AA,GG,30160,-0.005073539197583357,0.021180849319950196,-0.23953426611673223,0.8106929874642608,-0.04658893838981437,0.03644185999464766,nonrobust,ok,0.8106929874642608,0.0911435836359214,900,689.0,False,False,False
demyelination_like__tbss__cingulum_hippocampus_left,,,secondary_composite,secondary_composite,mechanistic_composite,secondary,dMRI_composite_tbss,demyelination_like,cingulum hippocampus (left),composite,A,G,genotype_pairwise,AA_vs_AG,AA,AG,30160,-0.0049824551001420424,0.020831324318887758,-0.23918090966614405,0.8109669607358746,-0.045812769868817646,0.03584785966853356,nonrobust,ok,0.8109669607358746,0.09099683883740185,900,690.0,False,False,False
tract_geometry_like__tbss__inferior_cerebellar_peduncle_left,,,secondary_composite,secondary_composite,mechanistic_composite,secondary,dMRI_composite_tbss,tract_geometry_like,inferior cerebellar peduncle (left),composite,A,G,genotype_pairwise,AA_vs_GG,AA,GG,30160,-0.005129433096708835,0.021500045253884218,-0.23857778140174596,0.8114346468925986,-0.047270470402767814,0.03701160420935014,nonrobust,ok,0.8114346468925986,0.09074645259296167,900,691.0,False,False,False
axonal_loss_like__tbss__posterior_thalamic_radiation_left,,,secondary_composite,secondary_composite,mechanistic_composite,secondary,dMRI_composite_tbss,axonal_loss_like,posterior thalamic radiation (left),composite,A,G,genotype_pairwise,AA_vs_AG,AA,AG,30160,-0.0027510682605449803,0.011532511727226044,-0.23854892373967734,0.8114570257930922,-0.025355300074512702,0.01985316355342274,nonrobust,ok,0.8114570257930922,0.09073447516629836,900,692.0,False,False,False
tract_geometry_like__wm__superior_thalamic_radiation_right,,,secondary_composite,secondary_composite,mechanistic_composite,secondary,dMRI_composite_wm,tract_geometry_like,superior thalamic radiation (right),composite,A,G,genotype_pairwise,AG_vs_GG,AG,GG,30160,-0.003998941622871526,0.01690891100523105,-0.23649906381519112,0.8130470698885481,-0.03714115323507924,0.02914326998933619,nonrobust,ok,0.8130470698885481,0.08988431098512377,900,693.0,False,False,False
axonal_loss_like__wm__inferior_longitudinal_fasciculus_right,,,secondary_composite,secondary_composite,mechanistic_composite,secondary,dMRI_composite_wm,axonal_loss_like,inferior longitudinal fasciculus (right),composite,A,G,genotype_pairwise,AA_vs_AG,AA,AG,30160,-0.0029369220965353568,0.012462132038883193,-0.23566770817159086,0.8136921595077298,-0.02736325073734286,0.021489406544272144,nonrobust,ok,0.8136921595077298,0.08953986871488592,900,694.0,False,False,False
axonal_loss_like__tbss__posterior_limb_of_internal_capsule_right,,,secondary_composite,secondary_composite,mechanistic_composite,secondary,dMRI_composite_tbss,axonal_loss_like,posterior limb of internal capsule (right),composite,A,G,genotype_pairwise,AA_vs_AG,AA,AG,30160,-0.00338462072660748,0.014456908518121462,-0.2341178767483326,0.8148950868711942,-0.03172079927871422,0.024951557825499262,nonrobust,ok,0.8148950868711942,0.08889830061682742,900,695.0,False,False,False
axonal_loss_like__wm__uncinate_fasciculus_left,,,secondary_composite,secondary_composite,mechanistic_composite,secondary,dMRI_composite_wm,axonal_loss_like,uncinate fasciculus (left),composite,A,G,genotype_pairwise,AA_vs_AG,AA,AG,30160,-0.0030675819096989618,0.01321075623108528,-0.23220335430010097,0.8163816776729091,-0.028961246997442867,0.022826083178044944,nonrobust,ok,0.8163816776729091,0.08810675086293002,900,696.0,False,False,False
tract_geometry_like__tbss__pontine_crossing_tract,,,secondary_composite,secondary_composite,mechanistic_composite,secondary,dMRI_composite_tbss,tract_geometry_like,pontine crossing tract,composite,A,G,genotype_pairwise,AA_vs_AG,AA,AG,30160,-0.004230826711052444,0.018458668124607124,-0.22920541625711113,0.8187108464354003,-0.04041063065442788,0.03194897723232299,nonrobust,ok,0.8187108464354003,0.0868694559572843,900,697.0,False,False,False
tract_geometry_like__wm__inferior_longitudinal_fasciculus_right,,,secondary_composite,secondary_composite,mechanistic_composite,secondary,dMRI_composite_wm,tract_geometry_like,inferior longitudinal fasciculus (right),composite,A,G,genotype_pairwise,AA_vs_AG,AA,AG,30160,-0.0035849452814295524,0.015645633278154426,-0.22913391984171805,0.8187664133122892,-0.03425107681119968,0.027081186248340577,nonrobust,ok,0.8187664133122892,0.08683998087556936,900,698.0,False,False,False
demyelination_like__tbss__sagittal_stratum_left,,,secondary_composite,secondary_composite,mechanistic_composite,secondary,dMRI_composite_tbss,demyelination_like,sagittal stratum (left),composite,A,G,genotype_pairwise,AG_vs_GG,AG,GG,30160,-0.0047842104045580786,0.02106198834758515,-0.22714903861897776,0.8203094216831138,-0.04606663684666128,0.03649821603754512,nonrobust,ok,0.8203094216831138,0.08602230032091927,900,699.0,False,False,False
free_water_like__wm__cingulate_gyrus_part_of_cingulum_right,,,secondary_composite,secondary_composite,mechanistic_composite,secondary,dMRI_composite_wm,free_water_like,cingulate gyrus part of cingulum (right),composite,A,G,genotype_pairwise,AG_vs_GG,AG,GG,30160,-0.004372836456912738,0.019270157363726868,-0.22692271652871585,0.8204854044140162,-0.04214319511286639,0.03339752219904092,nonrobust,ok,0.8204854044140162,0.08592914019142762,900,700.0,False,False,False
demyelination_like__wm__superior_longitudinal_fasciculus_left,,,secondary_composite,secondary_composite,mechanistic_composite,secondary,dMRI_composite_wm,demyelination_like,superior longitudinal fasciculus (left),composite,A,G,genotype_pairwise,AG_vs_GG,AG,GG,30160,-0.004818797159398199,0.021542679579794333,-0.22368606196593693,0.823003135599367,-0.04704339962531991,0.037405805306523515,nonrobust,ok,0.823003135599367,0.08459851014507111,900,701.0,False,False,False
demyelination_like__wm__posterior_thalamic_radiation_right,,,secondary_composite,secondary_composite,mechanistic_composite,secondary,dMRI_composite_wm,demyelination_like,posterior thalamic radiation (right),composite,A,G,genotype_pairwise,AG_vs_GG,AG,GG,30160,-0.004432780980680975,0.0198878865433844,-0.22288848898102326,0.8236238332573341,-0.043413916083734724,0.03454835412237278,nonrobust,ok,0.8236238332573341,0.08427109466402834,900,702.0,False,False,False
free_water_like__tbss__pontine_crossing_tract,,,secondary_composite,secondary_composite,mechanistic_composite,secondary,dMRI_composite_tbss,free_water_like,pontine crossing tract,composite,A,G,genotype_pairwise,AA_vs_GG,AA,GG,30160,-0.0070832699186320555,0.0326247249655011,-0.21711355194939524,0.8281213491061031,-0.07102917029401457,0.05686263045675045,nonrobust,ok,0.8281213491061031,0.08190601902952048,900,703.0,False,False,False
free_water_like__tbss__superior_longitudinal_fasciculus_left,,,secondary_composite,secondary_composite,mechanistic_composite,secondary,dMRI_composite_tbss,free_water_like,superior longitudinal fasciculus (left),composite,A,G,genotype_pairwise,AG_vs_GG,AG,GG,30160,0.004451727629353881,0.02050460862319577,0.21710863694895782,0.8281251793276785,-0.03573820996066701,0.044641665219374765,nonrobust,ok,0.8281251793276785,0.08190401033810156,900,704.0,False,False,False
demyelination_like__tbss__cingulum_hippocampus_left,,,secondary_composite,secondary_composite,mechanistic_composite,secondary,dMRI_composite_tbss,demyelination_like,cingulum hippocampus (left),composite,A,G,genotype_pairwise,AG_vs_GG,AG,GG,30160,0.004772374386680357,0.021983675176030552,0.21708719531499526,0.8281418886739008,-0.03831659890513256,0.047861347678493274,nonrobust,ok,0.8281418886739008,0.0818952475280439,900,705.0,False,False,False
demyelination_like__tbss__superior_longitudinal_fasciculus_right,,,secondary_composite,secondary_composite,mechanistic_composite,secondary,dMRI_composite_tbss,demyelination_like,superior longitudinal fasciculus (right),composite,A,G,genotype_pairwise,AA_vs_GG,AA,GG,30160,-0.005174042732778064,0.02391504303016022,-0.2163509689801884,0.828715672902731,-0.052048582233010815,0.04170049676745469,nonrobust,ok,0.828715672902731,0.08159444757984712,900,706.0,False,False,False
tract_geometry_like__wm__medial_lemniscus_left,,,secondary_composite,secondary_composite,mechanistic_composite,secondary,dMRI_composite_wm,tract_geometry_like,medial lemniscus (left),composite,A,G,genotype_pairwise,AA_vs_GG,AA,GG,30160,0.00456059488137392,0.021109357102568782,0.2160461287008568,0.8289532795316805,-0.036814676410464944,0.04593586617321278,nonrobust,ok,0.8289532795316805,0.08146994594353234,900,707.0,False,False,False
tract_geometry_like__tbss__posterior_thalamic_radiation_right,,,secondary_composite,secondary_composite,mechanistic_composite,secondary,dMRI_composite_tbss,tract_geometry_like,posterior thalamic radiation (right),composite,A,G,genotype_pairwise,AA_vs_AG,AA,AG,30160,-0.003442004121118775,0.01594261746286436,-0.21589956160814516,0.8290675262826759,-0.034690237756227954,0.027806229513990408,nonrobust,ok,0.8290675262826759,0.08141009538745103,900,708.0,False,False,False
tract_geometry_like__tbss__cingulum_hippocampus_left,,,secondary_composite,secondary_composite,mechanistic_composite,secondary,dMRI_composite_tbss,tract_geometry_like,cingulum hippocampus (left),composite,A,G,genotype_pairwise,AA_vs_AG,AA,AG,30160,-0.0041446714616611684,0.019200146741708696,-0.21586665546975492,0.8290931765987215,-0.041777806209504435,0.033488463286182095,nonrobust,ok,0.8290931765987215,0.08139665906526679,900,709.0,False,False,False
free_water_like__tbss__posterior_limb_of_internal_capsule_right,,,secondary_composite,secondary_composite,mechanistic_composite,secondary,dMRI_composite_tbss,free_water_like,posterior limb of internal capsule (right),composite,A,G,genotype_pairwise,AG_vs_GG,AG,GG,30160,0.004418109243101903,0.02048049291095884,0.2157227983872318,0.8292053152513694,-0.03572456048691971,0.044560778973123515,nonrobust,ok,0.8292053152513694,0.08133792271790033,900,710.0,False,False,False
tract_geometry_like__tbss__inferior_cerebellar_peduncle_right,,,secondary_composite,secondary_composite,mechanistic_composite,secondary,dMRI_composite_tbss,tract_geometry_like,inferior cerebellar peduncle (right),composite,A,G,genotype_pairwise,AA_vs_GG,AA,GG,30160,0.0044363488931064956,0.021083258666669998,0.21042045554939803,0.8333409769665516,-0.03688776831287565,0.04576046609908865,nonrobust,ok,0.8333409769665516,0.07917726256061972,900,711.0,False,False,False
axonal_loss_like__tbss__splenium_of_corpus_callosum,,,secondary_composite,secondary_composite,mechanistic_composite,secondary,dMRI_composite_tbss,axonal_loss_like,splenium of corpus callosum,composite,A,G,genotype_pairwise,AA_vs_AG,AA,AG,30160,-0.002957972361584672,0.0140735430919794,-0.21017965001794314,0.8335289081965495,-0.030542737763898757,0.024626793040729414,nonrobust,ok,0.8335289081965495,0.07907933350540351,900,712.0,False,False,False
tract_geometry_like__tbss__posterior_limb_of_internal_capsule_right,,,secondary_composite,secondary_composite,mechanistic_composite,secondary,dMRI_composite_tbss,tract_geometry_like,posterior limb of internal capsule (right),composite,A,G,genotype_pairwise,AG_vs_GG,AG,GG,30160,-0.004085982606516814,0.019510731331445777,-0.20942231929212038,0.8341200117824006,-0.04232787685361894,0.034155911640585304,nonrobust,ok,0.8341200117824006,0.07877145930809044,900,713.0,False,False,False
demyelination_like__tbss__superior_corona_radiata_right,,,secondary_composite,secondary_composite,mechanistic_composite,secondary,dMRI_composite_tbss,demyelination_like,superior corona radiata (right),composite,A,G,genotype_pairwise,AA_vs_GG,AA,GG,30160,-0.004390004838832597,0.02118956766678004,-0.20717765024130386,0.8358725461269154,-0.045922492375514296,0.0371424826978491,nonrobust,ok,0.8358725461269154,0.0778599387495481,900,714.0,False,False,False
axonal_loss_like__wm__inferior_fronto_occipital_fasciculus_rig,,,secondary_composite,secondary_composite,mechanistic_composite,secondary,dMRI_composite_wm,axonal_loss_like,inferior fronto-occipital fasciculus (right),composite,A,G,genotype_pairwise,AG_vs_GG,AG,GG,30160,-0.002706943073779,0.013088717185436792,-0.20681500222121768,0.8361557617344971,-0.028361406247539047,0.022947520099981047,nonrobust,ok,0.8361557617344971,0.07771281327785645,900,715.0,False,False,False
demyelination_like__tbss__corticospinal_tract_left,,,secondary_composite,secondary_composite,mechanistic_composite,secondary,dMRI_composite_tbss,demyelination_like,corticospinal tract (left),composite,A,G,genotype_pairwise,AA_vs_AG,AA,AG,30160,0.004597265245123553,0.022410206600585892,0.20514158245213868,0.8374629195314309,-0.039327728457908995,0.04852225894815611,nonrobust,ok,0.8374629195314309,0.07703441318591928,900,716.0,False,False,False
demyelination_like__tbss__external_capsule_right,,,secondary_composite,secondary_composite,mechanistic_composite,secondary,dMRI_composite_tbss,demyelination_like,external capsule (right),composite,A,G,genotype_pairwise,AA_vs_GG,AA,GG,30160,-0.005118244165322389,0.025045373055374107,-0.2043588711578062,0.8380744728031875,-0.05420828038652561,0.04397179205588083,nonrobust,ok,0.8380744728031875,0.0767173874670989,900,717.0,False,False,False
demyelination_like__tbss__fornix,,,secondary_composite,secondary_composite,mechanistic_composite,secondary,dMRI_composite_tbss,demyelination_like,fornix,composite,A,G,genotype_pairwise,AA_vs_GG,AA,GG,30160,0.004009774380788963,0.019873183611393872,0.20176809409087543,0.8400994120932442,-0.03494254232685191,0.042962091088429834,nonrobust,ok,0.8400994120932442,0.07566931921317523,900,718.0,False,False,False
axonal_loss_like__tbss__cingulum_cingulate_gyrus_left,,,secondary_composite,secondary_composite,mechanistic_composite,secondary,dMRI_composite_tbss,axonal_loss_like,cingulum cingulate gyrus (left),composite,A,G,genotype_pairwise,AA_vs_AG,AA,AG,30160,0.0033042922603470316,0.016378606699180585,0.20174440482244096,0.8401179324200255,-0.028798499514323405,0.035407084035017466,nonrobust,ok,0.8401179324200255,0.07565974512354837,900,719.0,False,False,False
free_water_like__tbss__inferior_cerebellar_peduncle_left,,,secondary_composite,secondary_composite,mechanistic_composite,secondary,dMRI_composite_tbss,free_water_like,inferior cerebellar peduncle (left),composite,A,G,genotype_pairwise,AA_vs_AG,AA,AG,30160,0.00470666725274442,0.023330295457389957,0.2017405763823521,0.8401209255119622,-0.04102174120507635,0.05043507571056519,nonrobust,ok,0.8401209255119622,0.07565819786340047,900,720.0,False,False,False
free_water_like__wm__parahippocampal_part_of_cingulum_right,,,secondary_composite,secondary_composite,mechanistic_composite,secondary,dMRI_composite_wm,free_water_like,parahippocampal part of cingulum (right),composite,A,G,genotype_pairwise,AG_vs_GG,AG,GG,30160,-0.005767415512135646,0.028598030532054754,-0.2016717726652927,0.8401747169660858,-0.06182081713525127,0.05028598611097998,nonrobust,ok,0.8401747169660858,0.07563039164749792,900,721.0,False,False,False
tract_geometry_like__tbss__fornix_cres_stria_terminalis_right,,,secondary_composite,secondary_composite,mechanistic_composite,secondary,dMRI_composite_tbss,tract_geometry_like,fornix cres+stria terminalis (right),composite,A,G,genotype_pairwise,AG_vs_GG,AG,GG,30160,0.0036163335705678974,0.018005246692114597,0.20084887657505252,0.8408181233786755,-0.03167474435961078,0.03890741150074658,nonrobust,ok,0.8408181233786755,0.0752979358968869,900,722.0,False,False,False
axonal_loss_like__wm__inferior_fronto_occipital_fasciculus_lef,,,secondary_composite,secondary_composite,mechanistic_composite,secondary,dMRI_composite_wm,axonal_loss_like,inferior fronto-occipital fasciculus (left),composite,A,G,genotype_pairwise,AA_vs_AG,AA,AG,30160,-0.002470249697187078,0.01244423850234848,-0.1985054928608843,0.8426509506843723,-0.026861506216901698,0.02192100682252754,nonrobust,ok,0.8426509506843723,0.07435228490524434,900,723.0,False,False,False
free_water_like__wm__superior_longitudinal_fasciculus_right,,,secondary_composite,secondary_composite,mechanistic_composite,secondary,dMRI_composite_wm,free_water_like,superior longitudinal fasciculus (right),composite,A,G,genotype_pairwise,AG_vs_GG,AG,GG,30160,-0.0044532797155494765,0.02243787222246772,-0.19847156946950936,0.8426774894226986,-0.04843249925811168,0.039525939827012725,nonrobust,ok,0.8426774894226986,0.07433860730111873,900,724.0,False,False,False
demyelination_like__wm__uncinate_fasciculus_left,,,secondary_composite,secondary_composite,mechanistic_composite,secondary,dMRI_composite_wm,demyelination_like,uncinate fasciculus (left),composite,A,G,genotype_pairwise,AG_vs_GG,AG,GG,30160,-0.004392715113841636,0.02215484154256222,-0.1982733708748348,0.8428325464957515,-0.04781718203612728,0.03903175180844401,nonrobust,ok,0.8428325464957515,0.07425870219232453,900,725.0,False,False,False
axonal_loss_like__tbss__cingulum_cingulate_gyrus_right,,,secondary_composite,secondary_composite,mechanistic_composite,secondary,dMRI_composite_tbss,axonal_loss_like,cingulum cingulate gyrus (right),composite,A,G,genotype_pairwise,AA_vs_AG,AA,AG,30160,-0.003201946237423522,0.016251814922703646,-0.1970208406047272,0.8438125815141183,-0.03505622053599,0.028652328061142956,nonrobust,ok,0.8438125815141183,0.07375400343693021,900,726.0,False,False,False
demyelination_like__wm__forceps_minor,,,secondary_composite,secondary_composite,mechanistic_composite,secondary,dMRI_composite_wm,demyelination_like,forceps minor,composite,A,G,genotype_pairwise,AA_vs_AG,AA,AG,30160,-0.003823531809049129,0.01944483054790508,-0.19663487422167655,0.8441146274850256,-0.041936257612787846,0.03428919399468958,nonrobust,ok,0.8441146274850256,0.07359857386728177,900,727.0,False,False,False
axonal_loss_like__wm__parahippocampal_part_of_cingulum_left,,,secondary_composite,secondary_composite,mechanistic_composite,secondary,dMRI_composite_wm,axonal_loss_like,parahippocampal part of cingulum (left),composite,A,G,genotype_pairwise,AA_vs_AG,AA,AG,30160,0.002434365336279793,0.012388300732831875,0.1965051857215703,0.8442161230492792,-0.021847250687139073,0.02671598135969866,nonrobust,ok,0.8442161230492792,0.07354635783848278,900,728.0,False,False,False
axonal_loss_like__wm__superior_longitudinal_fasciculus_right,,,secondary_composite,secondary_composite,mechanistic_composite,secondary,dMRI_composite_wm,axonal_loss_like,superior longitudinal fasciculus (right),composite,A,G,genotype_pairwise,AA_vs_GG,AA,GG,30160,0.0026331780015233985,0.01348444690186171,0.19527519524437098,0.8451788547152522,-0.023796932876511398,0.029063288879558197,nonrobust,ok,0.8451788547152522,0.07305137697154652,900,729.0,False,False,False
demyelination_like__tbss__medial_lemniscus_left,,,secondary_composite,secondary_composite,mechanistic_composite,secondary,dMRI_composite_tbss,demyelination_like,medial lemniscus (left),composite,A,G,genotype_pairwise,AG_vs_GG,AG,GG,30160,0.004338259255019163,0.022221048505730874,0.19523197809051687,0.8452126856321557,-0.03921597623620971,0.047892494746248036,nonrobust,ok,0.8452126856321557,0.07303399332973316,900,730.0,False,False,False
axonal_loss_like__tbss__middle_cerebellar_peduncle,,,secondary_composite,secondary_composite,mechanistic_composite,secondary,dMRI_composite_tbss,axonal_loss_like,middle cerebellar peduncle,composite,A,G,genotype_pairwise,AA_vs_GG,AA,GG,30160,-0.003072179700482475,0.015747297214709823,-0.19509250753282908,0.845321866838257,-0.03393757703143913,0.027793217630474182,nonrobust,ok,0.845321866838257,0.07297789652256173,900,731.0,False,False,False
axonal_loss_like__tbss__pontine_crossing_tract,,,secondary_composite,secondary_composite,mechanistic_composite,secondary,dMRI_composite_tbss,axonal_loss_like,pontine crossing tract,composite,A,G,genotype_pairwise,AG_vs_GG,AG,GG,30160,0.0026263091054728595,0.013468944885885086,0.19498996600877966,0.8454021409246585,-0.02377341713727974,0.02902603534822546,nonrobust,ok,0.8454021409246585,0.07293665668373518,900,732.0,False,False,False
tract_geometry_like__wm__inferior_longitudinal_fasciculus_left,,,secondary_composite,secondary_composite,mechanistic_composite,secondary,dMRI_composite_wm,tract_geometry_like,inferior longitudinal fasciculus (left),composite,A,G,genotype_pairwise,AA_vs_AG,AA,AG,30160,0.0031486900420899635,0.016225703356975072,0.1940556888547091,0.8461336086574037,-0.02865440443557411,0.03495178451975404,nonrobust,ok,0.8461336086574037,0.07256105431186571,900,733.0,False,False,False
tract_geometry_like__wm__anterior_thalamic_radiation_left,,,secondary_composite,secondary_composite,mechanistic_composite,secondary,dMRI_composite_wm,tract_geometry_like,anterior thalamic radiation (left),composite,A,G,genotype_pairwise,AG_vs_GG,AG,GG,30160,0.003268359621138814,0.016887693025835947,0.19353499712119673,0.8465413281566477,-0.029832263815291145,0.03636898305756877,nonrobust,ok,0.8465413281566477,0.07235183477625443,900,734.0,False,False,False
tract_geometry_like__tbss__superior_corona_radiata_left,,,secondary_composite,secondary_composite,mechanistic_composite,secondary,dMRI_composite_tbss,tract_geometry_like,superior corona radiata (left),composite,A,G,genotype_pairwise,AG_vs_GG,AG,GG,30160,0.0035516869846424076,0.018418341504517797,0.19283424535109317,0.8470901056864873,-0.03254907500409786,0.03965244897338267,nonrobust,ok,0.8470901056864873,0.07207039094310361,900,735.0,False,False,False
axonal_loss_like__wm__acoustic_radiation_right,,,secondary_composite,secondary_composite,mechanistic_composite,secondary,dMRI_composite_wm,axonal_loss_like,acoustic radiation (right),composite,A,G,genotype_pairwise,AA_vs_GG,AA,GG,30160,-0.003160607557033043,0.016525844022639218,-0.19125241365604312,0.84832915282403,-0.035551990981974244,0.02923077586790816,nonrobust,ok,0.84832915282403,0.07143560821575973,900,736.0,False,False,False
tract_geometry_like__tbss__medial_lemniscus_right,,,secondary_composite,secondary_composite,mechanistic_composite,secondary,dMRI_composite_tbss,tract_geometry_like,medial lemniscus (right),composite,A,G,genotype_pairwise,AA_vs_GG,AA,GG,30160,0.0038504962096196794,0.020149280626771574,0.19109844569357345,0.8484497758407713,-0.035642982829901464,0.04334397524914082,nonrobust,ok,0.8484497758407713,0.07137386073673987,900,737.0,False,False,False
axonal_loss_like__tbss__posterior_thalamic_radiation_left,,,secondary_composite,secondary_composite,mechanistic_composite,secondary,dMRI_composite_tbss,axonal_loss_like,posterior thalamic radiation (left),composite,A,G,genotype_pairwise,AG_vs_GG,AG,GG,30160,0.0023234403226778584,0.012170469236333071,0.19090803136345666,0.8485989569193193,-0.02153121635660975,0.02617809700196547,nonrobust,ok,0.8485989569193193,0.07129750639507135,900,738.0,False,False,False
axonal_loss_like__wm__inferior_fronto_occipital_fasciculus_rig,,,secondary_composite,secondary_composite,mechanistic_composite,secondary,dMRI_composite_wm,axonal_loss_like,inferior fronto-occipital fasciculus (right),composite,A,G,genotype_pairwise,AA_vs_AG,AA,AG,30160,-0.002314042672961661,0.012402626513755885,-0.18657682470685796,0.8519937173136708,-0.026623737859062666,0.021995652513139344,nonrobust,ok,0.8519937173136708,0.06956360775215496,900,739.0,False,False,False
axonal_loss_like__wm__superior_longitudinal_fasciculus_right,,,secondary_composite,secondary_composite,mechanistic_composite,secondary,dMRI_composite_wm,axonal_loss_like,superior longitudinal fasciculus (right),composite,A,G,genotype_pairwise,AG_vs_GG,AG,GG,30160,-0.002230212168279985,0.011990088867637267,-0.18600464040759562,0.8524423967290898,-0.025731315366320052,0.02127089102976008,nonrobust,ok,0.8524423967290898,0.06933495852657749,900,740.0,False,False,False
tract_geometry_like__wm__parahippocampal_part_of_cingulum_left,,,secondary_composite,secondary_composite,mechanistic_composite,secondary,dMRI_composite_wm,tract_geometry_like,parahippocampal part of cingulum (left),composite,A,G,genotype_pairwise,AA_vs_AG,AA,AG,30160,0.003535743691213668,0.01911790932894385,0.18494405587857218,0.8532741823138266,-0.03393620209919468,0.04100768948162202,nonrobust,ok,0.8532741823138266,0.06891139470284469,900,741.0,False,False,False
axonal_loss_like__tbss__middle_cerebellar_peduncle,,,secondary_composite,secondary_composite,mechanistic_composite,secondary,dMRI_composite_tbss,axonal_loss_like,middle cerebellar peduncle,composite,A,G,genotype_pairwise,AG_vs_GG,AG,GG,30160,0.002581253841343643,0.01400216815740508,0.18434672490192466,0.8537427235061168,-0.024863613540054855,0.03002612122274214,nonrobust,ok,0.8537427235061168,0.06867298480921988,900,742.0,False,False,False
axonal_loss_like__tbss__uncinate_fasciculus_right,,,secondary_composite,secondary_composite,mechanistic_composite,secondary,dMRI_composite_tbss,axonal_loss_like,uncinate fasciculus (right),composite,A,G,genotype_pairwise,AA_vs_GG,AA,GG,30160,-0.00359636305297444,0.01956523772357414,-0.18381392057614435,0.854160694101487,-0.041945092233537234,0.03475236612758835,nonrobust,ok,0.854160694101487,0.06846041737136647,900,743.0,False,False,False
axonal_loss_like__wm__uncinate_fasciculus_left,,,secondary_composite,secondary_composite,mechanistic_composite,secondary,dMRI_composite_wm,axonal_loss_like,uncinate fasciculus (left),composite,A,G,genotype_pairwise,AG_vs_GG,AG,GG,30160,-0.0025608216714314604,0.013941551164396004,-0.1836826936425337,0.8542636443722134,-0.029886877072035866,0.024765233729172945,nonrobust,ok,0.8542636443722134,0.06840807588508095,900,744.0,False,False,False
free_water_like__tbss__superior_fronto_occipital_fasciculus_rig,,,secondary_composite,secondary_composite,mechanistic_composite,secondary,dMRI_composite_tbss,free_water_like,superior fronto-occipital fasciculus (right),composite,A,G,genotype_pairwise,AA_vs_AG,AA,AG,30160,-0.003260023511808279,0.01779226079892154,-0.18322705296709016,0.8546211232568701,-0.038133639694128946,0.03161359267051239,nonrobust,ok,0.8546211232568701,0.06822637713954957,900,745.0,False,False,False
free_water_like__tbss__tapetum_left,,,secondary_composite,secondary_composite,mechanistic_composite,secondary,dMRI_composite_tbss,free_water_like,tapetum (left),composite,A,G,genotype_pairwise,AG_vs_GG,AG,GG,30160,-0.004727901150724357,0.02591242660768868,-0.18245690464672668,0.8552254210727124,-0.055517400589933506,0.046061598288484794,nonrobust,ok,0.8552254210727124,0.06791939845933544,900,746.0,False,False,False
tract_geometry_like__tbss__anterior_corona_radiata_right,,,secondary_composite,secondary_composite,mechanistic_composite,secondary,dMRI_composite_tbss,tract_geometry_like,anterior corona radiata (right),composite,A,G,genotype_pairwise,AA_vs_GG,AA,GG,30160,0.0038509370062969357,0.0211757991291632,0.1818555693132471,0.8556973186324933,-0.037654563589170936,0.045356437601764804,nonrobust,ok,0.8556973186324933,0.06767982889061405,900,747.0,False,False,False
demyelination_like__wm__parahippocampal_part_of_cingulum_right,,,secondary_composite,secondary_composite,mechanistic_composite,secondary,dMRI_composite_wm,demyelination_like,parahippocampal part of cingulum (right),composite,A,G,genotype_pairwise,AA_vs_GG,AA,GG,30160,-0.004831442547327539,0.027187568666156268,-0.1777077827978724,0.8589536886011575,-0.058120276681969466,0.04845739158731438,nonrobust,ok,0.8589536886011575,0.06603025098500663,900,748.0,False,False,False
axonal_loss_like__tbss__corticospinal_tract_right,,,secondary_composite,secondary_composite,mechanistic_composite,secondary,dMRI_composite_tbss,axonal_loss_like,corticospinal tract (right),composite,A,G,genotype_pairwise,AA_vs_GG,AA,GG,30160,0.0027711538305094704,0.015717882027070564,0.176305804162213,0.8600549083740399,-0.02803658843483997,0.033578896095858915,nonrobust,ok,0.8600549083740399,0.06547382126500419,900,749.0,False,False,False
free_water_like__tbss__uncinate_fasciculus_right,,,secondary_composite,secondary_composite,mechanistic_composite,secondary,dMRI_composite_tbss,free_water_like,uncinate fasciculus (right),composite,A,G,genotype_pairwise,AG_vs_GG,AG,GG,30160,-0.003925279793926588,0.02231792994372043,-0.17588010195502202,0.8603893409769643,-0.04766940717814321,0.03981884759029004,nonrobust,ok,0.8603893409769643,0.06530497855370702,900,750.0,False,False,False
demyelination_like__tbss__genu_of_corpus_callosum,,,secondary_composite,secondary_composite,mechanistic_composite,secondary,dMRI_composite_tbss,demyelination_like,genu of corpus callosum,composite,A,G,genotype_pairwise,AA_vs_GG,AA,GG,30160,0.004332766233333718,0.024704257384153622,0.17538540689399315,0.8607780059737944,-0.0440886682218343,0.05275420068850173,nonrobust,ok,0.8607780059737944,0.06510883833921785,900,751.0,False,False,False
demyelination_like__wm__superior_longitudinal_fasciculus_left,,,secondary_composite,secondary_composite,mechanistic_composite,secondary,dMRI_composite_wm,demyelination_like,superior longitudinal fasciculus (left),composite,A,G,genotype_pairwise,AA_vs_AG,AA,AG,30160,-0.0035125759728485413,0.020413445041886143,-0.17207168930286496,0.8633823456269366,-0.043523828921253206,0.03649867697555612,nonrobust,ok,0.8633823456269366,0.06379683600774685,900,752.0,False,False,False
demyelination_like__wm__superior_longitudinal_fasciculus_right,,,secondary_composite,secondary_composite,mechanistic_composite,secondary,dMRI_composite_wm,demyelination_like,superior longitudinal fasciculus (right),composite,A,G,genotype_pairwise,AG_vs_GG,AG,GG,30160,-0.0037235490391698267,0.0216557068239568,-0.17194308500014513,0.8634834493254782,-0.04616968989055103,0.038722591812211375,nonrobust,ok,0.8634834493254782,0.0637459822835546,900,753.0,False,False,False
demyelination_like__tbss__sagittal_stratum_right,,,secondary_composite,secondary_composite,mechanistic_composite,secondary,dMRI_composite_tbss,demyelination_like,sagittal stratum (right),composite,A,G,genotype_pairwise,AG_vs_GG,AG,GG,30160,0.0035593706737072177,0.02100436157896577,0.16945864602100782,0.8654370554244322,-0.03761010475933807,0.04472884610675251,nonrobust,ok,0.8654370554244322,0.06276451354933031,900,754.0,False,False,False
axonal_loss_like__wm__superior_longitudinal_fasciculus_left,,,secondary_composite,secondary_composite,mechanistic_composite,secondary,dMRI_composite_wm,axonal_loss_like,superior longitudinal fasciculus (left),composite,A,G,genotype_pairwise,AG_vs_GG,AG,GG,30160,-0.0020310044460178267,0.012042362042717504,-0.16865498967837925,0.8660691767458724,-0.025634565373571946,0.021572556481536293,nonrobust,ok,0.8660691767458724,0.06244741759103655,900,755.0,False,False,False
tract_geometry_like__wm__middle_cerebellar_peduncle,,,secondary_composite,secondary_composite,mechanistic_composite,secondary,dMRI_composite_wm,tract_geometry_like,middle cerebellar peduncle,composite,A,G,genotype_pairwise,AA_vs_AG,AA,AG,30160,-0.003188690917302828,0.019035981053258093,-0.16750862003810774,0.8669710097161665,-0.040500053672590776,0.034122671837985126,nonrobust,ok,0.8669710097161665,0.06199542447395881,900,756.0,False,False,False
demyelination_like__tbss__pontine_crossing_tract,,,secondary_composite,secondary_composite,mechanistic_composite,secondary,dMRI_composite_tbss,demyelination_like,pontine crossing tract,composite,A,G,genotype_pairwise,AA_vs_GG,AA,GG,30160,-0.004282588230940727,0.025604187498989982,-0.16726124315054575,0.8671656404148577,-0.054467925417211766,0.04590274895533031,nonrobust,ok,0.8671656404148577,0.06189793845542723,900,757.0,False,False,False
demyelination_like__tbss__anterior_limb_of_internal_capsule_left,,,secondary_composite,secondary_composite,mechanistic_composite,secondary,dMRI_composite_tbss,demyelination_like,anterior limb of internal capsule (left),composite,A,G,genotype_pairwise,AG_vs_GG,AG,GG,30160,0.003660950461559933,0.022019113553533497,0.16626239074789848,0.8679515973254626,-0.03949748361374357,0.046819384536863434,nonrobust,ok,0.8679515973254626,0.061504493257361674,900,758.0,False,False,False
axonal_loss_like__tbss__retrolenticular_part_of_internal_capsule,,,secondary_composite,secondary_composite,mechanistic_composite,secondary,dMRI_composite_tbss,axonal_loss_like,retrolenticular part of internal capsule (left),composite,A,G,genotype_pairwise,AA_vs_AG,AA,AG,30160,-0.002148447741522549,0.013022005054103936,-0.16498593976858097,0.8689561753246888,-0.027672152194448893,0.023375256711403794,nonrobust,ok,0.8689561753246888,0.06100212607676323,900,759.0,False,False,False
axonal_loss_like__tbss__retrolenticular_part_of_internal_capsule,,,secondary_composite,secondary_composite,mechanistic_composite,secondary,dMRI_composite_tbss,axonal_loss_like,retrolenticular part of internal capsule (right),composite,A,G,genotype_pairwise,AA_vs_AG,AA,AG,30160,-0.002148447741522549,0.013022005054103936,-0.16498593976858097,0.8689561753246888,-0.027672152194448893,0.023375256711403794,nonrobust,ok,0.8689561753246888,0.06100212607676323,900,759.0,False,False,False
free_water_like__tbss__anterior_corona_radiata_left,,,secondary_composite,secondary_composite,mechanistic_composite,secondary,dMRI_composite_tbss,free_water_like,anterior corona radiata (left),composite,A,G,genotype_pairwise,AA_vs_GG,AA,GG,30160,0.003484295959020991,0.02112020915764377,0.16497450063177824,0.8689651789836085,-0.03791224583957087,0.044880837757612854,nonrobust,ok,0.8689651789836085,0.060997626173040796,900,761.0,False,False,False
axonal_loss_like__wm__inferior_fronto_occipital_fasciculus_lef,,,secondary_composite,secondary_composite,mechanistic_composite,secondary,dMRI_composite_wm,axonal_loss_like,inferior fronto-occipital fasciculus (left),composite,A,G,genotype_pairwise,AG_vs_GG,AG,GG,30160,-0.0021388855468581413,0.013132631073322399,-0.16286801440749135,0.8706234669893659,-0.027879421878408733,0.023601650784692448,nonrobust,ok,0.8706234669893659,0.06016963094540883,900,762.0,False,False,False
tract_geometry_like__tbss__anterior_limb_of_internal_capsule_right,,,secondary_composite,secondary_composite,mechanistic_composite,secondary,dMRI_composite_tbss,tract_geometry_like,anterior limb of internal capsule (right),composite,A,G,genotype_pairwise,AG_vs_GG,AG,GG,30160,0.002687609285492715,0.016606640549506904,0.16183943269444206,0.8714334040236789,-0.029862138896951315,0.03523735746793674,nonrobust,ok,0.8714334040236789,0.059765796586279486,900,763.0,False,False,False
axonal_loss_like__wm__inferior_longitudinal_fasciculus_right,,,secondary_composite,secondary_composite,mechanistic_composite,secondary,dMRI_composite_wm,axonal_loss_like,inferior longitudinal fasciculus (right),composite,A,G,genotype_pairwise,AG_vs_GG,AG,GG,30160,0.0021200348342990845,0.013151514447653664,0.16120081400034622,0.8719363400256832,-0.02365751374409849,0.027897583412696658,nonrobust,ok,0.8719363400256832,0.05951522170137535,900,764.0,False,False,False
demyelination_like__tbss__superior_fronto_occipital_fasciculus_lef,,,secondary_composite,secondary_composite,mechanistic_composite,secondary,dMRI_composite_tbss,demyelination_like,superior fronto-occipital fasciculus (left),composite,A,G,genotype_pairwise,AA_vs_GG,AA,GG,30160,-0.0029799410586918585,0.018778245295246142,-0.15869113497235302,0.873913305401544,-0.03978613035665768,0.033826248239273965,nonrobust,ok,0.873913305401544,0.058531648433330453,900,765.0,False,False,False
demyelination_like__wm__parahippocampal_part_of_cingulum_right,,,secondary_composite,secondary_composite,mechanistic_composite,secondary,dMRI_composite_wm,demyelination_like,parahippocampal part of cingulum (right),composite,A,G,genotype_pairwise,AG_vs_GG,AG,GG,30160,0.0038292710732119734,0.024174618860874294,0.15840047345728805,0.8741423211577479,-0.04355404850802535,0.051212590654449296,nonrobust,ok,0.8741423211577479,0.058417853107545444,900,766.0,False,False,False
tract_geometry_like__wm__uncinate_fasciculus_right,,,secondary_composite,secondary_composite,mechanistic_composite,secondary,dMRI_composite_wm,tract_geometry_like,uncinate fasciculus (right),composite,A,G,genotype_pairwise,AG_vs_GG,AG,GG,30160,0.0029339147842757617,0.01869273485986764,0.156954817273674,0.8752815275898448,-0.033704670287522595,0.03957249985607411,nonrobust,ok,0.8752815275898448,0.05785223701914553,900,767.0,False,False,False
demyelination_like__tbss__superior_cerebellar_peduncle_right,,,secondary_composite,secondary_composite,mechanistic_composite,secondary,dMRI_composite_tbss,demyelination_like,superior cerebellar peduncle (right),composite,A,G,genotype_pairwise,AA_vs_AG,AA,AG,30160,-0.0033284409362605,0.02146664946746771,-0.1550517206378521,0.8767816001901068,-0.045404021027479945,0.03874713915495894,nonrobust,ok,0.8767816001901068,0.057108572705225576,900,768.0,False,False,False
demyelination_like__tbss__anterior_corona_radiata_left,,,secondary_composite,secondary_composite,mechanistic_composite,secondary,dMRI_composite_tbss,demyelination_like,anterior corona radiata (left),composite,A,G,genotype_pairwise,AA_vs_GG,AA,GG,30160,-0.0031801145247740796,0.020550061468440836,-0.15474963564745775,0.8770197526583265,-0.043459141696910744,0.03709891264736259,nonrobust,ok,0.8770197526583265,0.05699062513577339,900,769.0,False,False,False
demyelination_like__tbss__anterior_limb_of_internal_capsule_left,,,secondary_composite,secondary_composite,mechanistic_composite,secondary,dMRI_composite_tbss,demyelination_like,anterior limb of internal capsule (left),composite,A,G,genotype_pairwise,AA_vs_AG,AA,AG,30160,-0.0031337682533588334,0.020864905070476735,-0.1501932667689454,0.8806131611964105,-0.044029902776772906,0.037762366270055234,nonrobust,ok,0.8806131611964105,0.055214828083552846,900,770.0,False,False,False
tract_geometry_like__tbss__superior_fronto_occipital_fasciculus_lef,,,secondary_composite,secondary_composite,mechanistic_composite,secondary,dMRI_composite_tbss,tract_geometry_like,superior fronto-occipital fasciculus (left),composite,A,G,genotype_pairwise,AG_vs_GG,AG,GG,30160,0.0024912645379788698,0.016756034438625247,0.14867864751078097,0.8818082234464787,-0.03035130225857928,0.03533383133453702,nonrobust,ok,0.8818082234464787,0.054625855406753326,900,771.0,False,False,False
demyelination_like__tbss__posterior_limb_of_internal_capsule_right,,,secondary_composite,secondary_composite,mechanistic_composite,secondary,dMRI_composite_tbss,demyelination_like,posterior limb of internal capsule (right),composite,A,G,genotype_pairwise,AG_vs_GG,AG,GG,30160,-0.0030864218303598735,0.020768882105309736,-0.14860799029577065,0.8818639798710348,-0.04379434710539527,0.03762150344467553,nonrobust,ok,0.8818639798710348,0.05459839598716515,900,772.0,False,False,False
free_water_like__tbss__tapetum_left,,,secondary_composite,secondary_composite,mechanistic_composite,secondary,dMRI_composite_tbss,free_water_like,tapetum (left),composite,A,G,genotype_pairwise,AA_vs_GG,AA,GG,30160,-0.004314894946140279,0.029141964212865856,-0.14806465736565896,0.8822927497033326,-0.06143443058266881,0.05280464069038825,nonrobust,ok,0.8822927497033326,0.05438728960107323,900,773.0,False,False,False
axonal_loss_like__tbss__external_capsule_left,,,secondary_composite,secondary_composite,mechanistic_composite,secondary,dMRI_composite_tbss,axonal_loss_like,external capsule (left),composite,A,G,genotype_pairwise,AA_vs_AG,AA,AG,30160,-0.0017671452123192908,0.011944500067243728,-0.14794635207592,0.8823861146065384,-0.025178892350154063,0.02164460192551548,nonrobust,ok,0.8823861146065384,0.054341334653548665,900,774.0,False,False,False
free_water_like__tbss__body_of_corpus_callosum,,,secondary_composite,secondary_composite,mechanistic_composite,secondary,dMRI_composite_tbss,free_water_like,body of corpus callosum,composite,A,G,genotype_pairwise,AG_vs_GG,AG,GG,30160,-0.0031914171058633244,0.02167406451649911,-0.1472458985915585,0.8829389362757044,-0.04567353984459144,0.039290705632864784,nonrobust,ok,0.8829389362757044,0.05406933102665452,900,775.0,False,False,False
tract_geometry_like__tbss__cingulum_hippocampus_right,,,secondary_composite,secondary_composite,mechanistic_composite,secondary,dMRI_composite_tbss,tract_geometry_like,cingulum hippocampus (right),composite,A,G,genotype_pairwise,AA_vs_GG,AA,GG,30160,0.00337609284762083,0.022983623454325038,0.14689123559346862,0.8832188701163386,-0.04167282318859745,0.04842500888383911,nonrobust,ok,0.8832188701163386,0.0539316607427609,900,776.0,False,False,False
tract_geometry_like__tbss__middle_cerebellar_peduncle,,,secondary_composite,secondary_composite,mechanistic_composite,secondary,dMRI_composite_tbss,tract_geometry_like,middle cerebellar peduncle,composite,A,G,genotype_pairwise,AA_vs_GG,AA,GG,30160,0.002952400524232058,0.02047901915807394,0.14416708639427497,0.8853695119750137,-0.03718738058511137,0.04309218163357548,nonrobust,ok,0.8853695119750137,0.05287543719000197,900,777.0,False,False,False
tract_geometry_like__tbss__splenium_of_corpus_callosum,,,secondary_composite,secondary_composite,mechanistic_composite,secondary,dMRI_composite_tbss,tract_geometry_like,splenium of corpus callosum,composite,A,G,genotype_pairwise,AA_vs_AG,AA,AG,30160,0.0024561414318214365,0.01718612195275052,0.14291423269159031,0.8863588905302663,-0.03122941586841247,0.03614169873205534,nonrobust,ok,0.8863588905302663,0.05239039479736899,900,778.0,False,False,False
axonal_loss_like__wm__superior_thalamic_radiation_right,,,secondary_composite,secondary_composite,mechanistic_composite,secondary,dMRI_composite_wm,axonal_loss_like,superior thalamic radiation (right),composite,A,G,genotype_pairwise,AG_vs_GG,AG,GG,30160,0.0017172728635839307,0.012232611109230417,0.14038481631187638,0.8883569089676528,-0.02225918462835836,0.025693730355526218,nonrobust,ok,0.8883569089676528,0.05141251569249669,900,779.0,False,False,False
axonal_loss_like__wm__superior_thalamic_radiation_left,,,secondary_composite,secondary_composite,mechanistic_composite,secondary,dMRI_composite_wm,axonal_loss_like,superior thalamic radiation (left),composite,A,G,genotype_pairwise,AA_vs_GG,AA,GG,30160,-0.0018781108413096572,0.0135811806244699,-0.13828774487585932,0.8900139511840923,-0.02849782408366735,0.024741602401048036,nonrobust,ok,0.8900139511840923,0.05060318563061584,900,780.0,False,False,False
free_water_like__tbss__anterior_limb_of_internal_capsule_left,,,secondary_composite,secondary_composite,mechanistic_composite,secondary,dMRI_composite_tbss,free_water_like,anterior limb of internal capsule (left),composite,A,G,genotype_pairwise,AA_vs_GG,AA,GG,30160,0.0036566540204776166,0.026540392227471968,0.13777693973537486,0.8904176469732156,-0.04836368574012245,0.05567699378107768,nonrobust,ok,0.8904176469732156,0.05040624141015853,900,781.0,False,False,False
axonal_loss_like__wm__superior_thalamic_radiation_left,,,secondary_composite,secondary_composite,mechanistic_composite,secondary,dMRI_composite_wm,axonal_loss_like,superior thalamic radiation (left),composite,A,G,genotype_pairwise,AA_vs_AG,AA,AG,30160,0.00157188131364896,0.011443091528818679,0.13736509139075567,0.8907431566443493,-0.02085708296611117,0.024000845593409086,nonrobust,ok,0.8907431566443493,0.05024750553940928,900,782.0,False,False,False
demyelination_like__tbss__inferior_cerebellar_peduncle_left,,,secondary_composite,secondary_composite,mechanistic_composite,secondary,dMRI_composite_tbss,demyelination_like,inferior cerebellar peduncle (left),composite,A,G,genotype_pairwise,AG_vs_GG,AG,GG,30160,0.0029015096410423703,0.021206964486634814,0.13681871551541372,0.891175020304176,-0.038665076430123776,0.044468095712208514,nonrobust,ok,0.891175020304176,0.05003699530331007,900,783.0,False,False,False
free_water_like__wm__anterior_thalamic_radiation_left,,,secondary_composite,secondary_composite,mechanistic_composite,secondary,dMRI_composite_wm,free_water_like,anterior thalamic radiation (left),composite,A,G,genotype_pairwise,AA_vs_AG,AA,AG,30160,0.0025650299416720788,0.018871667462169114,0.13591962378597644,0.8918857460657503,-0.0344242709253637,0.039554330808707856,nonrobust,ok,0.8918857460657503,0.0496907768248747,900,784.0,False,False,False
axonal_loss_like__wm__posterior_thalamic_radiation_left,,,secondary_composite,secondary_composite,mechanistic_composite,secondary,dMRI_composite_wm,axonal_loss_like,posterior thalamic radiation (left),composite,A,G,genotype_pairwise,AG_vs_GG,AG,GG,30160,-0.0017075241259170686,0.012609188948211367,-0.13541902916438442,0.8922815003151277,-0.026422090797339537,0.023007042545505403,nonrobust,ok,0.8922815003151277,0.04949811115425239,900,785.0,False,False,False
tract_geometry_like__wm__superior_thalamic_radiation_right,,,secondary_composite,secondary_composite,mechanistic_composite,secondary,dMRI_composite_wm,tract_geometry_like,superior thalamic radiation (right),composite,A,G,genotype_pairwise,AA_vs_AG,AA,AG,30160,0.0021494553961270363,0.01602257157680489,0.13415171127952394,0.8932835214051417,-0.029255491829979455,0.033554402622233526,nonrobust,ok,0.8932835214051417,0.0490106774618,900,786.0,False,False,False
demyelination_like__tbss__uncinate_fasciculus_right,,,secondary_composite,secondary_composite,mechanistic_composite,secondary,dMRI_composite_tbss,demyelination_like,uncinate fasciculus (right),composite,A,G,genotype_pairwise,AG_vs_GG,AG,GG,30160,0.002919902457748459,0.022235824637387117,0.13131523140540338,0.895526835532285,-0.040663294903467755,0.04650309981896467,nonrobust,ok,0.895526835532285,0.047921395466577046,900,787.0,False,False,False
demyelination_like__tbss__posterior_corona_radiata_left,,,secondary_composite,secondary_composite,mechanistic_composite,secondary,dMRI_composite_tbss,demyelination_like,posterior corona radiata (left),composite,A,G,genotype_pairwise,AA_vs_GG,AA,GG,30160,-0.0028202946510444103,0.021609584898942127,-0.13051128303637496,0.8961628146939558,-0.045176034494440784,0.039535445192351956,nonrobust,ok,0.8961628146939558,0.047613080628586636,900,788.0,False,False,False
axonal_loss_like__wm__corticospinal_tract_left,,,secondary_composite,secondary_composite,mechanistic_composite,secondary,dMRI_composite_wm,axonal_loss_like,corticospinal tract (left),composite,A,G,genotype_pairwise,AG_vs_GG,AG,GG,30160,0.0019756198236528036,0.015198515489613483,0.12998768366574506,0.8965770541800044,-0.027814141113190204,0.031765380760495815,nonrobust,ok,0.8965770541800044,0.04741238009271681,900,789.0,False,False,False
tract_geometry_like__tbss__uncinate_fasciculus_right,,,secondary_composite,secondary_composite,mechanistic_composite,secondary,dMRI_composite_tbss,tract_geometry_like,uncinate fasciculus (right),composite,A,G,genotype_pairwise,AA_vs_GG,AA,GG,30160,-0.002988008222041527,0.02329413730207922,-0.1282729720054848,0.8979338249199988,-0.04864554510011096,0.04266952865602791,nonrobust,ok,0.8979338249199988,0.0467556683784253,900,790.0,False,False,False
demyelination_like__wm__inferior_fronto_occipital_fasciculus_lef,,,secondary_composite,secondary_composite,mechanistic_composite,secondary,dMRI_composite_wm,demyelination_like,inferior fronto-occipital fasciculus (left),composite,A,G,genotype_pairwise,AG_vs_GG,AG,GG,30160,0.0024753540492414156,0.019450582445047014,0.12726374936251592,0.898732515141961,-0.035648645726676274,0.040599353825159105,nonrobust,ok,0.898732515141961,0.04636954573421184,900,791.0,False,False,False
tract_geometry_like__tbss__sagittal_stratum_left,,,secondary_composite,secondary_composite,mechanistic_composite,secondary,dMRI_composite_tbss,tract_geometry_like,sagittal stratum (left),composite,A,G,genotype_pairwise,AA_vs_AG,AA,AG,30160,0.0023299657733885128,0.018774468895315904,0.12410288601931224,0.9012346556784294,-0.03446882161409463,0.03912875316087165,nonrobust,ok,0.9012346556784294,0.04516211645938412,900,792.0,False,False,False
demyelination_like__wm__forceps_minor,,,secondary_composite,secondary_composite,mechanistic_composite,secondary,dMRI_composite_wm,demyelination_like,forceps minor,composite,A,G,genotype_pairwise,AG_vs_GG,AG,GG,30160,-0.002509459709757462,0.02052048309912373,-0.12229047910985204,0.9026698020544329,-0.042730511972998556,0.037711592553483636,nonrobust,ok,0.9026698020544329,0.0444710861992729,900,793.0,False,False,False
axonal_loss_like__tbss__superior_corona_radiata_left,,,secondary_composite,secondary_composite,mechanistic_composite,secondary,dMRI_composite_tbss,axonal_loss_like,superior corona radiata (left),composite,A,G,genotype_pairwise,AG_vs_GG,AG,GG,30160,-0.0014707269702845206,0.012211302283304462,-0.12043981355660387,0.9041355716101144,-0.02540541822324032,0.022463964282671278,nonrobust,ok,0.9041355716101144,0.04376644387453589,900,794.0,False,False,False
demyelination_like__tbss__superior_corona_radiata_left,,,secondary_composite,secondary_composite,mechanistic_composite,secondary,dMRI_composite_tbss,demyelination_like,superior corona radiata (left),composite,A,G,genotype_pairwise,AG_vs_GG,AG,GG,30160,-0.0022871805144264405,0.01905339055854522,-0.12004060418530953,0.9044517976010025,-0.03963266666820595,0.035058305639353075,nonrobust,ok,0.9044517976010025,0.04361457373918655,900,795.0,False,False,False
demyelination_like__wm__anterior_thalamic_radiation_left,,,secondary_composite,secondary_composite,mechanistic_composite,secondary,dMRI_composite_wm,demyelination_like,anterior thalamic radiation (left),composite,A,G,genotype_pairwise,AG_vs_GG,AG,GG,30160,0.0022040426301643858,0.018389941822221523,0.119850440608851,0.9046024373361484,-0.033841054728246264,0.03824913998857503,nonrobust,ok,0.9046024373361484,0.043542246437310236,900,796.0,False,False,False
demyelination_like__tbss__superior_fronto_occipital_fasciculus_rig,,,secondary_composite,secondary_composite,mechanistic_composite,secondary,dMRI_composite_tbss,demyelination_like,superior fronto-occipital fasciculus (right),composite,A,G,genotype_pairwise,AA_vs_GG,AA,GG,30160,-0.0022964187707157843,0.019368753139832107,-0.11856306671559397,0.9056223318181107,-0.04026002949800264,0.03566719195657107,nonrobust,ok,0.9056223318181107,0.043052876719191335,900,797.0,False,False,False
tract_geometry_like__wm__superior_thalamic_radiation_left,,,secondary_composite,secondary_composite,mechanistic_composite,secondary,dMRI_composite_wm,tract_geometry_like,superior thalamic radiation (left),composite,A,G,genotype_pairwise,AG_vs_GG,AG,GG,30160,0.0020224336147385263,0.01723331513268601,0.11735603969213246,0.9065787146560776,-0.03175562440039009,0.03580049162986715,nonrobust,ok,0.9065787146560776,0.04259448185347277,900,798.0,False,False,False
axonal_loss_like__tbss__superior_corona_radiata_right,,,secondary_composite,secondary_composite,mechanistic_composite,secondary,dMRI_composite_tbss,axonal_loss_like,superior corona radiata (right),composite,A,G,genotype_pairwise,AA_vs_AG,AA,AG,30160,0.0013589834690315773,0.01169414716395031,0.116210566703054,0.9074864507323782,-0.021562060932470015,0.024280027870533172,nonrobust,ok,0.9074864507323782,0.04215985049690794,900,799.0,False,False,False
axonal_loss_like__tbss__genu_of_corpus_callosum,,,secondary_composite,secondary_composite,mechanistic_composite,secondary,dMRI_composite_tbss,axonal_loss_like,genu of corpus callosum,composite,A,G,genotype_pairwise,AA_vs_AG,AA,AG,30160,0.0014319184184688966,0.012424208096123457,0.11525228870849943,0.9082459360395883,-0.022920077621278515,0.025783914458216307,nonrobust,ok,0.9082459360395883,0.04179653671823989,900,800.0,False,False,False
demyelination_like__tbss__cerebral_peduncle_right,,,secondary_composite,secondary_composite,mechanistic_composite,secondary,dMRI_composite_tbss,demyelination_like,cerebral peduncle (right),composite,A,G,genotype_pairwise,AA_vs_AG,AA,AG,30160,0.002304938444045575,0.02008642362906447,0.11475106204124841,0.9086432177813903,-0.037065338106641574,0.04167521499473273,nonrobust,ok,0.9086432177813903,0.04160661068933216,900,801.0,False,False,False
tract_geometry_like__tbss__anterior_corona_radiata_right,,,secondary_composite,secondary_composite,mechanistic_composite,secondary,dMRI_composite_tbss,tract_geometry_like,anterior corona radiata (right),composite,A,G,genotype_pairwise,AG_vs_GG,AG,GG,30160,0.0021064499673036276,0.01882907880833053,0.1118721732882478,0.9109255190330894,-0.03479937525914473,0.039012275193751986,nonrobust,ok,0.9109255190330894,0.04051713125455134,900,802.0,False,False,False
tract_geometry_like__wm__posterior_thalamic_radiation_right,,,secondary_composite,secondary_composite,mechanistic_composite,secondary,dMRI_composite_wm,tract_geometry_like,posterior thalamic radiation (right),composite,A,G,genotype_pairwise,AG_vs_GG,AG,GG,30160,0.0018396139316040477,0.016543723330680462,0.11119709238563423,0.9114608111052758,-0.030586813725955057,0.03426604158916315,nonrobust,ok,0.9114608111052758,0.04026199940243163,900,803.0,False,False,False
demyelination_like__tbss__superior_longitudinal_fasciculus_right,,,secondary_composite,secondary_composite,mechanistic_composite,secondary,dMRI_composite_tbss,demyelination_like,superior longitudinal fasciculus (right),composite,A,G,genotype_pairwise,AG_vs_GG,AG,GG,30160,0.00235594341676432,0.021264757337981836,0.11079098525880074,0.9117828451067584,-0.03932391919293368,0.04403580602646233,nonrobust,ok,0.9117828451067584,0.04010858316450093,900,804.0,False,False,False
axonal_loss_like__tbss__pontine_crossing_tract,,,secondary_composite,secondary_composite,mechanistic_composite,secondary,dMRI_composite_tbss,axonal_loss_like,pontine crossing tract,composite,A,G,genotype_pairwise,AA_vs_GG,AA,GG,30160,0.0016617855047294503,0.015147616847781466,0.10970606937241331,0.9126432304135593,-0.02802821184841211,0.03135178285787101,nonrobust,ok,0.9126432304135593,0.03969896325852769,900,805.0,False,False,False
free_water_like__wm__middle_cerebellar_peduncle,,,secondary_composite,secondary_composite,mechanistic_composite,secondary,dMRI_composite_wm,free_water_like,middle cerebellar peduncle,composite,A,G,genotype_pairwise,AG_vs_GG,AG,GG,30160,0.0030855944750833187,0.02814528020393741,0.10963097374499249,0.9127027883012376,-0.05208039652902086,0.0582515854791875,nonrobust,ok,0.9127027883012376,0.03967062270093862,900,806.0,False,False,False
axonal_loss_like__tbss__posterior_corona_radiata_right,,,secondary_composite,secondary_composite,mechanistic_composite,secondary,dMRI_composite_tbss,axonal_loss_like,posterior corona radiata (right),composite,A,G,genotype_pairwise,AA_vs_GG,AA,GG,30160,-0.0013732880325065633,0.01258353449163268,-0.10913372816037657,0.9130971631225652,-0.026037570837128623,0.023290994772115495,nonrobust,ok,0.9130971631225652,0.039483006515239574,900,807.0,False,False,False
tract_geometry_like__wm__inferior_longitudinal_fasciculus_left,,,secondary_composite,secondary_composite,mechanistic_composite,secondary,dMRI_composite_wm,tract_geometry_like,inferior longitudinal fasciculus (left),composite,A,G,genotype_pairwise,AA_vs_GG,AA,GG,30160,0.002093582289454412,0.019257401506854437,0.10871572100260915,0.9134287090202404,-0.035651774324225186,0.039838938903134,nonrobust,ok,0.9134287090202404,0.039325342659900356,900,808.0,False,False,False
demyelination_like__tbss__cingulum_cingulate_gyrus_left,,,secondary_composite,secondary_composite,mechanistic_composite,secondary,dMRI_composite_tbss,demyelination_like,cingulum cingulate gyrus (left),composite,A,G,genotype_pairwise,AG_vs_GG,AG,GG,30160,0.0021862788841828414,0.020404560018505012,0.10714658302850405,0.9146734179935971,-0.03780755902637664,0.04218011679474233,nonrobust,ok,0.9146734179935971,0.038733942087415096,900,809.0,False,False,False
tract_geometry_like__tbss__cingulum_hippocampus_right,,,secondary_composite,secondary_composite,mechanistic_composite,secondary,dMRI_composite_tbss,tract_geometry_like,cingulum hippocampus (right),composite,A,G,genotype_pairwise,AG_vs_GG,AG,GG,30160,0.0021734988824586143,0.02043655848276747,0.10635346867680062,0.9153026308562786,-0.03788305742986689,0.04223005519478412,nonrobust,ok,0.9153026308562786,0.038435289342593,900,810.0,False,False,False
free_water_like__tbss__superior_corona_radiata_left,,,secondary_composite,secondary_composite,mechanistic_composite,secondary,dMRI_composite_tbss,free_water_like,superior corona radiata (left),composite,A,G,genotype_pairwise,AG_vs_GG,AG,GG,30160,-0.00189877495758288,0.017987810781502623,-0.1055589799474344,0.9159329872900656,-0.03715567773366826,0.0333581278185025,nonrobust,ok,0.9159329872900656,0.03813629960153972,900,811.0,False,False,False
demyelination_like__tbss__anterior_corona_radiata_left,,,secondary_composite,secondary_composite,mechanistic_composite,secondary,dMRI_composite_tbss,demyelination_like,anterior corona radiata (left),composite,A,G,genotype_pairwise,AG_vs_GG,AG,GG,30160,0.0019208946695150357,0.01827268593478577,0.10512382669798,0.9162782652830669,-0.03389437597604754,0.037736165315077605,nonrobust,ok,0.9162782652830669,0.03797261506063583,900,812.0,False,False,False
demyelination_like__tbss__medial_lemniscus_left,,,secondary_composite,secondary_composite,mechanistic_composite,secondary,dMRI_composite_tbss,demyelination_like,medial lemniscus (left),composite,A,G,genotype_pairwise,AA_vs_AG,AA,AG,30160,-0.002212401321659003,0.021056254899240998,-0.10507097925276124,0.9163201988512348,-0.043483589952040866,0.039058787308722864,nonrobust,ok,0.9163201988512348,0.037952739984211344,900,813.0,False,False,False
tract_geometry_like__tbss__fornix,,,secondary_composite,secondary_composite,mechanistic_composite,secondary,dMRI_composite_tbss,tract_geometry_like,fornix,composite,A,G,genotype_pairwise,AA_vs_AG,AA,AG,30160,0.0014191804629137468,0.01366494423020068,0.1038555620137284,0.9172846762262583,-0.025364713142429603,0.0282030740682571,nonrobust,ok,0.9172846762262583,0.03749586157358234,900,814.0,False,False,False
demyelination_like__wm__acoustic_radiation_right,,,secondary_composite,secondary_composite,mechanistic_composite,secondary,dMRI_composite_wm,demyelination_like,acoustic radiation (right),composite,A,G,genotype_pairwise,AA_vs_AG,AA,AG,30160,-0.002164721144113936,0.021165820365856795,-0.10227437948050959,0.9185395835607173,-0.04365066292322594,0.039321220634998065,nonrobust,ok,0.9185395835607173,0.03690212346097599,900,815.0,False,False,False
demyelination_like__tbss__tapetum_left,,,secondary_composite,secondary_composite,mechanistic_composite,secondary,dMRI_composite_tbss,demyelination_like,tapetum (left),composite,A,G,genotype_pairwise,AA_vs_GG,AA,GG,30160,-0.0026624787525099357,0.02611708608025682,-0.10194394368224077,0.9188018600543415,-0.053853119787780346,0.04852816228276047,nonrobust,ok,0.9188018600543415,0.03677813427531489,900,816.0,False,False,False
free_water_like__wm__inferior_fronto_occipital_fasciculus_lef,,,secondary_composite,secondary_composite,mechanistic_composite,secondary,dMRI_composite_wm,free_water_like,inferior fronto-occipital fasciculus (left),composite,A,G,genotype_pairwise,AG_vs_GG,AG,GG,30160,0.002134208518148998,0.020951838522993645,0.10186258909006031,0.9188664349143889,-0.038932319407809085,0.04320073644410709,nonrobust,ok,0.9188664349143889,0.03674761243905469,900,817.0,False,False,False
axonal_loss_like__wm__medial_lemniscus_right,,,secondary_composite,secondary_composite,mechanistic_composite,secondary,dMRI_composite_wm,axonal_loss_like,medial lemniscus (right),composite,A,G,genotype_pairwise,AA_vs_GG,AA,GG,30160,-0.0016267366962545386,0.01662357071642221,-0.09785723681179437,0.922046319519146,-0.03420966875283236,0.030956195360323284,nonrobust,ok,0.922046319519146,0.03524726136905625,900,818.0,False,False,False
tract_geometry_like__tbss__anterior_corona_radiata_right,,,secondary_composite,secondary_composite,mechanistic_composite,secondary,dMRI_composite_tbss,tract_geometry_like,anterior corona radiata (right),composite,A,G,genotype_pairwise,AA_vs_AG,AA,AG,30160,0.0017444870389933078,0.017842087100608858,0.09777370938480495,0.9221126461277382,-0.03322679089303223,0.03671576497101884,nonrobust,ok,0.9221126461277382,0.03521602189278116,900,819.0,False,False,False
tract_geometry_like__wm__superior_thalamic_radiation_right,,,secondary_composite,secondary_composite,mechanistic_composite,secondary,dMRI_composite_wm,tract_geometry_like,superior thalamic radiation (right),composite,A,G,genotype_pairwise,AA_vs_GG,AA,GG,30160,-0.001849486226744489,0.019016315486515126,-0.09725786407235402,0.9225222753054592,-0.03912230360354723,0.03542333115005825,nonrobust,ok,0.9225222753054592,0.035023138528850487,900,820.0,False,False,False
free_water_like__wm__superior_longitudinal_fasciculus_right,,,secondary_composite,secondary_composite,mechanistic_composite,secondary,dMRI_composite_wm,free_water_like,superior longitudinal fasciculus (right),composite,A,G,genotype_pairwise,AA_vs_AG,AA,AG,30160,-0.0020574593970154997,0.02126171304612522,-0.09676827979721302,0.9229110697871485,-0.043731355060356636,0.03961643626632563,nonrobust,ok,0.9229110697871485,0.034840144869459494,900,821.0,False,False,False
demyelination_like__tbss__superior_fronto_occipital_fasciculus_rig,,,secondary_composite,secondary_composite,mechanistic_composite,secondary,dMRI_composite_tbss,demyelination_like,superior fronto-occipital fasciculus (right),composite,A,G,genotype_pairwise,AG_vs_GG,AG,GG,30160,-0.0016508465826418671,0.01722229121387637,-0.0958552240315008,0.9236362056205975,-0.03540729723051473,0.03210560406523099,nonrobust,ok,0.9236362056205975,0.03449905150945776,900,822.0,False,False,False
free_water_like__tbss__sagittal_stratum_right,,,secondary_composite,secondary_composite,mechanistic_composite,secondary,dMRI_composite_tbss,free_water_like,sagittal stratum (right),composite,A,G,genotype_pairwise,AG_vs_GG,AG,GG,30160,-0.002003569606576895,0.020971367717129964,-0.09553833748956328,0.923887887248003,-0.04310837561469424,0.039101236401540444,nonrobust,ok,0.923887887248003,0.03438072672757621,900,823.0,False,False,False
tract_geometry_like__tbss__superior_cerebellar_peduncle_left,,,secondary_composite,secondary_composite,mechanistic_composite,secondary,dMRI_composite_tbss,tract_geometry_like,superior cerebellar peduncle (left),composite,A,G,genotype_pairwise,AG_vs_GG,AG,GG,30160,0.0017586338717397038,0.01848000073626133,0.0951641667572515,0.9241850756565914,-0.03446298293169904,0.03798025067517845,nonrobust,ok,0.9241850756565914,0.034241049031252746,900,824.0,False,False,False
free_water_like__wm__inferior_longitudinal_fasciculus_right,,,secondary_composite,secondary_composite,mechanistic_composite,secondary,dMRI_composite_wm,free_water_like,inferior longitudinal fasciculus (right),composite,A,G,genotype_pairwise,AA_vs_AG,AA,AG,30160,0.0020202454323447003,0.02180887286847043,0.09263410560136805,0.9261948747042066,-0.04072610762415753,0.044766598488846926,nonrobust,ok,0.9261948747042066,0.033297626596109374,900,825.0,False,False,False
demyelination_like__wm__superior_longitudinal_fasciculus_right,,,secondary_composite,secondary_composite,mechanistic_composite,secondary,dMRI_composite_wm,demyelination_like,superior longitudinal fasciculus (right),composite,A,G,genotype_pairwise,AA_vs_GG,AA,GG,30160,-0.0022509205130329998,0.024354717635005605,-0.09242236131687682,0.9263630990804362,-0.04998724163774716,0.04548540061168116,nonrobust,ok,0.9263630990804362,0.03321875303905711,900,826.0,False,False,False
free_water_like__wm__posterior_thalamic_radiation_right,,,secondary_composite,secondary_composite,mechanistic_composite,secondary,dMRI_composite_wm,free_water_like,posterior thalamic radiation (right),composite,A,G,genotype_pairwise,AG_vs_GG,AG,GG,30160,-0.0019078383876941427,0.022242075418324757,-0.08577609561211705,0.9316449894360862,-0.04550328755534028,0.04168761077995199,nonrobust,ok,0.9316449894360862,0.030749547410795726,900,827.0,False,False,False
free_water_like__wm__medial_lemniscus_right,,,secondary_composite,secondary_composite,mechanistic_composite,secondary,dMRI_composite_wm,free_water_like,medial lemniscus (right),composite,A,G,genotype_pairwise,AA_vs_GG,AA,GG,30160,0.0025973637646823835,0.030363072979268213,0.08554350761715894,0.9318298866189715,-0.05691559893081574,0.06211032646018051,nonrobust,ok,0.9318298866189715,0.030663364519315006,900,828.0,False,False,False
demyelination_like__tbss__medial_lemniscus_left,,,secondary_composite,secondary_composite,mechanistic_composite,secondary,dMRI_composite_tbss,demyelination_like,medial lemniscus (left),composite,A,G,genotype_pairwise,AA_vs_GG,AA,GG,30160,0.0021258579333601592,0.02499051941874951,0.08506657655803675,0.9322090372410566,-0.04685666273984891,0.051108378606569235,nonrobust,ok,0.9322090372410566,0.030486691142868942,900,829.0,False,False,False
free_water_like__tbss__cingulum_hippocampus_left,,,secondary_composite,secondary_composite,mechanistic_composite,secondary,dMRI_composite_tbss,free_water_like,cingulum hippocampus (left),composite,A,G,genotype_pairwise,AG_vs_GG,AG,GG,30160,0.001945196154877554,0.023071336305832805,0.08431224481720971,0.9328087472116386,-0.04327564094029487,0.04716603325004997,nonrobust,ok,0.9328087472116386,0.030207390063689856,900,830.0,False,False,False
free_water_like__wm__medial_lemniscus_right,,,secondary_composite,secondary_composite,mechanistic_composite,secondary,dMRI_composite_wm,free_water_like,medial lemniscus (right),composite,A,G,genotype_pairwise,AG_vs_GG,AG,GG,30160,0.0022668548187203662,0.026998211047552782,0.08396314906671724,0.9330862987788273,-0.05065083002876764,0.05518453966620838,nonrobust,ok,0.9330862987788273,0.030078187603753324,900,831.0,False,False,False
axonal_loss_like__tbss__tapetum_right,,,secondary_composite,secondary_composite,mechanistic_composite,secondary,dMRI_composite_tbss,axonal_loss_like,tapetum (right),composite,A,G,genotype_pairwise,AA_vs_GG,AA,GG,30160,-0.001197668122295437,0.014501044106336994,-0.08259185431841097,0.9341766368467022,-0.02962035437462107,0.027225018130030195,nonrobust,ok,0.9341766368467022,0.02957099833643412,900,832.0,False,False,False
tract_geometry_like__tbss__fornix_cres_stria_terminalis_right,,,secondary_composite,secondary_composite,mechanistic_composite,secondary,dMRI_composite_tbss,tract_geometry_like,fornix cres+stria terminalis (right),composite,A,G,genotype_pairwise,AA_vs_AG,AA,AG,30160,0.0013468637828338453,0.017061439012434707,0.07894198032488496,0.9370793054981457,-0.032094309453216355,0.03478803701888404,nonrobust,ok,0.9370793054981457,0.028223652994005432,900,833.0,False,False,False
axonal_loss_like__tbss__pontine_crossing_tract,,,secondary_composite,secondary_composite,mechanistic_composite,secondary,dMRI_composite_tbss,axonal_loss_like,pontine crossing tract,composite,A,G,genotype_pairwise,AA_vs_AG,AA,AG,30160,-0.0009645236007434091,0.012762923255753754,-0.07557231062316265,0.9397598770212559,-0.025980416297895728,0.02405136909640891,nonrobust,ok,0.9397598770212559,0.026983101088172687,900,834.0,False,False,False
free_water_like__tbss__corticospinal_tract_left,,,secondary_composite,secondary_composite,mechanistic_composite,secondary,dMRI_composite_tbss,free_water_like,corticospinal tract (left),composite,A,G,genotype_pairwise,AA_vs_GG,AA,GG,30160,0.00245826526442837,0.032783107146927094,0.07498573132226102,0.9402265713479709,-0.06179807117456576,0.0667146017034225,nonrobust,ok,0.9402265713479709,0.02676747956050991,900,835.0,False,False,False
axonal_loss_like__tbss__superior_corona_radiata_right,,,secondary_composite,secondary_composite,mechanistic_composite,secondary,dMRI_composite_tbss,axonal_loss_like,superior corona radiata (right),composite,A,G,genotype_pairwise,AA_vs_GG,AA,GG,30160,0.0010127032509445388,0.013879144851962686,0.07296582474973808,0.9418338058356883,-0.026191033023847288,0.028216439525736367,nonrobust,ok,0.9418338058356883,0.026025725207372702,900,836.0,False,False,False
free_water_like__tbss__body_of_corpus_callosum,,,secondary_composite,secondary_composite,mechanistic_composite,secondary,dMRI_composite_tbss,free_water_like,body of corpus callosum,composite,A,G,genotype_pairwise,AA_vs_GG,AA,GG,30160,-0.001763881956918711,0.024375363297690862,-0.07236330943571241,0.9423132718964854,-0.049540669491408014,0.04601290557757059,nonrobust,ok,0.9423132718964854,0.025804692071032354,900,837.0,False,False,False
tract_geometry_like__tbss__posterior_corona_radiata_right,,,secondary_composite,secondary_composite,mechanistic_composite,secondary,dMRI_composite_tbss,tract_geometry_like,posterior corona radiata (right),composite,A,G,genotype_pairwise,AA_vs_AG,AA,AG,30160,-0.0011361749320646635,0.015707764813365183,-0.07233205650608751,0.9423381427391623,-0.031924087012167646,0.029651737148038322,nonrobust,ok,0.9423381427391623,0.025793229718205087,900,838.0,False,False,False
demyelination_like__wm__superior_longitudinal_fasciculus_right,,,secondary_composite,secondary_composite,mechanistic_composite,secondary,dMRI_composite_wm,demyelination_like,superior longitudinal fasciculus (right),composite,A,G,genotype_pairwise,AA_vs_AG,AA,AG,30160,0.001472628526136827,0.020520547569610244,0.07176360772739347,0.9427905197227675,-0.038748550102102354,0.041693807154376004,nonrobust,ok,0.9427905197227675,0.025584793195644936,900,839.0,False,False,False
axonal_loss_like__tbss__cingulum_hippocampus_left,,,secondary_composite,secondary_composite,mechanistic_composite,secondary,dMRI_composite_tbss,axonal_loss_like,cingulum hippocampus (left),composite,A,G,genotype_pairwise,AA_vs_GG,AA,GG,30160,-0.0012629421605713682,0.017632889504139816,-0.07162423154043228,0.9429014394503309,-0.03582418357346227,0.03329829925231953,nonrobust,ok,0.9429014394503309,0.025533701260468344,900,840.0,False,False,False
axonal_loss_like__wm__superior_thalamic_radiation_right,,,secondary_composite,secondary_composite,mechanistic_composite,secondary,dMRI_composite_wm,axonal_loss_like,superior thalamic radiation (right),composite,A,G,genotype_pairwise,AA_vs_GG,AA,GG,30160,0.0009795239430562843,0.013757195363143777,0.07120084560843545,0.9432383893877792,-0.02598518595308901,0.027944233839201582,nonrobust,ok,0.9432383893877792,0.02537853195877527,900,841.0,False,False,False
free_water_like__tbss__medial_lemniscus_right,,,secondary_composite,secondary_composite,mechanistic_composite,secondary,dMRI_composite_tbss,free_water_like,medial lemniscus (right),composite,A,G,genotype_pairwise,AA_vs_GG,AA,GG,30160,0.0021923438028360626,0.030791523306313753,0.07119958895916416,0.9432393895020376,-0.05816040043742683,0.06254508804309895,nonrobust,ok,0.9432393895020376,0.02537807147722753,900,842.0,False,False,False
free_water_like__tbss__body_of_corpus_callosum,,,secondary_composite,secondary_composite,mechanistic_composite,secondary,dMRI_composite_tbss,free_water_like,body of corpus callosum,composite,A,G,genotype_pairwise,AA_vs_AG,AA,AG,30160,0.0014275351489446133,0.020537942979796813,0.06950721162040815,0.9445863619592445,-0.03882773925076714,0.04168280954865637,nonrobust,ok,0.9445863619592445,0.02475832910507559,900,843.0,False,False,False
tract_geometry_like__tbss__posterior_thalamic_radiation_left,,,secondary_composite,secondary_composite,mechanistic_composite,secondary,dMRI_composite_tbss,tract_geometry_like,posterior thalamic radiation (left),composite,A,G,genotype_pairwise,AA_vs_AG,AA,AG,30160,0.0009971265356826654,0.01552549104298453,0.06422512066909696,0.9487914089174281,-0.029433520912331253,0.03142777398369658,nonrobust,ok,0.9487914089174281,0.022829256396176906,900,844.0,False,False,False
tract_geometry_like__tbss__sagittal_stratum_left,,,secondary_composite,secondary_composite,mechanistic_composite,secondary,dMRI_composite_tbss,tract_geometry_like,sagittal stratum (left),composite,A,G,genotype_pairwise,AA_vs_GG,AA,GG,30160,0.0014217397313393138,0.022282392179912923,0.06380552500197803,0.9491255097013219,-0.042252732067844745,0.04509621153052337,nonrobust,ok,0.9491255097013219,0.022676353888253602,900,845.0,False,False,False
axonal_loss_like__wm__superior_thalamic_radiation_right,,,secondary_composite,secondary_composite,mechanistic_composite,secondary,dMRI_composite_wm,axonal_loss_like,superior thalamic radiation (right),composite,A,G,genotype_pairwise,AA_vs_AG,AA,AG,30160,-0.0007377489205276464,0.01159139621754635,-0.06364625164058209,0.9492523326005127,-0.02345739693357932,0.021981899092524026,nonrobust,ok,0.9492523326005127,0.02261832699376281,900,846.0,False,False,False
tract_geometry_like__tbss__cingulum_hippocampus_right,,,secondary_composite,secondary_composite,mechanistic_composite,secondary,dMRI_composite_tbss,tract_geometry_like,cingulum hippocampus (right),composite,A,G,genotype_pairwise,AA_vs_AG,AA,AG,30160,0.0012025939651622158,0.01936530513244762,0.062100439778106274,0.9504832660180231,-0.03675425851552072,0.03915944644584515,nonrobust,ok,0.9504832660180231,0.022055524816430926,900,847.0,False,False,False
tract_geometry_like__wm__inferior_longitudinal_fasciculus_left,,,secondary_composite,secondary_composite,mechanistic_composite,secondary,dMRI_composite_wm,tract_geometry_like,inferior longitudinal fasciculus (left),composite,A,G,genotype_pairwise,AG_vs_GG,AG,GG,30160,-0.0010551077526355515,0.017123279664891404,-0.0616183215648159,0.9508672021349881,-0.034617491395986535,0.032507275890715434,nonrobust,ok,0.9508672021349881,0.021880132281429727,900,848.0,False,False,False
demyelination_like__tbss__tapetum_right,,,secondary_composite,secondary_composite,mechanistic_composite,secondary,dMRI_composite_tbss,demyelination_like,tapetum (right),composite,A,G,genotype_pairwise,AG_vs_GG,AG,GG,30160,0.0013574299148617075,0.02225422618599764,0.06099650032836471,0.9513624079549476,-0.042261835293530094,0.04497669512325351,nonrobust,ok,0.9513624079549476,0.0216540132485512,900,849.0,False,False,False
free_water_like__tbss__anterior_limb_of_internal_capsule_right,,,secondary_composite,secondary_composite,mechanistic_composite,secondary,dMRI_composite_tbss,free_water_like,anterior limb of internal capsule (right),composite,A,G,genotype_pairwise,AA_vs_AG,AA,AG,30160,0.001317620383660398,0.021953744248531,0.06001802556976423,0.9521416833655267,-0.04171268696966405,0.04434792773698485,nonrobust,ok,0.9521416833655267,0.02129842165182406,900,850.0,False,False,False
tract_geometry_like__tbss__posterior_corona_radiata_left,,,secondary_composite,secondary_composite,mechanistic_composite,secondary,dMRI_composite_tbss,tract_geometry_like,posterior corona radiata (left),composite,A,G,genotype_pairwise,AA_vs_AG,AA,AG,30160,0.000948539927277961,0.0158235247713731,0.059944920046764695,0.9521999078039663,-0.030066266777992293,0.03196334663254821,nonrobust,ok,0.9521999078039663,0.02127186491173985,900,851.0,False,False,False
free_water_like__wm__acoustic_radiation_left,,,secondary_composite,secondary_composite,mechanistic_composite,secondary,dMRI_composite_wm,free_water_like,acoustic radiation (left),composite,A,G,genotype_pairwise,AA_vs_AG,AA,AG,30160,-0.0014423923194043162,0.025142308469323416,-0.05736912826299165,0.9542515417478781,-0.05072242622885789,0.04783764159004926,nonrobust,ok,0.9542515417478781,0.020337129705240334,900,852.0,False,False,False
demyelination_like__tbss__medial_lemniscus_right,,,secondary_composite,secondary_composite,mechanistic_composite,secondary,dMRI_composite_tbss,demyelination_like,medial lemniscus (right),composite,A,G,genotype_pairwise,AA_vs_GG,AA,GG,30160,-0.001448023656057317,0.025243117293670514,-0.057363107702248645,0.9542563375218758,-0.05092564730904055,0.04802959999692591,nonrobust,ok,0.9542563375218758,0.020334947080577072,900,853.0,False,False,False
free_water_like__tbss__superior_longitudinal_fasciculus_left,,,secondary_composite,secondary_composite,mechanistic_composite,secondary,dMRI_composite_tbss,free_water_like,superior longitudinal fasciculus (left),composite,A,G,genotype_pairwise,AA_vs_GG,AA,GG,30160,-0.001301210315126436,0.02306015487251548,-0.056426781273585414,0.9550022033719914,-0.0465001313076583,0.04389771067740543,nonrobust,ok,0.9550022033719914,0.019995626415003874,900,854.0,False,False,False
axonal_loss_like__wm__inferior_longitudinal_fasciculus_right,,,secondary_composite,secondary_composite,mechanistic_composite,secondary,dMRI_composite_wm,axonal_loss_like,inferior longitudinal fasciculus (right),composite,A,G,genotype_pairwise,AA_vs_GG,AA,GG,30160,-0.0008168872622362723,0.014790624173530354,-0.05523007363666185,0.9559555429000224,-0.029807163222889697,0.02817338869841715,nonrobust,ok,0.9559555429000224,0.01956230429518201,900,855.0,False,False,False
free_water_like__tbss__anterior_corona_radiata_right,,,secondary_composite,secondary_composite,mechanistic_composite,secondary,dMRI_composite_tbss,free_water_like,anterior corona radiata (right),composite,A,G,genotype_pairwise,AG_vs_GG,AG,GG,30160,0.0010296476083113569,0.018880221022975194,0.05453578149632818,0.9565086694883329,-0.03597641861529797,0.03803571383192068,nonrobust,ok,0.9565086694883329,0.019311089312711503,900,856.0,False,False,False
demyelination_like__tbss__anterior_corona_radiata_right,,,secondary_composite,secondary_composite,mechanistic_composite,secondary,dMRI_composite_tbss,demyelination_like,anterior corona radiata (right),composite,A,G,genotype_pairwise,AG_vs_GG,AG,GG,30160,0.0009928415669112085,0.018565375462667174,0.053478130238071304,0.957351316099055,-0.03539611346712095,0.037381796600943366,nonrobust,ok,0.957351316099055,0.018928661340305845,900,857.0,False,False,False
free_water_like__tbss__cingulum_hippocampus_left,,,secondary_composite,secondary_composite,mechanistic_composite,secondary,dMRI_composite_tbss,free_water_like,cingulum hippocampus (left),composite,A,G,genotype_pairwise,AA_vs_AG,AA,AG,30160,-0.0011489831833547274,0.02186197190454089,-0.05255624645259356,0.9580858336410188,-0.04399941269334985,0.0417014463266404,nonrobust,ok,0.9580858336410188,0.018595581311012663,900,858.0,False,False,False
axonal_loss_like__tbss__fornix,,,secondary_composite,secondary_composite,mechanistic_composite,secondary,dMRI_composite_tbss,axonal_loss_like,fornix,composite,A,G,genotype_pairwise,AA_vs_GG,AA,GG,30160,-0.0005078056128042124,0.010307938876092153,-0.04926354520611271,0.9607096032741113,-0.02071182060888885,0.019696209383280424,nonrobust,ok,0.9607096032741113,0.017407868059543172,900,859.0,False,False,False
axonal_loss_like__tbss__tapetum_left,,,secondary_composite,secondary_composite,mechanistic_composite,secondary,dMRI_composite_tbss,axonal_loss_like,tapetum (left),composite,A,G,genotype_pairwise,AA_vs_GG,AA,GG,30160,0.0006606112188783674,0.014380914424216816,0.045936662954194886,0.9633610420420708,-0.027526615556222357,0.028847837993979095,nonrobust,ok,0.9633610420420708,0.016210920371858596,900,860.0,False,False,False
tract_geometry_like__tbss__sagittal_stratum_left,,,secondary_composite,secondary_composite,mechanistic_composite,secondary,dMRI_composite_tbss,tract_geometry_like,sagittal stratum (left),composite,A,G,genotype_pairwise,AG_vs_GG,AG,GG,30160,-0.000908226042049199,0.019813038262905355,-0.045839816690285744,0.9634382322118465,-0.03974265521296581,0.03792620312886741,nonrobust,ok,0.9634382322118465,0.01617612353001146,900,861.0,False,False,False
free_water_like__wm__forceps_minor,,,secondary_composite,secondary_composite,mechanistic_composite,secondary,dMRI_composite_wm,free_water_like,forceps minor,composite,A,G,genotype_pairwise,AA_vs_GG,AA,GG,30160,-0.001158156711482075,0.025718091014956986,-0.04503276354409512,0.9640814976396357,-0.051566749814611686,0.049250436391647535,nonrobust,ok,0.9640814976396357,0.01588625190718677,900,862.0,False,False,False
tract_geometry_like__wm__acoustic_radiation_right,,,secondary_composite,secondary_composite,mechanistic_composite,secondary,dMRI_composite_wm,tract_geometry_like,acoustic radiation (right),composite,A,G,genotype_pairwise,AA_vs_AG,AA,AG,30160,0.0007804140014534282,0.017846342238436085,0.04372963327872489,0.9651202127929538,-0.03419920418845539,0.03576003219136224,nonrobust,ok,0.9651202127929538,0.015418588727637515,900,863.0,False,False,False
tract_geometry_like__tbss__medial_lemniscus_left,,,secondary_composite,secondary_composite,mechanistic_composite,secondary,dMRI_composite_tbss,tract_geometry_like,medial lemniscus (left),composite,A,G,genotype_pairwise,AA_vs_GG,AA,GG,30160,-0.000907754464691342,0.020786801722104717,-0.04366975145224167,0.9651679455742181,-0.04165080297928045,0.03983529404989776,nonrobust,ok,0.9651679455742181,0.0153971099826912,900,864.0,False,False,False
demyelination_like__wm__inferior_longitudinal_fasciculus_right,,,secondary_composite,secondary_composite,mechanistic_composite,secondary,dMRI_composite_wm,demyelination_like,inferior longitudinal fasciculus (right),composite,A,G,genotype_pairwise,AA_vs_AG,AA,AG,30160,-0.0008465786927175437,0.019907282680349525,-0.042526079842790464,0.9660796086411853,-0.039865731080004366,0.03817257369456928,nonrobust,ok,0.9660796086411853,0.01498708458963967,900,865.0,False,False,False
free_water_like__tbss__superior_corona_radiata_right,,,secondary_composite,secondary_composite,mechanistic_composite,secondary,dMRI_composite_tbss,free_water_like,superior corona radiata (right),composite,A,G,genotype_pairwise,AG_vs_GG,AG,GG,30160,-0.0007378363066137279,0.01780419722600436,-0.041441705977962484,0.966944044248216,-0.035634848412666564,0.03415917579943911,nonrobust,ok,0.966944044248216,0.0145986572276064,900,866.0,False,False,False
axonal_loss_like__wm__acoustic_radiation_left,,,secondary_composite,secondary_composite,mechanistic_composite,secondary,dMRI_composite_wm,axonal_loss_like,acoustic radiation (left),composite,A,G,genotype_pairwise,AA_vs_AG,AA,AG,30160,0.0005936931843476228,0.01434924641752405,0.04137452010180644,0.9669976044295642,-0.027531462900403866,0.028718849269099112,nonrobust,ok,0.9669976044295642,0.014574601805633254,900,867.0,False,False,False
tract_geometry_like__tbss__fornix_cres_stria_terminalis_left,,,secondary_composite,secondary_composite,mechanistic_composite,secondary,dMRI_composite_tbss,tract_geometry_like,fornix cres+stria terminalis (left),composite,A,G,genotype_pairwise,AA_vs_GG,AA,GG,30160,0.0007918503209026796,0.01996538580383148,0.03966115800029863,0.9683635361659081,-0.03834118675199005,0.03992488739379542,nonrobust,ok,0.9683635361659081,0.013961572328286322,900,868.0,False,False,False
demyelination_like__tbss__superior_fronto_occipital_fasciculus_rig,,,secondary_composite,secondary_composite,mechanistic_composite,secondary,dMRI_composite_tbss,demyelination_like,superior fronto-occipital fasciculus (right),composite,A,G,genotype_pairwise,AA_vs_AG,AA,AG,30160,-0.0006455721880739172,0.016319524870971516,-0.039558271039019884,0.9684455630159459,-0.032632560972691634,0.031341416596543804,nonrobust,ok,0.9684455630159459,0.013924786247122558,900,869.0,False,False,False
free_water_like__wm__acoustic_radiation_right,,,secondary_composite,secondary_composite,mechanistic_composite,secondary,dMRI_composite_wm,free_water_like,acoustic radiation (right),composite,A,G,genotype_pairwise,AG_vs_GG,AG,GG,30160,-0.00104527999695498,0.026977606459511153,-0.038746209695206625,0.9690929923067104,-0.05392257894278162,0.05183201894887166,nonrobust,ok,0.9690929923067104,0.013634546883271795,900,870.0,False,False,False
free_water_like__wm__parahippocampal_part_of_cingulum_left,,,secondary_composite,secondary_composite,mechanistic_composite,secondary,dMRI_composite_wm,free_water_like,parahippocampal part of cingulum (left),composite,A,G,genotype_pairwise,AA_vs_GG,AA,GG,30160,0.0011399450078148719,0.032309482227314876,0.035282057440436075,0.9718550683877154,-0.0621880656918252,0.06446795570745495,nonrobust,ok,0.9718550683877154,0.012398496074284362,900,871.0,False,False,False
free_water_like__wm__parahippocampal_part_of_cingulum_right,,,secondary_composite,secondary_composite,mechanistic_composite,secondary,dMRI_composite_wm,free_water_like,parahippocampal part of cingulum (right),composite,A,G,genotype_pairwise,AA_vs_GG,AA,GG,30160,0.001132436782093113,0.03216228240377531,0.03521008763856212,0.9719124558384536,-0.06190705576877212,0.06417192933295834,nonrobust,ok,0.9719124558384536,0.012372852006377343,900,872.0,False,False,False
demyelination_like__tbss__fornix,,,secondary_composite,secondary_composite,mechanistic_composite,secondary,dMRI_composite_tbss,demyelination_like,fornix,composite,A,G,genotype_pairwise,AG_vs_GG,AG,GG,30160,-0.000606261706699222,0.017670820265574788,-0.03430863409777892,0.9726312712156906,-0.03524184908555453,0.03402932567215608,nonrobust,ok,0.9726312712156906,0.012051771475538894,900,873.0,False,False,False
axonal_loss_like__tbss__posterior_limb_of_internal_capsule_left,,,secondary_composite,secondary_composite,mechanistic_composite,secondary,dMRI_composite_tbss,axonal_loss_like,posterior limb of internal capsule (left),composite,A,G,genotype_pairwise,AG_vs_GG,AG,GG,30160,0.0005040800489339373,0.015302592654741865,0.032940826453858214,0.9737219977206182,-0.02948967672357326,0.030497836821441134,nonrobust,ok,0.9737219977206182,0.011565018572555872,900,874.0,False,False,False
demyelination_like__wm__acoustic_radiation_left,,,secondary_composite,secondary_composite,mechanistic_composite,secondary,dMRI_composite_wm,demyelination_like,acoustic radiation (left),composite,A,G,genotype_pairwise,AA_vs_AG,AA,AG,30160,-0.0006437893932820737,0.020474769730708903,-0.03144305903067089,0.9749164139390909,-0.04077524143750006,0.039487662650935916,nonrobust,ok,0.9749164139390909,0.011032617656472237,900,875.0,False,False,False
axonal_loss_like__tbss__posterior_thalamic_radiation_left,,,secondary_composite,secondary_composite,mechanistic_composite,secondary,dMRI_composite_tbss,axonal_loss_like,posterior thalamic radiation (left),composite,A,G,genotype_pairwise,AA_vs_GG,AA,GG,30160,-0.00042762793786712194,0.013687308576255297,-0.031242660708984793,0.9750762287944517,-0.027255356648219986,0.026400100772485745,nonrobust,ok,0.9750762287944517,0.010961431018693492,900,876.0,False,False,False
demyelination_like__wm__medial_lemniscus_right,,,secondary_composite,secondary_composite,mechanistic_composite,secondary,dMRI_composite_wm,demyelination_like,medial lemniscus (right),composite,A,G,genotype_pairwise,AA_vs_GG,AA,GG,30160,0.00069851078262508,0.02269551349271837,0.0307774830848921,0.9754472052820948,-0.04378569701707819,0.045182718582328356,nonrobust,ok,0.9754472052820948,0.01079623121578189,900,877.0,False,False,False
free_water_like__tbss__cingulum_hippocampus_left,,,secondary_composite,secondary_composite,mechanistic_composite,secondary,dMRI_composite_tbss,free_water_like,cingulum hippocampus (left),composite,A,G,genotype_pairwise,AA_vs_GG,AA,GG,30160,0.0007962129715228267,0.025946780945944905,0.03068638738584113,0.9755198542041351,-0.0500606224864242,0.05165304842946985,nonrobust,ok,0.9755198542041351,0.010763887229429597,900,878.0,False,False,False
tract_geometry_like__wm__superior_longitudinal_fasciculus_right,,,secondary_composite,secondary_composite,mechanistic_composite,secondary,dMRI_composite_wm,tract_geometry_like,superior longitudinal fasciculus (right),composite,A,G,genotype_pairwise,AA_vs_GG,AA,GG,30160,-0.0005895182656628951,0.019662502269777372,-0.02998185366106864,0.9760817274524327,-0.03912889024821545,0.037949853716889664,nonrobust,ok,0.9760817274524327,0.010513817276319923,900,879.0,False,False,False
free_water_like__tbss__sagittal_stratum_left,,,secondary_composite,secondary_composite,mechanistic_composite,secondary,dMRI_composite_tbss,free_water_like,sagittal stratum (left),composite,A,G,genotype_pairwise,AA_vs_AG,AA,AG,30160,0.0005722544695662343,0.019743971643892886,0.028983756656844745,0.9768777408355873,-0.038126801080781744,0.03927131001991421,nonrobust,ok,0.9768777408355873,0.010159786130683857,900,880.0,False,False,False
axonal_loss_like__tbss__superior_corona_radiata_right,,,secondary_composite,secondary_composite,mechanistic_composite,secondary,dMRI_composite_tbss,axonal_loss_like,superior corona radiata (right),composite,A,G,genotype_pairwise,AG_vs_GG,AG,GG,30160,-0.00034628021808703847,0.012341046050533036,-0.028059227448720355,0.9776151021772492,-0.024535274979265467,0.02384271454309139,nonrobust,ok,0.9776151021772492,0.009832098077806007,900,881.0,False,False,False
free_water_like__wm__uncinate_fasciculus_right,,,secondary_composite,secondary_composite,mechanistic_composite,secondary,dMRI_composite_wm,free_water_like,uncinate fasciculus (right),composite,A,G,genotype_pairwise,AA_vs_AG,AA,AG,30160,0.0005998219910716002,0.022697560631139264,0.02642671610484396,0.9789171633419993,-0.043888398290258895,0.045088042272402096,nonrobust,ok,0.9789171633419993,0.009254056946159689,900,882.0,False,False,False
axonal_loss_like__tbss__sagittal_stratum_left,,,secondary_composite,secondary_composite,mechanistic_composite,secondary,dMRI_composite_tbss,axonal_loss_like,sagittal stratum (left),composite,A,G,genotype_pairwise,AG_vs_GG,AG,GG,30160,0.00034880707655278106,0.014528178745518285,0.024009002275001783,0.9808455898189031,-0.028127064265781845,0.028824678418887407,nonrobust,ok,0.9808455898189031,0.00839935629768905,900,883.0,False,False,False
axonal_loss_like__wm__inferior_longitudinal_fasciculus_left,,,secondary_composite,secondary_composite,mechanistic_composite,secondary,dMRI_composite_wm,axonal_loss_like,inferior longitudinal fasciculus (left),composite,A,G,genotype_pairwise,AG_vs_GG,AG,GG,30160,-0.0002873322157359009,0.012695831628947921,-0.022632012154347667,0.9819439608886159,-0.025171722364183677,0.02459705793271188,nonrobust,ok,0.9819439608886159,0.007913296501539364,900,884.0,False,False,False
demyelination_like__tbss__anterior_limb_of_internal_capsule_left,,,secondary_composite,secondary_composite,mechanistic_composite,secondary,dMRI_composite_tbss,demyelination_like,anterior limb of internal capsule (left),composite,A,G,genotype_pairwise,AA_vs_GG,AA,GG,30160,0.0005271822082010998,0.02476341675332347,0.021288750799315574,0.9830154608437671,-0.04801020722072395,0.04906457163712616,nonrobust,ok,0.9830154608437671,0.007439651540875427,900,885.0,False,False,False
axonal_loss_like__tbss__anterior_corona_radiata_right,,,secondary_composite,secondary_composite,mechanistic_composite,secondary,dMRI_composite_tbss,axonal_loss_like,anterior corona radiata (right),composite,A,G,genotype_pairwise,AG_vs_GG,AG,GG,30160,0.0002496313556527149,0.011775188279942115,0.021199776149476744,0.9830864357251512,-0.022830257208826553,0.023329519920131984,nonrobust,ok,0.9830864357251512,0.0074082960964744786,900,886.0,False,False,False
free_water_like__tbss__superior_longitudinal_fasciculus_right,,,secondary_composite,secondary_composite,mechanistic_composite,secondary,dMRI_composite_tbss,free_water_like,superior longitudinal fasciculus (right),composite,A,G,genotype_pairwise,AA_vs_AG,AA,AG,30160,0.00040986602951304397,0.019434747500655953,0.021089341628915445,0.9831745292840941,-0.03768309655674093,0.038502828615767024,nonrobust,ok,0.9831745292840941,0.007369381072226372,900,887.0,False,False,False
free_water_like__tbss__tapetum_left,,,secondary_composite,secondary_composite,mechanistic_composite,secondary,dMRI_composite_tbss,free_water_like,tapetum (left),composite,A,G,genotype_pairwise,AA_vs_AG,AA,AG,30160,0.00041300620458407846,0.024554136568697506,0.01682022918739458,0.9865801449715907,-0.04771418482877489,0.04854019723794305,nonrobust,ok,0.9865801449715907,0.005867629007715267,900,888.0,False,False,False
free_water_like__wm__medial_lemniscus_right,,,secondary_composite,secondary_composite,mechanistic_composite,secondary,dMRI_composite_wm,free_water_like,medial lemniscus (right),composite,A,G,genotype_pairwise,AA_vs_AG,AA,AG,30160,0.00033050894596201724,0.025583005837648155,0.012919081833442637,0.9896924378505854,-0.04981331124951808,0.05047432914144211,nonrobust,ok,0.9896924378505854,0.004499748126737857,900,889.0,False,False,False
axonal_loss_like__wm__inferior_longitudinal_fasciculus_left,,,secondary_composite,secondary_composite,mechanistic_composite,secondary,dMRI_composite_wm,axonal_loss_like,inferior longitudinal fasciculus (left),composite,A,G,genotype_pairwise,AA_vs_AG,AA,AG,30160,0.00014882429416488026,0.012030335421302427,0.012370751849641136,0.9901299032021803,-0.023431163924786357,0.023728812513116114,nonrobust,ok,0.9901299032021803,0.004307823035911233,900,890.0,False,False,False
tract_geometry_like__wm__medial_lemniscus_left,,,secondary_composite,secondary_composite,mechanistic_composite,secondary,dMRI_composite_wm,tract_geometry_like,medial lemniscus (left),composite,A,G,genotype_pairwise,AA_vs_AG,AA,AG,30160,-0.00019551235733466545,0.017786105060998085,-0.01099242114359208,0.9912295675831487,-0.03505706302172663,0.0346660383070573,nonrobust,ok,0.9912295675831487,0.0038257517826347353,900,891.0,False,False,False
tract_geometry_like__wm__superior_longitudinal_fasciculus_left,,,secondary_composite,secondary_composite,mechanistic_composite,secondary,dMRI_composite_wm,tract_geometry_like,superior longitudinal fasciculus (left),composite,A,G,genotype_pairwise,AG_vs_GG,AG,GG,30160,-0.000197909382598397,0.01815175060665391,-0.010903046592423384,0.991300873282061,-0.03577614144920707,0.03538032268401027,nonrobust,ok,0.991300873282061,0.0037945112317298284,900,892.0,False,False,False
tract_geometry_like__tbss__sagittal_stratum_right,,,secondary_composite,secondary_composite,mechanistic_composite,secondary,dMRI_composite_tbss,tract_geometry_like,sagittal stratum (right),composite,A,G,genotype_pairwise,AG_vs_GG,AG,GG,30160,-0.0002065246485034762,0.019438708723565346,-0.010624401622578382,0.9915231850441513,-0.03830725140643389,0.03789420210942694,nonrobust,ok,0.9915231850441513,0.003697126119281606,900,893.0,False,False,False
axonal_loss_like__tbss__inferior_cerebellar_peduncle_right,,,secondary_composite,secondary_composite,mechanistic_composite,secondary,dMRI_composite_tbss,axonal_loss_like,inferior cerebellar peduncle (right),composite,A,G,genotype_pairwise,AA_vs_GG,AA,GG,30160,0.00017315905586627188,0.01659403161996689,0.01043502024293584,0.9916742798699829,-0.03235187506835785,0.03269819318009039,nonrobust,ok,0.9916742798699829,0.0036309505110623604,900,894.0,False,False,False
tract_geometry_like__wm__corticospinal_tract_left,,,secondary_composite,secondary_composite,mechanistic_composite,secondary,dMRI_composite_wm,tract_geometry_like,corticospinal tract (left),composite,A,G,genotype_pairwise,AA_vs_AG,AA,AG,30160,-0.0001878871934061165,0.01833538113348669,-0.010247247768576249,0.9918240913519627,-0.03612604319461178,0.03575026880779955,nonrobust,ok,0.9918240913519627,0.0035653469280019848,900,895.0,False,False,False
axonal_loss_like__wm__inferior_longitudinal_fasciculus_left,,,secondary_composite,secondary_composite,mechanistic_composite,secondary,dMRI_composite_wm,axonal_loss_like,inferior longitudinal fasciculus (left),composite,A,G,genotype_pairwise,AA_vs_GG,AA,GG,30160,-0.00013850792157102062,0.014278148341135702,-0.009700692152915644,0.9922601542601681,-0.028124308639666754,0.027847292796524713,nonrobust,ok,0.9922601542601681,0.0033744480604117138,900,896.0,False,False,False
demyelination_like__tbss__cingulum_hippocampus_left,,,secondary_composite,secondary_composite,mechanistic_composite,secondary,dMRI_composite_tbss,demyelination_like,cingulum hippocampus (left),composite,A,G,genotype_pairwise,AA_vs_GG,AA,GG,30160,-0.0002100807134616852,0.02472356159253176,-0.00849718648647872,0.9932203649327249,-0.04866935226877627,0.0482491908418529,nonrobust,ok,0.9932203649327249,0.002954384277326466,900,897.0,False,False,False
demyelination_like__tbss__superior_corona_radiata_right,,,secondary_composite,secondary_composite,mechanistic_composite,secondary,dMRI_composite_tbss,demyelination_like,superior corona radiata (right),composite,A,G,genotype_pairwise,AG_vs_GG,AG,GG,30160,-9.430735709920791e-05,0.018841321504735123,-0.0050053472669370335,0.9960063610963813,-0.03702412880866339,0.03683551409446498,nonrobust,ok,0.9960063610963813,0.0017378879013660723,900,898.0,False,False,False
demyelination_like__tbss__fornix_cres_stria_terminalis_left,,,secondary_composite,secondary_composite,mechanistic_composite,secondary,dMRI_composite_tbss,demyelination_like,fornix cres+stria terminalis (left),composite,A,G,genotype_pairwise,AG_vs_GG,AG,GG,30160,-6.88290091268029e-05,0.018421630423762162,-0.00373631473129653,0.9970188842730255,-0.03617603742469719,0.03603837940644358,nonrobust,ok,0.9970188842730255,0.0012966157526375758,900,899.0,False,False,False
axonal_loss_like__tbss__posterior_corona_radiata_left,,,secondary_composite,secondary_composite,mechanistic_composite,secondary,dMRI_composite_tbss,axonal_loss_like,posterior corona radiata (left),composite,A,G,genotype_pairwise,AG_vs_GG,AG,GG,30160,8.135905583224121e-07,0.011045751031589949,7.365642734437969e-05,0.9999412311701645,-0.02164934578348195,0.021650972964598596,nonrobust,ok,0.9999412311701645,2.5523728512628796e-05,900,900.0,False,False,False
dMRI_TBSS_ISOVF_cerebral_peduncle_left,25455.0,25071.0,secondary_mechanistic,secondary_mechanistic,mechanistic_support,primary,dMRI_TBSS,ISOVF,cerebral peduncle (left),basket,A,G,genotype_pairwise,AG_vs_GG,AG,GG,30153,-0.028348456920131014,0.013491228150239115,-2.1012510206217643,0.035627369764667814,-0.0547918595998943,-0.001905054240367729,nonrobust,ok,0.035627369764667814,1.44821623880126,102,1.0,True,False,False
dMRI_TBSS_ISOVF_cerebral_peduncle_left,25455.0,25071.0,secondary_mechanistic,secondary_mechanistic,mechanistic_support,primary,dMRI_TBSS,ISOVF,cerebral peduncle (left),basket,A,G,genotype_pairwise,AA_vs_AG,AA,AG,30153,0.02616342356168828,0.012784613797628968,2.046477427932985,0.04071823611287016,0.0011050162031285143,0.05122183092024805,nonrobust,ok,0.04071823611287016,1.3902110436143051,102,2.0,True,False,False
dMRI_TBSS_ICVF_posterior_limb_of_internal_capsule_right,25362.0,25074.0,secondary_mechanistic,secondary_mechanistic,mechanistic_support,primary,dMRI_TBSS,ICVF,posterior limb of internal capsule (right),basket,A,G,genotype_pairwise,AG_vs_GG,AG,GG,30147,0.025657536854912417,0.012957422730430228,1.980141991868201,0.04769682380844187,0.00026041614964240206,0.05105465756018243,nonrobust,ok,0.04769682380844187,1.3215105402134337,102,3.0,True,False,False
dMRI_TBSS_ISOVF_cerebral_peduncle_right,25454.0,25070.0,secondary_mechanistic,secondary_mechanistic,mechanistic_support,primary,dMRI_TBSS,ISOVF,cerebral peduncle (right),basket,A,G,genotype_pairwise,AG_vs_GG,AG,GG,30154,-0.02560544262939972,0.013084069984519489,-1.9569937075921318,0.05035759476073678,-0.051250797296881166,3.991203808172833e-05,nonrobust,ok,0.05035759476073678,1.2979350213577723,102,4.0,False,False,False
dMRI_TBSS_ISOVF_genu_of_corpus_callosum,25442.0,25058.0,secondary_mechanistic,secondary_mechanistic,mechanistic_support,primary,dMRI_TBSS,ISOVF,genu of corpus callosum,basket,A,G,genotype_pairwise,AA_vs_GG,AA,GG,30153,0.024100846882852016,0.013037620819834584,1.8485617288536695,0.06453109062954339,-0.0014534654070073039,0.049655159172711336,nonrobust,ok,0.06453109062954339,1.1902309948899323,102,5.0,False,False,False
dMRI_TBSS_ICVF_corticospinal_tract_left,25351.0,25063.0,secondary_mechanistic,secondary_mechanistic,mechanistic_support,primary,dMRI_TBSS,ICVF,corticospinal tract (left),basket,A,G,genotype_pairwise,AG_vs_GG,AG,GG,30149,-0.025040460701985286,0.013627846708782386,-1.8374480750394784,0.06615379533274408,-0.05175164193451727,0.0016707205305466974,nonrobust,ok,0.06615379533274408,1.179445234699693,102,6.0,False,False,False
dMRI_TBSS_ISOVF_corticospinal_tract_right,25446.0,25062.0,secondary_mechanistic,secondary_mechanistic,mechanistic_support,primary,dMRI_TBSS,ISOVF,corticospinal tract (right),basket,A,G,genotype_pairwise,AG_vs_GG,AG,GG,30152,-0.02266829887086661,0.014128405699221826,-1.6044484673960877,0.10862590487345451,-0.050360597710036224,0.0050239999683030015,nonrobust,ok,0.10862590487345451,0.9640665927765447,102,7.0,False,False,False
dMRI_TBSS_ISOVF_anterior_corona_radiata_left,25463.0,25079.0,secondary_mechanistic,secondary_mechanistic,mechanistic_support,primary,dMRI_TBSS,ISOVF,anterior corona radiata (left),basket,A,G,genotype_pairwise,AA_vs_AG,AA,AG,30153,-0.018645169454085134,0.011843225249064017,-1.5743320811667145,0.11542138523517047,-0.04185841370439373,0.0045680747962234605,nonrobust,ok,0.11542138523517047,0.9377137177904769,102,8.0,False,False,False
dMRI_TBSS_ICVF_splenium_of_corpus_callosum,25348.0,25060.0,secondary_mechanistic,secondary_mechanistic,mechanistic_support,primary,dMRI_TBSS,ICVF,splenium of corpus callosum,basket,A,G,genotype_pairwise,AA_vs_GG,AA,GG,30150,0.02197637447195626,0.01429596679731963,1.5372429709389528,0.12424451198998761,-0.006044351593563865,0.049997100537476385,nonrobust,ok,0.12424451198998761,0.9057227854123618,102,9.0,False,False,False
dMRI_TBSS_ICVF_body_of_corpus_callosum,25347.0,25059.0,secondary_mechanistic,secondary_mechanistic,mechanistic_support,primary,dMRI_TBSS,ICVF,body of corpus callosum,basket,A,G,genotype_pairwise,AA_vs_GG,AA,GG,30151,0.022724219587658852,0.01523132320997222,1.4919399499566066,0.13572554734358555,-0.00712984629980656,0.05257828547512426,nonrobust,ok,0.13572554734358555,0.8673383982792481,102,10.0,False,False,False
dMRI_TBSS_ICVF_body_of_corpus_callosum,25347.0,25059.0,secondary_mechanistic,secondary_mechanistic,mechanistic_support,primary,dMRI_TBSS,ICVF,body of corpus callosum,basket,A,G,genotype_pairwise,AG_vs_GG,AG,GG,30151,0.01974754777549061,0.01354319018605796,1.4581164041999295,0.14481907202026878,-0.006797702861455646,0.046292798412436865,nonrobust,ok,0.14481907202026878,0.8391742397429536,102,11.0,False,False,False
dMRI_TBSS_ISOVF_genu_of_corpus_callosum,25442.0,25058.0,secondary_mechanistic,secondary_mechanistic,mechanistic_support,primary,dMRI_TBSS,ISOVF,genu of corpus callosum,basket,A,G,genotype_pairwise,AA_vs_AG,AA,AG,30153,0.015885461317392827,0.010985899053834687,1.4459864631514088,0.14819158748449204,-0.005647385747730171,0.03741830838251582,nonrobust,ok,0.14819158748449204,0.8291764496142006,102,12.0,False,False,False
dMRI_TBSS_ICVF_genu_of_corpus_callosum,25346.0,25058.0,secondary_mechanistic,secondary_mechanistic,mechanistic_support,primary,dMRI_TBSS,ICVF,genu of corpus callosum,basket,A,G,genotype_pairwise,AG_vs_GG,AG,GG,30151,0.01833692210627412,0.012934779066775755,1.4176447863245145,0.15630502555800593,-0.007015815878204386,0.043689660090752626,nonrobust,ok,0.15630502555800593,0.8060270582122732,102,13.0,False,False,False
dMRI_TBSS_ICVF_posterior_limb_of_internal_capsule_right,25362.0,25074.0,secondary_mechanistic,secondary_mechanistic,mechanistic_support,primary,dMRI_TBSS,ICVF,posterior limb of internal capsule (right),basket,A,G,genotype_pairwise,AA_vs_GG,AA,GG,30147,0.019519833301905248,0.014573059097237204,1.3394465205734234,0.1804356406666522,-0.009044006023052668,0.048083672626863166,nonrobust,ok,0.1804356406666522,0.743677674022165,102,14.0,False,False,False
dMRI_TBSS_ISOVF_anterior_corona_radiata_left,25463.0,25079.0,secondary_mechanistic,secondary_mechanistic,mechanistic_support,primary,dMRI_TBSS,ISOVF,anterior corona radiata (left),basket,A,G,genotype_pairwise,AG_vs_GG,AG,GG,30153,0.01638809960002579,0.01249811994907023,1.3112451846203432,0.18978511361049105,-0.008108767169467627,0.0408849663695192,nonrobust,ok,0.18978511361049105,0.7217378558200372,102,15.0,False,False,False
dMRI_TBSS_ICVF_splenium_of_corpus_callosum,25348.0,25060.0,secondary_mechanistic,secondary_mechanistic,mechanistic_support,primary,dMRI_TBSS,ICVF,splenium of corpus callosum,basket,A,G,genotype_pairwise,AG_vs_GG,AG,GG,30150,0.016105514314595313,0.012712116561380741,1.2669419948149054,0.20518600162987596,-0.008810795364173406,0.04102182399336403,nonrobust,ok,0.20518600162987596,0.6878522713490773,102,16.0,False,False,False
dMRI_TBSS_ISOVF_corticospinal_tract_left,25447.0,25063.0,secondary_mechanistic,secondary_mechanistic,mechanistic_support,primary,dMRI_TBSS,ISOVF,corticospinal tract (left),basket,A,G,genotype_pairwise,AG_vs_GG,AG,GG,30154,-0.016784441462033905,0.014201184359554985,-1.1819043424178088,0.23725315417323373,-0.0446193896111937,0.011050506687125889,nonrobust,ok,0.23725315417323373,0.624788005113843,102,17.0,False,False,False
dMRI_TBSS_ICVF_posterior_corona_radiata_right,25370.0,25082.0,secondary_mechanistic,secondary_mechanistic,mechanistic_support,primary,dMRI_TBSS,ICVF,posterior corona radiata (right),basket,A,G,genotype_pairwise,AG_vs_GG,AG,GG,30151,0.013520292690232933,0.011573713012874652,1.1681897309180638,0.24273965217421634,-0.009164695743520218,0.036205281123986084,nonrobust,ok,0.24273965217421634,0.6148592747028591,102,18.0,False,False,False
dMRI_TBSS_ISOVF_cerebral_peduncle_right,25454.0,25070.0,secondary_mechanistic,secondary_mechanistic,mechanistic_support,primary,dMRI_TBSS,ISOVF,cerebral peduncle (right),basket,A,G,genotype_pairwise,AA_vs_AG,AA,AG,30154,0.014231182092254279,0.012397971667888773,1.1478637371880427,0.2510340977333403,-0.010069389591983068,0.03853175377649162,nonrobust,ok,0.2510340977333403,0.6002672846875678,102,19.0,False,False,False
dMRI_TBSS_ISOVF_posterior_thalamic_radiation_right,25468.0,25084.0,secondary_mechanistic,secondary_mechanistic,mechanistic_support,primary,dMRI_TBSS,ISOVF,posterior thalamic radiation (right),basket,A,G,genotype_pairwise,AA_vs_AG,AA,AG,30151,0.013272142843905068,0.01207296330523154,1.099327688518186,0.2716341017664275,-0.010391398202571879,0.036935683890382015,nonrobust,ok,0.2716341017664275,0.5660157083264237,102,20.0,False,False,False
dMRI_TBSS_ICVF_genu_of_corpus_callosum,25346.0,25058.0,secondary_mechanistic,secondary_mechanistic,mechanistic_support,primary,dMRI_TBSS,ICVF,genu of corpus callosum,basket,A,G,genotype_pairwise,AA_vs_GG,AA,GG,30151,0.01579082513133507,0.014547074796192428,1.0854983116927523,0.27770985283092675,-0.012722083658564372,0.04430373392123451,nonrobust,ok,0.27770985283092675,0.5564087117002496,102,21.0,False,False,False
dMRI_TBSS_ICVF_posterior_corona_radiata_left,25371.0,25083.0,secondary_mechanistic,secondary_mechanistic,mechanistic_support,primary,dMRI_TBSS,ICVF,posterior corona radiata (left),basket,A,G,genotype_pairwise,AG_vs_GG,AG,GG,30150,0.012226818500783354,0.011667356615186444,1.0479510401583771,0.2946697230594139,-0.010641715559058582,0.03509535256062529,nonrobust,ok,0.2946697230594139,0.5306644850653427,102,22.0,False,False,False
dMRI_TBSS_ISOVF_posterior_limb_of_internal_capsule_right,25458.0,25074.0,secondary_mechanistic,secondary_mechanistic,mechanistic_support,primary,dMRI_TBSS,ISOVF,posterior limb of internal capsule (right),basket,A,G,genotype_pairwise,AG_vs_GG,AG,GG,30157,0.012231975659169706,0.012380637535802978,0.9879923892284734,0.3231644511829912,-0.012034620260518552,0.03649857157885796,nonrobust,ok,0.3231644511829912,0.49057641864057455,102,23.0,False,False,False
dMRI_TBSS_ISOVF_posterior_limb_of_internal_capsule_right,25458.0,25074.0,secondary_mechanistic,secondary_mechanistic,mechanistic_support,primary,dMRI_TBSS,ISOVF,posterior limb of internal capsule (right),basket,A,G,genotype_pairwise,AA_vs_AG,AA,AG,30157,-0.011389968408327535,0.011731464232104855,-0.9708906052116865,0.33161069005368127,-0.034384156005170106,0.011604219188515036,nonrobust,ok,0.33161069005368127,0.47937147764983246,102,24.0,False,False,False
dMRI_TBSS_ISOVF_corticospinal_tract_right,25446.0,25062.0,secondary_mechanistic,secondary_mechanistic,mechanistic_support,primary,dMRI_TBSS,ISOVF,corticospinal tract (right),basket,A,G,genotype_pairwise,AA_vs_AG,AA,AG,30152,0.012680773980555605,0.013388734101281387,0.9471226991760165,0.34358399203106504,-0.01356173587540687,0.03892328383651808,nonrobust,ok,0.34358399203106504,0.46396707864326103,102,25.0,False,False,False
dMRI_TBSS_ICVF_corticospinal_tract_left,25351.0,25063.0,secondary_mechanistic,secondary_mechanistic,mechanistic_support,primary,dMRI_TBSS,ICVF,corticospinal tract (left),basket,A,G,genotype_pairwise,AA_vs_GG,AA,GG,30149,-0.014424441642420857,0.015326158900451648,-0.9411648238878549,0.3466280824672281,-0.04446438975283838,0.015615506467996665,nonrobust,ok,0.3466280824672281,0.46013625533674923,102,26.0,False,False,False
dMRI_TBSS_ICVF_cerebral_peduncle_right,25358.0,25070.0,secondary_mechanistic,secondary_mechanistic,mechanistic_support,primary,dMRI_TBSS,ICVF,cerebral peduncle (right),basket,A,G,genotype_pairwise,AA_vs_GG,AA,GG,30148,0.014013254190108569,0.015219048731201685,0.920770702401325,0.35717766011217655,-0.01581675330078687,0.04384326168100401,nonrobust,ok,0.35717766011217655,0.4471157121390713,102,27.0,False,False,False
dMRI_TBSS_ICVF_cerebral_peduncle_right,25358.0,25070.0,secondary_mechanistic,secondary_mechanistic,mechanistic_support,primary,dMRI_TBSS,ICVF,cerebral peduncle (right),basket,A,G,genotype_pairwise,AG_vs_GG,AG,GG,30148,0.012457825614109108,0.013532146393826003,0.9206097282388955,0.35726172597567396,-0.014065778812502804,0.03898143004072102,nonrobust,ok,0.35726172597567396,0.4470135079730838,102,28.0,False,False,False
dMRI_TBSS_ICVF_superior_corona_radiata_left,25369.0,25081.0,secondary_mechanistic,secondary_mechanistic,mechanistic_support,primary,dMRI_TBSS,ICVF,superior corona radiata (left),basket,A,G,genotype_pairwise,AA_vs_GG,AA,GG,30141,0.011706765326780564,0.012899108155281452,0.9075639327814542,0.36411604930838637,-0.013576056445972864,0.03698958709953399,nonrobust,ok,0.36411604930838637,0.43876017804914985,102,29.0,False,False,False
dMRI_TBSS_ISOVF_corticospinal_tract_left,25447.0,25063.0,secondary_mechanistic,secondary_mechanistic,mechanistic_support,primary,dMRI_TBSS,ISOVF,corticospinal tract (left),basket,A,G,genotype_pairwise,AA_vs_AG,AA,AG,30154,0.011874025073871392,0.013456457041766491,0.8824035210023331,0.3775657985494941,-0.014501224662038934,0.038249274809781714,nonrobust,ok,0.3775657985494941,0.42300735275837764,102,30.0,False,False,False
dMRI_TBSS_ISOVF_posterior_thalamic_radiation_right,25468.0,25084.0,secondary_mechanistic,secondary_mechanistic,mechanistic_support,primary,dMRI_TBSS,ISOVF,posterior thalamic radiation (right),basket,A,G,genotype_pairwise,AG_vs_GG,AG,GG,30151,-0.011191621189288358,0.01273979771438591,-0.8784771501238725,0.37969196451885157,-0.03616218711551375,0.013778944736937034,nonrobust,ok,0.37969196451885157,0.42056859380581557,102,31.0,False,False,False
dMRI_TBSS_ICVF_cerebral_peduncle_left,25359.0,25071.0,secondary_mechanistic,secondary_mechanistic,mechanistic_support,primary,dMRI_TBSS,ICVF,cerebral peduncle (left),basket,A,G,genotype_pairwise,AG_vs_GG,AG,GG,30147,0.011791644608727742,0.013649516352889612,0.8638873571686255,0.3876567749030846,-0.01496201015695144,0.03854529937440693,nonrobust,ok,0.3876567749030846,0.4115526216588379,102,32.0,False,False,False
dMRI_TBSS_ICVF_cerebral_peduncle_left,25359.0,25071.0,secondary_mechanistic,secondary_mechanistic,mechanistic_support,primary,dMRI_TBSS,ICVF,cerebral peduncle (left),basket,A,G,genotype_pairwise,AA_vs_GG,AA,GG,30147,0.013130753128648923,0.015350898363618802,0.8553735955785129,0.3923512820110918,-0.016957685505027863,0.04321919176232571,nonrobust,ok,0.3923512820110918,0.40632492399158493,102,33.0,False,False,False
dMRI_TBSS_ICVF_corticospinal_tract_left,25351.0,25063.0,secondary_mechanistic,secondary_mechanistic,mechanistic_support,primary,dMRI_TBSS,ICVF,corticospinal tract (left),basket,A,G,genotype_pairwise,AA_vs_AG,AA,AG,30149,0.010616019059564429,0.012913070278812343,0.8221142478395014,0.4110185008843945,-0.014694168812118555,0.035926206931247415,nonrobust,ok,0.4110185008843945,0.3861386290943273,102,34.0,False,False,False
dMRI_TBSS_ICVF_posterior_corona_radiata_right,25370.0,25082.0,secondary_mechanistic,secondary_mechanistic,mechanistic_support,primary,dMRI_TBSS,ICVF,posterior corona radiata (right),basket,A,G,genotype_pairwise,AA_vs_AG,AA,AG,30151,-0.008677091262848548,0.010966627803237058,-0.7912269312438324,0.42881791939390634,-0.030172165885570465,0.01281798335987337,nonrobust,ok,0.42881791939390634,0.36772707468821664,102,35.0,False,False,False
dMRI_TBSS_ISOVF_superior_corona_radiata_right,25464.0,25080.0,secondary_mechanistic,secondary_mechanistic,mechanistic_support,primary,dMRI_TBSS,ISOVF,superior corona radiata (right),basket,A,G,genotype_pairwise,AA_vs_AG,AA,AG,30155,-0.008371239062084182,0.010613443771219498,-0.7887391917771772,0.43027077368267974,-0.02917405727555082,0.012431579151382459,nonrobust,ok,0.43027077368267974,0.36625815254494054,102,36.0,False,False,False
dMRI_TBSS_ISOVF_cerebral_peduncle_right,25454.0,25070.0,secondary_mechanistic,secondary_mechanistic,mechanistic_support,primary,dMRI_TBSS,ISOVF,cerebral peduncle (right),basket,A,G,genotype_pairwise,AA_vs_GG,AA,GG,30154,-0.01137426053714544,0.01471471300247234,-0.7729855509403655,0.439537104698305,-0.04021574749228134,0.017467226417990457,nonrobust,ok,0.439537104698305,0.3570044569143531,102,37.0,False,False,False
dMRI_TBSS_ISOVF_superior_corona_radiata_left,25465.0,25081.0,secondary_mechanistic,secondary_mechanistic,mechanistic_support,primary,dMRI_TBSS,ISOVF,superior corona radiata (left),basket,A,G,genotype_pairwise,AA_vs_AG,AA,AG,30151,-0.00856560440217692,0.011201237018436876,-0.7647016475125211,0.4444553222022799,-0.03052052344365533,0.013389314639301491,nonrobust,ok,0.4444553222022799,0.35217188890347895,102,38.0,False,False,False
dMRI_TBSS_ICVF_superior_corona_radiata_left,25369.0,25081.0,secondary_mechanistic,secondary_mechanistic,mechanistic_support,primary,dMRI_TBSS,ICVF,superior corona radiata (left),basket,A,G,genotype_pairwise,AG_vs_GG,AG,GG,30141,0.008471511034749302,0.011469139190478421,0.7386352972141341,0.4601343441812039,-0.014008508401403753,0.030951530470902357,nonrobust,ok,0.4601343441812039,0.3371153500176936,102,39.0,False,False,False
dMRI_TBSS_ISOVF_genu_of_corpus_callosum,25442.0,25058.0,secondary_mechanistic,secondary_mechanistic,mechanistic_support,primary,dMRI_TBSS,ISOVF,genu of corpus callosum,basket,A,G,genotype_pairwise,AG_vs_GG,AG,GG,30153,0.008215385565459189,0.011593129460459099,0.7086426140137188,0.47855186588416154,-0.014507659899909611,0.03093843103082799,nonrobust,ok,0.47855186588416154,0.32007098610740364,102,40.0,False,False,False
dMRI_TBSS_ISOVF_superior_corona_radiata_right,25464.0,25080.0,secondary_mechanistic,secondary_mechanistic,mechanistic_support,primary,dMRI_TBSS,ISOVF,superior corona radiata (right),basket,A,G,genotype_pairwise,AG_vs_GG,AG,GG,30155,0.007853432215130388,0.01120011472237263,0.7011921225630731,0.4831886377081436,-0.014099286955182594,0.029806151385443368,nonrobust,ok,0.4831886377081436,0.3158832868013978,102,41.0,False,False,False
dMRI_TBSS_ICVF_posterior_thalamic_radiation_left,25373.0,25085.0,secondary_mechanistic,secondary_mechanistic,mechanistic_support,primary,dMRI_TBSS,ICVF,posterior thalamic radiation (left),basket,A,G,genotype_pairwise,AG_vs_GG,AG,GG,30152,0.008150458204480945,0.011842997589570914,0.6882090571105357,0.49132653513712177,-0.015062339855248238,0.03136325626421013,nonrobust,ok,0.49132653513712177,0.3086297802323019,102,42.0,False,False,False
dMRI_TBSS_ICVF_posterior_limb_of_internal_capsule_left,25363.0,25075.0,secondary_mechanistic,secondary_mechanistic,mechanistic_support,primary,dMRI_TBSS,ICVF,posterior limb of internal capsule (left),basket,A,G,genotype_pairwise,AA_vs_GG,AA,GG,30148,0.009330580907990675,0.014579189204995903,0.6399931283416866,0.5221820216737189,-0.019245273659357867,0.03790643547533922,nonrobust,ok,0.5221820216737189,0.2821780846814122,102,43.0,False,False,False
dMRI_TBSS_ISOVF_corticospinal_tract_right,25446.0,25062.0,secondary_mechanistic,secondary_mechanistic,mechanistic_support,primary,dMRI_TBSS,ISOVF,corticospinal tract (right),basket,A,G,genotype_pairwise,AA_vs_GG,AA,GG,30152,-0.009987524890311005,0.015889622189031494,-0.6285564736212124,0.5296443142730038,-0.04113188579469785,0.021156836014075843,nonrobust,ok,0.5296443142730038,0.27601568550359273,102,44.0,False,False,False
dMRI_TBSS_ICVF_posterior_limb_of_internal_capsule_left,25363.0,25075.0,secondary_mechanistic,secondary_mechanistic,mechanistic_support,primary,dMRI_TBSS,ICVF,posterior limb of internal capsule (left),basket,A,G,genotype_pairwise,AG_vs_GG,AG,GG,30148,0.008036044389966307,0.012963224078132284,0.6199109373973055,0.5353211977437151,-0.017372447177844655,0.03344453595777727,nonrobust,ok,0.5353211977437151,0.2713855590061626,102,45.0,False,False,False
dMRI_TBSS_ISOVF_posterior_limb_of_internal_capsule_left,25459.0,25075.0,secondary_mechanistic,secondary_mechanistic,mechanistic_support,primary,dMRI_TBSS,ISOVF,posterior limb of internal capsule (left),basket,A,G,genotype_pairwise,AA_vs_GG,AA,GG,30156,-0.008550591281271416,0.014153710906247435,-0.6041236349894071,0.5457660769838656,-0.03629248928993413,0.019191306727391295,nonrobust,ok,0.5457660769838656,0.2629934621373048,102,46.0,False,False,False
dMRI_TBSS_ISOVF_splenium_of_corpus_callosum,25444.0,25060.0,secondary_mechanistic,secondary_mechanistic,mechanistic_support,primary,dMRI_TBSS,ISOVF,splenium of corpus callosum,basket,A,G,genotype_pairwise,AA_vs_GG,AA,GG,30133,-0.008709419420083232,0.014488730866483706,-0.6011167921015386,0.5477668064019441,-0.03710797223897962,0.019689133398813157,nonrobust,ok,0.5477668064019441,0.2614042886816301,102,47.0,False,False,False
dMRI_TBSS_ISOVF_splenium_of_corpus_callosum,25444.0,25060.0,secondary_mechanistic,secondary_mechanistic,mechanistic_support,primary,dMRI_TBSS,ISOVF,splenium of corpus callosum,basket,A,G,genotype_pairwise,AG_vs_GG,AG,GG,30133,-0.007546340731393809,0.012884186876423821,-0.5857056253353876,0.5580778221005506,-0.03279991641793374,0.017707234955146124,nonrobust,ok,0.5580778221005506,0.25330523591503684,102,48.0,False,False,False
dMRI_TBSS_ICVF_anterior_corona_radiata_right,25366.0,25078.0,secondary_mechanistic,secondary_mechanistic,mechanistic_support,primary,dMRI_TBSS,ICVF,anterior corona radiata (right),basket,A,G,genotype_pairwise,AA_vs_AG,AA,AG,30151,-0.0060748315809445695,0.010858680842556553,-0.55944471239421,0.5758624871910105,-0.027358325395349225,0.015208662233460086,nonrobust,ok,0.5758624871910105,0.239681211340847,102,49.0,False,False,False
dMRI_TBSS_ICVF_posterior_corona_radiata_left,25371.0,25083.0,secondary_mechanistic,secondary_mechanistic,mechanistic_support,primary,dMRI_TBSS,ICVF,posterior corona radiata (left),basket,A,G,genotype_pairwise,AA_vs_AG,AA,AG,30150,-0.006113638906450422,0.011055801773649433,-0.5529801484883495,0.5802811805514366,-0.027783498477767104,0.015556220664866258,nonrobust,ok,0.5802811805514366,0.23636151407306535,102,50.0,False,False,False
dMRI_TBSS_ISOVF_posterior_corona_radiata_left,25467.0,25083.0,secondary_mechanistic,secondary_mechanistic,mechanistic_support,primary,dMRI_TBSS,ISOVF,posterior corona radiata (left),basket,A,G,genotype_pairwise,AA_vs_AG,AA,AG,30130,0.006264730330985717,0.01206833125081944,0.5191049367790879,0.6036914503337989,-0.01738973237132806,0.029919193033299495,nonrobust,ok,0.6036914503337989,0.2191849747165883,102,51.0,False,False,False
dMRI_TBSS_ICVF_posterior_thalamic_radiation_left,25373.0,25085.0,secondary_mechanistic,secondary_mechanistic,mechanistic_support,primary,dMRI_TBSS,ICVF,posterior thalamic radiation (left),basket,A,G,genotype_pairwise,AA_vs_GG,AA,GG,30152,0.006797357642884021,0.013319253030334937,0.5103407546506449,0.6098165614173108,-0.01930896624692796,0.032903681532696,nonrobust,ok,0.6098165614173108,0.21480078522730886,102,52.0,False,False,False
dMRI_TBSS_ICVF_posterior_limb_of_internal_capsule_right,25362.0,25074.0,secondary_mechanistic,secondary_mechanistic,mechanistic_support,primary,dMRI_TBSS,ICVF,posterior limb of internal capsule (right),basket,A,G,genotype_pairwise,AA_vs_AG,AA,AG,30147,-0.006137703553007169,0.012278782844844807,-0.49986253772572065,0.617175589020553,-0.030204660116210074,0.017929253010195736,nonrobust,ok,0.617175589020553,0.2095912598015807,102,53.0,False,False,False
dMRI_TBSS_ISOVF_posterior_corona_radiata_left,25467.0,25083.0,secondary_mechanistic,secondary_mechanistic,mechanistic_support,primary,dMRI_TBSS,ISOVF,posterior corona radiata (left),basket,A,G,genotype_pairwise,AA_vs_GG,AA,GG,30130,0.007148783649326643,0.014323838606759337,0.4990829515457661,0.6177246596605779,-0.020926573169748473,0.03522414046840176,nonrobust,ok,0.6177246596605779,0.20920506121573304,102,54.0,False,False,False
dMRI_TBSS_ISOVF_body_of_corpus_callosum,25443.0,25059.0,secondary_mechanistic,secondary_mechanistic,mechanistic_support,primary,dMRI_TBSS,ISOVF,body of corpus callosum,basket,A,G,genotype_pairwise,AA_vs_GG,AA,GG,30154,0.006367340332542869,0.01287871621812127,0.4944080003551572,0.6210217342868147,-0.018875511854124692,0.031610192519210434,nonrobust,ok,0.6210217342868147,0.20689320028129887,102,55.0,False,False,False
dMRI_TBSS_ICVF_splenium_of_corpus_callosum,25348.0,25060.0,secondary_mechanistic,secondary_mechanistic,mechanistic_support,primary,dMRI_TBSS,ICVF,splenium of corpus callosum,basket,A,G,genotype_pairwise,AA_vs_AG,AA,AG,30150,0.005870860157360945,0.012044507690813062,0.48743047935773565,0.6259569088769544,-0.01773690666129176,0.029478626976013653,nonrobust,ok,0.6259569088769544,0.20345556276575352,102,56.0,False,False,False
dMRI_TBSS_ICVF_anterior_corona_radiata_left,25367.0,25079.0,secondary_mechanistic,secondary_mechanistic,mechanistic_support,primary,dMRI_TBSS,ICVF,anterior corona radiata (left),basket,A,G,genotype_pairwise,AA_vs_AG,AA,AG,30151,-0.0052459620187577435,0.010852737029806417,-0.48337686653145756,0.6288317468026354,-0.026517805697778944,0.01602588166026346,nonrobust,ok,0.6288317468026354,0.20146554089809468,102,57.0,False,False,False
dMRI_TBSS_ICVF_anterior_corona_radiata_right,25366.0,25078.0,secondary_mechanistic,secondary_mechanistic,mechanistic_support,primary,dMRI_TBSS,ICVF,anterior corona radiata (right),basket,A,G,genotype_pairwise,AA_vs_GG,AA,GG,30151,-0.006202824853609585,0.01288823155815526,-0.4812781975262258,0.6303223487034169,-0.03146432766632417,0.019058677959105,nonrobust,ok,0.6303223487034169,0.20043729426022805,102,58.0,False,False,False
dMRI_TBSS_ICVF_posterior_corona_radiata_left,25371.0,25083.0,secondary_mechanistic,secondary_mechanistic,mechanistic_support,primary,dMRI_TBSS,ICVF,posterior corona radiata (left),basket,A,G,genotype_pairwise,AA_vs_GG,AA,GG,30150,0.0061131795943329325,0.013121540815478951,0.46588885255925594,0.6412984895005762,-0.019605619697857162,0.031831978886523025,nonrobust,ok,0.6412984895005762,0.19293978300859468,102,59.0,False,False,False
dMRI_TBSS_ICVF_superior_corona_radiata_right,25368.0,25080.0,secondary_mechanistic,secondary_mechanistic,mechanistic_support,primary,dMRI_TBSS,ICVF,superior corona radiata (right),basket,A,G,genotype_pairwise,AG_vs_GG,AG,GG,30134,0.00539802764269197,0.0116211319898414,0.4645010182666069,0.6422922490948261,-0.017379904614693607,0.028175959900077544,nonrobust,ok,0.6422922490948261,0.19226731883232223,102,60.0,False,False,False
dMRI_TBSS_ICVF_anterior_corona_radiata_left,25367.0,25079.0,secondary_mechanistic,secondary_mechanistic,mechanistic_support,primary,dMRI_TBSS,ICVF,anterior corona radiata (left),basket,A,G,genotype_pairwise,AG_vs_GG,AG,GG,30151,0.005268963181026293,0.011453517529800861,0.46003013199368653,0.6454979720543355,-0.01718043679980037,0.027718363161852954,nonrobust,ok,0.6454979720543355,0.1901051178080879,102,61.0,False,False,False
dMRI_TBSS_ICVF_corticospinal_tract_right,25350.0,25062.0,secondary_mechanistic,secondary_mechanistic,mechanistic_support,primary,dMRI_TBSS,ICVF,corticospinal tract (right),basket,A,G,genotype_pairwise,AA_vs_AG,AA,AG,30153,-0.00534845000756534,0.012789544899519523,-0.41818923578479095,0.6758117993128914,-0.030416522543490337,0.01971962252835966,nonrobust,ok,0.6758117993128914,0.17017422994534226,102,62.0,False,False,False
dMRI_TBSS_ICVF_posterior_thalamic_radiation_right,25372.0,25084.0,secondary_mechanistic,secondary_mechanistic,mechanistic_support,primary,dMRI_TBSS,ICVF,posterior thalamic radiation (right),basket,A,G,genotype_pairwise,AA_vs_AG,AA,AG,30150,-0.004760608195015635,0.011490751611822354,-0.4142991125243404,0.6786580664238777,-0.027282988651451522,0.017761772261420252,nonrobust,ok,0.6786580664238777,0.16834898458389833,102,63.0,False,False,False
dMRI_TBSS_ISOVF_superior_corona_radiata_left,25465.0,25081.0,secondary_mechanistic,secondary_mechanistic,mechanistic_support,primary,dMRI_TBSS,ISOVF,superior corona radiata (left),basket,A,G,genotype_pairwise,AA_vs_GG,AA,GG,30151,-0.005342014779335049,0.013293240672102063,-0.4018594796486383,0.687790347021149,-0.031397353334756184,0.02071332377608609,nonrobust,ok,0.687790347021149,0.16254392369409734,102,64.0,False,False,False
dMRI_TBSS_ISOVF_posterior_limb_of_internal_capsule_left,25459.0,25075.0,secondary_mechanistic,secondary_mechanistic,mechanistic_support,primary,dMRI_TBSS,ISOVF,posterior limb of internal capsule (left),basket,A,G,genotype_pairwise,AA_vs_AG,AA,AG,30156,-0.004716609361088369,0.01192599024992728,-0.3954899561583265,0.6924841827455945,-0.028092076569462096,0.01865885784728536,nonrobust,ok,0.6924841827455945,0.1595901420104583,102,65.0,False,False,False
dMRI_TBSS_ICVF_posterior_corona_radiata_right,25370.0,25082.0,secondary_mechanistic,secondary_mechanistic,mechanistic_support,primary,dMRI_TBSS,ICVF,posterior corona radiata (right),basket,A,G,genotype_pairwise,AA_vs_GG,AA,GG,30151,0.004843201427384386,0.013016354434720245,0.3720858594988374,0.7098315883093923,-0.02066942787945898,0.030355830734227752,nonrobust,ok,0.7098315883093923,0.1488446779622074,102,66.0,False,False,False
dMRI_TBSS_ICVF_superior_corona_radiata_right,25368.0,25080.0,secondary_mechanistic,secondary_mechanistic,mechanistic_support,primary,dMRI_TBSS,ICVF,superior corona radiata (right),basket,A,G,genotype_pairwise,AA_vs_GG,AA,GG,30134,0.00459312773727245,0.013069776600375026,0.35143123541535165,0.7252673557104952,-0.021024211974791897,0.030210467449336798,nonrobust,ok,0.7252673557104952,0.13950186969646622,102,67.0,False,False,False
dMRI_TBSS_ISOVF_posterior_thalamic_radiation_left,25469.0,25085.0,secondary_mechanistic,secondary_mechanistic,mechanistic_support,primary,dMRI_TBSS,ISOVF,posterior thalamic radiation (left),basket,A,G,genotype_pairwise,AA_vs_AG,AA,AG,30144,-0.0042108469216357355,0.012035561077958603,-0.3498671058507854,0.726440924668994,-0.02780107817977385,0.019379384336502374,nonrobust,ok,0.726440924668994,0.13879969744777831,102,68.0,False,False,False
dMRI_TBSS_ISOVF_corticospinal_tract_left,25447.0,25063.0,secondary_mechanistic,secondary_mechanistic,mechanistic_support,primary,dMRI_TBSS,ISOVF,corticospinal tract (left),basket,A,G,genotype_pairwise,AA_vs_GG,AA,GG,30154,-0.004910416388162514,0.01597130311056367,-0.30745245733359655,0.7585011683443865,-0.036214875417872994,0.026394042641547964,nonrobust,ok,0.7585011683443865,0.12004374591860964,102,69.0,False,False,False
dMRI_TBSS_ISOVF_posterior_limb_of_internal_capsule_left,25459.0,25075.0,secondary_mechanistic,secondary_mechanistic,mechanistic_support,primary,dMRI_TBSS,ISOVF,posterior limb of internal capsule (left),basket,A,G,genotype_pairwise,AG_vs_GG,AG,GG,30156,-0.0038339819201830463,0.012584958850487424,-0.30464795044081955,0.7606364374678772,-0.028501056667296416,0.020833092826930327,nonrobust,ok,0.7606364374678772,0.11882287401752395,102,70.0,False,False,False
dMRI_TBSS_ICVF_superior_corona_radiata_left,25369.0,25081.0,secondary_mechanistic,secondary_mechanistic,mechanistic_support,primary,dMRI_TBSS,ICVF,superior corona radiata (left),basket,A,G,genotype_pairwise,AA_vs_AG,AA,AG,30141,0.003235254292031263,0.010868774035922837,0.29766506151828065,0.7659609021995822,-0.01806802292144452,0.024538531505507048,nonrobust,ok,0.7659609021995822,0.1157933979814067,102,71.0,False,False,False
dMRI_TBSS_ISOVF_posterior_corona_radiata_right,25466.0,25082.0,secondary_mechanistic,secondary_mechanistic,mechanistic_support,primary,dMRI_TBSS,ISOVF,posterior corona radiata (right),basket,A,G,genotype_pairwise,AG_vs_GG,AG,GG,30126,0.003605879818582671,0.012206618078307757,0.2954036732738152,0.7676876016733521,-0.020319631310697677,0.027531390947863017,nonrobust,ok,0.7676876016733521,0.11481547328963301,102,72.0,False,False,False
dMRI_TBSS_ISOVF_body_of_corpus_callosum,25443.0,25059.0,secondary_mechanistic,secondary_mechanistic,mechanistic_support,primary,dMRI_TBSS,ISOVF,body of corpus callosum,basket,A,G,genotype_pairwise,AG_vs_GG,AG,GG,30154,0.003335646737120896,0.011451731111944093,0.29127882103709496,0.7708401249476768,-0.01911025166178308,0.025781545136024875,nonrobust,ok,0.7708401249476768,0.1130356868684122,102,73.0,False,False,False
dMRI_TBSS_ICVF_posterior_thalamic_radiation_right,25372.0,25084.0,secondary_mechanistic,secondary_mechanistic,mechanistic_support,primary,dMRI_TBSS,ICVF,posterior thalamic radiation (right),basket,A,G,genotype_pairwise,AG_vs_GG,AG,GG,30150,0.003453312383491784,0.012126296874969597,0.28477880915318116,0.7758156008118269,-0.020314764846961986,0.027221389613945553,nonrobust,ok,0.7758156008118269,0.11024149145629396,102,74.0,False,False,False
dMRI_TBSS_ISOVF_body_of_corpus_callosum,25443.0,25059.0,secondary_mechanistic,secondary_mechanistic,mechanistic_support,primary,dMRI_TBSS,ISOVF,body of corpus callosum,basket,A,G,genotype_pairwise,AA_vs_AG,AA,AG,30154,0.0030316935954219732,0.01085131081313636,0.2793850114174106,0.7799513245364416,-0.018237354518408376,0.024300741709252324,nonrobust,ok,0.7799513245364416,0.1079325000593322,102,75.0,False,False,False
dMRI_TBSS_ISOVF_superior_corona_radiata_left,25465.0,25081.0,secondary_mechanistic,secondary_mechanistic,mechanistic_support,primary,dMRI_TBSS,ISOVF,superior corona radiata (left),basket,A,G,genotype_pairwise,AG_vs_GG,AG,GG,30151,0.0032235896228418708,0.011819379624834122,0.2727376330369042,0.7850568068914388,-0.019942916215452113,0.026390095461135854,nonrobust,ok,0.7850568068914388,0.10509891646892874,102,76.0,False,False,False
dMRI_TBSS_ISOVF_posterior_corona_radiata_right,25466.0,25082.0,secondary_mechanistic,secondary_mechanistic,mechanistic_support,primary,dMRI_TBSS,ISOVF,posterior corona radiata (right),basket,A,G,genotype_pairwise,AA_vs_GG,AA,GG,30126,0.0036845056983643223,0.013728138812472175,0.26839076649027654,0.7884004183910354,-0.02322325334144689,0.030592264738175536,nonrobust,ok,0.7884004183910354,0.10325315391964954,102,77.0,False,False,False
dMRI_TBSS_ICVF_corticospinal_tract_right,25350.0,25062.0,secondary_mechanistic,secondary_mechanistic,mechanistic_support,primary,dMRI_TBSS,ICVF,corticospinal tract (right),basket,A,G,genotype_pairwise,AG_vs_GG,AG,GG,30153,0.0032114331819548185,0.013497539518504612,0.23792730353203012,0.8119391253642962,-0.023244340058193796,0.029667206422103434,nonrobust,ok,0.8119391253642962,0.09047653049948673,102,78.0,False,False,False
dMRI_TBSS_ICVF_body_of_corpus_callosum,25347.0,25059.0,secondary_mechanistic,secondary_mechanistic,mechanistic_support,primary,dMRI_TBSS,ICVF,body of corpus callosum,basket,A,G,genotype_pairwise,AA_vs_AG,AA,AG,30151,0.002976671812168244,0.012832798417736178,0.23195812131313412,0.8165721448472,-0.022176179598195633,0.028129523222532118,nonrobust,ok,0.8165721448472,0.0880054389433735,102,79.0,False,False,False
dMRI_TBSS_ICVF_genu_of_corpus_callosum,25346.0,25058.0,secondary_mechanistic,secondary_mechanistic,mechanistic_support,primary,dMRI_TBSS,ICVF,genu of corpus callosum,basket,A,G,genotype_pairwise,AA_vs_AG,AA,AG,30151,-0.002546096974939049,0.012256300772676499,-0.20773780132869887,0.8354351296937759,-0.026568987551150836,0.021476793601272734,nonrobust,ok,0.8354351296937759,0.07808726678769701,102,80.0,False,False,False
dMRI_TBSS_ISOVF_posterior_thalamic_radiation_left,25469.0,25085.0,secondary_mechanistic,secondary_mechanistic,mechanistic_support,primary,dMRI_TBSS,ISOVF,posterior thalamic radiation (left),basket,A,G,genotype_pairwise,AA_vs_GG,AA,GG,30144,-0.0023213471783313996,0.01428610367535131,-0.16248987345209892,0.8709212117389501,-0.03032274132159773,0.025680046964934932,nonrobust,ok,0.8709212117389501,0.060021131851932356,102,81.0,False,False,False
dMRI_TBSS_ISOVF_anterior_corona_radiata_left,25463.0,25079.0,secondary_mechanistic,secondary_mechanistic,mechanistic_support,primary,dMRI_TBSS,ISOVF,anterior corona radiata (left),basket,A,G,genotype_pairwise,AA_vs_GG,AA,GG,30153,-0.0022570698540593428,0.014056395053518423,-0.16057245442133336,0.8724312473912071,-0.029808224610821242,0.02529408490270256,nonrobust,ok,0.8724312473912071,0.05926878792764796,102,82.0,False,False,False
dMRI_TBSS_ISOVF_posterior_thalamic_radiation_left,25469.0,25085.0,secondary_mechanistic,secondary_mechanistic,mechanistic_support,primary,dMRI_TBSS,ISOVF,posterior thalamic radiation (left),basket,A,G,genotype_pairwise,AG_vs_GG,AG,GG,30144,0.0018894997433043358,0.012703443394362458,0.14873917918529547,0.8817604582165764,-0.023009810351718403,0.02678880983832707,nonrobust,ok,0.8817604582165764,0.054649380632613986,102,83.0,False,False,False
dMRI_TBSS_ISOVF_posterior_thalamic_radiation_right,25468.0,25084.0,secondary_mechanistic,secondary_mechanistic,mechanistic_support,primary,dMRI_TBSS,ISOVF,posterior thalamic radiation (right),basket,A,G,genotype_pairwise,AA_vs_GG,AA,GG,30151,0.00208052165461671,0.014327783345418597,0.14520889969221723,0.8845469283371148,-0.026002566211013094,0.030163609520246513,nonrobust,ok,0.8845469283371148,0.05327912128765573,102,84.0,False,False,False
dMRI_TBSS_ISOVF_cerebral_peduncle_left,25455.0,25071.0,secondary_mechanistic,secondary_mechanistic,mechanistic_support,primary,dMRI_TBSS,ISOVF,cerebral peduncle (left),basket,A,G,genotype_pairwise,AA_vs_GG,AA,GG,30153,-0.0021850333584427345,0.015173263258241452,-0.14400549975668023,0.8854971071677831,-0.031925299095229974,0.027555232378344504,nonrobust,ok,0.8854971071677831,0.05281285326907421,102,85.0,False,False,False
dMRI_TBSS_ICVF_corticospinal_tract_right,25350.0,25062.0,secondary_mechanistic,secondary_mechanistic,mechanistic_support,primary,dMRI_TBSS,ICVF,corticospinal tract (right),basket,A,G,genotype_pairwise,AA_vs_GG,AA,GG,30153,-0.0021370168256105216,0.01517963850387735,-0.140781799584006,0.8880432797495311,-0.031889778325248634,0.02761574467402759,nonrobust,ok,0.8880432797495311,0.05156586789440959,102,86.0,False,False,False
dMRI_TBSS_ISOVF_anterior_corona_radiata_right,25462.0,25078.0,secondary_mechanistic,secondary_mechanistic,mechanistic_support,primary,dMRI_TBSS,ISOVF,anterior corona radiata (right),basket,A,G,genotype_pairwise,AG_vs_GG,AG,GG,30153,-0.0016166511391536723,0.012529819786079898,-0.12902429298701515,0.8973393031799168,-0.02617565098842268,0.022942348710115336,nonrobust,ok,0.8973393031799168,0.04704330987039255,102,87.0,False,False,False
dMRI_TBSS_ICVF_cerebral_peduncle_right,25358.0,25070.0,secondary_mechanistic,secondary_mechanistic,mechanistic_support,primary,dMRI_TBSS,ICVF,cerebral peduncle (right),basket,A,G,genotype_pairwise,AA_vs_AG,AA,AG,30148,0.0015554285759994608,0.01282292710915973,0.1213005862669515,0.903453779272516,-0.02357807473799107,0.02668893188998999,nonrobust,ok,0.903453779272516,0.04409406105586085,102,88.0,False,False,False
dMRI_TBSS_ICVF_posterior_thalamic_radiation_left,25373.0,25085.0,secondary_mechanistic,secondary_mechanistic,mechanistic_support,primary,dMRI_TBSS,ICVF,posterior thalamic radiation (left),basket,A,G,genotype_pairwise,AA_vs_AG,AA,AG,30152,-0.0013531005615969255,0.01122228706753012,-0.12057262066588051,0.9040303746134621,-0.023349278598168266,0.020643077474974417,nonrobust,ok,0.9040303746134621,0.04381697737264299,102,89.0,False,False,False
dMRI_TBSS_ISOVF_anterior_corona_radiata_right,25462.0,25078.0,secondary_mechanistic,secondary_mechanistic,mechanistic_support,primary,dMRI_TBSS,ISOVF,anterior corona radiata (right),basket,A,G,genotype_pairwise,AA_vs_AG,AA,AG,30153,0.001354380679804411,0.011872343255729976,0.11407863221531632,0.909176234444701,-0.021915936148843643,0.02462469750845246,nonrobust,ok,0.909176234444701,0.04135192510767119,102,90.0,False,False,False
dMRI_TBSS_ICVF_posterior_limb_of_internal_capsule_left,25363.0,25075.0,secondary_mechanistic,secondary_mechanistic,mechanistic_support,primary,dMRI_TBSS,ICVF,posterior limb of internal capsule (left),basket,A,G,genotype_pairwise,AA_vs_AG,AA,AG,30148,0.0012945365180243686,0.012283846747339396,0.10538527097016716,0.9160708173235994,-0.022782345484390572,0.02537141852043931,nonrobust,ok,0.9160708173235994,0.03807095167707965,102,91.0,False,False,False
dMRI_TBSS_ICVF_cerebral_peduncle_left,25359.0,25071.0,secondary_mechanistic,secondary_mechanistic,mechanistic_support,primary,dMRI_TBSS,ICVF,cerebral peduncle (left),basket,A,G,genotype_pairwise,AA_vs_AG,AA,AG,30147,0.0013391085199211809,0.012934166005315622,0.1035326529264307,0.9175409370596164,-0.024012427977190075,0.026690645017032437,nonrobust,ok,0.9175409370596164,0.03737455013583795,102,92.0,False,False,False
dMRI_TBSS_ICVF_posterior_thalamic_radiation_right,25372.0,25084.0,secondary_mechanistic,secondary_mechanistic,mechanistic_support,primary,dMRI_TBSS,ICVF,posterior thalamic radiation (right),basket,A,G,genotype_pairwise,AA_vs_GG,AA,GG,30150,-0.0013072958115238511,0.013637570148460933,-0.09585987806423024,0.9236325095121563,-0.028037535378181582,0.02542294375513388,nonrobust,ok,0.9236325095121563,0.03450078942607745,102,93.0,False,False,False
dMRI_TBSS_ISOVF_splenium_of_corpus_callosum,25444.0,25060.0,secondary_mechanistic,secondary_mechanistic,mechanistic_support,primary,dMRI_TBSS,ISOVF,splenium of corpus callosum,basket,A,G,genotype_pairwise,AA_vs_AG,AA,AG,30133,-0.0011630786886894227,0.012208051677486034,-0.09527144211179583,0.9240998707635841,-0.025091399503930214,0.022765242126551368,nonrobust,ok,0.9240998707635841,0.03428109049235113,102,94.0,False,False,False
dMRI_TBSS_ICVF_superior_corona_radiata_right,25368.0,25080.0,secondary_mechanistic,secondary_mechanistic,mechanistic_support,primary,dMRI_TBSS,ICVF,superior corona radiata (right),basket,A,G,genotype_pairwise,AA_vs_AG,AA,AG,30134,-0.0008048999054195191,0.011011264095713638,-0.07309786582385605,0.9417287342173498,-0.02238746413923047,0.020777664328391433,nonrobust,ok,0.9417287342173498,0.026074178097177048,102,95.0,False,False,False
dMRI_TBSS_ISOVF_posterior_corona_radiata_left,25467.0,25083.0,secondary_mechanistic,secondary_mechanistic,mechanistic_support,primary,dMRI_TBSS,ISOVF,posterior corona radiata (left),basket,A,G,genotype_pairwise,AG_vs_GG,AG,GG,30130,0.0008840533183409266,0.012736434113363362,0.06941136824265101,0.9446626494850178,-0.024079920526392084,0.025848027163073935,nonrobust,ok,0.9446626494850178,0.02472325564329401,102,96.0,False,False,False
dMRI_TBSS_ISOVF_posterior_limb_of_internal_capsule_right,25458.0,25074.0,secondary_mechanistic,secondary_mechanistic,mechanistic_support,primary,dMRI_TBSS,ISOVF,posterior limb of internal capsule (right),basket,A,G,genotype_pairwise,AA_vs_GG,AA,GG,30157,0.0008420072508421703,0.013923546409835796,0.060473619727181294,0.9517788340473258,-0.026448758149519545,0.028132772651203883,nonrobust,ok,0.9517788340473258,0.021463957405153743,102,97.0,False,False,False
dMRI_TBSS_ISOVF_superior_corona_radiata_right,25464.0,25080.0,secondary_mechanistic,secondary_mechanistic,mechanistic_support,primary,dMRI_TBSS,ISOVF,superior corona radiata (right),basket,A,G,genotype_pairwise,AA_vs_GG,AA,GG,30155,-0.000517806846953794,0.012596290335239627,-0.04110788439872392,0.9672101663405257,-0.025207091838372577,0.02417147814446499,nonrobust,ok,0.9672101663405257,0.014479147256478713,102,98.0,False,False,False
dMRI_TBSS_ISOVF_anterior_corona_radiata_right,25462.0,25078.0,secondary_mechanistic,secondary_mechanistic,mechanistic_support,primary,dMRI_TBSS,ISOVF,anterior corona radiata (right),basket,A,G,genotype_pairwise,AA_vs_GG,AA,GG,30153,-0.0002622704593492613,0.014091493911961423,-0.018611969815821704,0.9851507794163543,-0.027882220527929515,0.02735767960923099,nonrobust,ok,0.9851507794163543,0.006497294723585278,102,99.0,False,False,False
dMRI_TBSS_ICVF_anterior_corona_radiata_right,25366.0,25078.0,secondary_mechanistic,secondary_mechanistic,mechanistic_support,primary,dMRI_TBSS,ICVF,anterior corona radiata (right),basket,A,G,genotype_pairwise,AG_vs_GG,AG,GG,30151,-0.00012799327266501542,0.011459790377225483,-0.011168901738323396,0.9910887662979426,-0.022589688311362554,0.022333701766032523,nonrobust,ok,0.9910887662979426,0.00388744643607923,102,100.0,False,False,False
dMRI_TBSS_ISOVF_posterior_corona_radiata_right,25466.0,25082.0,secondary_mechanistic,secondary_mechanistic,mechanistic_support,primary,dMRI_TBSS,ISOVF,posterior corona radiata (right),basket,A,G,genotype_pairwise,AA_vs_AG,AA,AG,30126,7.86258797816512e-05,0.011567419574101297,0.006797184045929263,0.9945767194068214,-0.022594027920130103,0.02275127967969341,nonrobust,ok,0.9945767194068214,0.0023617107497666315,102,101.0,False,False,False
dMRI_TBSS_ICVF_anterior_corona_radiata_left,25367.0,25079.0,secondary_mechanistic,secondary_mechanistic,mechanistic_support,primary,dMRI_TBSS,ICVF,anterior corona radiata (left),basket,A,G,genotype_pairwise,AA_vs_GG,AA,GG,30151,2.300116226854965e-05,0.012881176812171585,0.0017856413745377336,0.998575277108499,-0.025224674036882028,0.02527067636141913,nonrobust,ok,0.998575277108499,0.0006191904822598267,102,102.0,False,False,False
roi__retrolenticular_part_of_internal_capsule__PC1,,,secondary_roi_pca,secondary_roi_pca,dimension_reduction,secondary,dMRI_roi_pca,PC1,retrolenticular part of internal capsule (left),roi_pca,A,G,genotype_pairwise,AG_vs_GG,AG,GG,30159,-0.05500156536293757,0.026489889718261585,-2.0763229272721593,0.037872701908876066,-0.10692291804896469,-0.003080212676910457,nonrobust,ok,0.037872701908876066,1.4216737103991801,126,1.0,True,False,False
roi__retrolenticular_part_of_internal_capsule__PC1,,,secondary_roi_pca,secondary_roi_pca,dimension_reduction,secondary,dMRI_roi_pca,PC1,retrolenticular part of internal capsule (right),roi_pca,A,G,genotype_pairwise,AG_vs_GG,AG,GG,30159,-0.05500156536293757,0.026489889718261585,-2.0763229272721593,0.037872701908876066,-0.10692291804896469,-0.003080212676910457,nonrobust,ok,0.037872701908876066,1.4216737103991801,126,1.0,True,False,False
roi__genu_of_corpus_callosum__PC2,,,secondary_roi_pca,secondary_roi_pca,dimension_reduction,secondary,dMRI_roi_pca,PC2,genu of corpus callosum,roi_pca,A,G,genotype_pairwise,AG_vs_GG,AG,GG,30160,-0.03270923854395919,0.016437924039295684,-1.9898643202004165,0.04661506693532181,-0.06492829492240924,-0.0004901821655091398,nonrobust,ok,0.04661506693532181,1.331473687832282,126,3.0,True,False,False
roi__genu_of_corpus_callosum__PC2,,,secondary_roi_pca,secondary_roi_pca,dimension_reduction,secondary,dMRI_roi_pca,PC2,genu of corpus callosum,roi_pca,A,G,genotype_pairwise,AG_vs_GG,AG,GG,30160,-0.03270923854395919,0.016437924039295684,-1.9898643202004165,0.04661506693532181,-0.06492829492240924,-0.0004901821655091398,nonrobust,ok,0.04661506693532181,1.331473687832282,126,3.0,True,False,False
roi__retrolenticular_part_of_internal_capsule__PC2,,,secondary_roi_pca,secondary_roi_pca,dimension_reduction,secondary,dMRI_roi_pca,PC2,retrolenticular part of internal capsule (left),roi_pca,A,G,genotype_pairwise,AA_vs_GG,AA,GG,30159,-0.04478074093140432,0.02489507909766782,-1.7987788171197014,0.07206385749581982,-0.09357619443174374,0.004014712568935097,nonrobust,ok,0.07206385749581982,1.1422824943046304,126,5.0,False,False,False
roi__retrolenticular_part_of_internal_capsule__PC2,,,secondary_roi_pca,secondary_roi_pca,dimension_reduction,secondary,dMRI_roi_pca,PC2,retrolenticular part of internal capsule (right),roi_pca,A,G,genotype_pairwise,AA_vs_GG,AA,GG,30159,-0.04478074093140432,0.02489507909766782,-1.7987788171197014,0.07206385749581982,-0.09357619443174374,0.004014712568935097,nonrobust,ok,0.07206385749581982,1.1422824943046304,126,5.0,False,False,False
roi__splenium_of_corpus_callosum__PC1,,,secondary_roi_pca,secondary_roi_pca,dimension_reduction,secondary,dMRI_roi_pca,PC1,splenium of corpus callosum,roi_pca,A,G,genotype_pairwise,AA_vs_GG,AA,GG,30160,-0.05834316925316273,0.032590832501896067,-1.7901711854021662,0.07343661148807172,-0.12222263890450218,0.005536300398176722,nonrobust,ok,0.07343661148807172,1.1340873705593106,126,7.0,False,False,False
roi__splenium_of_corpus_callosum__PC1,,,secondary_roi_pca,secondary_roi_pca,dimension_reduction,secondary,dMRI_roi_pca,PC1,splenium of corpus callosum,roi_pca,A,G,genotype_pairwise,AA_vs_GG,AA,GG,30160,-0.05834316925316273,0.032590832501896067,-1.7901711854021662,0.07343661148807172,-0.12222263890450218,0.005536300398176722,nonrobust,ok,0.07343661148807172,1.1340873705593106,126,7.0,False,False,False
roi__genu_of_corpus_callosum__PC2,,,secondary_roi_pca,secondary_roi_pca,dimension_reduction,secondary,dMRI_roi_pca,PC2,genu of corpus callosum,roi_pca,A,G,genotype_pairwise,AA_vs_GG,AA,GG,30160,-0.03306988876554341,0.018486628108570293,-1.7888545478021707,0.07364846418706558,-0.06930449551111555,0.0031647179800287223,nonrobust,ok,0.07364846418706558,1.1328363051965997,126,9.0,False,False,False
roi__genu_of_corpus_callosum__PC2,,,secondary_roi_pca,secondary_roi_pca,dimension_reduction,secondary,dMRI_roi_pca,PC2,genu of corpus callosum,roi_pca,A,G,genotype_pairwise,AA_vs_GG,AA,GG,30160,-0.03306988876554341,0.018486628108570293,-1.7888545478021707,0.07364846418706558,-0.06930449551111555,0.0031647179800287223,nonrobust,ok,0.07364846418706558,1.1328363051965997,126,9.0,False,False,False
roi__splenium_of_corpus_callosum__PC2,,,secondary_roi_pca,secondary_roi_pca,dimension_reduction,secondary,dMRI_roi_pca,PC2,splenium of corpus callosum,roi_pca,A,G,genotype_pairwise,AG_vs_GG,AG,GG,30160,-0.03829926489955433,0.021520099667779978,-1.7796973755143068,0.07513575575416821,-0.08047960974167441,0.0038810799425657433,nonrobust,ok,0.07513575575416821,1.1241533408750317,126,11.0,False,False,False
roi__splenium_of_corpus_callosum__PC2,,,secondary_roi_pca,secondary_roi_pca,dimension_reduction,secondary,dMRI_roi_pca,PC2,splenium of corpus callosum,roi_pca,A,G,genotype_pairwise,AG_vs_GG,AG,GG,30160,-0.03829926489955433,0.021520099667779978,-1.7796973755143068,0.07513575575416821,-0.08047960974167441,0.0038810799425657433,nonrobust,ok,0.07513575575416821,1.1241533408750317,126,11.0,False,False,False
roi__corticospinal_tract_right__PC2,,,secondary_roi_pca,secondary_roi_pca,dimension_reduction,secondary,dMRI_roi_pca,PC2,corticospinal tract (right),roi_pca,A,G,genotype_pairwise,AG_vs_GG,AG,GG,30160,-0.044456194057046323,0.025596956655798822,-1.7367765494487044,0.08243702165670667,-0.09462735847162898,0.005714970357536341,nonrobust,ok,0.08243702165670667,1.083877707109019,126,13.0,False,False,False
roi__splenium_of_corpus_callosum__PC2,,,secondary_roi_pca,secondary_roi_pca,dimension_reduction,secondary,dMRI_roi_pca,PC2,splenium of corpus callosum,roi_pca,A,G,genotype_pairwise,AA_vs_GG,AA,GG,30160,-0.037216365537554495,0.024202209382801203,-1.5377259550527453,0.12412632210107219,-0.08465376375909633,0.010221032683987337,nonrobust,ok,0.12412632210107219,0.9061361126907836,126,14.0,False,False,False
roi__splenium_of_corpus_callosum__PC2,,,secondary_roi_pca,secondary_roi_pca,dimension_reduction,secondary,dMRI_roi_pca,PC2,splenium of corpus callosum,roi_pca,A,G,genotype_pairwise,AA_vs_GG,AA,GG,30160,-0.037216365537554495,0.024202209382801203,-1.5377259550527453,0.12412632210107219,-0.08465376375909633,0.010221032683987337,nonrobust,ok,0.12412632210107219,0.9061361126907836,126,14.0,False,False,False
roi__posterior_thalamic_radiation_right__PC1,,,secondary_roi_pca,secondary_roi_pca,dimension_reduction,secondary,dMRI_roi_pca,PC1,posterior thalamic radiation (right),roi_pca,A,G,genotype_pairwise,AA_vs_AG,AA,AG,30160,0.04862352917760597,0.032479360228143156,1.4970593274024528,0.1343884827206607,-0.01503744989888392,0.11228450825409586,nonrobust,ok,0.1343884827206607,0.8716379493267766,126,16.0,False,False,False
roi__superior_cerebellar_peduncle_left__PC1,,,secondary_roi_pca,secondary_roi_pca,dimension_reduction,secondary,dMRI_roi_pca,PC1,superior cerebellar peduncle (left),roi_pca,A,G,genotype_pairwise,AA_vs_GG,AA,GG,30160,-0.04948538269070121,0.03337366573876331,-1.4827673734750761,0.13814687216139754,-0.1148992400258659,0.01592847464446348,nonrobust,ok,0.13814687216139754,0.8596589436712722,126,17.0,False,False,False
roi__retrolenticular_part_of_internal_capsule__PC1,,,secondary_roi_pca,secondary_roi_pca,dimension_reduction,secondary,dMRI_roi_pca,PC1,retrolenticular part of internal capsule (left),roi_pca,A,G,genotype_pairwise,AA_vs_AG,AA,AG,30159,0.03705801391030004,0.025102321468238063,1.4762783576486938,0.1398798182622321,-0.01214364378070644,0.08625967160130651,nonrobust,ok,0.1398798182622321,0.8542449406161603,126,18.0,False,False,False
roi__retrolenticular_part_of_internal_capsule__PC1,,,secondary_roi_pca,secondary_roi_pca,dimension_reduction,secondary,dMRI_roi_pca,PC1,retrolenticular part of internal capsule (right),roi_pca,A,G,genotype_pairwise,AA_vs_AG,AA,AG,30159,0.03705801391030004,0.025102321468238063,1.4762783576486938,0.1398798182622321,-0.01214364378070644,0.08625967160130651,nonrobust,ok,0.1398798182622321,0.8542449406161603,126,18.0,False,False,False
roi__anterior_limb_of_internal_capsule_right__PC1,,,secondary_roi_pca,secondary_roi_pca,dimension_reduction,secondary,dMRI_roi_pca,PC1,anterior limb of internal capsule (right),roi_pca,A,G,genotype_pairwise,AA_vs_GG,AA,GG,30160,0.04621091566220245,0.03143432025768659,1.470078413765049,0.14155114530049231,-0.015401738963743465,0.10782357028814837,nonrobust,ok,0.14155114530049231,0.8490866123767893,126,20.0,False,False,False
roi__superior_cerebellar_peduncle_right__PC1,,,secondary_roi_pca,secondary_roi_pca,dimension_reduction,secondary,dMRI_roi_pca,PC1,superior cerebellar peduncle (right),roi_pca,A,G,genotype_pairwise,AG_vs_GG,AG,GG,30160,-0.04284992256136777,0.03025174289581034,-1.4164447552310182,0.1566558500518726,-0.10214467338126823,0.01644482825853269,nonrobust,ok,0.1566558500518726,0.8050533824751682,126,21.0,False,False,False
roi__corticospinal_tract_right__PC1,,,secondary_roi_pca,secondary_roi_pca,dimension_reduction,secondary,dMRI_roi_pca,PC1,corticospinal tract (right),roi_pca,A,G,genotype_pairwise,AG_vs_GG,AG,GG,30160,-0.05139852353109248,0.03738573491359018,-1.3748164547223727,0.16919876066612494,-0.12467621346634547,0.021879166404160516,nonrobust,ok,0.16919876066612494,0.7716028223716666,126,22.0,False,False,False
roi__splenium_of_corpus_callosum__PC1,,,secondary_roi_pca,secondary_roi_pca,dimension_reduction,secondary,dMRI_roi_pca,PC1,splenium of corpus callosum,roi_pca,A,G,genotype_pairwise,AG_vs_GG,AG,GG,30160,-0.03768523214615392,0.028979088338733732,-1.3004284919406341,0.19346427328612878,-0.09448552388309955,0.01911505959079171,nonrobust,ok,0.19346427328612878,0.7133992236541201,126,23.0,False,False,False
roi__splenium_of_corpus_callosum__PC1,,,secondary_roi_pca,secondary_roi_pca,dimension_reduction,secondary,dMRI_roi_pca,PC1,splenium of corpus callosum,roi_pca,A,G,genotype_pairwise,AG_vs_GG,AG,GG,30160,-0.03768523214615392,0.028979088338733732,-1.3004284919406341,0.19346427328612878,-0.09448552388309955,0.01911505959079171,nonrobust,ok,0.19346427328612878,0.7133992236541201,126,23.0,False,False,False
roi__corticospinal_tract_right__PC2,,,secondary_roi_pca,secondary_roi_pca,dimension_reduction,secondary,dMRI_roi_pca,PC2,corticospinal tract (right),roi_pca,A,G,genotype_pairwise,AA_vs_AG,AA,AG,30160,0.031361007314214075,0.024255203072452675,1.2929599979243902,0.196034984647107,-0.016180260877191426,0.07890227550561957,nonrobust,ok,0.196034984647107,0.7076664169936699,126,25.0,False,False,False
roi__superior_cerebellar_peduncle_right__PC1,,,secondary_roi_pca,secondary_roi_pca,dimension_reduction,secondary,dMRI_roi_pca,PC1,superior cerebellar peduncle (right),roi_pca,A,G,genotype_pairwise,AA_vs_GG,AA,GG,30160,-0.04393814720783161,0.034022101526567906,-1.2914589409922326,0.19655466697299295,-0.11062296729687797,0.02274667288121475,nonrobust,ok,0.19655466697299295,0.7065166398797338,126,26.0,False,False,False
roi__body_of_corpus_callosum__PC2,,,secondary_roi_pca,secondary_roi_pca,dimension_reduction,secondary,dMRI_roi_pca,PC2,body of corpus callosum,roi_pca,A,G,genotype_pairwise,AG_vs_GG,AG,GG,30160,-0.01967782197416528,0.015391469619933,-1.278488829207132,0.20108714391869845,-0.04984578151980815,0.010490137571477584,nonrobust,ok,0.20108714391869845,0.6966156942150105,126,27.0,False,False,False
roi__corticospinal_tract_left__PC2,,,secondary_roi_pca,secondary_roi_pca,dimension_reduction,secondary,dMRI_roi_pca,PC2,corticospinal tract (left),roi_pca,A,G,genotype_pairwise,AG_vs_GG,AG,GG,30160,-0.031320537369643714,0.025520813643387923,-1.2272546560347781,0.21973665163818049,-0.08134245812037763,0.01870138338109021,nonrobust,ok,0.21973665163818049,0.6580974975782231,126,28.0,False,False,False
roi__anterior_limb_of_internal_capsule_right__PC1,,,secondary_roi_pca,secondary_roi_pca,dimension_reduction,secondary,dMRI_roi_pca,PC1,anterior limb of internal capsule (right),roi_pca,A,G,genotype_pairwise,AG_vs_GG,AG,GG,30160,0.03408347146819032,0.027950741778767094,1.21941205489158,0.2226975520672054,-0.02070121563930541,0.08886815857568604,nonrobust,ok,0.2226975520672054,0.6522845567852154,126,29.0,False,False,False
roi__inferior_longitudinal_fasciculus_left__PC1,,,secondary_roi_pca,secondary_roi_pca,dimension_reduction,secondary,dMRI_roi_pca,PC1,inferior longitudinal fasciculus (left),roi_pca,A,G,genotype_pairwise,AA_vs_GG,AA,GG,30160,-0.037513809887766134,0.03078131944456568,-1.2187200082610186,0.22296019254882754,-0.09784655410879586,0.022818934333263603,nonrobust,ok,0.22296019254882754,0.6517726692370863,126,30.0,False,False,False
roi__retrolenticular_part_of_internal_capsule__PC2,,,secondary_roi_pca,secondary_roi_pca,dimension_reduction,secondary,dMRI_roi_pca,PC2,retrolenticular part of internal capsule (left),roi_pca,A,G,genotype_pairwise,AA_vs_AG,AA,AG,30159,-0.02242016092859801,0.020976120191947924,-1.0688421273064792,0.28514952844717273,-0.06353428205382919,0.018693960196633174,nonrobust,ok,0.28514952844717273,0.5449273422726688,126,31.0,False,False,False
roi__retrolenticular_part_of_internal_capsule__PC2,,,secondary_roi_pca,secondary_roi_pca,dimension_reduction,secondary,dMRI_roi_pca,PC2,retrolenticular part of internal capsule (right),roi_pca,A,G,genotype_pairwise,AA_vs_AG,AA,AG,30159,-0.02242016092859801,0.020976120191947924,-1.0688421273064792,0.28514952844717273,-0.06353428205382919,0.018693960196633174,nonrobust,ok,0.28514952844717273,0.5449273422726688,126,31.0,False,False,False
roi__posterior_limb_of_internal_capsule_left__PC1,,,secondary_roi_pca,secondary_roi_pca,dimension_reduction,secondary,dMRI_roi_pca,PC1,posterior limb of internal capsule (left),roi_pca,A,G,genotype_pairwise,AA_vs_GG,AA,GG,30160,-0.03257315846974733,0.031274006014758986,-1.0415409671014082,0.29763305583277394,-0.09387159010629353,0.02872527316679887,nonrobust,ok,0.29763305583277394,0.5263188366727478,126,33.0,False,False,False
roi__posterior_limb_of_internal_capsule_left__PC1,,,secondary_roi_pca,secondary_roi_pca,dimension_reduction,secondary,dMRI_roi_pca,PC1,posterior limb of internal capsule (left),roi_pca,A,G,genotype_pairwise,AA_vs_AG,AA,AG,30160,-0.02743159412745405,0.026350530428475277,-1.0410262594870023,0.2978718626759218,-0.07907979638508446,0.024216608130176356,nonrobust,ok,0.2978718626759218,0.5259705188115318,126,34.0,False,False,False
roi__retrolenticular_part_of_internal_capsule__PC2,,,secondary_roi_pca,secondary_roi_pca,dimension_reduction,secondary,dMRI_roi_pca,PC2,retrolenticular part of internal capsule (left),roi_pca,A,G,genotype_pairwise,AG_vs_GG,AG,GG,30159,-0.022360580002806312,0.022135606513715086,-1.0101634210452664,0.31242525755696837,-0.06574734547980296,0.021026185474190332,nonrobust,ok,0.31242525755696837,0.5052538634816428,126,35.0,False,False,False
roi__retrolenticular_part_of_internal_capsule__PC2,,,secondary_roi_pca,secondary_roi_pca,dimension_reduction,secondary,dMRI_roi_pca,PC2,retrolenticular part of internal capsule (right),roi_pca,A,G,genotype_pairwise,AG_vs_GG,AG,GG,30159,-0.022360580002806312,0.022135606513715086,-1.0101634210452664,0.31242525755696837,-0.06574734547980296,0.021026185474190332,nonrobust,ok,0.31242525755696837,0.5052538634816428,126,35.0,False,False,False
roi__corticospinal_tract_left__PC1,,,secondary_roi_pca,secondary_roi_pca,dimension_reduction,secondary,dMRI_roi_pca,PC1,corticospinal tract (left),roi_pca,A,G,genotype_pairwise,AG_vs_GG,AG,GG,30160,-0.03852091578522222,0.038215615343362756,-1.0079888924754026,0.31346803319766636,-0.11342520797817494,0.0363833764077305,nonrobust,ok,0.31346803319766636,0.503806741001409,126,37.0,False,False,False
roi__anterior_limb_of_internal_capsule_left__PC2,,,secondary_roi_pca,secondary_roi_pca,dimension_reduction,secondary,dMRI_roi_pca,PC2,anterior limb of internal capsule (left),roi_pca,A,G,genotype_pairwise,AA_vs_AG,AA,AG,30160,0.017116350429919585,0.017455594100509342,0.980565332314879,0.32681515035851805,-0.01709738416936427,0.05133008502920344,nonrobust,ok,0.32681515035851805,0.4856978188330401,126,38.0,False,False,False
roi__anterior_limb_of_internal_capsule_right__PC2,,,secondary_roi_pca,secondary_roi_pca,dimension_reduction,secondary,dMRI_roi_pca,PC2,anterior limb of internal capsule (right),roi_pca,A,G,genotype_pairwise,AA_vs_AG,AA,AG,30160,0.016981419107377674,0.017529641398776954,0.9687259836680098,0.33268983877220604,-0.017377451463568595,0.05134028967832394,nonrobust,ok,0.33268983877220604,0.4779604634310014,126,39.0,False,False,False
roi__superior_cerebellar_peduncle_left__PC2,,,secondary_roi_pca,secondary_roi_pca,dimension_reduction,secondary,dMRI_roi_pca,PC2,superior cerebellar peduncle (left),roi_pca,A,G,genotype_pairwise,AA_vs_AG,AA,AG,30160,0.017782489011361906,0.01891842453299038,0.9399561248005824,0.34724773579894785,-0.01929845777746304,0.05486343580018685,nonrobust,ok,0.34724773579894785,0.45936057736350366,126,40.0,False,False,False
roi__body_of_corpus_callosum__PC1,,,secondary_roi_pca,secondary_roi_pca,dimension_reduction,secondary,dMRI_roi_pca,PC1,body of corpus callosum,roi_pca,A,G,genotype_pairwise,AG_vs_GG,AG,GG,30160,-0.02601434147278249,0.027972271708085764,-0.9300046039972752,0.35237628399160326,-0.08084122819166978,0.02881254524610479,nonrobust,ok,0.35237628399160326,0.4529933286316512,126,41.0,False,False,False
roi__superior_cerebellar_peduncle_left__PC1,,,secondary_roi_pca,secondary_roi_pca,dimension_reduction,secondary,dMRI_roi_pca,PC1,superior cerebellar peduncle (left),roi_pca,A,G,genotype_pairwise,AA_vs_AG,AA,AG,30160,-0.02601383296633207,0.02811964013001814,-0.925112584871309,0.35491488828119855,-0.08112956829428289,0.02910190236161874,nonrobust,ok,0.35491488828119855,0.44987578210422724,126,42.0,False,False,False
roi__posterior_thalamic_radiation_right__PC2,,,secondary_roi_pca,secondary_roi_pca,dimension_reduction,secondary,dMRI_roi_pca,PC2,posterior thalamic radiation (right),roi_pca,A,G,genotype_pairwise,AA_vs_GG,AA,GG,30160,0.0236255617767117,0.026678783616839636,0.8855561826214317,0.37586392490236753,-0.02866603121304734,0.07591715476647075,nonrobust,ok,0.37586392490236753,0.4249693554984111,126,43.0,False,False,False
roi__corticospinal_tract_left__PC2,,,secondary_roi_pca,secondary_roi_pca,dimension_reduction,secondary,dMRI_roi_pca,PC2,corticospinal tract (left),roi_pca,A,G,genotype_pairwise,AA_vs_AG,AA,AG,30160,0.020874158717788756,0.02418305136108287,0.86317307134289,0.38804930980219665,-0.026525688935909654,0.06827400637148717,nonrobust,ok,0.38804930980219665,0.41111308467813995,126,44.0,False,False,False
roi__superior_cerebellar_peduncle_left__PC2,,,secondary_roi_pca,secondary_roi_pca,dimension_reduction,secondary,dMRI_roi_pca,PC2,superior cerebellar peduncle (left),roi_pca,A,G,genotype_pairwise,AG_vs_GG,AG,GG,30160,-0.017179967847803554,0.019964957263826705,-0.8605061168315594,0.38951708192193324,-0.05631216496337922,0.021952229267772114,nonrobust,ok,0.38951708192193324,0.4094734919791809,126,45.0,False,False,False
roi__superior_cerebellar_peduncle_right__PC2,,,secondary_roi_pca,secondary_roi_pca,dimension_reduction,secondary,dMRI_roi_pca,PC2,superior cerebellar peduncle (right),roi_pca,A,G,genotype_pairwise,AA_vs_AG,AA,AG,30160,0.015770726370127577,0.018421128996660298,0.856121596726605,0.39193745325962615,-0.02033549922619957,0.051876951966454726,nonrobust,ok,0.39193745325962615,0.4067832336722194,126,46.0,False,False,False
roi__sagittal_stratum_right__PC2,,,secondary_roi_pca,secondary_roi_pca,dimension_reduction,secondary,dMRI_roi_pca,PC2,sagittal stratum (right),roi_pca,A,G,genotype_pairwise,AA_vs_AG,AA,AG,30160,-0.016774672374386918,0.02066949522354185,-0.8115666199376333,0.417046876474227,-0.05728779497608577,0.023738450227311938,nonrobust,ok,0.417046876474227,0.3798151271607638,126,47.0,False,False,False
roi__posterior_thalamic_radiation_right__PC1,,,secondary_roi_pca,secondary_roi_pca,dimension_reduction,secondary,dMRI_roi_pca,PC1,posterior thalamic radiation (right),roi_pca,A,G,genotype_pairwise,AA_vs_GG,AA,GG,30160,0.030676585251639854,0.038547979513642285,0.7958026760075269,0.42615311696355285,-0.0448791553793768,0.1062323258826565,nonrobust,ok,0.42615311696355285,0.37043433069874826,126,48.0,False,False,False
roi__superior_cerebellar_peduncle_left__PC1,,,secondary_roi_pca,secondary_roi_pca,dimension_reduction,secondary,dMRI_roi_pca,PC1,superior cerebellar peduncle (left),roi_pca,A,G,genotype_pairwise,AG_vs_GG,AG,GG,30160,-0.023471549724369142,0.029675167321200742,-0.7909491956798651,0.4289799751312914,-0.08163618697881114,0.03469308753007285,nonrobust,ok,0.4289799751312914,0.36756298029303663,126,49.0,False,False,False
roi__posterior_thalamic_radiation_left__PC1,,,secondary_roi_pca,secondary_roi_pca,dimension_reduction,secondary,dMRI_roi_pca,PC1,posterior thalamic radiation (left),roi_pca,A,G,genotype_pairwise,AA_vs_GG,AA,GG,30160,-0.02927298342244112,0.0370933435484015,-0.7891707951385959,0.43001850891057725,-0.10197757338125757,0.043431606536375324,nonrobust,ok,0.43001850891057725,0.3665128510605667,126,50.0,False,False,False
roi__posterior_thalamic_radiation_left__PC2,,,secondary_roi_pca,secondary_roi_pca,dimension_reduction,secondary,dMRI_roi_pca,PC2,posterior thalamic radiation (left),roi_pca,A,G,genotype_pairwise,AA_vs_GG,AA,GG,30160,0.019791892136104366,0.02536460409530532,0.7802957247721286,0.435223067341175,-0.029923851008230227,0.06950763528043896,nonrobust,ok,0.435223067341175,0.36128809457482064,126,51.0,False,False,False
roi__posterior_limb_of_internal_capsule_left__PC2,,,secondary_roi_pca,secondary_roi_pca,dimension_reduction,secondary,dMRI_roi_pca,PC2,posterior limb of internal capsule (left),roi_pca,A,G,genotype_pairwise,AA_vs_AG,AA,AG,30160,0.016241725099000917,0.020895168638889145,0.7772957174785635,0.43699053222337503,-0.024713727353767347,0.05719717755176918,nonrobust,ok,0.43699053222337503,0.35952797229201905,126,52.0,False,False,False
roi__superior_cerebellar_peduncle_right__PC2,,,secondary_roi_pca,secondary_roi_pca,dimension_reduction,secondary,dMRI_roi_pca,PC2,superior cerebellar peduncle (right),roi_pca,A,G,genotype_pairwise,AG_vs_GG,AG,GG,30160,-0.015068013703229683,0.01944015224568112,-0.7750975153282165,0.4382882306320104,-0.053171569828196985,0.023035542421737623,nonrobust,ok,0.4382882306320104,0.3582401913131881,126,53.0,False,False,False
roi__splenium_of_corpus_callosum__PC1,,,secondary_roi_pca,secondary_roi_pca,dimension_reduction,secondary,dMRI_roi_pca,PC1,splenium of corpus callosum,roi_pca,A,G,genotype_pairwise,AA_vs_AG,AA,AG,30160,-0.020657937107008802,0.027460048550392645,-0.7522906257466694,0.45188228530859886,-0.07448084383690172,0.03316496962288412,nonrobust,ok,0.45188228530859886,0.34497468354934785,126,54.0,False,False,False
roi__splenium_of_corpus_callosum__PC1,,,secondary_roi_pca,secondary_roi_pca,dimension_reduction,secondary,dMRI_roi_pca,PC1,splenium of corpus callosum,roi_pca,A,G,genotype_pairwise,AA_vs_AG,AA,AG,30160,-0.020657937107008802,0.027460048550392645,-0.7522906257466694,0.45188228530859886,-0.07448084383690172,0.03316496962288412,nonrobust,ok,0.45188228530859886,0.34497468354934785,126,54.0,False,False,False
roi__inferior_longitudinal_fasciculus_left__PC1,,,secondary_roi_pca,secondary_roi_pca,dimension_reduction,secondary,dMRI_roi_pca,PC1,inferior longitudinal fasciculus (left),roi_pca,A,G,genotype_pairwise,AA_vs_AG,AA,AG,30160,-0.019502208548081514,0.02593540764396686,-0.7519530371684037,0.45208527955869393,-0.07033675183234749,0.031332334736184464,nonrobust,ok,0.45208527955869393,0.34477963388698707,126,56.0,False,False,False
roi__corticospinal_tract_left__PC1,,,secondary_roi_pca,secondary_roi_pca,dimension_reduction,secondary,dMRI_roi_pca,PC1,corticospinal tract (left),roi_pca,A,G,genotype_pairwise,AA_vs_AG,AA,AG,30160,0.026892491442473215,0.03621241084072441,0.7426318993440219,0.4577104626368287,-0.04408543154146134,0.09787041442640777,nonrobust,ok,0.4577104626368287,0.3394091600797855,126,57.0,False,False,False
roi__inferior_longitudinal_fasciculus_right__PC2,,,secondary_roi_pca,secondary_roi_pca,dimension_reduction,secondary,dMRI_roi_pca,PC2,inferior longitudinal fasciculus (right),roi_pca,A,G,genotype_pairwise,AG_vs_GG,AG,GG,30160,0.012789720692559731,0.017650906905698992,0.7245928359879504,0.4687075817275911,-0.02180683562233708,0.04738627700745654,nonrobust,ok,0.4687075817275911,0.32909802135535016,126,58.0,False,False,False
roi__body_of_corpus_callosum__PC2,,,secondary_roi_pca,secondary_roi_pca,dimension_reduction,secondary,dMRI_roi_pca,PC2,body of corpus callosum,roi_pca,A,G,genotype_pairwise,AA_vs_AG,AA,AG,30160,0.010543145803300367,0.014584672163766273,0.7228922038778113,0.46975182450647934,-0.018043455131359423,0.03912974673796016,nonrobust,ok,0.46975182450647934,0.3281315244332752,126,59.0,False,False,False
roi__corticospinal_tract_right__PC1,,,secondary_roi_pca,secondary_roi_pca,dimension_reduction,secondary,dMRI_roi_pca,PC1,corticospinal tract (right),roi_pca,A,G,genotype_pairwise,AA_vs_AG,AA,AG,30160,0.02513332544474009,0.035426031482402205,0.7094592420611664,0.47804512309689184,-0.044303259300858266,0.09456991019033845,nonrobust,ok,0.47804512309689184,0.32053110801741663,126,60.0,False,False,False
roi__inferior_longitudinal_fasciculus_left__PC1,,,secondary_roi_pca,secondary_roi_pca,dimension_reduction,secondary,dMRI_roi_pca,PC1,inferior longitudinal fasciculus (left),roi_pca,A,G,genotype_pairwise,AG_vs_GG,AG,GG,30160,-0.01801160133968462,0.027370107078883474,-0.6580756621730899,0.5104946309912706,-0.0716582188170912,0.03563501613772195,nonrobust,ok,0.5104946309912706,0.2920088211444092,126,61.0,False,False,False
roi__posterior_limb_of_internal_capsule_right__PC1,,,secondary_roi_pca,secondary_roi_pca,dimension_reduction,secondary,dMRI_roi_pca,PC1,posterior limb of internal capsule (right),roi_pca,A,G,genotype_pairwise,AA_vs_AG,AA,AG,30160,-0.017137547864982602,0.026208288652704956,-0.6538980126508122,0.5131825935456074,-0.06850694996622106,0.03423185423625585,nonrobust,ok,0.5131825935456074,0.2897280827244185,126,62.0,False,False,False
roi__posterior_thalamic_radiation_left__PC2,,,secondary_roi_pca,secondary_roi_pca,dimension_reduction,secondary,dMRI_roi_pca,PC2,posterior thalamic radiation (left),roi_pca,A,G,genotype_pairwise,AA_vs_AG,AA,AG,30160,0.013446921947120034,0.021371447319673425,0.6292003412769105,0.5292227605953141,-0.028442057733986725,0.0553359016282268,nonrobust,ok,0.5292227605953141,0.2763614861240189,126,63.0,False,False,False
roi__genu_of_corpus_callosum__PC1,,,secondary_roi_pca,secondary_roi_pca,dimension_reduction,secondary,dMRI_roi_pca,PC1,genu of corpus callosum,roi_pca,A,G,genotype_pairwise,AA_vs_AG,AA,AG,30160,0.016468121349685904,0.026267601328960843,0.6269366259769327,0.5307056123816786,-0.03501753621396232,0.06795377891333414,nonrobust,ok,0.5307056123816786,0.27514631954320723,126,64.0,False,False,False
roi__genu_of_corpus_callosum__PC1,,,secondary_roi_pca,secondary_roi_pca,dimension_reduction,secondary,dMRI_roi_pca,PC1,genu of corpus callosum,roi_pca,A,G,genotype_pairwise,AA_vs_AG,AA,AG,30160,0.016468121349685904,0.026267601328960843,0.6269366259769327,0.5307056123816786,-0.03501753621396232,0.06795377891333414,nonrobust,ok,0.5307056123816786,0.27514631954320723,126,64.0,False,False,False
roi__corticospinal_tract_right__PC1,,,secondary_roi_pca,secondary_roi_pca,dimension_reduction,secondary,dMRI_roi_pca,PC1,corticospinal tract (right),roi_pca,A,G,genotype_pairwise,AA_vs_GG,AA,GG,30160,-0.026265198086352384,0.04204522275811338,-0.6246892360983874,0.5321798534563036,-0.10867568977920664,0.05614529360650186,nonrobust,ok,0.5321798534563036,0.27394157040539036,126,66.0,False,False,False
roi__sagittal_stratum_right__PC1,,,secondary_roi_pca,secondary_roi_pca,dimension_reduction,secondary,dMRI_roi_pca,PC1,sagittal stratum (right),roi_pca,A,G,genotype_pairwise,AA_vs_AG,AA,AG,30160,-0.01667238880974388,0.02697807135843996,-0.6179978022976058,0.5365815413613543,-0.06955059897798291,0.03620582135849514,nonrobust,ok,0.5365815413613543,0.2703642713263813,126,67.0,False,False,False
roi__posterior_thalamic_radiation_right__PC2,,,secondary_roi_pca,secondary_roi_pca,dimension_reduction,secondary,dMRI_roi_pca,PC2,posterior thalamic radiation (right),roi_pca,A,G,genotype_pairwise,AG_vs_GG,AG,GG,30160,0.014495572535746471,0.02372221780948305,0.6110546936278365,0.5411680639605777,-0.03200102102427308,0.06099216609576603,nonrobust,ok,0.5411680639605777,0.26666784040947145,126,68.0,False,False,False
roi__sagittal_stratum_right__PC2,,,secondary_roi_pca,secondary_roi_pca,dimension_reduction,secondary,dMRI_roi_pca,PC2,sagittal stratum (right),roi_pca,A,G,genotype_pairwise,AA_vs_GG,AA,GG,30160,-0.014927910149014683,0.024531495473978728,-0.6085201843829354,0.5428471919218807,-0.0630107236377719,0.033154903339742525,nonrobust,ok,0.5428471919218807,0.265322404379338,126,69.0,False,False,False
roi__retrolenticular_part_of_internal_capsule__PC1,,,secondary_roi_pca,secondary_roi_pca,dimension_reduction,secondary,dMRI_roi_pca,PC1,retrolenticular part of internal capsule (left),roi_pca,A,G,genotype_pairwise,AA_vs_GG,AA,GG,30159,-0.017943551452637534,0.029792176664145947,-0.6022907172886128,0.546985251887391,-0.07633753226250031,0.04045042935722525,nonrobust,ok,0.546985251887391,0.2620243831917459,126,70.0,False,False,False
roi__retrolenticular_part_of_internal_capsule__PC1,,,secondary_roi_pca,secondary_roi_pca,dimension_reduction,secondary,dMRI_roi_pca,PC1,retrolenticular part of internal capsule (right),roi_pca,A,G,genotype_pairwise,AA_vs_GG,AA,GG,30159,-0.017943551452637534,0.029792176664145947,-0.6022907172886128,0.546985251887391,-0.07633753226250031,0.04045042935722525,nonrobust,ok,0.546985251887391,0.2620243831917459,126,70.0,False,False,False
roi__posterior_limb_of_internal_capsule_left__PC2,,,secondary_roi_pca,secondary_roi_pca,dimension_reduction,secondary,dMRI_roi_pca,PC2,posterior limb of internal capsule (left),roi_pca,A,G,genotype_pairwise,AG_vs_GG,AG,GG,30160,-0.013199599017836794,0.02205105124733834,-0.5985927323727954,0.5494490835015364,-0.056420632382128126,0.03002143434645454,nonrobust,ok,0.5494490835015364,0.2600725466961127,126,72.0,False,False,False
roi__inferior_longitudinal_fasciculus_right__PC1,,,secondary_roi_pca,secondary_roi_pca,dimension_reduction,secondary,dMRI_roi_pca,PC1,inferior longitudinal fasciculus (right),roi_pca,A,G,genotype_pairwise,AG_vs_GG,AG,GG,30160,-0.016561776880001936,0.02830413589179118,-0.5851362833798863,0.5584605434321879,-0.07203913204120788,0.03891557828120401,nonrobust,ok,0.5584605434321879,0.2530075054042412,126,73.0,False,False,False
roi__posterior_thalamic_radiation_left__PC1,,,secondary_roi_pca,secondary_roi_pca,dimension_reduction,secondary,dMRI_roi_pca,PC1,posterior thalamic radiation (left),roi_pca,A,G,genotype_pairwise,AG_vs_GG,AG,GG,30160,-0.018367352236851042,0.03298262722824244,-0.556879599364462,0.5776139036828594,-0.08301475683829469,0.04628005236459261,nonrobust,ok,0.5776139036828594,0.23836236145630196,126,74.0,False,False,False
roi__body_of_corpus_callosum__PC1,,,secondary_roi_pca,secondary_roi_pca,dimension_reduction,secondary,dMRI_roi_pca,PC1,body of corpus callosum,roi_pca,A,G,genotype_pairwise,AA_vs_GG,AA,GG,30160,-0.016901394845463616,0.031458533521816934,-0.5372594635964916,0.5910924398018169,-0.078561508537424,0.04475871884649677,nonrobust,ok,0.5910924398018169,0.22834459533450002,126,75.0,False,False,False
roi__posterior_limb_of_internal_capsule_right__PC1,,,secondary_roi_pca,secondary_roi_pca,dimension_reduction,secondary,dMRI_roi_pca,PC1,posterior limb of internal capsule (right),roi_pca,A,G,genotype_pairwise,AA_vs_GG,AA,GG,30160,-0.0166544526707771,0.031105187016482433,-0.5354236469291124,0.5923609640858036,-0.07762199162219938,0.04431308628064517,nonrobust,ok,0.5923609640858036,0.22741356872056864,126,76.0,False,False,False
roi__sagittal_stratum_right__PC1,,,secondary_roi_pca,secondary_roi_pca,dimension_reduction,secondary,dMRI_roi_pca,PC1,sagittal stratum (right),roi_pca,A,G,genotype_pairwise,AA_vs_GG,AA,GG,30160,-0.01700946625741897,0.03201880008528042,-0.5312337193184983,0.5952608148448801,-0.07976772713341782,0.04574879461857987,nonrobust,ok,0.5952608148448801,0.22529270548244873,126,77.0,False,False,False
roi__body_of_corpus_callosum__PC2,,,secondary_roi_pca,secondary_roi_pca,dimension_reduction,secondary,dMRI_roi_pca,PC2,body of corpus callosum,roi_pca,A,G,genotype_pairwise,AA_vs_GG,AA,GG,30160,-0.009134676170864916,0.017309751172219834,-0.5277185142629331,0.5976986761546677,-0.04306255219593192,0.024793199854202093,nonrobust,ok,0.5976986761546677,0.2235177060859427,126,78.0,False,False,False
roi__posterior_thalamic_radiation_right__PC1,,,secondary_roi_pca,secondary_roi_pca,dimension_reduction,secondary,dMRI_roi_pca,PC1,posterior thalamic radiation (right),roi_pca,A,G,genotype_pairwise,AG_vs_GG,AG,GG,30160,-0.017946943925966116,0.03427605918138324,-0.5235999807035533,0.6005607143151823,-0.08512953222337467,0.04923564437144244,nonrobust,ok,0.6005607143151823,0.22144308058552736,126,79.0,False,False,False
roi__inferior_longitudinal_fasciculus_right__PC1,,,secondary_roi_pca,secondary_roi_pca,dimension_reduction,secondary,dMRI_roi_pca,PC1,inferior longitudinal fasciculus (right),roi_pca,A,G,genotype_pairwise,AA_vs_GG,AA,GG,30160,-0.01615023209411262,0.03183175885927744,-0.5073622279406529,0.6119044629172021,-0.07854188391465663,0.0462414197264314,nonrobust,ok,0.6119044629172021,0.21331637927067293,126,80.0,False,False,False
roi__sagittal_stratum_left__PC1,,,secondary_roi_pca,secondary_roi_pca,dimension_reduction,secondary,dMRI_roi_pca,PC1,sagittal stratum (left),roi_pca,A,G,genotype_pairwise,AA_vs_GG,AA,GG,30160,-0.015963974737702998,0.03155490252522583,-0.5059110775240384,0.6129228424210089,-0.0778129759282638,0.045885026452857816,nonrobust,ok,0.6129228424210089,0.21259419305066446,126,81.0,False,False,False
roi__anterior_limb_of_internal_capsule_right__PC1,,,secondary_roi_pca,secondary_roi_pca,dimension_reduction,secondary,dMRI_roi_pca,PC1,anterior limb of internal capsule (right),roi_pca,A,G,genotype_pairwise,AA_vs_AG,AA,AG,30160,0.012127444194012136,0.02648560635492961,0.45788810841232364,0.6470361913482414,-0.039785512839184814,0.06404040122720908,nonrobust,ok,0.6470361913482414,0.189071426806959,126,82.0,False,False,False
roi__corticospinal_tract_right__PC2,,,secondary_roi_pca,secondary_roi_pca,dimension_reduction,secondary,dMRI_roi_pca,PC2,corticospinal tract (right),roi_pca,A,G,genotype_pairwise,AA_vs_GG,AA,GG,30160,-0.01309518674283225,0.028787176365807146,-0.4548965336658187,0.649187012499848,-0.06951932254544944,0.04332894905978494,nonrobust,ok,0.649187012499848,0.18763017716384284,126,83.0,False,False,False
roi__anterior_limb_of_internal_capsule_left__PC2,,,secondary_roi_pca,secondary_roi_pca,dimension_reduction,secondary,dMRI_roi_pca,PC2,anterior limb of internal capsule (left),roi_pca,A,G,genotype_pairwise,AG_vs_GG,AG,GG,30160,-0.008376149935589737,0.018421205720574246,-0.45470150340021426,0.649327333232547,-0.04448252591417338,0.027730226042993904,nonrobust,ok,0.649327333232547,0.1875363152510418,126,84.0,False,False,False
roi__inferior_longitudinal_fasciculus_right__PC2,,,secondary_roi_pca,secondary_roi_pca,dimension_reduction,secondary,dMRI_roi_pca,PC2,inferior longitudinal fasciculus (right),roi_pca,A,G,genotype_pairwise,AA_vs_GG,AA,GG,30160,0.008963690245942905,0.01985078839424018,0.4515533624117303,0.6515940822261859,-0.0299447308479722,0.04787211133985801,nonrobust,ok,0.6515940822261859,0.18602286860567557,126,85.0,False,False,False
roi__anterior_limb_of_internal_capsule_right__PC2,,,secondary_roi_pca,secondary_roi_pca,dimension_reduction,secondary,dMRI_roi_pca,PC2,anterior limb of internal capsule (right),roi_pca,A,G,genotype_pairwise,AA_vs_GG,AA,GG,30160,0.00920875936535264,0.020804974382963127,0.4426229610209734,0.6580417078032348,-0.0315699083663191,0.04998742709702438,nonrobust,ok,0.6580417078032348,0.18174657919037002,126,86.0,False,False,False
roi__anterior_limb_of_internal_capsule_left__PC2,,,secondary_roi_pca,secondary_roi_pca,dimension_reduction,secondary,dMRI_roi_pca,PC2,anterior limb of internal capsule (left),roi_pca,A,G,genotype_pairwise,AA_vs_GG,AA,GG,30160,0.008740200494329848,0.02071709168710303,0.4218835648524386,0.6731130702256987,-0.03186621327596345,0.04934661426462314,nonrobust,ok,0.6731130702256987,0.17191197641430217,126,87.0,False,False,False
roi__anterior_limb_of_internal_capsule_right__PC2,,,secondary_roi_pca,secondary_roi_pca,dimension_reduction,secondary,dMRI_roi_pca,PC2,anterior limb of internal capsule (right),roi_pca,A,G,genotype_pairwise,AG_vs_GG,AG,GG,30160,-0.007772659742025035,0.018499349180291873,-0.4201585507832661,0.6743726815656056,-0.044032200349440796,0.02848688086539073,nonrobust,ok,0.6743726815656056,0.1711000310369547,126,88.0,False,False,False
roi__posterior_thalamic_radiation_right__PC2,,,secondary_roi_pca,secondary_roi_pca,dimension_reduction,secondary,dMRI_roi_pca,PC2,posterior thalamic radiation (right),roi_pca,A,G,genotype_pairwise,AA_vs_AG,AA,AG,30160,0.00912998924096523,0.022478735188529324,0.40616116362384,0.6846271232046429,-0.03492932351800205,0.05318930199993251,nonrobust,ok,0.6846271232046429,0.16454589920227755,126,89.0,False,False,False
roi__genu_of_corpus_callosum__PC1,,,secondary_roi_pca,secondary_roi_pca,dimension_reduction,secondary,dMRI_roi_pca,PC1,genu of corpus callosum,roi_pca,A,G,genotype_pairwise,AG_vs_GG,AG,GG,30160,-0.010890453403408145,0.027720677112484982,-0.39286390297094315,0.6944228323389077,-0.06522420361425482,0.04344329680743854,nonrobust,ok,0.6944228323389077,0.15837600817174535,126,90.0,False,False,False
roi__genu_of_corpus_callosum__PC1,,,secondary_roi_pca,secondary_roi_pca,dimension_reduction,secondary,dMRI_roi_pca,PC1,genu of corpus callosum,roi_pca,A,G,genotype_pairwise,AG_vs_GG,AG,GG,30160,-0.010890453403408145,0.027720677112484982,-0.39286390297094315,0.6944228323389077,-0.06522420361425482,0.04344329680743854,nonrobust,ok,0.6944228323389077,0.15837600817174535,126,90.0,False,False,False
roi__corticospinal_tract_left__PC2,,,secondary_roi_pca,secondary_roi_pca,dimension_reduction,secondary,dMRI_roi_pca,PC2,corticospinal tract (left),roi_pca,A,G,genotype_pairwise,AA_vs_GG,AA,GG,30160,-0.010446378651854955,0.028701543438550546,-0.3639657454039171,0.7158861880471088,-0.06670267013881911,0.0458099128351092,nonrobust,ok,0.7158861880471088,0.14515601656357427,126,92.0,False,False,False
roi__posterior_thalamic_radiation_left__PC1,,,secondary_roi_pca,secondary_roi_pca,dimension_reduction,secondary,dMRI_roi_pca,PC1,posterior thalamic radiation (left),roi_pca,A,G,genotype_pairwise,AA_vs_AG,AA,AG,30160,-0.010905631185590077,0.0312537280131227,-0.34893857081660984,0.7271379092191733,-0.07216431704423877,0.05035305467305862,nonrobust,ok,0.7271379092191733,0.13838321289220282,126,93.0,False,False,False
roi__body_of_corpus_callosum__PC1,,,secondary_roi_pca,secondary_roi_pca,dimension_reduction,secondary,dMRI_roi_pca,PC1,body of corpus callosum,roi_pca,A,G,genotype_pairwise,AA_vs_AG,AA,AG,30160,0.009112946627318872,0.026506007718059686,0.34380683519947175,0.7309940012228485,-0.042839997977746264,0.06106589123238401,nonrobust,ok,0.7309940012228485,0.13608618699084643,126,94.0,False,False,False
roi__posterior_limb_of_internal_capsule_right__PC2,,,secondary_roi_pca,secondary_roi_pca,dimension_reduction,secondary,dMRI_roi_pca,PC2,posterior limb of internal capsule (right),roi_pca,A,G,genotype_pairwise,AA_vs_AG,AA,AG,30160,0.007053437124665567,0.020589459073551766,0.3425751545714999,0.7319205281653145,-0.03330281109175933,0.04740968534109046,nonrobust,ok,0.7319205281653145,0.13553607201944332,126,95.0,False,False,False
roi__posterior_limb_of_internal_capsule_right__PC2,,,secondary_roi_pca,secondary_roi_pca,dimension_reduction,secondary,dMRI_roi_pca,PC2,posterior limb of internal capsule (right),roi_pca,A,G,genotype_pairwise,AG_vs_GG,AG,GG,30160,-0.006976720131805014,0.021728430386575837,-0.32108716587809033,0.7481466025570148,-0.049565402374572576,0.035611962110962556,nonrobust,ok,0.7481466025570148,0.12601329191754343,126,96.0,False,False,False
roi__sagittal_stratum_left__PC1,,,secondary_roi_pca,secondary_roi_pca,dimension_reduction,secondary,dMRI_roi_pca,PC1,sagittal stratum (left),roi_pca,A,G,genotype_pairwise,AA_vs_AG,AA,AG,30160,-0.007991750737659797,0.026587205322085517,-0.3005863399648549,0.7637320599295674,-0.06010384622915374,0.044120344753834154,nonrobust,ok,0.7637320599295674,0.11705897820942425,126,97.0,False,False,False
roi__sagittal_stratum_left__PC1,,,secondary_roi_pca,secondary_roi_pca,dimension_reduction,secondary,dMRI_roi_pca,PC1,sagittal stratum (left),roi_pca,A,G,genotype_pairwise,AG_vs_GG,AG,GG,30160,-0.007972224000043202,0.028057961015431305,-0.2841341177877694,0.7763095889336127,-0.0629670655420454,0.047022617541959,nonrobust,ok,0.7763095889336127,0.1099650494217488,126,98.0,False,False,False
roi__posterior_thalamic_radiation_left__PC2,,,secondary_roi_pca,secondary_roi_pca,dimension_reduction,secondary,dMRI_roi_pca,PC2,posterior thalamic radiation (left),roi_pca,A,G,genotype_pairwise,AG_vs_GG,AG,GG,30160,0.006344970188984332,0.02255367679583199,0.28132753015938,0.7784611628389309,-0.03786123142681208,0.05055117180478075,nonrobust,ok,0.7784611628389309,0.1087630493585156,126,99.0,False,False,False
roi__corticospinal_tract_left__PC1,,,secondary_roi_pca,secondary_roi_pca,dimension_reduction,secondary,dMRI_roi_pca,PC1,corticospinal tract (left),roi_pca,A,G,genotype_pairwise,AA_vs_GG,AA,GG,30160,-0.011628424342749012,0.04297853348780838,-0.27056354414809475,0.7867286240064061,-0.09586824624462302,0.072611397559125,nonrobust,ok,0.7867286240064061,0.10417504835396207,126,100.0,False,False,False
roi__anterior_limb_of_internal_capsule_left__PC1,,,secondary_roi_pca,secondary_roi_pca,dimension_reduction,secondary,dMRI_roi_pca,PC1,anterior limb of internal capsule (left),roi_pca,A,G,genotype_pairwise,AA_vs_AG,AA,AG,30160,-0.007069760117280515,0.026765545660057465,-0.2641365958711165,0.7916765041400347,-0.059531410539794584,0.04539189030523356,nonrobust,ok,0.7916765041400347,0.10145224412653912,126,101.0,False,False,False
roi__inferior_longitudinal_fasciculus_right__PC2,,,secondary_roi_pca,secondary_roi_pca,dimension_reduction,secondary,dMRI_roi_pca,PC2,inferior longitudinal fasciculus (right),roi_pca,A,G,genotype_pairwise,AA_vs_AG,AA,AG,30160,-0.003826030446616826,0.016725673179342482,-0.2287519554873447,0.8190632906922494,-0.036609087835404654,0.028957026942170998,nonrobust,ok,0.8190632906922494,0.08668253812188693,126,102.0,False,False,False
roi__inferior_longitudinal_fasciculus_left__PC2,,,secondary_roi_pca,secondary_roi_pca,dimension_reduction,secondary,dMRI_roi_pca,PC2,inferior longitudinal fasciculus (left),roi_pca,A,G,genotype_pairwise,AA_vs_GG,AA,GG,30160,-0.004449160436231971,0.020470063370633982,-0.2173496171298944,0.8279373901630889,-0.04457138780705272,0.03567306693458877,nonrobust,ok,0.8279373901630889,0.08200250395759943,126,103.0,False,False,False
roi__anterior_limb_of_internal_capsule_left__PC1,,,secondary_roi_pca,secondary_roi_pca,dimension_reduction,secondary,dMRI_roi_pca,PC1,anterior limb of internal capsule (left),roi_pca,A,G,genotype_pairwise,AG_vs_GG,AG,GG,30160,0.005664653132752216,0.02824616681553994,0.20054590662672658,0.8410550364842898,-0.04969908008133434,0.06102838634683878,nonrobust,ok,0.8410550364842898,0.07517558415527544,126,104.0,False,False,False
roi__inferior_longitudinal_fasciculus_left__PC2,,,secondary_roi_pca,secondary_roi_pca,dimension_reduction,secondary,dMRI_roi_pca,PC2,inferior longitudinal fasciculus (left),roi_pca,A,G,genotype_pairwise,AG_vs_GG,AG,GG,30160,-0.0035335384969376127,0.0182015532951657,-0.194133898334716,0.8460723715061803,-0.039209386030385276,0.03214230903651005,nonrobust,ok,0.8460723715061803,0.07259248660460924,126,105.0,False,False,False
roi__posterior_limb_of_internal_capsule_left__PC1,,,secondary_roi_pca,secondary_roi_pca,dimension_reduction,secondary,dMRI_roi_pca,PC1,posterior limb of internal capsule (left),roi_pca,A,G,genotype_pairwise,AG_vs_GG,AG,GG,30160,-0.005141564342293278,0.027808193698490656,-0.18489386250831338,0.8533135515646427,-0.05964685092305052,0.04936372223846396,nonrobust,ok,0.8533135515646427,0.06889135723503716,126,106.0,False,False,False
roi__genu_of_corpus_callosum__PC1,,,secondary_roi_pca,secondary_roi_pca,dimension_reduction,secondary,dMRI_roi_pca,PC1,genu of corpus callosum,roi_pca,A,G,genotype_pairwise,AA_vs_GG,AA,GG,30160,0.005577667946277758,0.03117558199388196,0.17891142970073004,0.8580084723196656,-0.055527848266760584,0.0666831841593161,nonrobust,ok,0.8580084723196656,0.0665084237322814,126,107.0,False,False,False
roi__genu_of_corpus_callosum__PC1,,,secondary_roi_pca,secondary_roi_pca,dimension_reduction,secondary,dMRI_roi_pca,PC1,genu of corpus callosum,roi_pca,A,G,genotype_pairwise,AA_vs_GG,AA,GG,30160,0.005577667946277758,0.03117558199388196,0.17891142970073004,0.8580084723196656,-0.055527848266760584,0.0666831841593161,nonrobust,ok,0.8580084723196656,0.0665084237322814,126,107.0,False,False,False
roi__sagittal_stratum_left__PC2,,,secondary_roi_pca,secondary_roi_pca,dimension_reduction,secondary,dMRI_roi_pca,PC2,sagittal stratum (left),roi_pca,A,G,genotype_pairwise,AG_vs_GG,AG,GG,30160,0.0037280549363516314,0.022058496419939577,0.16900766332294936,0.8657917683359919,-0.0395075712947283,0.04696368116743156,nonrobust,ok,0.8657917683359919,0.06258654763264541,126,109.0,False,False,False
roi__posterior_limb_of_internal_capsule_left__PC2,,,secondary_roi_pca,secondary_roi_pca,dimension_reduction,secondary,dMRI_roi_pca,PC2,posterior limb of internal capsule (left),roi_pca,A,G,genotype_pairwise,AA_vs_GG,AA,GG,30160,0.0030421260811641223,0.024799334930497432,0.12266966391195486,0.9023695197785259,-0.045565664559776065,0.05164991672210431,nonrobust,ok,0.9023695197785259,0.04461558270421374,126,110.0,False,False,False
roi__sagittal_stratum_left__PC2,,,secondary_roi_pca,secondary_roi_pca,dimension_reduction,secondary,dMRI_roi_pca,PC2,sagittal stratum (left),roi_pca,A,G,genotype_pairwise,AA_vs_AG,AA,AG,30160,-0.002083004190117959,0.020902223546852648,-0.09965467001388029,0.9206191641874188,-0.043052284573765906,0.03888627619352998,nonrobust,ok,0.9206191641874188,0.03591998880092117,126,111.0,False,False,False
roi__sagittal_stratum_right__PC2,,,secondary_roi_pca,secondary_roi_pca,dimension_reduction,secondary,dMRI_roi_pca,PC2,sagittal stratum (right),roi_pca,A,G,genotype_pairwise,AG_vs_GG,AG,GG,30160,0.0018467622253722348,0.021812893990367305,0.08466378767474758,0.9325292583065492,-0.04090747240746471,0.04460099685820918,nonrobust,ok,0.9325292583065492,0.030337533222498367,126,112.0,False,False,False
roi__sagittal_stratum_left__PC2,,,secondary_roi_pca,secondary_roi_pca,dimension_reduction,secondary,dMRI_roi_pca,PC2,sagittal stratum (left),roi_pca,A,G,genotype_pairwise,AA_vs_GG,AA,GG,30160,0.0016450507462336724,0.024807708015611718,0.06631208111601551,0.9471298128435728,-0.04697915151096133,0.05026925300342868,nonrobust,ok,0.9471298128435728,0.023590492867925885,126,113.0,False,False,False
roi__splenium_of_corpus_callosum__PC2,,,secondary_roi_pca,secondary_roi_pca,dimension_reduction,secondary,dMRI_roi_pca,PC2,splenium of corpus callosum,roi_pca,A,G,genotype_pairwise,AA_vs_AG,AA,AG,30160,0.001082899361999838,0.020392048734558247,0.053104000294225316,0.9576494024940347,-0.038886415880010745,0.04105221460401042,nonrobust,ok,0.9576494024940347,0.018793457968047256,126,114.0,False,False,False
roi__splenium_of_corpus_callosum__PC2,,,secondary_roi_pca,secondary_roi_pca,dimension_reduction,secondary,dMRI_roi_pca,PC2,splenium of corpus callosum,roi_pca,A,G,genotype_pairwise,AA_vs_AG,AA,AG,30160,0.001082899361999838,0.020392048734558247,0.053104000294225316,0.9576494024940347,-0.038886415880010745,0.04105221460401042,nonrobust,ok,0.9576494024940347,0.018793457968047256,126,114.0,False,False,False
roi__inferior_longitudinal_fasciculus_left__PC2,,,secondary_roi_pca,secondary_roi_pca,dimension_reduction,secondary,dMRI_roi_pca,PC2,inferior longitudinal fasciculus (left),roi_pca,A,G,genotype_pairwise,AA_vs_AG,AA,AG,30160,-0.0009156219392943586,0.017247455521564873,-0.053087363417145,0.957662657990866,-0.0347213957405169,0.03289015186192819,nonrobust,ok,0.957662657990866,0.018787446635223144,126,116.0,False,False,False
roi__anterior_limb_of_internal_capsule_left__PC1,,,secondary_roi_pca,secondary_roi_pca,dimension_reduction,secondary,dMRI_roi_pca,PC1,anterior limb of internal capsule (left),roi_pca,A,G,genotype_pairwise,AA_vs_GG,AA,GG,30160,-0.0014051069845282989,0.031766564936255764,-0.044232260785761715,0.9647195651477982,-0.06366897583951374,0.06085876187045715,nonrobust,ok,0.9647195651477982,0.015598913608456461,126,117.0,False,False,False
roi__superior_cerebellar_peduncle_right__PC1,,,secondary_roi_pca,secondary_roi_pca,dimension_reduction,secondary,dMRI_roi_pca,PC1,superior cerebellar peduncle (right),roi_pca,A,G,genotype_pairwise,AA_vs_AG,AA,AG,30160,-0.0010882246464638395,0.028665992488887477,-0.03796221766560832,0.9697180622065753,-0.057274834703536746,0.05509838541060907,nonrobust,ok,0.9697180622065753,0.013354515038922014,126,118.0,False,False,False
roi__superior_cerebellar_peduncle_right__PC2,,,secondary_roi_pca,secondary_roi_pca,dimension_reduction,secondary,dMRI_roi_pca,PC2,superior cerebellar peduncle (right),roi_pca,A,G,genotype_pairwise,AA_vs_GG,AA,GG,30160,0.0007027126668978935,0.021863032344033934,0.03214159206463656,0.9743593515406972,-0.04214979535129149,0.04355522068508728,nonrobust,ok,0.9743593515406972,0.0112808422910454,126,119.0,False,False,False
roi__superior_cerebellar_peduncle_left__PC2,,,secondary_roi_pca,secondary_roi_pca,dimension_reduction,secondary,dMRI_roi_pca,PC2,superior cerebellar peduncle (left),roi_pca,A,G,genotype_pairwise,AA_vs_GG,AA,GG,30160,0.0006025211635583509,0.022453245267318896,0.026834480111226116,0.9785919328358559,-0.04340683022518981,0.04461187255230651,nonrobust,ok,0.9785919328358559,0.009398368730702746,126,120.0,False,False,False
roi__genu_of_corpus_callosum__PC2,,,secondary_roi_pca,secondary_roi_pca,dimension_reduction,secondary,dMRI_roi_pca,PC2,genu of corpus callosum,roi_pca,A,G,genotype_pairwise,AA_vs_AG,AA,AG,30160,-0.0003606502215842194,0.015576273032143624,-0.023153819969640475,0.9815277310977212,-0.030890832608913798,0.030169532165745357,nonrobust,ok,0.9815277310977212,0.008097425770970525,126,121.0,False,False,False
roi__genu_of_corpus_callosum__PC2,,,secondary_roi_pca,secondary_roi_pca,dimension_reduction,secondary,dMRI_roi_pca,PC2,genu of corpus callosum,roi_pca,A,G,genotype_pairwise,AA_vs_AG,AA,AG,30160,-0.0003606502215842194,0.015576273032143624,-0.023153819969640475,0.9815277310977212,-0.030890832608913798,0.030169532165745357,nonrobust,ok,0.9815277310977212,0.008097425770970525,126,121.0,False,False,False
roi__posterior_limb_of_internal_capsule_right__PC1,,,secondary_roi_pca,secondary_roi_pca,dimension_reduction,secondary,dMRI_roi_pca,PC1,posterior limb of internal capsule (right),roi_pca,A,G,genotype_pairwise,AG_vs_GG,AG,GG,30160,0.00048309519420550173,0.02765808336718727,0.017466690941377074,0.9860644232767186,-0.053727968514144624,0.05469415890255563,nonrobust,ok,0.9860644232767186,0.006094710049063209,126,123.0,False,False,False
roi__inferior_longitudinal_fasciculus_right__PC1,,,secondary_roi_pca,secondary_roi_pca,dimension_reduction,secondary,dMRI_roi_pca,PC1,inferior longitudinal fasciculus (right),roi_pca,A,G,genotype_pairwise,AA_vs_AG,AA,AG,30160,0.00041154478588931523,0.026820476085392918,0.015344425079517979,0.9877575039615176,-0.05215777169388018,0.05298086126565882,nonrobust,ok,0.9877575039615176,0.005349662312979827,126,124.0,False,False,False
roi__sagittal_stratum_right__PC1,,,secondary_roi_pca,secondary_roi_pca,dimension_reduction,secondary,dMRI_roi_pca,PC1,sagittal stratum (right),roi_pca,A,G,genotype_pairwise,AG_vs_GG,AG,GG,30160,-0.00033707744767508957,0.028470449047830075,-0.011839555010488341,0.9905537023218938,-0.05614041373265831,0.05546625883730813,nonrobust,ok,0.9905537023218938,0.0041219744516926915,126,125.0,False,False,False
roi__posterior_limb_of_internal_capsule_right__PC2,,,secondary_roi_pca,secondary_roi_pca,dimension_reduction,secondary,dMRI_roi_pca,PC2,posterior limb of internal capsule (right),roi_pca,A,G,genotype_pairwise,AA_vs_GG,AA,GG,30160,7.671699286055365e-05,0.024436504936957766,0.0031394421198314196,0.9974951128713337,-0.04781991085223622,0.04797334483795733,nonrobust,ok,0.9974951128713337,0.0010892234188697716,126,126.0,False,False,False
