column_name,family,panel,modality,metric,reference,n,status,beta_AA_vs_GG,se_AA_vs_GG,p_AA_vs_GG,beta_AG_vs_GG,se_AG_vs_GG,p_AG_vs_GG,wald_df,wald_chi2,wald_p,bonferroni,fdr_bh,family_bonferroni,family_fdr_bh
dMRI_TBSS_FA_middle_cerebellar_peduncle,exploratory,primary,dMRI_TBSS,FA,GG,36327,ok,0.015485470144665812,0.014198581369098342,0.27544075196698287,-0.009589749193473487,0.01260513819915064,0.4467928485809798,2,4.397812190309531,0.11092443279338424,1.0,0.9996963316144832,1.0,0.9996963316144832
dMRI_TBSS_FA_pontine_crossing_tract,exploratory,primary,dMRI_TBSS,FA,GG,36348,ok,-0.002322816820438012,0.014716514590877876,0.8745857821474009,0.00037076506113565416,0.01306498576595445,0.9773604056150921,2,0.049357719653849316,0.9756231735200162,1.0,0.9996963316144832,1.0,0.9996963316144832
dMRI_TBSS_FA_genu_of_corpus_callosum,exploratory,primary,dMRI_TBSS,FA,GG,36335,ok,-0.00604904929810439,0.01376121618670611,0.6602495312626531,0.004227242868115846,0.012217878703577139,0.7293535258073665,2,0.7883671457076602,0.674230274503679,1.0,0.9996963316144832,1.0,0.9996963316144832
dMRI_TBSS_FA_body_of_corpus_callosum,exploratory,primary,dMRI_TBSS,FA,GG,36335,ok,0.0008367572873784173,0.01420952376618832,0.9530423772157858,0.013500534324504482,0.012615908500436363,0.28457247265064317,2,1.6986271969532825,0.42770841091980627,1.0,0.9996963316144832,1.0,0.9996963316144832
dMRI_TBSS_FA_splenium_of_corpus_callosum,exploratory,primary,dMRI_TBSS,FA,GG,36316,ok,0.011968753821431794,0.014808827796240638,0.418970682547666,0.0044756564221957625,0.013147597916726574,0.7335450283579068,2,0.689030170254971,0.7085638633300033,1.0,0.9996963316144832,1.0,0.9996963316144832
dMRI_TBSS_FA_fornix,exploratory,primary,dMRI_TBSS,FA,GG,36352,ok,-0.011890823355702046,0.012521871714980185,0.34231966611005704,0.0071972006697968785,0.01111663573518742,0.5173602685052274,2,3.275277615783195,0.19443860760328466,1.0,0.9996963316144832,1.0,0.9996963316144832
dMRI_TBSS_FA_corticospinal_tract_right,exploratory,primary,dMRI_TBSS,FA,GG,36346,ok,0.024902723015322946,0.01398377329665098,0.07494858403996979,0.01780169646847079,0.012414331351578519,0.15159132572723577,2,3.3682579338854146,0.18560603055513936,1.0,0.9996963316144832,1.0,0.9996963316144832
dMRI_TBSS_FA_corticospinal_tract_left,exploratory,primary,dMRI_TBSS,FA,GG,36346,ok,0.03397249343614551,0.014327915960909413,0.01774185343577345,0.02251144422272692,0.012720257518425038,0.07678022042871757,2,5.79436565674392,0.05517844846069816,1.0,0.9996963316144832,1.0,0.9996963316144832
dMRI_TBSS_FA_medial_lemniscus_right,exploratory,primary,dMRI_TBSS,FA,GG,36323,ok,0.012487119280325561,0.013937031869750493,0.3702763831226149,0.0030226356790175254,0.012372981983834233,0.8070051108383408,2,0.945148597617844,0.623395394861452,1.0,0.9996963316144832,1.0,0.9996963316144832
dMRI_TBSS_FA_medial_lemniscus_left,exploratory,primary,dMRI_TBSS,FA,GG,36325,ok,0.014195962614383866,0.014114812644894564,0.31454289796538387,0.002439719423071908,0.012530586447409906,0.8456280119359731,2,1.285736560278901,0.5257821686087267,1.0,0.9996963316144832,1.0,0.9996963316144832
dMRI_TBSS_FA_inferior_cerebellar_peduncle_right,exploratory,primary,dMRI_TBSS,FA,GG,36304,ok,0.022305343779376353,0.01432616767035291,0.11948748483041219,0.009999587680341721,0.012719263265067855,0.4317691444636681,2,2.464334001733865,0.2916598652034663,1.0,0.9996963316144832,1.0,0.9996963316144832
dMRI_TBSS_FA_inferior_cerebellar_peduncle_left,exploratory,primary,dMRI_TBSS,FA,GG,36305,ok,0.018108129137171546,0.014382070912229244,0.20801076333007465,0.00037951936596929435,0.012768427594541576,0.9762879203007946,2,2.4408522504270063,0.2951043887066393,1.0,0.9996963316144832,1.0,0.9996963316144832
dMRI_TBSS_FA_superior_cerebellar_peduncle_right,exploratory,primary,dMRI_TBSS,FA,GG,36321,ok,-0.016081405449277792,0.014125937206394523,0.25494805274064625,0.027346927620148023,0.012541273526533066,0.029222800938134685,2,14.358830690755564,0.000762113284977771,0.5129022407900399,0.05698913786555999,0.5129022407900399,0.05698913786555999
dMRI_TBSS_FA_superior_cerebellar_peduncle_left,exploratory,primary,dMRI_TBSS,FA,GG,36313,ok,-0.03067830848277457,0.01404256704397476,0.028919775398994315,0.010691526473920363,0.012467225600045933,0.3911352650558132,2,12.330328172122663,0.002101373530193183,1.0,0.12856585325636474,1.0,0.12856585325636474
dMRI_TBSS_FA_cerebral_peduncle_right,exploratory,primary,dMRI_TBSS,FA,GG,36339,ok,0.008612883435468274,0.014116076926418229,0.5417681858073684,0.016567087769544967,0.012531675353511611,0.18617082142974797,2,1.806468075970612,0.405256921883533,1.0,0.9996963316144832,1.0,0.9996963316144832
dMRI_TBSS_FA_cerebral_peduncle_left,exploratory,primary,dMRI_TBSS,FA,GG,36337,ok,0.033410215894851034,0.014005313323273644,0.017059227879775447,0.020545467263980623,0.012433577397822516,0.09845801341571653,2,5.756591527941383,0.05623051128525793,1.0,0.9996963316144832,1.0,0.9996963316144832
dMRI_TBSS_FA_anterior_limb_of_internal_capsule_right,exploratory,primary,dMRI_TBSS,FA,GG,36343,ok,0.002268922043446033,0.014338605649649857,0.8742696047527251,0.0034726425235782764,0.012729645051378866,0.7850087915106125,2,0.07450677044002935,0.9634319849928273,1.0,0.9996963316144832,1.0,0.9996963316144832
dMRI_TBSS_FA_anterior_limb_of_internal_capsule_left,exploratory,primary,dMRI_TBSS,FA,GG,36337,ok,0.009221329429204754,0.014192819004491765,0.5158785304689362,0.007342146356244147,0.012600873161449843,0.5601193268749548,2,0.4781932427648711,0.7873388049336156,1.0,0.9996963316144832,1.0,0.9996963316144832
dMRI_TBSS_FA_posterior_limb_of_internal_capsule_right,exploratory,primary,dMRI_TBSS,FA,GG,36343,ok,0.019103557001709046,0.014525901649306186,0.18847202326884058,0.0015862796717770419,0.012896277051385675,0.9021054703257989,2,2.452935394433747,0.29332686920648754,1.0,0.9996963316144832,1.0,0.9996963316144832
dMRI_TBSS_FA_posterior_limb_of_internal_capsule_left,exploratory,primary,dMRI_TBSS,FA,GG,36344,ok,0.0198037539547405,0.014409198017199356,0.16933135441318029,0.006067081492123337,0.012792599031290326,0.6353138258240524,2,2.0946748098570076,0.35087073316544926,1.0,0.9996963316144832,1.0,0.9996963316144832
dMRI_TBSS_FA_retrolenticular_part_of_internal_capsule_f25076,exploratory,primary,dMRI_TBSS,FA,GG,36343,ok,0.015258278940648492,0.014636053163163656,0.2971807395366725,0.005573889470469895,0.012993664549216199,0.6679477594117472,2,1.1528357525137716,0.5619075882899671,1.0,0.9996963316144832,1.0,0.9996963316144832
dMRI_TBSS_FA_retrolenticular_part_of_internal_capsule_f25077,exploratory,primary,dMRI_TBSS,FA,GG,36344,ok,0.007306782379167841,0.014550676227036853,0.6155573067648664,0.007045490554619435,0.012917770130556946,0.5854744062245985,2,0.34377645116375377,0.8420732901604906,1.0,0.9996963316144832,1.0,0.9996963316144832
dMRI_TBSS_FA_anterior_corona_radiata_right,exploratory,primary,dMRI_TBSS,FA,GG,36349,ok,-0.0013112892493850404,0.01369953139580042,0.9237452174934484,0.014770767533748258,0.012162054049839674,0.22456622501638104,2,2.5746063577225153,0.27601414105768063,1.0,0.9996963316144832,1.0,0.9996963316144832
dMRI_TBSS_FA_anterior_corona_radiata_left,exploratory,primary,dMRI_TBSS,FA,GG,36351,ok,-0.006988533706983231,0.013337310118473807,0.6002930431489619,0.004831227545778581,0.011840664605274966,0.6832614234054428,2,1.109960496935497,0.5740836001151978,1.0,0.9996963316144832,1.0,0.9996963316144832
dMRI_TBSS_FA_superior_corona_radiata_right,exploratory,primary,dMRI_TBSS,FA,GG,36348,ok,0.014040457340863798,0.014424044307731518,0.330357832671609,0.00635622535997319,0.012805806239625545,0.6196470052518825,2,0.9617404881653563,0.6182451334630008,1.0,0.9996963316144832,1.0,0.9996963316144832
dMRI_TBSS_FA_superior_corona_radiata_left,exploratory,primary,dMRI_TBSS,FA,GG,36351,ok,0.011307515059058852,0.01431950649202447,0.4297325914365403,0.011880209674990833,0.012712643867391845,0.35004235402302397,2,0.9515305652249711,0.6214093207037141,1.0,0.9996963316144832,1.0,0.9996963316144832
dMRI_TBSS_FA_posterior_corona_radiata_right,exploratory,primary,dMRI_TBSS,FA,GG,36345,ok,0.005941034288037834,0.014715147987826131,0.6864092761722843,0.007910189045409726,0.013064220399207623,0.5448605950482388,2,0.3686708720907854,0.8316567893689848,1.0,0.9996963316144832,1.0,0.9996963316144832
dMRI_TBSS_FA_posterior_corona_radiata_left,exploratory,primary,dMRI_TBSS,FA,GG,36341,ok,0.008831830401718784,0.014583342746287411,0.5447769901099804,-0.002089325716259573,0.01294723077874419,0.8718010004996668,2,0.8103230618040991,0.6668690821935587,1.0,0.9996963316144832,1.0,0.9996963316144832
dMRI_TBSS_FA_posterior_thalamic_radiation_right,exploratory,primary,dMRI_TBSS,FA,GG,36340,ok,-0.024364720468087114,0.013764869978732738,0.07672463285884754,-0.0006967165022400369,0.01221990506983543,0.954533650359229,2,4.774265801208101,0.09189277225884948,1.0,0.9996963316144832,1.0,0.9996963316144832
dMRI_TBSS_FA_posterior_thalamic_radiation_left,exploratory,primary,dMRI_TBSS,FA,GG,36340,ok,-0.004699565401312089,0.013811943569127683,0.7336674225401809,-0.003494635857515997,0.012262097419356969,0.7756496354061142,2,0.125504125056068,0.9391763018225354,1.0,0.9996963316144832,1.0,0.9996963316144832
dMRI_TBSS_FA_sagittal_stratum_right,exploratory,primary,dMRI_TBSS,FA,GG,36342,ok,0.008155235193063538,0.014380449002015341,0.5706458482417957,-0.0022215432590208034,0.01276647515918912,0.8618555621214237,2,0.7472621624450018,0.6882307662531917,1.0,0.9996963316144832,1.0,0.9996963316144832
dMRI_TBSS_FA_sagittal_stratum_left,exploratory,primary,dMRI_TBSS,FA,GG,36341,ok,0.0015037107576662031,0.014453599812843807,0.9171404732378547,-0.0030843885000355446,0.0128324139320202,0.8100531767541587,2,0.15679783327692362,0.924595516430889,1.0,0.9996963316144832,1.0,0.9996963316144832
dMRI_TBSS_FA_external_capsule_right,exploratory,primary,dMRI_TBSS,FA,GG,36338,ok,0.01720145330148332,0.013824226920007038,0.2133980624533754,0.007942981726283516,0.012272759963870946,0.5175038890455148,2,1.5668476489463372,0.45683919337045886,1.0,0.9996963316144832,1.0,0.9996963316144832
dMRI_TBSS_FA_external_capsule_left,exploratory,primary,dMRI_TBSS,FA,GG,36337,ok,0.007914911544450101,0.013887833792355175,0.5687375708218718,0.001566539624679666,0.012328533555353152,0.8988887251383915,2,0.4007844613530209,0.8184096847313658,1.0,0.9996963316144832,1.0,0.9996963316144832
dMRI_TBSS_FA_cingulum_cingulate_gyrus_right,exploratory,primary,dMRI_TBSS,FA,GG,36341,ok,-0.0003419766084736989,0.014299536512831114,0.9809203627603319,0.011743465587500099,0.012695198010699394,0.3549553618177166,2,1.399127280226193,0.496802040982679,1.0,0.9996963316144832,1.0,0.9996963316144832
dMRI_TBSS_FA_cingulum_cingulate_gyrus_left,exploratory,primary,dMRI_TBSS,FA,GG,36339,ok,-0.007951215195832183,0.01417448708717575,0.574833321631887,0.003365285601146293,0.012584388140403326,0.7891492467502192,2,0.9005263681951386,0.6374603601131008,1.0,0.9996963316144832,1.0,0.9996963316144832
dMRI_TBSS_FA_cingulum_hippocampus_right,exploratory,primary,dMRI_TBSS,FA,GG,36345,ok,0.0065286324826957735,0.014233942606625201,0.6464764271425356,0.013760436692171737,0.012636487705709725,0.2761854863639944,2,1.250788579372517,0.5350504220598421,1.0,0.9996963316144832,1.0,0.9996963316144832
dMRI_TBSS_FA_cingulum_hippocampus_left,exploratory,primary,dMRI_TBSS,FA,GG,36343,ok,0.01085824609046808,0.014241514562474461,0.445804666866499,0.011254589123663849,0.012643821199371208,0.37340433765523107,2,0.8703372709713797,0.6471555244894476,1.0,0.9996963316144832,1.0,0.9996963316144832
dMRI_TBSS_FA_fornix_cres_stria_terminalis_right,exploratory,primary,dMRI_TBSS,FA,GG,36344,ok,0.002996955825315891,0.012857482282540302,0.8156925148735567,-4.529979965463369e-05,0.011415016643029668,0.9968336737332967,2,0.08787991839486482,0.9570114154815688,1.0,0.9996963316144832,1.0,0.9996963316144832
dMRI_TBSS_FA_fornix_cres_stria_terminalis_left,exploratory,primary,dMRI_TBSS,FA,GG,36343,ok,-0.00517429681887105,0.01284944221504736,0.687181242514207,-0.007881189878958054,0.011407880165336446,0.4896611487835948,2,0.4777304543887598,0.7875210116370811,1.0,0.9996963316144832,1.0,0.9996963316144832
dMRI_TBSS_FA_superior_longitudinal_fasciculus_right,exploratory,primary,dMRI_TBSS,FA,GG,36340,ok,0.004470872483726644,0.014539612750454295,0.758467645502441,0.0010709222209374144,0.012908453212772833,0.9338815270619782,2,0.11160638924127116,0.9457252413914202,1.0,0.9996963316144832,1.0,0.9996963316144832
dMRI_TBSS_FA_superior_longitudinal_fasciculus_left,exploratory,primary,dMRI_TBSS,FA,GG,36336,ok,0.004081143079392384,0.01448769305747462,0.7781772802797577,-0.010124668128871651,0.012861940167846536,0.4311813661505348,2,1.5344411612591582,0.4643017658879366,1.0,0.9996963316144832,1.0,0.9996963316144832
dMRI_TBSS_FA_superior_fronto_occipital_fasciculus_rig,exploratory,primary,dMRI_TBSS,FA,GG,36349,ok,0.011991859653016279,0.014044372313410276,0.3931908835829747,0.020100333678992586,0.012468197199756328,0.10694271106200681,2,2.6237491367388848,0.26931473402018297,1.0,0.9996963316144832,1.0,0.9996963316144832
dMRI_TBSS_FA_superior_fronto_occipital_fasciculus_lef,exploratory,primary,dMRI_TBSS,FA,GG,36351,ok,-0.001342136324460209,0.013892463303932309,0.9230374799252287,0.004956018019846728,0.01233352130690172,0.6878091701110086,2,0.3452548393282915,0.8414510645686374,1.0,0.9996963316144832,1.0,0.9996963316144832
dMRI_TBSS_FA_uncinate_fasciculus_right,exploratory,primary,dMRI_TBSS,FA,GG,36346,ok,0.023065733116957983,0.01460694738927122,0.11432336271863416,-0.0012105933652804641,0.012967928063976756,0.9256237424195071,2,4.247664571362087,0.11957251331243769,1.0,0.9996963316144832,1.0,0.9996963316144832
dMRI_TBSS_FA_uncinate_fasciculus_left,exploratory,primary,dMRI_TBSS,FA,GG,36344,ok,0.016487852029095355,0.014668294198526857,0.26100052024146775,0.013931127778598592,0.01302221014698603,0.2847175818481044,2,1.50105314450053,0.4721178830994003,1.0,0.9996963316144832,1.0,0.9996963316144832
dMRI_TBSS_FA_tapetum_right,exploratory,primary,dMRI_TBSS,FA,GG,36348,ok,0.009870779320634099,0.014060260717455409,0.48266253718453056,0.011766878222357597,0.012482419834080096,0.34585289836113065,2,0.9152367969018933,0.6327889033656929,1.0,0.9996963316144832,1.0,0.9996963316144832
dMRI_TBSS_FA_tapetum_left,exploratory,primary,dMRI_TBSS,FA,GG,36347,ok,0.015338055241360182,0.014453929254695214,0.2886203637309769,0.009102692246906437,0.012832028525026323,0.47809770502603466,2,1.1327641747133896,0.5675751659656252,1.0,0.9996963316144832,1.0,0.9996963316144832
dMRI_TBSS_MD_middle_cerebellar_peduncle,exploratory,primary,dMRI_TBSS,MD,GG,36336,ok,0.016109709788173214,0.014483312806719151,0.26601889527498934,0.009303565321391608,0.012856862582042746,0.4692997852673878,2,1.2408720716501747,0.5377099256794906,1.0,0.9996963316144832,1.0,0.9996963316144832
dMRI_TBSS_MD_pontine_crossing_tract,exploratory,primary,dMRI_TBSS,MD,GG,36335,ok,0.012082293804783902,0.014577443923005851,0.40720330449998765,0.0035349021096173646,0.012940059101305182,0.7847201634340106,2,0.7708589168222953,0.6801584736958126,1.0,0.9996963316144832,1.0,0.9996963316144832
dMRI_TBSS_MD_genu_of_corpus_callosum,exploratory,primary,dMRI_TBSS,MD,GG,36343,ok,0.0013972794924780314,0.013371919162469166,0.9167782525534862,-0.0023555077636798253,0.011871470878455267,0.8427195248907366,2,0.11956257574009686,0.9419705314375952,1.0,0.9996963316144832,1.0,0.9996963316144832
dMRI_TBSS_MD_body_of_corpus_callosum,exploratory,primary,dMRI_TBSS,MD,GG,36334,ok,-0.007479972001206931,0.013743709469502123,0.5862748882257995,-0.007792828191088697,0.012202151885771709,0.5230587342864765,2,0.44663016906476843,0.7998627851942455,1.0,0.9996963316144832,1.0,0.9996963316144832
dMRI_TBSS_MD_splenium_of_corpus_callosum,exploratory,primary,dMRI_TBSS,MD,GG,36310,ok,-0.0048029618006563525,0.013887045555550256,0.7294505737948891,0.0027741113712875026,0.012329986754324826,0.8219891000522883,2,0.4194286013473264,0.8108158624279576,1.0,0.9996963316144832,1.0,0.9996963316144832
dMRI_TBSS_MD_fornix,exploratory,primary,dMRI_TBSS,MD,GG,36351,ok,0.017928629247320076,0.012301733566092342,0.14501278757400268,-0.006285638456228509,0.010920953821804764,0.5649177829969656,2,5.5031060124139435,0.06382865789307447,1.0,0.9996963316144832,1.0,0.9996963316144832
dMRI_TBSS_MD_corticospinal_tract_right,exploratory,primary,dMRI_TBSS,MD,GG,36336,ok,-0.0007603922523684787,0.014738436436658897,0.9588537079986604,-0.0023812334008321417,0.013083680027489036,0.8555835239916958,2,0.03862706105465296,0.9808717807805688,1.0,0.9996963316144832,1.0,0.9996963316144832
dMRI_TBSS_MD_corticospinal_tract_left,exploratory,primary,dMRI_TBSS,MD,GG,36341,ok,-0.009259843984940338,0.014824181743961037,0.5322083142456515,-0.011771493610298991,0.01316050428479439,0.3710838260846452,2,0.8105720529188303,0.6667860651232166,1.0,0.9996963316144832,1.0,0.9996963316144832
dMRI_TBSS_MD_medial_lemniscus_right,exploratory,primary,dMRI_TBSS,MD,GG,36296,ok,0.00222606404313537,0.014323289876711519,0.8764944771341528,0.008052747446466163,0.012716401019272322,0.5265699511444979,2,0.4842878883774463,0.7849431814100137,1.0,0.9996963316144832,1.0,0.9996963316144832
dMRI_TBSS_MD_medial_lemniscus_left,exploratory,primary,dMRI_TBSS,MD,GG,36281,ok,0.0029998622822300833,0.014404206551559155,0.8350248435279151,0.0028584847086640802,0.012788680933331412,0.8231345889920203,2,0.058294448331125806,0.9712734590153971,1.0,0.9996963316144832,1.0,0.9996963316144832
dMRI_TBSS_MD_inferior_cerebellar_peduncle_right,exploratory,primary,dMRI_TBSS,MD,GG,36314,ok,-0.0015910828881719125,0.014292169355808102,0.911358851462502,-0.016769842965414738,0.012687238358744832,0.1862469961888911,2,2.504182501849128,0.28590626949244957,1.0,0.9996963316144832,1.0,0.9996963316144832
dMRI_TBSS_MD_inferior_cerebellar_peduncle_left,exploratory,primary,dMRI_TBSS,MD,GG,36291,ok,0.003486989651011054,0.014210677242723098,0.8061650367169106,-0.009108618019801618,0.012613625838669127,0.47022211747252196,2,1.262141700727153,0.5320217801411482,1.0,0.9996963316144832,1.0,0.9996963316144832
dMRI_TBSS_MD_superior_cerebellar_peduncle_right,exploratory,primary,dMRI_TBSS,MD,GG,36335,ok,0.040738069698253845,0.014397146743811947,0.004663277829887288,-0.006091161789734164,0.012781254439416417,0.6336712542363996,2,15.639580821172322,0.0004017058672782214,0.27034804867824297,0.038391737454736605,0.27034804867824297,0.038391737454736605
dMRI_TBSS_MD_superior_cerebellar_peduncle_left,exploratory,primary,dMRI_TBSS,MD,GG,36338,ok,0.04345649991956315,0.014234178770036219,0.0022675355813437177,-0.0012984738620992157,0.012636236028710588,0.918155637558534,2,15.384433601910796,0.00045636537836239645,0.30713389963789284,0.038391737454736605,0.30713389963789284,0.038391737454736605
dMRI_TBSS_MD_cerebral_peduncle_right,exploratory,primary,dMRI_TBSS,MD,GG,36332,ok,0.009137707491778032,0.01454152988003012,0.5297544428620464,-0.00892577700589741,0.012911028971150233,0.4893628306751484,2,2.2182856453800732,0.3298415726457268,1.0,0.9996963316144832,1.0,0.9996963316144832
dMRI_TBSS_MD_cerebral_peduncle_left,exploratory,primary,dMRI_TBSS,MD,GG,36328,ok,-0.009392998727067491,0.014785958965949858,0.5252597555079306,-0.0021021430422549655,0.013127234627704373,0.8727748224584956,2,0.4841973459070638,0.7849787175617678,1.0,0.9996963316144832,1.0,0.9996963316144832
dMRI_TBSS_MD_anterior_limb_of_internal_capsule_right,exploratory,primary,dMRI_TBSS,MD,GG,36316,ok,0.00539704971326538,0.013292629496633025,0.6847316104835532,0.0025162487649396503,0.01179930521504937,0.8311300668738765,2,0.16660483714067198,0.9200728580240067,1.0,0.9996963316144832,1.0,0.9996963316144832
dMRI_TBSS_MD_anterior_limb_of_internal_capsule_left,exploratory,primary,dMRI_TBSS,MD,GG,36311,ok,0.016973206102979577,0.013402600964335628,0.20537397745226108,0.011052843794643814,0.011898493749166782,0.35293259063181737,2,1.6442812418414732,0.43948986565829085,1.0,0.9996963316144832,1.0,0.9996963316144832
dMRI_TBSS_MD_posterior_limb_of_internal_capsule_right,exploratory,primary,dMRI_TBSS,MD,GG,36327,ok,0.008494846804917125,0.013993177046430695,0.5438078379119473,0.006940370151612453,0.012423870170434599,0.5764164133989305,2,0.4257281363488252,0.8082659988222549,1.0,0.9996963316144832,1.0,0.9996963316144832
dMRI_TBSS_MD_posterior_limb_of_internal_capsule_left,exploratory,primary,dMRI_TBSS,MD,GG,36326,ok,0.016784068786706956,0.01393974090142141,0.22858022015628046,0.005421272060239465,0.01237649819816773,0.6613674622345121,2,1.5858632065969065,0.4525162507178261,1.0,0.9996963316144832,1.0,0.9996963316144832
dMRI_TBSS_MD_retrolenticular_part_of_internal_capsule_f25124,exploratory,primary,dMRI_TBSS,MD,GG,36337,ok,0.0032346011024668455,0.01425597447779015,0.8205071163551749,-0.0012682795604125627,0.012656572824378903,0.920180393624005,2,0.1411870057839983,0.9318406056607181,1.0,0.9996963316144832,1.0,0.9996963316144832
dMRI_TBSS_MD_retrolenticular_part_of_internal_capsule_f25125,exploratory,primary,dMRI_TBSS,MD,GG,36339,ok,0.001929920720178417,0.0142760753627189,0.892465831326326,0.007406582125799893,0.01267457632267351,0.5589782232456267,2,0.4178885156603957,0.8114404658350162,1.0,0.9996963316144832,1.0,0.9996963316144832
dMRI_TBSS_MD_anterior_corona_radiata_right,exploratory,primary,dMRI_TBSS,MD,GG,36322,ok,-0.0010158435641301684,0.013281406218424665,0.939032757882377,-0.002325756462152614,0.011790988634835518,0.8436340743931809,2,0.04187585153568086,0.9792797507214087,1.0,0.9996963316144832,1.0,0.9996963316144832
dMRI_TBSS_MD_anterior_corona_radiata_left,exploratory,primary,dMRI_TBSS,MD,GG,36326,ok,0.008125211196214885,0.013253817635984723,0.539849201554202,0.007406037984770849,0.01176692715927127,0.529094849146684,2,0.48052888245945125,0.7864198717293267,1.0,0.9996963316144832,1.0,0.9996963316144832
dMRI_TBSS_MD_superior_corona_radiata_right,exploratory,primary,dMRI_TBSS,MD,GG,36292,ok,0.008962259869410754,0.01333829237191241,0.5016391727936398,0.010875701248531345,0.011840087492717864,0.3583375963093375,2,0.8643802717156487,0.6490859504376534,1.0,0.9996963316144832,1.0,0.9996963316144832
dMRI_TBSS_MD_superior_corona_radiata_left,exploratory,primary,dMRI_TBSS,MD,GG,36278,ok,0.01002606701054002,0.013190489060178149,0.4472008316983157,0.0028665849211745825,0.011708775907642965,0.8065943890387846,2,0.652225081123024,0.7217239596414162,1.0,0.9996963316144832,1.0,0.9996963316144832
dMRI_TBSS_MD_posterior_corona_radiata_right,exploratory,primary,dMRI_TBSS,MD,GG,36276,ok,0.0014770491228132832,0.013325958191954318,0.9117438440398247,-0.004126020272961883,0.011830697503615954,0.7272749348675556,2,0.28657278117407586,0.8665058742308847,1.0,0.9996963316144832,1.0,0.9996963316144832
dMRI_TBSS_MD_posterior_corona_radiata_left,exploratory,primary,dMRI_TBSS,MD,GG,36268,ok,0.008934817320338845,0.013503136785558931,0.5081776001316425,0.004430697603130151,0.011987358204673303,0.7116721421993193,2,0.43947473008841825,0.8027295951316437,1.0,0.9996963316144832,1.0,0.9996963316144832
dMRI_TBSS_MD_posterior_thalamic_radiation_right,exploratory,primary,dMRI_TBSS,MD,GG,36328,ok,0.012124011238136882,0.013835986832847261,0.3808909919153476,0.002694932541876253,0.012283120253700059,0.8263386918447564,2,0.922750812444218,0.6304159708922967,1.0,0.9996963316144832,1.0,0.9996963316144832
dMRI_TBSS_MD_posterior_thalamic_radiation_left,exploratory,primary,dMRI_TBSS,MD,GG,36336,ok,-0.0064146492904253415,0.013565057541205234,0.636301380794705,0.005592822444044585,0.012042531270582704,0.6423478600681964,2,1.1184435835395894,0.5716537564527494,1.0,0.9996963316144832,1.0,0.9996963316144832
dMRI_TBSS_MD_sagittal_stratum_right,exploratory,primary,dMRI_TBSS,MD,GG,36336,ok,-0.0004983593669373727,0.014244025052548607,0.9720900943568866,0.0017933199845988604,0.012644874068226326,0.8872214772526524,2,0.04334403140407263,0.9785611351101567,1.0,0.9996963316144832,1.0,0.9996963316144832
dMRI_TBSS_MD_sagittal_stratum_left,exploratory,primary,dMRI_TBSS,MD,GG,36328,ok,-0.0010356018030812369,0.013916879953160335,0.9406818883349588,-0.0035685640487379817,0.012354085221339565,0.7726924569998312,2,0.09959412253138315,0.9514224853852623,1.0,0.9996963316144832,1.0,0.9996963316144832
dMRI_TBSS_MD_external_capsule_right,exploratory,primary,dMRI_TBSS,MD,GG,36307,ok,-0.0033410699358448334,0.013570127660619411,0.805522847451115,0.004825767764554013,0.012046251818688085,0.6887146035162928,2,0.5398676093374023,0.763430028167921,1.0,0.9996963316144832,1.0,0.9996963316144832
dMRI_TBSS_MD_external_capsule_left,exploratory,primary,dMRI_TBSS,MD,GG,36305,ok,0.0024469438421155583,0.013597087939262665,0.8571842892437682,-0.0005260089857324382,0.012071089854101744,0.9652426771397107,2,0.0693936406221824,0.9658982125899838,1.0,0.9996963316144832,1.0,0.9996963316144832
dMRI_TBSS_MD_cingulum_cingulate_gyrus_right,exploratory,primary,dMRI_TBSS,MD,GG,36340,ok,-0.004941586458877264,0.01443372420412947,0.7320790160066108,0.009281168090259006,0.012814922860599971,0.4689188398876467,2,1.4937550814503766,0.47384380319168184,1.0,0.9996963316144832,1.0,0.9996963316144832
dMRI_TBSS_MD_cingulum_cingulate_gyrus_left,exploratory,primary,dMRI_TBSS,MD,GG,36343,ok,-0.0020206860012241764,0.014433207916187844,0.8886587473291809,0.012673456373187552,0.012814432891540214,0.32267040989533247,2,1.8471171241511393,0.39710340664392596,1.0,0.9996963316144832,1.0,0.9996963316144832
dMRI_TBSS_MD_cingulum_hippocampus_right,exploratory,primary,dMRI_TBSS,MD,GG,36325,ok,-0.009607330466200164,0.014619579400760366,0.5110853907458346,-0.002055653205243136,0.012978638829192413,0.8741524020759394,2,0.5236108454912808,0.7696607676176752,1.0,0.9996963316144832,1.0,0.9996963316144832
dMRI_TBSS_MD_cingulum_hippocampus_left,exploratory,primary,dMRI_TBSS,MD,GG,36316,ok,-0.009487325123679217,0.014500730083214399,0.5129450176552239,-0.004427127711325441,0.012873332170948227,0.7309241403120794,2,0.4325857010083197,0.8054993764312351,1.0,0.9996963316144832,1.0,0.9996963316144832
dMRI_TBSS_MD_fornix_cres_stria_terminalis_right,exploratory,primary,dMRI_TBSS,MD,GG,36281,ok,0.005864980331831902,0.01317397683765333,0.6561819527716973,-0.003858253147445596,0.011696924605873883,0.7415137533981877,2,0.76887685971178,0.6808328642803136,1.0,0.9996963316144832,1.0,0.9996963316144832
dMRI_TBSS_MD_fornix_cres_stria_terminalis_left,exploratory,primary,dMRI_TBSS,MD,GG,36263,ok,0.016038363948005188,0.013264602433589916,0.22662846373690576,0.008708984522360198,0.011778542849483455,0.4596725435637924,2,1.4619873862110766,0.48143035829519476,1.0,0.9996963316144832,1.0,0.9996963316144832
dMRI_TBSS_MD_superior_longitudinal_fasciculus_right,exploratory,primary,dMRI_TBSS,MD,GG,36320,ok,0.015524691061786776,0.013803568521540814,0.2607292241548784,0.008216514515282528,0.012255591692693473,0.5025880772180034,2,1.2651737832934087,0.5312158242445028,1.0,0.9996963316144832,1.0,0.9996963316144832
dMRI_TBSS_MD_superior_longitudinal_fasciculus_left,exploratory,primary,dMRI_TBSS,MD,GG,36305,ok,0.007494553451563107,0.013877899722894074,0.5891761176802842,0.005424223865802251,0.01231836819381199,0.6596962247865347,2,0.3116498691783394,0.8557089823034809,1.0,0.9996963316144832,1.0,0.9996963316144832
dMRI_TBSS_MD_superior_fronto_occipital_fasciculus_rig,exploratory,primary,dMRI_TBSS,MD,GG,36269,ok,0.01949767348614787,0.012915218980979262,0.13113726157557448,0.009469462285988052,0.011463980805512029,0.408798934110263,2,2.2921349153144783,0.31788440847080673,1.0,0.9996963316144832,1.0,0.9996963316144832
dMRI_TBSS_MD_superior_fronto_occipital_fasciculus_lef,exploratory,primary,dMRI_TBSS,MD,GG,36296,ok,0.0239909035414424,0.012860730808006041,0.062128021545173814,0.011284631218331922,0.01141796008731843,0.32300113678072806,2,3.513136936364771,0.1726362553564251,1.0,0.9996963316144832,1.0,0.9996963316144832
dMRI_TBSS_MD_uncinate_fasciculus_right,exploratory,primary,dMRI_TBSS,MD,GG,36329,ok,0.00035611614021234067,0.014275506414441936,0.9800982089960089,-0.007915485452555932,0.012673403913256349,0.532254258135151,2,0.6488987310430961,0.7229253116692627,1.0,0.9996963316144832,1.0,0.9996963316144832
dMRI_TBSS_MD_uncinate_fasciculus_left,exploratory,primary,dMRI_TBSS,MD,GG,36332,ok,-8.846903970975532e-05,0.014411714354980495,0.9951020989135504,-0.006309027772891893,0.012794952639901427,0.6219539353676828,2,0.37938236054584085,0.827214554674863,1.0,0.9996963316144832,1.0,0.9996963316144832
dMRI_TBSS_MD_tapetum_right,exploratory,primary,dMRI_TBSS,MD,GG,36339,ok,0.0234660756291275,0.013762355392454389,0.08818590963473226,0.007383475135683325,0.012218188711113343,0.545646693210171,2,3.201745670246425,0.20172037250666264,1.0,0.9996963316144832,1.0,0.9996963316144832
dMRI_TBSS_MD_tapetum_left,exploratory,primary,dMRI_TBSS,MD,GG,36327,ok,0.0076115722982583655,0.014162024221522589,0.5909507277747774,0.007464105727324929,0.012574399123229225,0.552786444369052,2,0.4019575880799616,0.817929776356088,1.0,0.9996963316144832,1.0,0.9996963316144832
dMRI_TBSS_L1_middle_cerebellar_peduncle,exploratory,primary,dMRI_TBSS,L1,GG,36344,ok,0.028086245769719423,0.014380772745678637,0.05082234997489198,0.0028027900812324577,0.012766987762142244,0.826235198010498,2,5.294216125712132,0.07085582765140654,1.0,0.9996963316144832,1.0,0.9996963316144832
dMRI_TBSS_L1_pontine_crossing_tract,exploratory,primary,dMRI_TBSS,L1,GG,36327,ok,0.01188864253327877,0.014419310764096053,0.4096640535075582,0.0001956633117462559,0.012798979495646807,0.9878029666770018,2,1.0528503586558373,0.5907128923696354,1.0,0.9996963316144832,1.0,0.9996963316144832
dMRI_TBSS_L1_genu_of_corpus_callosum,exploratory,primary,dMRI_TBSS,L1,GG,36337,ok,-0.004894008697059693,0.013603862327693506,0.7190351329438118,0.0010629204753394843,0.012078388005355408,0.9298756920757649,2,0.278183047748812,0.8701483854621438,1.0,0.9996963316144832,1.0,0.9996963316144832
dMRI_TBSS_L1_body_of_corpus_callosum,exploratory,primary,dMRI_TBSS,L1,GG,36335,ok,-0.006310012272270196,0.013992634077192062,0.6520265313718303,0.004668647420223512,0.012423429307549198,0.7070724105247901,2,0.8718003116287677,0.6466822901788191,1.0,0.9996963316144832,1.0,0.9996963316144832
dMRI_TBSS_L1_splenium_of_corpus_callosum,exploratory,primary,dMRI_TBSS,L1,GG,36336,ok,0.0021739376493714905,0.013666934489872449,0.8736181608082706,0.004683770182913679,0.012134512953308398,0.6995081965479808,2,0.15797083514145316,0.9240533992901786,1.0,0.9996963316144832,1.0,0.9996963316144832
dMRI_TBSS_L1_fornix,exploratory,primary,dMRI_TBSS,L1,GG,36351,ok,0.022252482335792172,0.0123684119557452,0.07200512169907254,-0.005307037008682835,0.010980148049219856,0.6288642231977188,2,7.170442387640222,0.027730533129192072,1.0,0.843399469770859,1.0,0.843399469770859
dMRI_TBSS_L1_corticospinal_tract_right,exploratory,primary,dMRI_TBSS,L1,GG,36343,ok,0.008747494339584655,0.014761527081807273,0.5534610316409272,0.002558241307487804,0.013103846055351724,0.8452153342650017,2,0.3940744482240058,0.8211600657894758,1.0,0.9996963316144832,1.0,0.9996963316144832
dMRI_TBSS_L1_corticospinal_tract_left,exploratory,primary,dMRI_TBSS,L1,GG,36345,ok,0.008381583561325153,0.01477292017857644,0.5704722279138663,-0.0030965632863172612,0.013114986908741086,0.8133496088502534,2,0.8559690322461736,0.6518215074445857,1.0,0.9996963316144832,1.0,0.9996963316144832
dMRI_TBSS_L1_medial_lemniscus_right,exploratory,primary,dMRI_TBSS,L1,GG,36317,ok,0.011360070589197932,0.01470810469654685,0.43990148425077547,0.00935801931702897,0.01305803904222175,0.47359584879718997,2,0.6936666816709461,0.7069231336596424,1.0,0.9996963316144832,1.0,0.9996963316144832
dMRI_TBSS_L1_medial_lemniscus_left,exploratory,primary,dMRI_TBSS,L1,GG,36323,ok,0.012176037179715167,0.014696741213911074,0.407401044744779,0.0048836140807679085,0.013048081246766284,0.7081994380896653,2,0.7126663111164815,0.7002392927577566,1.0,0.9996963316144832,1.0,0.9996963316144832
dMRI_TBSS_L1_inferior_cerebellar_peduncle_right,exploratory,primary,dMRI_TBSS,L1,GG,36332,ok,0.0159276833281972,0.014430661052165472,0.2697136915745535,-0.007457386630600742,0.012811035623205333,0.5604985875156091,2,3.7027484765802576,0.1570212333846806,1.0,0.9996963316144832,1.0,0.9996963316144832
dMRI_TBSS_L1_inferior_cerebellar_peduncle_left,exploratory,primary,dMRI_TBSS,L1,GG,36317,ok,0.02339615923401094,0.014655396674168574,0.1104039013392606,-0.005084832353166197,0.013011346744427664,0.6959474804711917,2,5.479415346356979,0.06458922529663702,1.0,0.9996963316144832,1.0,0.9996963316144832
dMRI_TBSS_L1_superior_cerebellar_peduncle_right,exploratory,primary,dMRI_TBSS,L1,GG,36340,ok,0.030892995802548597,0.014409641281544655,0.032046598793413865,0.010634590891584205,0.012793451470270115,0.40583636391010713,2,4.947024955645622,0.08428827773266351,1.0,0.9996963316144832,1.0,0.9996963316144832
dMRI_TBSS_L1_superior_cerebellar_peduncle_left,exploratory,primary,dMRI_TBSS,L1,GG,36337,ok,0.02572626128624134,0.01430448180593317,0.07210997791150438,0.007504777573079577,0.012699991353902571,0.5545724969265123,2,3.6321581134270517,0.16266229181909217,1.0,0.9996963316144832,1.0,0.9996963316144832
dMRI_TBSS_L1_cerebral_peduncle_right,exploratory,primary,dMRI_TBSS,L1,GG,36335,ok,0.018116187428613012,0.01441217099246427,0.20875949962214455,0.004605326636966144,0.012795782629884006,0.7189167361903551,2,1.83781696059039,0.3989542699578321,1.0,0.9996963316144832,1.0,0.9996963316144832
dMRI_TBSS_L1_cerebral_peduncle_left,exploratory,primary,dMRI_TBSS,L1,GG,36335,ok,0.017750019003128163,0.014621057909580298,0.22475419318379464,0.016979401561322913,0.012981241960545628,0.1908832356880053,2,1.9899592303923337,0.36973098136076654,1.0,0.9996963316144832,1.0,0.9996963316144832
dMRI_TBSS_L1_anterior_limb_of_internal_capsule_right,exploratory,primary,dMRI_TBSS,L1,GG,36328,ok,0.01711464646473103,0.012997437339302073,0.1879237644933999,0.008956554223376337,0.011539381459484313,0.4376520110446972,2,1.7347507855147355,0.42005257676846774,1.0,0.9996963316144832,1.0,0.9996963316144832
dMRI_TBSS_L1_anterior_limb_of_internal_capsule_left,exploratory,primary,dMRI_TBSS,L1,GG,36330,ok,0.030943345329594987,0.013375120606392196,0.020700708084857373,0.01875503665098612,0.0118745763121401,0.11424666515096919,2,5.400633021676053,0.06718424483253164,1.0,0.9996963316144832,1.0,0.9996963316144832
dMRI_TBSS_L1_posterior_limb_of_internal_capsule_right,exploratory,primary,dMRI_TBSS,L1,GG,36336,ok,0.02702989320338396,0.014090458047620536,0.05507931028080748,0.01234749858872422,0.012510127413245824,0.32364910569029526,2,3.730039175686675,0.15489317583192963,1.0,0.9996963316144832,1.0,0.9996963316144832
dMRI_TBSS_L1_posterior_limb_of_internal_capsule_left,exploratory,primary,dMRI_TBSS,L1,GG,36339,ok,0.034597081748655036,0.014251854213816867,0.01520604074462737,0.013297634273494851,0.012653101834887813,0.293293744028134,2,6.1765877668642455,0.045579652304892415,1.0,0.9996963316144832,1.0,0.9996963316144832
dMRI_TBSS_L1_retrolenticular_part_of_internal_capsule_f25220,exploratory,primary,dMRI_TBSS,L1,GG,36338,ok,0.014660511713570917,0.013912709454228282,0.2920045967907271,0.005405072396942912,0.012352500796156893,0.6617012930244924,2,1.1751835094764318,0.5556638495334019,1.0,0.9996963316144832,1.0,0.9996963316144832
dMRI_TBSS_L1_retrolenticular_part_of_internal_capsule_f25221,exploratory,primary,dMRI_TBSS,L1,GG,36342,ok,0.008392331672898901,0.014063649679624144,0.5506852079233739,0.01527838540902493,0.012486120432328407,0.22109996314326416,2,1.5311767714064966,0.46506021567507283,1.0,0.9996963316144832,1.0,0.9996963316144832
dMRI_TBSS_L1_anterior_corona_radiata_right,exploratory,primary,dMRI_TBSS,L1,GG,36338,ok,-0.0029262939269930504,0.013908911992940046,0.8333645935205554,0.008205457873809604,0.012348318222047709,0.5063745478393121,2,1.0386462741301585,0.5949230931117386,1.0,0.9996963316144832,1.0,0.9996963316144832
dMRI_TBSS_L1_anterior_corona_radiata_left,exploratory,primary,dMRI_TBSS,L1,GG,36332,ok,0.0035387395788047393,0.014071951774384797,0.8014485588137965,0.013546612147635802,0.012493328448144953,0.278235597145702,2,1.4382514979321102,0.48717798569323334,1.0,0.9996963316144832,1.0,0.9996963316144832
dMRI_TBSS_L1_superior_corona_radiata_right,exploratory,primary,dMRI_TBSS,L1,GG,36317,ok,0.02062846734339421,0.013470992703911153,0.12569781815473977,0.017086776365051615,0.011959227626736095,0.1530839907169046,2,2.739219289622534,0.2542061708855243,1.0,0.9996963316144832,1.0,0.9996963316144832
dMRI_TBSS_L1_superior_corona_radiata_left,exploratory,primary,dMRI_TBSS,L1,GG,36318,ok,0.017469106293549513,0.013329712274003303,0.19002189283406287,0.007442497261621732,0.011834740888463417,0.5294390250555254,2,1.76178512134612,0.41441285793903326,1.0,0.9996963316144832,1.0,0.9996963316144832
dMRI_TBSS_L1_posterior_corona_radiata_right,exploratory,primary,dMRI_TBSS,L1,GG,36314,ok,0.00024542188109529395,0.012735123082962428,0.9846248160230038,-0.00369420467420727,0.011305670500836522,0.7438537236068667,2,0.18184149997376062,0.9130900704320422,1.0,0.9996963316144832,1.0,0.9996963316144832
dMRI_TBSS_L1_posterior_corona_radiata_left,exploratory,primary,dMRI_TBSS,L1,GG,36307,ok,0.015849551419022483,0.013098259060121631,0.22626750350559424,-1.5531432409627315e-05,0.011629203018189243,0.9989343894834346,2,2.322798088227378,0.31304790654057496,1.0,0.9996963316144832,1.0,0.9996963316144832
dMRI_TBSS_L1_posterior_thalamic_radiation_right,exploratory,primary,dMRI_TBSS,L1,GG,36342,ok,-0.005984155908715738,0.014286144692617636,0.6753075594083404,0.002283941697101461,0.012683230569019705,0.8570941396821294,2,0.4744617832295787,0.7888091375743789,1.0,0.9996963316144832,1.0,0.9996963316144832
dMRI_TBSS_L1_posterior_thalamic_radiation_left,exploratory,primary,dMRI_TBSS,L1,GG,36341,ok,-0.009540863995519988,0.014078978458117604,0.49798695182907293,0.005751665891925888,0.0124994156402847,0.6454078797713401,2,1.662930862567246,0.4354107540330244,1.0,0.9996963316144832,1.0,0.9996963316144832
dMRI_TBSS_L1_sagittal_stratum_right,exploratory,primary,dMRI_TBSS,L1,GG,36346,ok,0.004867121474088065,0.014232711343786692,0.7323775010309186,-0.0012032654852591365,0.012635712455736463,0.9241347674131064,2,0.26227898021986634,0.8770954197210901,1.0,0.9996963316144832,1.0,0.9996963316144832
dMRI_TBSS_L1_sagittal_stratum_left,exploratory,primary,dMRI_TBSS,L1,GG,36340,ok,0.002993800532029883,0.014141590697738751,0.8323408540087598,-0.005957477398096817,0.012555540575494023,0.635153440647193,2,0.6209390344620457,0.7331026710705315,1.0,0.9996963316144832,1.0,0.9996963316144832
dMRI_TBSS_L1_external_capsule_right,exploratory,primary,dMRI_TBSS,L1,GG,36324,ok,0.016981616486255204,0.013930346225633107,0.2228378273241476,0.017686569063898757,0.01236658487304151,0.15267103326730436,2,2.240206842820699,0.3262460520513933,1.0,0.9996963316144832,1.0,0.9996963316144832
dMRI_TBSS_L1_external_capsule_left,exploratory,primary,dMRI_TBSS,L1,GG,36330,ok,0.014876026109586292,0.013956403204663978,0.28647930997326077,0.0056655018679762,0.012389094860935989,0.6474599772127603,2,1.1933141694184821,0.5506493368316483,1.0,0.9996963316144832,1.0,0.9996963316144832
dMRI_TBSS_L1_cingulum_cingulate_gyrus_right,exploratory,primary,dMRI_TBSS,L1,GG,36340,ok,-0.0036016470382411055,0.014704346735405395,0.8065061509227682,0.019618360253732633,0.01305515844575275,0.13291773622418707,2,4.380399336031585,0.11189440465296024,1.0,0.9996963316144832,1.0,0.9996963316144832
dMRI_TBSS_L1_cingulum_cingulate_gyrus_left,exploratory,primary,dMRI_TBSS,L1,GG,36336,ok,-0.008408192283315585,0.01459945250528106,0.5646693264963571,0.01575455380736631,0.012962001231937824,0.22420566428315422,2,4.212373282693556,0.1217011729066685,1.0,0.9996963316144832,1.0,0.9996963316144832
dMRI_TBSS_L1_cingulum_hippocampus_right,exploratory,primary,dMRI_TBSS,L1,GG,36341,ok,-0.008853142256665022,0.014459107722515057,0.5403508741446954,0.005856639315887848,0.012836410785060566,0.6482114367825025,2,1.4608676103172675,0.48169998082223653,1.0,0.9996963316144832,1.0,0.9996963316144832
dMRI_TBSS_L1_cingulum_hippocampus_left,exploratory,primary,dMRI_TBSS,L1,GG,36339,ok,-0.003345947162750886,0.014491439082294685,0.8174005532257269,0.0015326622912799842,0.0128657604213914,0.9051752237736951,2,0.1598523258766178,0.9231845091016884,1.0,0.9996963316144832,1.0,0.9996963316144832
dMRI_TBSS_L1_fornix_cres_stria_terminalis_right,exploratory,primary,dMRI_TBSS,L1,GG,36327,ok,0.004864862857912243,0.01415379970618456,0.7310631735019986,-0.002422327849626665,0.012565452525757638,0.847134844671744,2,0.37343989814251843,0.8296760554031768,1.0,0.9996963316144832,1.0,0.9996963316144832
dMRI_TBSS_L1_fornix_cres_stria_terminalis_left,exploratory,primary,dMRI_TBSS,L1,GG,36315,ok,0.010639038737812676,0.01426672992410125,0.4558391657899199,0.0038743692999265752,0.01266726379573242,0.7597154021511625,2,0.5903581881516708,0.7443982582089183,1.0,0.9996963316144832,1.0,0.9996963316144832
dMRI_TBSS_L1_superior_longitudinal_fasciculus_right,exploratory,primary,dMRI_TBSS,L1,GG,36340,ok,0.029359407264501473,0.013651920557751065,0.031516756558674065,0.014126737840295162,0.01212119948062738,0.243841677419757,2,4.65633873137962,0.09747402315174165,1.0,0.9996963316144832,1.0,0.9996963316144832
dMRI_TBSS_L1_superior_longitudinal_fasciculus_left,exploratory,primary,dMRI_TBSS,L1,GG,36338,ok,0.023481336925216072,0.0140653435336861,0.09503756893235984,0.0030237450595596727,0.012488012060526507,0.808679392302615,2,3.7315314469550502,0.15477764761916682,1.0,0.9996963316144832,1.0,0.9996963316144832
dMRI_TBSS_L1_superior_fronto_occipital_fasciculus_rig,exploratory,primary,dMRI_TBSS,L1,GG,36305,ok,0.03338205582653764,0.013433774990944567,0.012961987162552592,0.026209104895317,0.011925576066213077,0.0279751959599064,2,6.926368142253822,0.03132984657395464,1.0,0.843399469770859,1.0,0.843399469770859
dMRI_TBSS_L1_superior_fronto_occipital_fasciculus_lef,exploratory,primary,dMRI_TBSS,L1,GG,36305,ok,0.03280689478261369,0.013319793193319145,0.013781897117003113,0.016300439142384653,0.011824129768423938,0.16803460635351444,2,6.088306915323588,0.04763662134014978,1.0,0.9996963316144832,1.0,0.9996963316144832
dMRI_TBSS_L1_uncinate_fasciculus_right,exploratory,primary,dMRI_TBSS,L1,GG,36338,ok,0.024421634546668552,0.01450250164536893,0.09219797091443664,-0.005692380038692592,0.012874796858522974,0.6583951791152434,2,6.233546948558854,0.0442998727551495,1.0,0.9996963316144832,1.0,0.9996963316144832
dMRI_TBSS_L1_uncinate_fasciculus_left,exploratory,primary,dMRI_TBSS,L1,GG,36344,ok,0.014332498397364916,0.014674146807314353,0.32871545444164507,0.005053621687125264,0.013027823412475768,0.69808498489275,2,1.020680561841167,0.6002912763859816,1.0,0.9996963316144832,1.0,0.9996963316144832
dMRI_TBSS_L1_tapetum_right,exploratory,primary,dMRI_TBSS,L1,GG,36345,ok,0.04020563891282616,0.013896174034950198,0.0038145771623402792,0.018641837419837392,0.012337065931601571,0.13078619114623596,2,8.466921451427279,0.014502115760053558,1.0,0.574113170971532,1.0,0.574113170971532
dMRI_TBSS_L1_tapetum_left,exploratory,primary,dMRI_TBSS,L1,GG,36341,ok,0.01767479044126262,0.014126537767620718,0.21087819399112012,0.013861840052524322,0.012542035449936277,0.2690670497741763,2,1.754443416577512,0.4159369019255418,1.0,0.9996963316144832,1.0,0.9996963316144832
dMRI_TBSS_L2_middle_cerebellar_peduncle,exploratory,primary,dMRI_TBSS,L2,GG,36331,ok,0.006058967317788846,0.01447005298473756,0.6754198839701664,0.012819073332991985,0.01284525160805955,0.3183044250029563,2,1.0515163515822508,0.5911070313895228,1.0,0.9996963316144832,1.0,0.9996963316144832
dMRI_TBSS_L2_pontine_crossing_tract,exploratory,primary,dMRI_TBSS,L2,GG,36346,ok,0.00941258313993611,0.014741306849090169,0.5231408600576765,0.0019418577437741854,0.013086369500521588,0.8820375417421209,2,0.49843159215330457,0.7794117612354211,1.0,0.9996963316144832,1.0,0.9996963316144832
dMRI_TBSS_L2_genu_of_corpus_callosum,exploratory,primary,dMRI_TBSS,L2,GG,36336,ok,0.005309749970078523,0.013781070925542512,0.7000226147579394,-0.005710604362106351,0.012235483262536928,0.640699533214597,2,0.926521396525588,0.6292285723282837,1.0,0.9996963316144832,1.0,0.9996963316144832
dMRI_TBSS_L2_body_of_corpus_callosum,exploratory,primary,dMRI_TBSS,L2,GG,36329,ok,-0.00397782967594304,0.01405323374352507,0.7771367487451151,-0.013024726396034282,0.012477085537181343,0.29654243759266613,2,1.2847723683894485,0.5260357071700681,1.0,0.9996963316144832,1.0,0.9996963316144832
dMRI_TBSS_L2_splenium_of_corpus_callosum,exploratory,primary,dMRI_TBSS,L2,GG,36311,ok,-0.01626001006932665,0.014838217354606581,0.27316498424704777,-0.006008437814349984,0.013174294442825736,0.6483403337894076,2,1.2703135938468975,0.5298524025773383,1.0,0.9996963316144832,1.0,0.9996963316144832
dMRI_TBSS_L2_fornix,exploratory,primary,dMRI_TBSS,L2,GG,36352,ok,0.016248538434864717,0.012354709482687756,0.1884612097752255,-0.006748065030687695,0.01096823286959564,0.5384019298108278,2,4.896315140443582,0.08645272292663528,1.0,0.9996963316144832,1.0,0.9996963316144832
dMRI_TBSS_L2_corticospinal_tract_right,exploratory,primary,dMRI_TBSS,L2,GG,36342,ok,-0.010841797019668767,0.014532227861536441,0.4556408601246803,-0.009125064128993459,0.01290078335372518,0.47936822776130283,2,0.6590442128489931,0.7192673845732063,1.0,0.9996963316144832,1.0,0.9996963316144832
dMRI_TBSS_L2_corticospinal_tract_left,exploratory,primary,dMRI_TBSS,L2,GG,36344,ok,-0.021632309385625652,0.014712701006929719,0.14148504400260206,-0.01742910028033491,0.013061235300815951,0.1820764558184597,2,2.4706930899647412,0.29073399250190823,1.0,0.9996963316144832,1.0,0.9996963316144832
dMRI_TBSS_L2_medial_lemniscus_right,exploratory,primary,dMRI_TBSS,L2,GG,36285,ok,-0.00015924327508649462,0.013948657555155555,0.9908913016252587,0.004681458911719589,0.012384212996573737,0.7054192266934409,2,0.23497244826197908,0.8891527605140384,1.0,0.9996963316144832,1.0,0.9996963316144832
dMRI_TBSS_L2_medial_lemniscus_left,exploratory,primary,dMRI_TBSS,L2,GG,36272,ok,-0.0040292708691027765,0.014106394180041601,0.7751598166329855,0.0017756466821682547,0.012524035558770736,0.8872552690630764,2,0.23903089808345374,0.8873502990013611,1.0,0.9996963316144832,1.0,0.9996963316144832
dMRI_TBSS_L2_inferior_cerebellar_peduncle_right,exploratory,primary,dMRI_TBSS,L2,GG,36309,ok,-0.006297321646243591,0.014222133465814104,0.6579252023662491,-0.008093287228767709,0.01262466112047933,0.5214814743032496,2,0.4155025488748672,0.8124090784895014,1.0,0.9996963316144832,1.0,0.9996963316144832
dMRI_TBSS_L2_inferior_cerebellar_peduncle_left,exploratory,primary,dMRI_TBSS,L2,GG,36281,ok,-0.003888537322386158,0.014103052318061226,0.7827623226603052,-0.004744448872680763,0.012519257553128205,0.7047108287624273,2,0.14691667766379676,0.9291748554950185,1.0,0.9996963316144832,1.0,0.9996963316144832
dMRI_TBSS_L2_superior_cerebellar_peduncle_right,exploratory,primary,dMRI_TBSS,L2,GG,36330,ok,0.02790306012075674,0.014329252492826532,0.0515089319741622,-0.02346233017521357,0.012720292053514628,0.06512129356752855,2,18.304889011138208,0.00010596046495257837,0.07131139291308525,0.011885232152180875,0.07131139291308525,0.011885232152180875
dMRI_TBSS_L2_superior_cerebellar_peduncle_left,exploratory,primary,dMRI_TBSS,L2,GG,36325,ok,0.04056058977189837,0.014191706210774934,0.00426497266204452,-0.010112033963552446,0.012599144371822822,0.4222130279676618,2,18.374279431162936,0.00010234718851231374,0.06887965786878715,0.011885232152180875,0.06887965786878715,0.011885232152180875
dMRI_TBSS_L2_cerebral_peduncle_right,exploratory,primary,dMRI_TBSS,L2,GG,36340,ok,-0.006624999735833471,0.01442491420963677,0.6460395840881163,-0.018334575232671978,0.01280578586717636,0.15222641922586616,2,2.316345434478492,0.31405953245485524,1.0,0.9996963316144832,1.0,0.9996963316144832
dMRI_TBSS_L2_cerebral_peduncle_left,exploratory,primary,dMRI_TBSS,L2,GG,36334,ok,-0.034067305747134936,0.014354877637523644,0.01763885626497034,-0.021092458069623458,0.012743841655795167,0.09791085817633398,2,5.704795185011437,0.057705799889405586,1.0,0.9996963316144832,1.0,0.9996963316144832
dMRI_TBSS_L2_anterior_limb_of_internal_capsule_right,exploratory,primary,dMRI_TBSS,L2,GG,36325,ok,0.0006459527617363078,0.014435845476732816,0.9643096593940041,-0.0010527830733206452,0.012814628180052941,0.9345240781259923,2,0.020936130152775262,0.9895865344336799,1.0,0.9996963316144832,1.0,0.9996963316144832
dMRI_TBSS_L2_anterior_limb_of_internal_capsule_left,exploratory,primary,dMRI_TBSS,L2,GG,36324,ok,0.0010051762144307795,0.014193765150243431,0.9435428753000601,0.00018177206364832356,0.01260149688875067,0.9884912803696666,2,0.00631016051781684,0.9968498917763803,1.0,0.9996963316144832,1.0,0.9996963316144832
dMRI_TBSS_L2_posterior_limb_of_internal_capsule_right,exploratory,primary,dMRI_TBSS,L2,GG,36345,ok,-0.014409108258182285,0.014702456610737344,0.3270691206568527,-0.002703074428216382,0.01305284432343992,0.8359430723941881,2,1.1991081300665687,0.5490564249686041,1.0,0.9996963316144832,1.0,0.9996963316144832
dMRI_TBSS_L2_posterior_limb_of_internal_capsule_left,exploratory,primary,dMRI_TBSS,L2,GG,36343,ok,-0.0115004798385316,0.014336272079726268,0.4224456580413042,-0.006274635249630849,0.012727982248286262,0.6220300021901031,2,0.6435698427261445,0.7248540741919065,1.0,0.9996963316144832,1.0,0.9996963316144832
dMRI_TBSS_L2_retrolenticular_part_of_internal_capsule_f25268,exploratory,primary,dMRI_TBSS,L2,GG,36342,ok,-0.013263489598661065,0.014545532278287246,0.36184845510281305,-0.010857074688406841,0.01291261993553649,0.4004592822675248,2,0.9620719049741236,0.6181426935362295,1.0,0.9996963316144832,1.0,0.9996963316144832
dMRI_TBSS_L2_retrolenticular_part_of_internal_capsule_f25269,exploratory,primary,dMRI_TBSS,L2,GG,36345,ok,-0.007239423297079284,0.014557226561779855,0.6189749757156369,-0.004393196076642421,0.012922677760544121,0.7338884691200517,2,0.24960201264715826,0.8826725313615992,1.0,0.9996963316144832,1.0,0.9996963316144832
dMRI_TBSS_L2_anterior_corona_radiata_right,exploratory,primary,dMRI_TBSS,L2,GG,36328,ok,0.004507013431973126,0.013438825820288228,0.7373460021161871,-0.007184942336862712,0.01193051289325126,0.5470231620754505,2,1.1413088234033262,0.5651554733029096,1.0,0.9996963316144832,1.0,0.9996963316144832
dMRI_TBSS_L2_anterior_corona_radiata_left,exploratory,primary,dMRI_TBSS,L2,GG,36330,ok,0.012124352449308484,0.013220416658599944,0.3590999675043729,0.003418257801097589,0.01173721155300026,0.7708751500483624,2,0.9529644447195742,0.6209639673272027,1.0,0.9996963316144832,1.0,0.9996963316144832
dMRI_TBSS_L2_superior_corona_radiata_right,exploratory,primary,dMRI_TBSS,L2,GG,36305,ok,-0.006537481405864185,0.01431719496645839,0.6479487511213688,-0.0005851696059671188,0.012709178129140852,0.9632761731295318,2,0.29320103906992906,0.8636389153892837,1.0,0.9996963316144832,1.0,0.9996963316144832
dMRI_TBSS_L2_superior_corona_radiata_left,exploratory,primary,dMRI_TBSS,L2,GG,36303,ok,0.004974043604650344,0.014320625112735238,0.7283422369739373,0.001332288076368495,0.012713232276582689,0.9165387512602807,2,0.13851232945013936,0.9330876253258042,1.0,0.9996963316144832,1.0,0.9996963316144832
dMRI_TBSS_L2_posterior_corona_radiata_right,exploratory,primary,dMRI_TBSS,L2,GG,36286,ok,-0.0027509873449623815,0.014521296390389666,0.8497450997293162,-0.005338341522478632,0.012891640499059708,0.6788082538544413,2,0.17757621948350766,0.9150394409778738,1.0,0.9996963316144832,1.0,0.9996963316144832
dMRI_TBSS_L2_posterior_corona_radiata_left,exploratory,primary,dMRI_TBSS,L2,GG,36273,ok,-0.007215424924254842,0.01441625289820296,0.6167216837740639,0.00111432235997939,0.012796693629413264,0.9306092560736734,2,0.49267083732479466,0.7816599975991221,1.0,0.9996963316144832,1.0,0.9996963316144832
dMRI_TBSS_L2_posterior_thalamic_radiation_right,exploratory,primary,dMRI_TBSS,L2,GG,36325,ok,0.022459553425943,0.013765716765831455,0.1027814906758863,0.0008112231976769999,0.012220651339602314,0.947074592511723,2,4.015407667792606,0.1342966884118865,1.0,0.9996963316144832,1.0,0.9996963316144832
dMRI_TBSS_L2_posterior_thalamic_radiation_left,exploratory,primary,dMRI_TBSS,L2,GG,36326,ok,0.006970050118817407,0.013667804810710137,0.6100817470108222,0.007104077190381437,0.012134395495116336,0.5582490750156415,2,0.38054002106340196,0.8267358764102103,1.0,0.9996963316144832,1.0,0.9996963316144832
dMRI_TBSS_L2_sagittal_stratum_right,exploratory,primary,dMRI_TBSS,L2,GG,36335,ok,-0.001069101451254639,0.014437953790854526,0.9409726078996852,0.002784188290879993,0.01281751508473627,0.8280400857193299,2,0.1143742418658371,0.9444173325791261,1.0,0.9996963316144832,1.0,0.9996963316144832
dMRI_TBSS_L2_sagittal_stratum_left,exploratory,primary,dMRI_TBSS,L2,GG,36329,ok,0.00353275423465117,0.014352289229596426,0.8055708418790153,0.001747374131319865,0.012741375771142108,0.8909195404138084,2,0.06082920619871473,0.9700432672187373,1.0,0.9996963316144832,1.0,0.9996963316144832
dMRI_TBSS_L2_external_capsule_right,exploratory,primary,dMRI_TBSS,L2,GG,36315,ok,-0.008030871676894648,0.013287826079291553,0.5455960417466044,-0.0019984330253722173,0.011795585498856202,0.8654655753849396,2,0.4270578161515021,0.8077288099274358,1.0,0.9996963316144832,1.0,0.9996963316144832
dMRI_TBSS_L2_external_capsule_left,exploratory,primary,dMRI_TBSS,L2,GG,36321,ok,0.0010464392872599174,0.01339990697820684,0.9377544850792355,0.0013592969726719055,0.011895226400794457,0.9090224327728097,2,0.013178246220970975,0.9934325375601436,1.0,0.9996963316144832,1.0,0.9996963316144832
dMRI_TBSS_L2_cingulum_cingulate_gyrus_right,exploratory,primary,dMRI_TBSS,L2,GG,36345,ok,-0.004936598806671738,0.014214516055204048,0.7283733866090487,-0.0077158291570505865,0.01261929230491429,0.5409179740933007,2,0.37475878063559226,0.8291291131489413,1.0,0.9996963316144832,1.0,0.9996963316144832
dMRI_TBSS_L2_cingulum_cingulate_gyrus_left,exploratory,primary,dMRI_TBSS,L2,GG,36347,ok,0.0028008269678460192,0.014179216146877512,0.8434135595540088,-0.00013441682500570798,0.012588132403257414,0.9914803618606126,2,0.06604802460516186,0.9675153270393151,1.0,0.9996963316144832,1.0,0.9996963316144832
dMRI_TBSS_L2_cingulum_hippocampus_right,exploratory,primary,dMRI_TBSS,L2,GG,36332,ok,-0.0011404537700251236,0.014485416037468064,0.937246885369823,-0.011151179225806957,0.012859600648004453,0.38586656007757925,2,1.069716122881761,0.5857524250998456,1.0,0.9996963316144832,1.0,0.9996963316144832
dMRI_TBSS_L2_cingulum_hippocampus_left,exploratory,primary,dMRI_TBSS,L2,GG,36320,ok,-0.005904246527848344,0.014371704234212706,0.681203738364624,-0.004823113406675846,0.01275753258654654,0.7053881965684043,2,0.19496956157089848,0.9071161470460115,1.0,0.9996963316144832,1.0,0.9996963316144832
dMRI_TBSS_L2_fornix_cres_stria_terminalis_right,exploratory,primary,dMRI_TBSS,L2,GG,36298,ok,0.0024900304172830088,0.012620177975236428,0.843589588044461,-0.0058529696410056275,0.011204721530959525,0.6014184617664424,2,0.6921504831061696,0.7074592547708118,1.0,0.9996963316144832,1.0,0.9996963316144832
dMRI_TBSS_L2_fornix_cres_stria_terminalis_left,exploratory,primary,dMRI_TBSS,L2,GG,36286,ok,0.01234452433586756,0.012635827303770011,0.3286022727128095,0.005008864406742699,0.011220946544609558,0.655321691773161,2,0.9887085805447192,0.609964640265761,1.0,0.9996963316144832,1.0,0.9996963316144832
dMRI_TBSS_L2_superior_longitudinal_fasciculus_right,exploratory,primary,dMRI_TBSS,L2,GG,36326,ok,-0.006710647557786954,0.014266832043928713,0.6380956347882509,-0.0017694413866561898,0.01266706830654146,0.8889070368472325,2,0.25501846194146777,0.8802852899089676,1.0,0.9996963316144832,1.0,0.9996963316144832
dMRI_TBSS_L2_superior_longitudinal_fasciculus_left,exploratory,primary,dMRI_TBSS,L2,GG,36323,ok,-0.013932644205761718,0.014312545415210395,0.3303328249821066,0.004840735149237532,0.012705869323043037,0.7032172208725413,2,2.4455857175965527,0.29440678109019414,1.0,0.9996963316144832,1.0,0.9996963316144832
dMRI_TBSS_L2_superior_fronto_occipital_fasciculus_rig,exploratory,primary,dMRI_TBSS,L2,GG,36285,ok,0.005959560946537766,0.013358657982926288,0.6555134231346642,-0.005726372943751964,0.011857858983101047,0.6291569127019057,2,1.09931192745796,0.5771483361898972,1.0,0.9996963316144832,1.0,0.9996963316144832
dMRI_TBSS_L2_superior_fronto_occipital_fasciculus_lef,exploratory,primary,dMRI_TBSS,L2,GG,36298,ok,0.010480526485383898,0.01321913901071176,0.42788221602386467,0.008777810402976111,0.011735992995988589,0.4545016204108956,2,0.7410037340897876,0.690387760813292,1.0,0.9996963316144832,1.0,0.9996963316144832
dMRI_TBSS_L2_uncinate_fasciculus_right,exploratory,primary,dMRI_TBSS,L2,GG,36333,ok,-0.02010844605527917,0.014386323575191925,0.16219748279452167,-0.015752751662514424,0.012772662923287529,0.21746523103695045,2,2.1880461332402485,0.3348665895516299,1.0,0.9996963316144832,1.0,0.9996963316144832
dMRI_TBSS_L2_uncinate_fasciculus_left,exploratory,primary,dMRI_TBSS,L2,GG,36333,ok,-0.010581870886623197,0.014451393165122988,0.4640275495556242,-0.012654383287672148,0.012829682212146044,0.32397460985236337,2,1.0010257558653706,0.6062196632801906,1.0,0.9996963316144832,1.0,0.9996963316144832
dMRI_TBSS_L2_tapetum_right,exploratory,primary,dMRI_TBSS,L2,GG,36338,ok,0.008132395076885863,0.014115225487356301,0.5645217786544345,-0.0038896222189079934,0.012531211969723713,0.7562625791819698,2,1.02240719562297,0.5997732584266178,1.0,0.9996963316144832,1.0,0.9996963316144832
dMRI_TBSS_L2_tapetum_left,exploratory,primary,dMRI_TBSS,L2,GG,36328,ok,-0.002318368162337843,0.014537327677147412,0.8732940325261845,-0.0005672960717726489,0.01290797603445651,0.9649450864236423,2,0.029868753898772294,0.9851765877749175,1.0,0.9996963316144832,1.0,0.9996963316144832
dMRI_TBSS_L3_middle_cerebellar_peduncle,exploratory,primary,dMRI_TBSS,L3,GG,36326,ok,0.0008496680103527166,0.014479867914710553,0.9532078978592273,0.012942837175317533,0.012853819929530302,0.3139773603540755,2,1.49801297182585,0.47283608877213457,1.0,0.9996963316144832,1.0,0.9996963316144832
dMRI_TBSS_L3_pontine_crossing_tract,exploratory,primary,dMRI_TBSS,L3,GG,36341,ok,0.011990399608872352,0.014598240909486734,0.4114470840161605,0.004610184858607335,0.01295872615723292,0.7220230420390934,2,0.7069878720330837,0.7022302508877809,1.0,0.9996963316144832,1.0,0.9996963316144832
dMRI_TBSS_L3_genu_of_corpus_callosum,exploratory,primary,dMRI_TBSS,L3,GG,36345,ok,0.0050163719110295464,0.01336154170675963,0.7073402015620017,-0.00030322184831147565,0.011862806572377569,0.9796078591243228,2,0.24282921086375245,0.8856666812434622,1.0,0.9996963316144832,1.0,0.9996963316144832
dMRI_TBSS_L3_body_of_corpus_callosum,exploratory,primary,dMRI_TBSS,L3,GG,36342,ok,-0.004881461661751049,0.01404557561296974,0.728184355446034,-0.010864456448936488,0.012470064522847013,0.38362724527981384,2,0.8112786239292853,0.6665505408774217,1.0,0.9996963316144832,1.0,0.9996963316144832
dMRI_TBSS_L3_splenium_of_corpus_callosum,exploratory,primary,dMRI_TBSS,L3,GG,36308,ok,6.147432633650356e-05,0.014078170786088997,0.9965159591612309,0.0037876361577126017,0.012498954046236334,0.761863974181193,2,0.14296828947720044,0.9310110389012272,1.0,0.9996963316144832,1.0,0.9996963316144832
dMRI_TBSS_L3_fornix,exploratory,primary,dMRI_TBSS,L3,GG,36352,ok,0.016723915000255038,0.01232664913283276,0.17487595649031423,-0.005933145730249976,0.010943321522870475,0.5877044052531457,2,4.7967250255113445,0.09086662447111714,1.0,0.9996963316144832,1.0,0.9996963316144832
dMRI_TBSS_L3_corticospinal_tract_right,exploratory,primary,dMRI_TBSS,L3,GG,36339,ok,-0.006759348145369822,0.014553202973421664,0.6423225964403871,-0.004648211860478731,0.012919801676151295,0.7190180593125425,2,0.22528827152951322,0.8934685570533553,1.0,0.9996963316144832,1.0,0.9996963316144832
dMRI_TBSS_L3_corticospinal_tract_left,exploratory,primary,dMRI_TBSS,L3,GG,36340,ok,-0.016440471420724998,0.014718145047331425,0.2639929030685916,-0.014348834928512695,0.0130665062673529,0.2721512537472932,2,1.5269315378845851,0.46604840869022146,1.0,0.9996963316144832,1.0,0.9996963316144832
dMRI_TBSS_L3_medial_lemniscus_right,exploratory,primary,dMRI_TBSS,L3,GG,36286,ok,-0.0037260014339497573,0.014098416811949739,0.7915617464788999,0.007244554740562742,0.01251634282374546,0.5627225773292066,2,0.9359408390624627,0.6262720488043438,1.0,0.9996963316144832,1.0,0.9996963316144832
dMRI_TBSS_L3_medial_lemniscus_left,exploratory,primary,dMRI_TBSS,L3,GG,36276,ok,-0.0012026359633913936,0.014263930281103707,0.9328079749531335,0.004896252294626523,0.01266352253530187,0.6990233770829876,2,0.3108500573292863,0.8560512538288186,1.0,0.9996963316144832,1.0,0.9996963316144832
dMRI_TBSS_L3_inferior_cerebellar_peduncle_right,exploratory,primary,dMRI_TBSS,L3,GG,36295,ok,-0.0220520235263796,0.014148503317385533,0.11909702695809513,-0.015398352053450332,0.012560548794418742,0.22023302533072606,2,2.5529272331295125,0.2790222875764488,1.0,0.9996963316144832,1.0,0.9996963316144832
dMRI_TBSS_L3_inferior_cerebellar_peduncle_left,exploratory,primary,dMRI_TBSS,L3,GG,36295,ok,-0.0079344751157688,0.014188968897577802,0.5760285082953654,-0.0049963378888513545,0.012597040244490825,0.6916441935141191,2,0.31785502488184986,0.853058192834159,1.0,0.9996963316144832,1.0,0.9996963316144832
dMRI_TBSS_L3_superior_cerebellar_peduncle_right,exploratory,primary,dMRI_TBSS,L3,GG,36334,ok,0.039125313418768765,0.01438414709908996,0.0065307029946786764,-0.014104371843793796,0.0127685619067829,0.26933285914096516,2,19.434832000046043,6.022542214502264e-05,0.04053170910360024,0.01062793750845689,0.04053170910360024,0.01062793750845689
dMRI_TBSS_L3_superior_cerebellar_peduncle_left,exploratory,primary,dMRI_TBSS,L3,GG,36329,ok,0.05209596431326402,0.014223003652538214,0.0002498314840299797,-0.002759669789917021,0.012626507015311178,0.8269927839135934,2,22.870402696075296,1.0808244363738848e-05,0.007273948456796245,0.007273948456796245,0.007273948456796245,0.007273948456796245
dMRI_TBSS_L3_cerebral_peduncle_right,exploratory,primary,dMRI_TBSS,L3,GG,36336,ok,0.003366660840087758,0.014261165886969284,0.8133781930397962,-0.014120742582482703,0.012660843126539909,0.26472574117213715,2,2.565202063542766,0.27731505629826986,1.0,0.9996963316144832,1.0,0.9996963316144832
dMRI_TBSS_L3_cerebral_peduncle_left,exploratory,primary,dMRI_TBSS,L3,GG,36335,ok,-0.01775632729526682,0.014283859814444804,0.21383743668889799,-0.0096303097028327,0.012680745490633355,0.447592233211101,2,1.545341635409409,0.4617780947396293,1.0,0.9996963316144832,1.0,0.9996963316144832
dMRI_TBSS_L3_anterior_limb_of_internal_capsule_right,exploratory,primary,dMRI_TBSS,L3,GG,36318,ok,0.003416726330177101,0.013217902021651115,0.7960284314993802,-0.00034063306693851014,0.011733039152811044,0.9768392644380339,2,0.12161513915076425,0.9410043002117398,1.0,0.9996963316144832,1.0,0.9996963316144832
dMRI_TBSS_L3_anterior_limb_of_internal_capsule_left,exploratory,primary,dMRI_TBSS,L3,GG,36317,ok,0.01038003652151403,0.01333421480385019,0.436308096771305,0.005093175976930674,0.01183790250009328,0.6670213615453423,2,0.6088531960120498,0.737546163606815,1.0,0.9996963316144832,1.0,0.9996963316144832
dMRI_TBSS_L3_posterior_limb_of_internal_capsule_right,exploratory,primary,dMRI_TBSS,L3,GG,36333,ok,-0.004746762360874989,0.014049352656011316,0.7354680672829396,0.003557221626943129,0.012473131989175639,0.7754996484672647,2,0.4950433727187659,0.7807332893646403,1.0,0.9996963316144832,1.0,0.9996963316144832
dMRI_TBSS_L3_posterior_limb_of_internal_capsule_left,exploratory,primary,dMRI_TBSS,L3,GG,36333,ok,-0.003438994236173743,0.01414731217377834,0.8079412061823239,-0.00031487341391814116,0.012561312798111157,0.9800017242669079,2,0.08289192450086715,0.9594011778213151,1.0,0.9996963316144832,1.0,0.9996963316144832
dMRI_TBSS_L3_retrolenticular_part_of_internal_capsule_f25316,exploratory,primary,dMRI_TBSS,L3,GG,36333,ok,0.00027636446114104465,0.01455518325321892,0.9848512955727493,0.0016169840886097163,0.012921806424172474,0.900416519995611,2,0.02080662139925116,0.9896506165677462,1.0,0.9996963316144832,1.0,0.9996963316144832
dMRI_TBSS_L3_retrolenticular_part_of_internal_capsule_f25317,exploratory,primary,dMRI_TBSS,L3,GG,36340,ok,0.0007915995039289821,0.01439374389244323,0.9561418886418562,0.0053126718242767395,0.012778541025297931,0.6775957851876591,2,0.23459161225221561,0.889322087329656,1.0,0.9996963316144832,1.0,0.9996963316144832
dMRI_TBSS_L3_anterior_corona_radiata_right,exploratory,primary,dMRI_TBSS,L3,GG,36326,ok,-0.0026659463485749157,0.013250568357940095,0.8405473318741226,-0.009278598666467627,0.011763956669887577,0.4302743298066346,2,0.7442811803253344,0.6892573329115594,1.0,0.9996963316144832,1.0,0.9996963316144832
dMRI_TBSS_L3_anterior_corona_radiata_left,exploratory,primary,dMRI_TBSS,L3,GG,36328,ok,0.00633731261655294,0.013109052870521469,0.6287931949769731,0.002152941608587185,0.01163890273699488,0.8532472804455444,2,0.2524085792300124,0.881434760421296,1.0,0.9996963316144832,1.0,0.9996963316144832
dMRI_TBSS_L3_superior_corona_radiata_right,exploratory,primary,dMRI_TBSS,L3,GG,36305,ok,0.00427597181538645,0.013280061628986243,0.7474664173158747,0.006820596348105256,0.011788494734215782,0.5628756763531566,2,0.3361188562464598,0.8453035983855375,1.0,0.9996963316144832,1.0,0.9996963316144832
dMRI_TBSS_L3_superior_corona_radiata_left,exploratory,primary,dMRI_TBSS,L3,GG,36298,ok,0.0043556362042163075,0.013109224178628483,0.7396968554956542,-0.0021548451117999723,0.011637211831652852,0.8530979071307563,2,0.34766869187498867,0.8404361077832825,1.0,0.9996963316144832,1.0,0.9996963316144832
dMRI_TBSS_L3_posterior_corona_radiata_right,exploratory,primary,dMRI_TBSS,L3,GG,36288,ok,-0.00033612616781548976,0.013471976733483033,0.9800949620893714,-0.0040938652368388345,0.011958667877464446,0.732101118699751,2,0.170215266572632,0.9184134272260224,1.0,0.9996963316144832,1.0,0.9996963316144832
dMRI_TBSS_L3_posterior_corona_radiata_left,exploratory,primary,dMRI_TBSS,L3,GG,36279,ok,0.005063267189117782,0.013559336384552704,0.7088413643311688,0.00440423321784714,0.01203647790199739,0.7144365029688831,2,0.1701143478107682,0.9184597709682282,1.0,0.9996963316144832,1.0,0.9996963316144832
dMRI_TBSS_L3_posterior_thalamic_radiation_right,exploratory,primary,dMRI_TBSS,L3,GG,36322,ok,0.017793240200373896,0.013613633234516826,0.19121546599011552,0.002674751932884188,0.012085953985166572,0.8248517001565263,2,2.2272457083880277,0.3283671771441101,1.0,0.9996963316144832,1.0,0.9996963316144832
dMRI_TBSS_L3_posterior_thalamic_radiation_left,exploratory,primary,dMRI_TBSS,L3,GG,36331,ok,-0.0034353133422203217,0.013472068464239696,0.7987282197106836,0.0035834667917236194,0.011959699934282747,0.7644622683843898,2,0.39224190275325255,0.8219128171792615,1.0,0.9996963316144832,1.0,0.9996963316144832
dMRI_TBSS_L3_sagittal_stratum_right,exploratory,primary,dMRI_TBSS,L3,GG,36332,ok,-0.003031463682183313,0.014135902603526053,0.830196290333687,0.0026696139626775296,0.012548892857007126,0.8315332911669686,2,0.23231532102381425,0.8903348415845441,1.0,0.9996963316144832,1.0,0.9996963316144832
dMRI_TBSS_L3_sagittal_stratum_left,exploratory,primary,dMRI_TBSS,L3,GG,36324,ok,-0.0007487119706270967,0.013878429096985414,0.956976978191914,0.000532060840676907,0.012319952417985438,0.9655527666181043,2,0.012048190170119866,0.993994013395088,1.0,0.9996963316144832,1.0,0.9996963316144832
dMRI_TBSS_L3_external_capsule_right,exploratory,primary,dMRI_TBSS,L3,GG,36304,ok,-0.00997607921911182,0.013799221175840428,0.4697182804839549,0.0015161212987847832,0.012250300690960234,0.901504432661085,2,1.0242390625251856,0.5992241575444661,1.0,0.9996963316144832,1.0,0.9996963316144832
dMRI_TBSS_L3_external_capsule_left,exploratory,primary,dMRI_TBSS,L3,GG,36303,ok,-0.005138255055928352,0.013788504797799911,0.7094128191369988,-0.002503519009665442,0.012240869684113668,0.83794726897791,2,0.13961723857762684,0.932572279174594,1.0,0.9996963316144832,1.0,0.9996963316144832
dMRI_TBSS_L3_cingulum_cingulate_gyrus_right,exploratory,primary,dMRI_TBSS,L3,GG,36343,ok,-0.0027882803193462068,0.014334441706370181,0.8457728447100532,-0.005469637749717246,0.012726006805454323,0.6673436819643261,2,0.19172813669683433,0.908587513476227,1.0,0.9996963316144832,1.0,0.9996963316144832
dMRI_TBSS_L3_cingulum_cingulate_gyrus_left,exploratory,primary,dMRI_TBSS,L3,GG,36343,ok,0.006183399599506788,0.01428649338084167,0.6651522052015705,0.005072583645695843,0.012683404646490041,0.689204061697928,2,0.21710295254271456,0.8971327125813802,1.0,0.9996963316144832,1.0,0.9996963316144832
dMRI_TBSS_L3_cingulum_hippocampus_right,exploratory,primary,dMRI_TBSS,L3,GG,36328,ok,-0.013967200456686884,0.01447171852779277,0.3344823001580456,-0.0056336230650606035,0.012847478562082125,0.6610262704694729,2,0.9659898578411608,0.6169329518816107,1.0,0.9996963316144832,1.0,0.9996963316144832
dMRI_TBSS_L3_cingulum_hippocampus_left,exploratory,primary,dMRI_TBSS,L3,GG,36316,ok,-0.015232979910113518,0.014364081638074386,0.2889283221472691,-0.008716970973883792,0.012751271016149946,0.49422213887497846,2,1.127122837749815,0.5691783673341495,1.0,0.9996963316144832,1.0,0.9996963316144832
dMRI_TBSS_L3_fornix_cres_stria_terminalis_right,exploratory,primary,dMRI_TBSS,L3,GG,36276,ok,0.004103482657668706,0.012947675422911824,0.7512999565174792,-0.003968080315477996,0.011496486431135858,0.7299791607654931,2,0.5584674367300774,0.7563631066068933,1.0,0.9996963316144832,1.0,0.9996963316144832
dMRI_TBSS_L3_fornix_cres_stria_terminalis_left,exploratory,primary,dMRI_TBSS,L3,GG,36258,ok,0.013008903864590478,0.012818442464112404,0.31018011415486896,0.00818813611844377,0.011382180468553917,0.47191020512337467,2,1.0467631329984153,0.592513532542671,1.0,0.9996963316144832,1.0,0.9996963316144832
dMRI_TBSS_L3_superior_longitudinal_fasciculus_right,exploratory,primary,dMRI_TBSS,L3,GG,36319,ok,0.019109466218275566,0.014111744927599748,0.17569590155203524,0.008981994582117354,0.012529732559861383,0.4734685222443864,2,1.8514311474458804,0.3962477731080862,1.0,0.9996963316144832,1.0,0.9996963316144832
dMRI_TBSS_L3_superior_longitudinal_fasciculus_left,exploratory,primary,dMRI_TBSS,L3,GG,36305,ok,0.013905654261071683,0.014007986712338442,0.3208653773430849,0.009875569089289587,0.012434246236257976,0.42707059520416246,2,1.0434873796541655,0.5934847918198692,1.0,0.9996963316144832,1.0,0.9996963316144832
dMRI_TBSS_L3_superior_fronto_occipital_fasciculus_rig,exploratory,primary,dMRI_TBSS,L3,GG,36281,ok,0.006455133167570166,0.013204617964032661,0.6249478687590921,-0.0024185021058645405,0.011720778834138749,0.8365240550388435,2,0.6400913800793715,0.7261158600533049,1.0,0.9996963316144832,1.0,0.9996963316144832
dMRI_TBSS_L3_superior_fronto_occipital_fasciculus_lef,exploratory,primary,dMRI_TBSS,L3,GG,36300,ok,0.01752554758678863,0.013087451756462089,0.18054300772321677,0.0007035162494062903,0.011619162299956558,0.951719575218215,2,2.691533593794024,0.2603400033966067,1.0,0.9996963316144832,1.0,0.9996963316144832
dMRI_TBSS_L3_uncinate_fasciculus_right,exploratory,primary,dMRI_TBSS,L3,GG,36331,ok,-0.011133804972234011,0.014528314217907519,0.4434717742087858,0.0025643893644965486,0.012897684211430057,0.8424003099777599,2,1.2859000179612936,0.5257391987973251,1.0,0.9996963316144832,1.0,0.9996963316144832
dMRI_TBSS_L3_uncinate_fasciculus_left,exploratory,primary,dMRI_TBSS,L3,GG,36332,ok,-0.007824039676774771,0.014559162389143137,0.5909972080546406,-0.010782885135969238,0.012926261493933397,0.4041825940676864,2,0.697371480452301,0.7056148417912296,1.0,0.9996963316144832,1.0,0.9996963316144832
dMRI_TBSS_L3_tapetum_right,exploratory,primary,dMRI_TBSS,L3,GG,36339,ok,0.014271309122211284,0.013641562709246075,0.29549237659788374,0.002916099520052212,0.012111012330119911,0.8097263527889067,2,1.3409955643095608,0.5114539217749398,1.0,0.9996963316144832,1.0,0.9996963316144832
dMRI_TBSS_L3_tapetum_left,exploratory,primary,dMRI_TBSS,L3,GG,36336,ok,0.002283330148537817,0.014046334843829163,0.8708681449982294,0.006234157438828641,0.012471499472000458,0.6171680098285784,2,0.2813887397835711,0.8687547887468082,1.0,0.9996963316144832,1.0,0.9996963316144832
dMRI_TBSS_ICVF_middle_cerebellar_peduncle,exploratory,primary,dMRI_TBSS,ICVF,GG,36323,ok,0.009987497080388251,0.014434355156741298,0.48898860038301206,0.02303219912311468,0.012815237197647383,0.07230407665609073,2,3.4827123522537335,0.17528252537672165,1.0,0.9996963316144832,1.0,0.9996963316144832
dMRI_TBSS_ICVF_pontine_crossing_tract,exploratory,primary,dMRI_TBSS,ICVF,GG,36320,ok,0.00551848233167886,0.014435885722588287,0.7022594234417687,0.011456846594463303,0.012817266460268265,0.37140252978007504,2,0.8397874163925183,0.6571166622184488,1.0,0.9996963316144832,1.0,0.9996963316144832
dMRI_TBSS_ICVF_genu_of_corpus_callosum,exploratory,primary,dMRI_TBSS,ICVF,GG,36320,ok,0.0010204393740196696,0.014226486289857522,0.9428186581261035,-0.001238328764185872,0.012631033747674178,0.921902190462194,2,0.036902951477023924,0.9817177105629268,1.0,0.9996963316144832,1.0,0.9996963316144832
dMRI_TBSS_ICVF_body_of_corpus_callosum,exploratory,primary,dMRI_TBSS,ICVF,GG,36320,ok,0.008821979951654506,0.014775689509349158,0.550470741676711,0.002688200077782094,0.013118645675060336,0.8376401137733165,2,0.3958400960179266,0.8204354459630795,1.0,0.9996963316144832,1.0,0.9996963316144832
dMRI_TBSS_ICVF_splenium_of_corpus_callosum,exploratory,primary,dMRI_TBSS,ICVF,GG,36319,ok,0.010815589606041162,0.014131635190552475,0.44407055323620026,0.0031014139539511966,0.01254650865087271,0.804759962345373,2,0.6607028982688692,0.7186711127023557,1.0,0.9996963316144832,1.0,0.9996963316144832
dMRI_TBSS_ICVF_fornix,exploratory,primary,dMRI_TBSS,ICVF,GG,36333,ok,0.0071634313836469975,0.014375980963530419,0.6182815059668462,0.00490959041907938,0.012763541646826285,0.7004935333221862,2,0.25897285218807065,0.878546513643072,1.0,0.9996963316144832,1.0,0.9996963316144832
dMRI_TBSS_ICVF_corticospinal_tract_right,exploratory,primary,dMRI_TBSS,ICVF,GG,36332,ok,-0.00768433232739516,0.01423678912339786,0.5893715335683186,0.008497517241329171,0.012640036633900103,0.5014161130451171,2,1.8756662320001873,0.39147519830192173,1.0,0.9996963316144832,1.0,0.9996963316144832
dMRI_TBSS_ICVF_corticospinal_tract_left,exploratory,primary,dMRI_TBSS,ICVF,GG,36322,ok,0.011289904998717562,0.014396992436382264,0.4329367049202678,0.01668951619135069,0.012781699540477826,0.19165086897878478,2,1.705063758755354,0.42633413769451767,1.0,0.9996963316144832,1.0,0.9996963316144832
dMRI_TBSS_ICVF_medial_lemniscus_right,exploratory,primary,dMRI_TBSS,ICVF,GG,36316,ok,-0.01935817215492435,0.013802028058559561,0.16075664971293666,-0.007895386708822567,0.012254149131989245,0.5193829558106775,2,2.035278459856666,0.36144722754726305,1.0,0.9996963316144832,1.0,0.9996963316144832
dMRI_TBSS_ICVF_medial_lemniscus_left,exploratory,primary,dMRI_TBSS,ICVF,GG,36314,ok,-0.013237685238355076,0.01394844917436977,0.34260480197950804,-0.0074601123479211395,0.012384356320949462,0.5469237062855866,2,0.901761810060402,0.6370667091006885,1.0,0.9996963316144832,1.0,0.9996963316144832
dMRI_TBSS_ICVF_inferior_cerebellar_peduncle_right,exploratory,primary,dMRI_TBSS,ICVF,GG,36317,ok,0.0012902247034444092,0.014247769468349344,0.9278456891149359,0.015627656279267484,0.012649793435228453,0.21668668782135678,2,2.2152916488679484,0.33033571467735273,1.0,0.9996963316144832,1.0,0.9996963316144832
dMRI_TBSS_ICVF_inferior_cerebellar_peduncle_left,exploratory,primary,dMRI_TBSS,ICVF,GG,36320,ok,0.004251376717289542,0.014222925920106535,0.7650103250015226,0.020735641146237143,0.012627398557978748,0.10057482962411278,2,3.4684808245760097,0.1765342426128782,1.0,0.9996963316144832,1.0,0.9996963316144832
dMRI_TBSS_ICVF_superior_cerebellar_peduncle_right,exploratory,primary,dMRI_TBSS,ICVF,GG,36312,ok,-0.0144436707911809,0.014140595870554806,0.30705616405833325,0.013051290279627559,0.012554400093469776,0.29854248108170933,2,5.406793092242043,0.06697763333667163,1.0,0.9996963316144832,1.0,0.9996963316144832
dMRI_TBSS_ICVF_superior_cerebellar_peduncle_left,exploratory,primary,dMRI_TBSS,ICVF,GG,36311,ok,-0.009925011592336039,0.0143050131139308,0.4878036011656286,0.012204275473219282,0.012700461679891192,0.33659294510824367,2,3.507371870029556,0.17313460299515637,1.0,0.9996963316144832,1.0,0.9996963316144832
dMRI_TBSS_ICVF_cerebral_peduncle_right,exploratory,primary,dMRI_TBSS,ICVF,GG,36316,ok,0.001182159677794628,0.014426908034253004,0.9346938398569418,0.0021082857078209547,0.012808526359619543,0.8692596086950024,2,0.02760636042758264,0.986291646871695,1.0,0.9996963316144832,1.0,0.9996963316144832
dMRI_TBSS_ICVF_cerebral_peduncle_left,exploratory,primary,dMRI_TBSS,ICVF,GG,36315,ok,0.009196409217615754,0.014634920315668522,0.5297537110008734,0.008718484259992844,0.012993328491969344,0.5022267208836015,2,0.5275839152325914,0.7681333273232454,1.0,0.9996963316144832,1.0,0.9996963316144832
dMRI_TBSS_ICVF_anterior_limb_of_internal_capsule_right,exploratory,primary,dMRI_TBSS,ICVF,GG,36313,ok,0.003434826869801452,0.013829537742959579,0.8038504113529141,0.00040258520719158405,0.012278468715201066,0.9738439076124619,2,0.08374492066032548,0.9589920823067113,1.0,0.9996963316144832,1.0,0.9996963316144832
dMRI_TBSS_ICVF_anterior_limb_of_internal_capsule_left,exploratory,primary,dMRI_TBSS,ICVF,GG,36315,ok,-3.1138780863250795e-05,0.013948898547295443,0.9982188586017202,-0.0013969440845371314,0.012384280251127923,0.9101899170294607,2,0.019677022043349496,0.9902097287956076,1.0,0.9996963316144832,1.0,0.9996963316144832
dMRI_TBSS_ICVF_posterior_limb_of_internal_capsule_right,exploratory,primary,dMRI_TBSS,ICVF,GG,36314,ok,-0.013514311428046315,0.014303485165439011,0.34475376658911205,-0.01047459248578268,0.01269963189786707,0.40949342652128573,2,0.9925838483141759,0.6087838964043712,1.0,0.9996963316144832,1.0,0.9996963316144832
dMRI_TBSS_ICVF_posterior_limb_of_internal_capsule_left,exploratory,primary,dMRI_TBSS,ICVF,GG,36316,ok,-0.0020952364015742143,0.014316640335348841,0.8836461251660452,-0.004982843478719082,0.012711074792905883,0.6950545778073847,2,0.1669810725260379,0.9198997923197259,1.0,0.9996963316144832,1.0,0.9996963316144832
dMRI_TBSS_ICVF_retrolenticular_part_of_internal_capsule_f25364,exploratory,primary,dMRI_TBSS,ICVF,GG,36319,ok,0.0030306457701797314,0.014456779933845164,0.833953807131302,-0.0010343547706317658,0.012835146787187725,0.9357703044575907,2,0.11238758044100756,0.9453559174063058,1.0,0.9996963316144832,1.0,0.9996963316144832
dMRI_TBSS_ICVF_retrolenticular_part_of_internal_capsule_f25365,exploratory,primary,dMRI_TBSS,ICVF,GG,36322,ok,-0.0014855864094568284,0.014497779919512082,0.9183842503550533,-0.007298830204073777,0.012871230055392128,0.5706732048130999,2,0.41420349616854685,0.8129369310040285,1.0,0.9996963316144832,1.0,0.9996963316144832
dMRI_TBSS_ICVF_anterior_corona_radiata_right,exploratory,primary,dMRI_TBSS,ICVF,GG,36322,ok,0.00026424168720445634,0.013523029023775985,0.9844103348794497,0.005627877231881496,0.012006639196912099,0.6392651440593891,2,0.331006958871598,0.847466914493072,1.0,0.9996963316144832,1.0,0.9996963316144832
dMRI_TBSS_ICVF_anterior_corona_radiata_left,exploratory,primary,dMRI_TBSS,ICVF,GG,36320,ok,-0.005372748778734458,0.013575201863645525,0.6922720838448779,-0.0003056047137407008,0.012052748234753568,0.9797714618540443,2,0.22982421945230344,0.8914444897641874,1.0,0.9996963316144832,1.0,0.9996963316144832
dMRI_TBSS_ICVF_superior_corona_radiata_right,exploratory,primary,dMRI_TBSS,ICVF,GG,36297,ok,-0.01100429063849167,0.013806761747087929,0.42544356603693423,-0.01107095690380637,0.012256524508968789,0.3663883540927835,2,0.9138349536779716,0.633232594261975,1.0,0.9996963316144832,1.0,0.9996963316144832
dMRI_TBSS_ICVF_superior_corona_radiata_left,exploratory,primary,dMRI_TBSS,ICVF,GG,36303,ok,-0.00526217597130126,0.013694115996301217,0.7007839479085064,-7.699674626115844e-05,0.012158193507432241,0.9949471374235968,2,0.2292684239998322,0.891692254586004,1.0,0.9996963316144832,1.0,0.9996963316144832
dMRI_TBSS_ICVF_posterior_corona_radiata_right,exploratory,primary,dMRI_TBSS,ICVF,GG,36319,ok,0.0027182917312927536,0.013895679603467484,0.8449076363931789,0.0015444134752833317,0.012336632402516406,0.9003744392069176,2,0.038332922953713426,0.9810160472703087,1.0,0.9996963316144832,1.0,0.9996963316144832
dMRI_TBSS_ICVF_posterior_corona_radiata_left,exploratory,primary,dMRI_TBSS,ICVF,GG,36320,ok,0.0019123113842515137,0.013943605861872101,0.890916062570505,-0.0005926733895442906,0.012379071805481905,0.9618144965749063,2,0.04605144839962414,0.977237344801217,1.0,0.9996963316144832,1.0,0.9996963316144832
dMRI_TBSS_ICVF_posterior_thalamic_radiation_right,exploratory,primary,dMRI_TBSS,ICVF,GG,36325,ok,-0.0020449078163331837,0.014100774438101307,0.8846951300128497,-0.0009109573460720769,0.01251723886508179,0.9419845944523466,2,0.021400654139855254,0.989356717782282,1.0,0.9996963316144832,1.0,0.9996963316144832
dMRI_TBSS_ICVF_posterior_thalamic_radiation_left,exploratory,primary,dMRI_TBSS,ICVF,GG,36328,ok,0.009948788006663191,0.013943975519535445,0.47555158216025595,-0.0032338612389722194,0.012378910039229859,0.7939092406584902,2,1.273018968380748,0.5291361625126426,1.0,0.9996963316144832,1.0,0.9996963316144832
dMRI_TBSS_ICVF_sagittal_stratum_right,exploratory,primary,dMRI_TBSS,ICVF,GG,36323,ok,0.008020014741248672,0.014246130815021912,0.5734649814283226,-0.0009308927291084723,0.012647281573352332,0.9413257544620913,2,0.5902633934836725,0.7444335415379522,1.0,0.9996963316144832,1.0,0.9996963316144832
dMRI_TBSS_ICVF_sagittal_stratum_left,exploratory,primary,dMRI_TBSS,ICVF,GG,36327,ok,0.011018662538845243,0.014111889668233865,0.4349210962988511,-0.0020173307858747467,0.012528478566148697,0.8720788484874642,2,1.24865028092382,0.5356227767153221,1.0,0.9996963316144832,1.0,0.9996963316144832
dMRI_TBSS_ICVF_external_capsule_right,exploratory,primary,dMRI_TBSS,ICVF,GG,36319,ok,0.0013976767654782889,0.013628980179626925,0.9183192473736912,-0.0029054049327233,0.01210022466303943,0.810245057833523,2,0.15533658513376405,0.9252712950116557,1.0,0.9996963316144832,1.0,0.9996963316144832
dMRI_TBSS_ICVF_external_capsule_left,exploratory,primary,dMRI_TBSS,ICVF,GG,36317,ok,-6.699155167843364e-05,0.013603473645986831,0.9960707873706574,-0.0002678611717848661,0.012077785677819449,0.9823060859748227,2,0.0006074290041946123,0.9996963316144832,1.0,0.9996963316144832,1.0,0.9996963316144832
dMRI_TBSS_ICVF_cingulum_cingulate_gyrus_right,exploratory,primary,dMRI_TBSS,ICVF,GG,36321,ok,-0.004942516394405967,0.01403039164083188,0.7246362091400671,0.00044647163325562935,0.012456794229299673,0.9714088468783777,2,0.2228845515882089,0.8945430266988059,1.0,0.9996963316144832,1.0,0.9996963316144832
dMRI_TBSS_ICVF_cingulum_cingulate_gyrus_left,exploratory,primary,dMRI_TBSS,ICVF,GG,36318,ok,-0.004148164298189939,0.014025818662696952,0.7674211541910787,0.0014327492147296526,0.012453025478803165,0.9084043050013888,2,0.2249765615135315,0.8936078194545437,1.0,0.9996963316144832,1.0,0.9996963316144832
dMRI_TBSS_ICVF_cingulum_hippocampus_right,exploratory,primary,dMRI_TBSS,ICVF,GG,36318,ok,0.010788880808959463,0.01431648821781637,0.4510953709337764,0.0008700593301754631,0.012710689126204525,0.9454270052515493,2,0.8077546993619927,0.6677260130553077,1.0,0.9996963316144832,1.0,0.9996963316144832
dMRI_TBSS_ICVF_cingulum_hippocampus_left,exploratory,primary,dMRI_TBSS,ICVF,GG,36316,ok,0.013608641922066289,0.014288681350784444,0.34089689198594186,0.005737803129282097,0.012686234009465034,0.6510658292014571,2,0.9322239257945987,0.6274370304467141,1.0,0.9996963316144832,1.0,0.9996963316144832
dMRI_TBSS_ICVF_fornix_cres_stria_terminalis_right,exploratory,primary,dMRI_TBSS,ICVF,GG,36314,ok,-7.918868529205395e-05,0.014569640378199286,0.9956634013414447,-0.011593400674179608,0.012935494508426133,0.37012670083894905,2,1.2629472871618714,0.5318075285290645,1.0,0.9996963316144832,1.0,0.9996963316144832
dMRI_TBSS_ICVF_fornix_cres_stria_terminalis_left,exploratory,primary,dMRI_TBSS,ICVF,GG,36317,ok,0.008586099018828747,0.014436998559837,0.552028467129755,-0.007490538874743912,0.012817787589883221,0.558964106077108,2,1.7697050583766696,0.41277504106116936,1.0,0.9996963316144832,1.0,0.9996963316144832
dMRI_TBSS_ICVF_superior_longitudinal_fasciculus_right,exploratory,primary,dMRI_TBSS,ICVF,GG,36315,ok,-0.006794846991561203,0.01434185205178333,0.6356614228065378,-0.003866359905453055,0.012733201661916741,0.7614008899951548,2,0.22486892252356103,0.8936559142703094,1.0,0.9996963316144832,1.0,0.9996963316144832
dMRI_TBSS_ICVF_superior_longitudinal_fasciculus_left,exploratory,primary,dMRI_TBSS,ICVF,GG,36313,ok,-0.008190525275272737,0.014102992352322662,0.5614024103151884,-0.004498220633370948,0.012521318968014792,0.7194139417706564,2,0.3373552673742311,0.844781188492832,1.0,0.9996963316144832,1.0,0.9996963316144832
dMRI_TBSS_ICVF_superior_fronto_occipital_fasciculus_rig,exploratory,primary,dMRI_TBSS,ICVF,GG,36308,ok,-0.012547871334049054,0.013145444591026177,0.3398160146470153,0.003281751501106785,0.011671309766691573,0.7785731181763231,2,2.0849057845071703,0.35258875815047624,1.0,0.9996963316144832,1.0,0.9996963316144832
dMRI_TBSS_ICVF_superior_fronto_occipital_fasciculus_lef,exploratory,primary,dMRI_TBSS,ICVF,GG,36340,ok,-0.022883125936916493,0.012987590642665992,0.07809083592046757,-0.005093046308848131,0.011530577268158733,0.658709547256734,2,3.729759133189167,0.1549148656863179,1.0,0.9996963316144832,1.0,0.9996963316144832
dMRI_TBSS_ICVF_uncinate_fasciculus_right,exploratory,primary,dMRI_TBSS,ICVF,GG,36318,ok,0.008545871486111896,0.01417268343998479,0.5465245037302671,-0.01099646691527635,0.012582622490396576,0.38215628881893404,2,2.7993193270708305,0.24668090416364064,1.0,0.9996963316144832,1.0,0.9996963316144832
dMRI_TBSS_ICVF_uncinate_fasciculus_left,exploratory,primary,dMRI_TBSS,ICVF,GG,36316,ok,0.006621876628654854,0.014146552689850126,0.63972219365162,0.007443046398437313,0.012560025989815756,0.5534539047626739,2,0.3697429851682656,0.8312110937787465,1.0,0.9996963316144832,1.0,0.9996963316144832
dMRI_TBSS_ICVF_tapetum_right,exploratory,primary,dMRI_TBSS,ICVF,GG,36326,ok,0.007534158796312805,0.01366718244180521,0.5814594599493097,0.0006088329918548293,0.012133382650874401,0.9599805486500721,2,0.4321858965045581,0.805660413665789,1.0,0.9996963316144832,1.0,0.9996963316144832
dMRI_TBSS_ICVF_tapetum_left,exploratory,primary,dMRI_TBSS,ICVF,GG,36325,ok,0.01505488181379215,0.013850170586999836,0.27705212140928953,0.0027676463857565664,0.012296325440131962,0.821918973839276,2,1.4811759195230685,0.4768334741892284,1.0,0.9996963316144832,1.0,0.9996963316144832
dMRI_TBSS_OD_middle_cerebellar_peduncle,exploratory,primary,dMRI_TBSS,OD,GG,36302,ok,-0.022001323049753434,0.014334863616095402,0.1248386966727019,0.0037679005897211766,0.012726844372256825,0.767186493062257,2,4.744130365235794,0.0932878707165611,1.0,0.9996963316144832,1.0,0.9996963316144832
dMRI_TBSS_OD_pontine_crossing_tract,exploratory,primary,dMRI_TBSS,OD,GG,36332,ok,0.001202740051950175,0.014326860296127406,0.9330966413025938,-0.004730918301150011,0.01272042205267085,0.7099581592817675,2,0.29033025113113814,0.8648794676077571,1.0,0.9996963316144832,1.0,0.9996963316144832
dMRI_TBSS_OD_genu_of_corpus_callosum,exploratory,primary,dMRI_TBSS,OD,GG,36327,ok,0.005374550721170947,0.014147294298567162,0.7040222051678309,-0.018760307381995397,0.012560774680974166,0.13529858870595712,2,4.853956186206456,0.08830327407185036,1.0,0.9996963316144832,1.0,0.9996963316144832
dMRI_TBSS_OD_body_of_corpus_callosum,exploratory,primary,dMRI_TBSS,OD,GG,36328,ok,0.008203000192500455,0.014495916148007227,0.5714764572036088,-0.023661679192565087,0.01287106127118174,0.06601714127336726,2,7.862147012998945,0.019622596257700155,1.0,0.6950530148122214,1.0,0.6950530148122214
dMRI_TBSS_OD_splenium_of_corpus_callosum,exploratory,primary,dMRI_TBSS,OD,GG,36329,ok,-0.0033166742583286167,0.013797772059467198,0.8100389597534299,-0.007790230622412272,0.012250633510486173,0.52484280420415,2,0.43801652570961686,0.8033150804503282,1.0,0.9996963316144832,1.0,0.9996963316144832
dMRI_TBSS_OD_fornix,exploratory,primary,dMRI_TBSS,OD,GG,36349,ok,0.015500706922815771,0.013364016454985908,0.24610372232442332,-0.004370264291777777,0.011864591811771203,0.7126180726694502,2,3.168157990067336,0.20513663800228643,1.0,0.9996963316144832,1.0,0.9996963316144832
dMRI_TBSS_OD_corticospinal_tract_right,exploratory,primary,dMRI_TBSS,OD,GG,36331,ok,-0.018235165800257275,0.01432193386308342,0.2029433547121807,-0.008358371137643554,0.012716646000647749,0.5110063731887593,2,1.6423839519273289,0.43990698332003375,1.0,0.9996963316144832,1.0,0.9996963316144832
dMRI_TBSS_OD_corticospinal_tract_left,exploratory,primary,dMRI_TBSS,OD,GG,36331,ok,-0.011744320740477529,0.014501725917506581,0.41802781592299454,-0.0036916294479624823,0.012875851588448676,0.7743363709619223,2,0.7224647244590292,0.6968170656871236,1.0,0.9996963316144832,1.0,0.9996963316144832
dMRI_TBSS_OD_medial_lemniscus_right,exploratory,primary,dMRI_TBSS,OD,GG,36276,ok,-0.02118744715892027,0.014580277327655466,0.1461885385393091,-0.0027639944517254098,0.012946050798526511,0.8309374306043247,2,2.8205339599013093,0.2440781104920322,1.0,0.9996963316144832,1.0,0.9996963316144832
dMRI_TBSS_OD_medial_lemniscus_left,exploratory,primary,dMRI_TBSS,OD,GG,36284,ok,-0.01660444422536438,0.01463973856119296,0.25671665297338675,-0.009905316813281384,0.012998741672044239,0.4460523050472227,2,1.294923772370973,0.5233724712974708,1.0,0.9996963316144832,1.0,0.9996963316144832
dMRI_TBSS_OD_inferior_cerebellar_peduncle_right,exploratory,primary,dMRI_TBSS,OD,GG,36234,ok,-0.013574470600736362,0.014233745631432995,0.3402508739098816,-0.001139130262325212,0.012640108805945018,0.9281921248701758,2,1.2884285161057694,0.5250749534772445,1.0,0.9996963316144832,1.0,0.9996963316144832
dMRI_TBSS_OD_inferior_cerebellar_peduncle_left,exploratory,primary,dMRI_TBSS,OD,GG,36239,ok,-0.014389050206892502,0.014490532582999042,0.3207182267059643,0.0016319045154695895,0.012868491920124604,0.8990883447779232,2,1.8299252910734742,0.4005315874538494,1.0,0.9996963316144832,1.0,0.9996963316144832
dMRI_TBSS_OD_superior_cerebellar_peduncle_right,exploratory,primary,dMRI_TBSS,OD,GG,36294,ok,-0.024415531283815364,0.013950524162384277,0.08010062645731719,-0.022862115891937398,0.012385840913662972,0.06492551813174895,2,4.0345058678199655,0.13302037940229733,1.0,0.9996963316144832,1.0,0.9996963316144832
dMRI_TBSS_OD_superior_cerebellar_peduncle_left,exploratory,primary,dMRI_TBSS,OD,GG,36290,ok,-0.0042525886250958725,0.014061282982039383,0.7623241358787359,-0.017982822205109564,0.012485285460359133,0.14978516119463495,2,2.5932528790528595,0.27345274809413567,1.0,0.9996963316144832,1.0,0.9996963316144832
dMRI_TBSS_OD_cerebral_peduncle_right,exploratory,primary,dMRI_TBSS,OD,GG,36326,ok,-0.016274114235551886,0.01450164628717037,0.2617740858123564,-0.011978251966793082,0.012875831299985293,0.3522273480362802,2,1.3574784603799,0.507256122588207,1.0,0.9996963316144832,1.0,0.9996963316144832
dMRI_TBSS_OD_cerebral_peduncle_left,exploratory,primary,dMRI_TBSS,OD,GG,36326,ok,-0.026985202227957562,0.014436811107667794,0.061603861297476546,-0.021440711970630966,0.01281783223573023,0.09439000989612092,2,3.9518210204431092,0.13863502615091508,1.0,0.9996963316144832,1.0,0.9996963316144832
dMRI_TBSS_OD_anterior_limb_of_internal_capsule_right,exploratory,primary,dMRI_TBSS,OD,GG,36326,ok,-0.003958308540372777,0.014490971438197364,0.7847341792144074,-0.009567105012512482,0.012865992790849701,0.45712553826084823,2,0.6033225112704117,0.7395885539161688,1.0,0.9996963316144832,1.0,0.9996963316144832
dMRI_TBSS_OD_anterior_limb_of_internal_capsule_left,exploratory,primary,dMRI_TBSS,OD,GG,36320,ok,-0.018927418023363972,0.014648931337259185,0.19634176337915915,-0.014549866838973894,0.013006904448008385,0.2633069563546206,2,1.846202649546852,0.39728501865097976,1.0,0.9996963316144832,1.0,0.9996963316144832
dMRI_TBSS_OD_posterior_limb_of_internal_capsule_right,exploratory,primary,dMRI_TBSS,OD,GG,36332,ok,-0.03198484192919329,0.01446936829550161,0.027075239947258953,-0.011628607773532425,0.012846989267028769,0.3653855251168915,2,5.189037399629522,0.07468181179565847,1.0,0.9996963316144832,1.0,0.9996963316144832
dMRI_TBSS_OD_posterior_limb_of_internal_capsule_left,exploratory,primary,dMRI_TBSS,OD,GG,36332,ok,-0.02697132046691994,0.014518087208996685,0.0632092500547664,-0.007772701505291361,0.012890245568616386,0.5465184726426016,2,3.8880474972622148,0.14312688297097262,1.0,0.9996963316144832,1.0,0.9996963316144832
dMRI_TBSS_OD_retrolenticular_part_of_internal_capsule_f25412,exploratory,primary,dMRI_TBSS,OD,GG,36331,ok,-0.008972956774598684,0.014427828401884096,0.533998300463215,-0.003766038270367046,0.012810188770710721,0.7687689631186981,2,0.39786770030976804,0.819604108224568,1.0,0.9996963316144832,1.0,0.9996963316144832
dMRI_TBSS_OD_retrolenticular_part_of_internal_capsule_f25413,exploratory,primary,dMRI_TBSS,OD,GG,36327,ok,-0.009806256272472016,0.01436649233275673,0.49487769065982434,-0.016453129286571052,0.012755725651640083,0.19710670032718286,2,1.6797877893344766,0.43175633264808333,1.0,0.9996963316144832,1.0,0.9996963316144832
dMRI_TBSS_OD_anterior_corona_radiata_right,exploratory,primary,dMRI_TBSS,OD,GG,36333,ok,0.010381459271780339,0.014616720554460252,0.47755650332962474,-0.01257311387327982,0.012978141864055132,0.33265566965696824,2,3.6095941451733156,0.1645078363399089,1.0,0.9996963316144832,1.0,0.9996963316144832
dMRI_TBSS_OD_anterior_corona_radiata_left,exploratory,primary,dMRI_TBSS,OD,GG,36333,ok,0.01790159187413985,0.014604800832533533,0.22030697691304094,-0.007715129130913965,0.012967523923740688,0.5518754074758649,2,4.344033684251636,0.11394757074460363,1.0,0.9996963316144832,1.0,0.9996963316144832
dMRI_TBSS_OD_superior_corona_radiata_right,exploratory,primary,dMRI_TBSS,OD,GG,36333,ok,-0.02330979679434139,0.014333484157676952,0.10390563584308107,-0.011842838750350363,0.012726657126092085,0.35209062681334613,2,2.649819196781492,0.2658269891903362,1.0,0.9996963316144832,1.0,0.9996963316144832
dMRI_TBSS_OD_superior_corona_radiata_left,exploratory,primary,dMRI_TBSS,OD,GG,36334,ok,-0.015351045626793096,0.014271472301364404,0.28209295809496693,-0.008413552519380618,0.012671476040701042,0.506710063501969,2,1.1571984051159,0.5606832203473409,1.0,0.9996963316144832,1.0,0.9996963316144832
dMRI_TBSS_OD_posterior_corona_radiata_right,exploratory,primary,dMRI_TBSS,OD,GG,36329,ok,-0.00013231809575521867,0.013605385754178799,0.9922404130125029,-0.003270567167355761,0.012080199253260586,0.786594203365708,2,0.11119053356346537,0.9459219044422117,1.0,0.9996963316144832,1.0,0.9996963316144832
dMRI_TBSS_OD_posterior_corona_radiata_left,exploratory,primary,dMRI_TBSS,OD,GG,36330,ok,-0.011996280280084645,0.013962228339182125,0.3902384772558981,0.004103391720688942,0.012397304440809042,0.7406534669479422,2,1.8901298295284317,0.3886543406779682,1.0,0.9996963316144832,1.0,0.9996963316144832
dMRI_TBSS_OD_posterior_thalamic_radiation_right,exploratory,primary,dMRI_TBSS,OD,GG,36319,ok,0.027262295441322346,0.014488319814074785,0.05988828258950786,-0.0026188675602012005,0.012863091873076953,0.8386707553767028,2,6.410468937732553,0.040549392952976396,1.0,0.9746336234768969,1.0,0.9746336234768969
dMRI_TBSS_OD_posterior_thalamic_radiation_left,exploratory,primary,dMRI_TBSS,OD,GG,36315,ok,0.023238500971306246,0.014418931724184462,0.10704335404045408,-0.002173259783674916,0.012801109439055384,0.8651910192187012,2,4.686578731563897,0.09601130195153541,1.0,0.9996963316144832,1.0,0.9996963316144832
dMRI_TBSS_OD_sagittal_stratum_right,exploratory,primary,dMRI_TBSS,OD,GG,36321,ok,-0.006362636260829168,0.014676800097102009,0.6646420967033921,-0.0038416278043784187,0.013031055982021216,0.7681441024612434,2,0.18951378912141154,0.9095940348492113,1.0,0.9996963316144832,1.0,0.9996963316144832
dMRI_TBSS_OD_sagittal_stratum_left,exploratory,primary,dMRI_TBSS,OD,GG,36319,ok,0.002343142831888729,0.014518710399093705,0.8717888678959043,-0.0050405751446066,0.012890584549372116,0.6957790845859433,2,0.40488831605134584,0.8167320892570764,1.0,0.9996963316144832,1.0,0.9996963316144832
dMRI_TBSS_OD_external_capsule_right,exploratory,primary,dMRI_TBSS,OD,GG,36324,ok,-0.015062237841783309,0.014343175785283713,0.2936641013852361,-0.016454914703739075,0.012734623886773681,0.19631695344492434,2,1.7813428274643812,0.4103801253810998,1.0,0.9996963316144832,1.0,0.9996963316144832
dMRI_TBSS_OD_external_capsule_left,exploratory,primary,dMRI_TBSS,OD,GG,36318,ok,-0.011526740659927894,0.014441298280538868,0.4247718603047642,-0.006490568631929351,0.012822355396463554,0.6127252245776167,2,0.6378220866969713,0.7269402125973444,1.0,0.9996963316144832,1.0,0.9996963316144832
dMRI_TBSS_OD_cingulum_cingulate_gyrus_right,exploratory,primary,dMRI_TBSS,OD,GG,36308,ok,0.012096339811370224,0.014462524652557544,0.4029399253213085,-0.00946127775263785,0.012841867325497296,0.46127764349125433,2,3.153932702500007,0.20660090306020032,1.0,0.9996963316144832,1.0,0.9996963316144832
dMRI_TBSS_OD_cingulum_cingulate_gyrus_left,exploratory,primary,dMRI_TBSS,OD,GG,36311,ok,0.004813402955544351,0.014408363236595322,0.7383286134688121,-0.009462424006916286,0.012792300472967375,0.4594887632246011,2,1.5188438672614122,0.4679368473963468,1.0,0.9996963316144832,1.0,0.9996963316144832
dMRI_TBSS_OD_cingulum_hippocampus_right,exploratory,primary,dMRI_TBSS,OD,GG,36325,ok,0.013674984613030287,0.01458674803976427,0.34851089367351695,-0.01233210316514428,0.012951082198178554,0.3409986648481954,2,4.545417359042507,0.1030327191525286,1.0,0.9996963316144832,1.0,0.9996963316144832
dMRI_TBSS_OD_cingulum_hippocampus_left,exploratory,primary,dMRI_TBSS,OD,GG,36319,ok,0.0015888537854709356,0.014542145063716585,0.9129980206330497,-0.0027089869012718046,0.012910601824722902,0.8338042367683336,2,0.13273337924470793,0.9357876577475025,1.0,0.9996963316144832,1.0,0.9996963316144832
dMRI_TBSS_OD_fornix_cres_stria_terminalis_right,exploratory,primary,dMRI_TBSS,OD,GG,36293,ok,0.003446412697245926,0.013923445421677333,0.8045026879753145,0.0010896014446592397,0.012361838447610962,0.9297640266516678,2,0.06739454832843833,0.9668641550982827,1.0,0.9996963316144832,1.0,0.9996963316144832
dMRI_TBSS_OD_fornix_cres_stria_terminalis_left,exploratory,primary,dMRI_TBSS,OD,GG,36282,ok,0.003923555482773963,0.013816230418747157,0.7764260888911323,-0.004450478201379112,0.012268462404065674,0.7167880690509216,2,0.5345280771084364,0.7654709309422005,1.0,0.9996963316144832,1.0,0.9996963316144832
dMRI_TBSS_OD_superior_longitudinal_fasciculus_right,exploratory,primary,dMRI_TBSS,OD,GG,36328,ok,-0.026969054893383804,0.01463738948188842,0.0654135445530271,-0.008099927831296611,0.012996226398385291,0.5331226625735231,2,3.7836858463445475,0.1507936514892263,1.0,0.9996963316144832,1.0,0.9996963316144832
dMRI_TBSS_OD_superior_longitudinal_fasciculus_left,exploratory,primary,dMRI_TBSS,OD,GG,36327,ok,-0.02114465976457776,0.01471194151441449,0.15065710051440123,-0.003708457318872963,0.013062540340483922,0.776488511806789,2,2.6149675611628767,0.27049983773092967,1.0,0.9996963316144832,1.0,0.9996963316144832
dMRI_TBSS_OD_superior_fronto_occipital_fasciculus_rig,exploratory,primary,dMRI_TBSS,OD,GG,36331,ok,-0.0307702507470662,0.01461590644730884,0.035275727846846336,-0.03172190067576557,0.012977649657195561,0.014516118443508468,2,6.585603308998374,0.037149623052719974,1.0,0.9260657091366946,1.0,0.9260657091366946
dMRI_TBSS_OD_superior_fronto_occipital_fasciculus_lef,exploratory,primary,dMRI_TBSS,OD,GG,36327,ok,-0.0360931004005838,0.014699288055734379,0.014076196881897995,-0.02103685094887188,0.013051643551307562,0.10701062973212187,2,6.05221327326799,0.04850411512819851,1.0,0.9996963316144832,1.0,0.9996963316144832
dMRI_TBSS_OD_uncinate_fasciculus_right,exploratory,primary,dMRI_TBSS,OD,GG,36329,ok,-0.015873704669466575,0.014736508766594051,0.28141210496701835,0.0029488633516063924,0.013084514961695036,0.8216923472346344,2,2.385523528512062,0.3033822357861341,1.0,0.9996963316144832,1.0,0.9996963316144832
dMRI_TBSS_OD_uncinate_fasciculus_left,exploratory,primary,dMRI_TBSS,OD,GG,36327,ok,-0.015832588842690405,0.014821429990889798,0.2854271455643267,-0.003693227857749813,0.013159251696920154,0.77897557298786,2,1.355574207349197,0.5077393245908133,1.0,0.9996963316144832,1.0,0.9996963316144832
dMRI_TBSS_OD_tapetum_right,exploratory,primary,dMRI_TBSS,OD,GG,36303,ok,-0.022865149264510963,0.014704639202487954,0.11996394069282872,-0.031162754810822913,0.013055921914669335,0.0169977102814158,2,5.714827060135842,0.05741707591624319,1.0,0.9996963316144832,1.0,0.9996963316144832
dMRI_TBSS_OD_tapetum_left,exploratory,primary,dMRI_TBSS,OD,GG,36312,ok,-0.005136094927965248,0.014369204122388735,0.7207662549230797,-0.002040920602508805,0.012759211861843292,0.872916124570732,2,0.13292576225600036,0.9356976472529306,1.0,0.9996963316144832,1.0,0.9996963316144832
dMRI_TBSS_ISOVF_middle_cerebellar_peduncle,exploratory,primary,dMRI_TBSS,ISOVF,GG,36333,ok,0.020736366408537422,0.014592045175099677,0.1553040289137878,0.022728085454428927,0.01295420974028366,0.0793543047333942,2,3.2786398311938707,0.19411200996165062,1.0,0.9996963316144832,1.0,0.9996963316144832
dMRI_TBSS_ISOVF_pontine_crossing_tract,exploratory,primary,dMRI_TBSS,ISOVF,GG,36347,ok,0.017773998152243675,0.01475896731624883,0.22848741715857487,0.00796919221309952,0.013102839829101274,0.5430563594527469,2,1.4742966990413664,0.47847641941604824,1.0,0.9996963316144832,1.0,0.9996963316144832
dMRI_TBSS_ISOVF_genu_of_corpus_callosum,exploratory,primary,dMRI_TBSS,ISOVF,GG,36342,ok,0.004924819571164745,0.01349645110610619,0.7151901396161124,-0.0033219801528677757,0.0119821313702108,0.7815939420931222,2,0.527406075102234,0.7682016328255967,1.0,0.9996963316144832,1.0,0.9996963316144832
dMRI_TBSS_ISOVF_body_of_corpus_callosum,exploratory,primary,dMRI_TBSS,ISOVF,GG,36342,ok,0.0015376369869252676,0.013548450273537661,0.9096413509877128,-0.006292382696553217,0.012028715772711371,0.6008985163855971,2,0.5682081243202322,0.7526883142587731,1.0,0.9996963316144832,1.0,0.9996963316144832
dMRI_TBSS_ISOVF_splenium_of_corpus_callosum,exploratory,primary,dMRI_TBSS,ISOVF,GG,36313,ok,0.003745274672785954,0.014446191392455402,0.7954385091383264,0.008862616553785601,0.012825692347710069,0.48956686836527485,2,0.5182624080221128,0.7717217634102349,1.0,0.9996963316144832,1.0,0.9996963316144832
dMRI_TBSS_ISOVF_fornix,exploratory,primary,dMRI_TBSS,ISOVF,GG,36349,ok,0.022339796729117303,0.012210031820181218,0.06731401498244229,-0.004367269072853366,0.01084008269842711,0.6870377530620564,2,6.978385686719332,0.030525501091087426,1.0,0.843399469770859,1.0,0.843399469770859
dMRI_TBSS_ISOVF_corticospinal_tract_right,exploratory,primary,dMRI_TBSS,ISOVF,GG,36342,ok,-0.003416058667273569,0.01485286329144324,0.8180982912754349,-0.0006833131795832857,0.013185890719731629,0.9586711762645549,2,0.06512099047415609,0.9679638908549941,1.0,0.9996963316144832,1.0,0.9996963316144832
dMRI_TBSS_ISOVF_corticospinal_tract_left,exploratory,primary,dMRI_TBSS,ISOVF,GG,36343,ok,-0.005188518874419763,0.014869333037635253,0.7271356809554687,-0.004082016469464637,0.013200851598111352,0.7571531240440557,2,0.13676816221692092,0.9339017106803671,1.0,0.9996963316144832,1.0,0.9996963316144832
dMRI_TBSS_ISOVF_medial_lemniscus_right,exploratory,primary,dMRI_TBSS,ISOVF,GG,36297,ok,-0.008375740412064306,0.014282127503730391,0.5575774265623288,0.005331969220443735,0.012679715630162097,0.6741141501135484,2,1.2997665913421235,0.5221067053183122,1.0,0.9996963316144832,1.0,0.9996963316144832
dMRI_TBSS_ISOVF_medial_lemniscus_left,exploratory,primary,dMRI_TBSS,ISOVF,GG,36294,ok,3.857012475359713e-05,0.014295464116966132,0.9978472711843263,0.005030179899722869,0.012691910230829702,0.6918642144221767,2,0.24676595624426384,0.883925073764053,1.0,0.9996963316144832,1.0,0.9996963316144832
dMRI_TBSS_ISOVF_inferior_cerebellar_peduncle_right,exploratory,primary,dMRI_TBSS,ISOVF,GG,36309,ok,0.0013196842368794347,0.014521495206899987,0.9275900442532147,-0.0018561691481719014,0.012891763982648395,0.8855162680958036,2,0.07109418775748264,0.965077283927208,1.0,0.9996963316144832,1.0,0.9996963316144832
dMRI_TBSS_ISOVF_inferior_cerebellar_peduncle_left,exploratory,primary,dMRI_TBSS,ISOVF,GG,36310,ok,0.014577529847322,0.014254048856326092,0.3064593818662015,0.013668633136670012,0.012654149318196634,0.280073642525839,2,1.3799063430427427,0.5015995576602497,1.0,0.9996963316144832,1.0,0.9996963316144832
dMRI_TBSS_ISOVF_superior_cerebellar_peduncle_right,exploratory,primary,dMRI_TBSS,ISOVF,GG,36342,ok,0.03748828672769182,0.014406967555696329,0.009269401733670182,-0.0028752148499324483,0.012789677577250707,0.8221303323337701,2,11.931575484463727,0.0025650232342023706,1.0,0.14385505305151627,1.0,0.14385505305151627
dMRI_TBSS_ISOVF_superior_cerebellar_peduncle_left,exploratory,primary,dMRI_TBSS,ISOVF,GG,36338,ok,0.04423077444576658,0.014376352848483891,0.0020950799578091364,0.00441141034989022,0.01276248805185943,0.7296044486535288,2,13.137543122578832,0.0014035204924747482,0.9445692914355055,0.09445692914355056,0.9445692914355055,0.09445692914355056
dMRI_TBSS_ISOVF_cerebral_peduncle_right,exploratory,primary,dMRI_TBSS,ISOVF,GG,36341,ok,0.01515183018482233,0.01452826016640934,0.29699174485449537,-0.009383250677504937,0.012898680106155313,0.4669500003245055,2,4.02125088751962,0.13390489848972334,1.0,0.9996963316144832,1.0,0.9996963316144832
dMRI_TBSS_ISOVF_cerebral_peduncle_left,exploratory,primary,dMRI_TBSS,ISOVF,GG,36340,ok,-0.005235254215079612,0.01463699216476941,0.7205902573666558,0.0021344787350858407,0.012994956690301354,0.8695317967192713,2,0.3584363832784162,0.8359234879813411,1.0,0.9996963316144832,1.0,0.9996963316144832
dMRI_TBSS_ISOVF_anterior_limb_of_internal_capsule_right,exploratory,primary,dMRI_TBSS,ISOVF,GG,36332,ok,0.020218929319019557,0.014156272218791024,0.1532237711905647,0.008789197649829949,0.012566183263250501,0.4842862313240439,2,2.0845380692355646,0.3526535902457159,1.0,0.9996963316144832,1.0,0.9996963316144832
dMRI_TBSS_ISOVF_anterior_limb_of_internal_capsule_left,exploratory,primary,dMRI_TBSS,ISOVF,GG,36321,ok,0.02427735596452605,0.014037095554554827,0.08372561263522314,0.012589492499352819,0.012461966035548689,0.3123902866016818,2,2.99375242863993,0.22382826073812387,1.0,0.9996963316144832,1.0,0.9996963316144832
dMRI_TBSS_ISOVF_posterior_limb_of_internal_capsule_right,exploratory,primary,dMRI_TBSS,ISOVF,GG,36346,ok,-0.00012307869495474608,0.014450658763956046,0.9932044117383132,-0.0005776269506383309,0.012829626481125053,0.9640893059157075,2,0.002588407723283232,0.9987066332590022,1.0,0.9996963316144832,1.0,0.9996963316144832
dMRI_TBSS_ISOVF_posterior_limb_of_internal_capsule_left,exploratory,primary,dMRI_TBSS,ISOVF,GG,36346,ok,0.016356362809271233,0.014180599800583445,0.24874055409577428,0.0023395933293549015,0.012589870631926571,0.8525780149841381,2,1.7499533683526998,0.41687173927315546,1.0,0.9996963316144832,1.0,0.9996963316144832
dMRI_TBSS_ISOVF_retrolenticular_part_of_internal_capsule_f25460,exploratory,primary,dMRI_TBSS,ISOVF,GG,36343,ok,0.0059374506341463434,0.014288201357534593,0.6777423621282137,-0.0037455896334082192,0.01268488518082583,0.7677818782438156,2,0.6477317236386793,0.7233472643585477,1.0,0.9996963316144832,1.0,0.9996963316144832
dMRI_TBSS_ISOVF_retrolenticular_part_of_internal_capsule_f25461,exploratory,primary,dMRI_TBSS,ISOVF,GG,36342,ok,0.0034941310251026198,0.014552180042768178,0.8102459606785891,0.0045339447036654365,0.012919814688288487,0.725643240861559,2,0.12430558922417748,0.9397392887207779,1.0,0.9996963316144832,1.0,0.9996963316144832
dMRI_TBSS_ISOVF_anterior_corona_radiata_right,exploratory,primary,dMRI_TBSS,ISOVF,GG,36328,ok,0.0002870644825880425,0.014490443547445813,0.9841945652672612,0.009201794171106855,0.012866210728796582,0.47449581935004237,2,0.7837236845344814,0.675797474158095,1.0,0.9996963316144832,1.0,0.9996963316144832
dMRI_TBSS_ISOVF_anterior_corona_radiata_left,exploratory,primary,dMRI_TBSS,ISOVF,GG,36335,ok,0.008572825284519005,0.014385111347940028,0.5512115009066214,0.017137819156436432,0.012772677857263218,0.17968346463278326,2,1.8761991678864869,0.391370896608182,1.0,0.9996963316144832,1.0,0.9996963316144832
dMRI_TBSS_ISOVF_superior_corona_radiata_right,exploratory,primary,dMRI_TBSS,ISOVF,GG,36339,ok,0.0009469849285219559,0.014016362445582789,0.9461340276502361,-8.758291247180645e-05,0.012444788183277752,0.9943847983140142,2,0.0082253988861422,0.9958957461232911,1.0,0.9996963316144832,1.0,0.9996963316144832
dMRI_TBSS_ISOVF_superior_corona_radiata_left,exploratory,primary,dMRI_TBSS,ISOVF,GG,36335,ok,0.012722611770052183,0.013978741264848063,0.3627547173002712,0.00252248194948047,0.012410697623446343,0.8389402909173624,2,1.0219303716533625,0.5999162686065844,1.0,0.9996963316144832,1.0,0.9996963316144832
dMRI_TBSS_ISOVF_posterior_corona_radiata_right,exploratory,primary,dMRI_TBSS,ISOVF,GG,36305,ok,0.007319375865552273,0.013965758514032676,0.6002160838800902,-0.004152915629102096,0.012398754245641212,0.7376676066772923,2,0.9508269037600987,0.6216279900652051,1.0,0.9996963316144832,1.0,0.9996963316144832
dMRI_TBSS_ISOVF_posterior_corona_radiata_left,exploratory,primary,dMRI_TBSS,ISOVF,GG,36306,ok,0.015798644315737936,0.01433050230195552,0.27027394309399594,0.00068719218930634,0.012722455409492829,0.9569242147430161,2,1.8149696449176402,0.403537918197708,1.0,0.9996963316144832,1.0,0.9996963316144832
dMRI_TBSS_ISOVF_posterior_thalamic_radiation_right,exploratory,primary,dMRI_TBSS,ISOVF,GG,36335,ok,0.02584662239409892,0.014166966273964497,0.06809547494138063,0.01065223091189204,0.012577355349658242,0.39703567453742716,2,3.4364565437216976,0.17938368565673357,1.0,0.9996963316144832,1.0,0.9996963316144832
dMRI_TBSS_ISOVF_posterior_thalamic_radiation_left,exploratory,primary,dMRI_TBSS,ISOVF,GG,36330,ok,0.023319644639028178,0.01408842545508949,0.09788563117931223,0.017341007509850858,0.012508599676201958,0.16565563894447788,2,2.969866108247062,0.22651750458176248,1.0,0.9996963316144832,1.0,0.9996963316144832
dMRI_TBSS_ISOVF_sagittal_stratum_right,exploratory,primary,dMRI_TBSS,ISOVF,GG,36341,ok,0.020031342717873307,0.014082547458060856,0.15491201257655454,0.00801723875094124,0.012502927579439294,0.5213780100123113,2,2.1017185956055564,0.3496371775309791,1.0,0.9996963316144832,1.0,0.9996963316144832
dMRI_TBSS_ISOVF_sagittal_stratum_left,exploratory,primary,dMRI_TBSS,ISOVF,GG,36338,ok,0.026847476974651893,0.014549082938196869,0.0650015067450428,-0.007298633527363689,0.01291636159897992,0.572030430116472,2,7.907014235631588,0.019187291544658012,1.0,0.6950530148122214,1.0,0.6950530148122214
dMRI_TBSS_ISOVF_external_capsule_right,exploratory,primary,dMRI_TBSS,ISOVF,GG,36271,ok,0.01793508909278592,0.01428749042947795,0.20937790987035002,0.0087691378425595,0.01268481840147352,0.48937537382747953,2,1.5837816519584775,0.4529874645399429,1.0,0.9996963316144832,1.0,0.9996963316144832
dMRI_TBSS_ISOVF_external_capsule_left,exploratory,primary,dMRI_TBSS,ISOVF,GG,36259,ok,0.011085051716967638,0.014350566510176082,0.43985477909645576,0.000578387156089772,0.012741839999838722,0.9637945099946098,2,0.8811744538974635,0.6436583365622911,1.0,0.9996963316144832,1.0,0.9996963316144832
dMRI_TBSS_ISOVF_cingulum_cingulate_gyrus_right,exploratory,primary,dMRI_TBSS,ISOVF,GG,36342,ok,-0.0028753700472265702,0.014672813651148482,0.8446380108889628,0.01601529052808005,0.013027334562616781,0.2189446396887716,2,2.9189424562574344,0.23235910721164615,1.0,0.9996963316144832,1.0,0.9996963316144832
dMRI_TBSS_ISOVF_cingulum_cingulate_gyrus_left,exploratory,primary,dMRI_TBSS,ISOVF,GG,36344,ok,-0.0030472233267738007,0.014677788072535175,0.8355363758833736,0.018315013377293847,0.013031080968946103,0.15988510278714171,2,3.759020836576011,0.15266482937225895,1.0,0.9996963316144832,1.0,0.9996963316144832
dMRI_TBSS_ISOVF_cingulum_hippocampus_right,exploratory,primary,dMRI_TBSS,ISOVF,GG,36290,ok,0.009933440991449445,0.014334956023170153,0.48834391438014924,0.000635414917581388,0.012727212971901405,0.9601818784145504,2,0.6981582527926978,0.705337317261717,1.0,0.9996963316144832,1.0,0.9996963316144832
dMRI_TBSS_ISOVF_cingulum_hippocampus_left,exploratory,primary,dMRI_TBSS,ISOVF,GG,36280,ok,0.014851337589555228,0.014200331692917503,0.29563984539553173,0.016550839396107492,0.012606700211383971,0.18923825338341826,2,1.8214880519921963,0.40222484693287913,1.0,0.9996963316144832,1.0,0.9996963316144832
dMRI_TBSS_ISOVF_fornix_cres_stria_terminalis_right,exploratory,primary,dMRI_TBSS,ISOVF,GG,36329,ok,0.007741312168839229,0.013287607322012967,0.5601686496303708,-0.0062701480471438874,0.011796705172962465,0.5950638929155414,2,1.5807972535567059,0.45366391664766903,1.0,0.9996963316144832,1.0,0.9996963316144832
dMRI_TBSS_ISOVF_fornix_cres_stria_terminalis_left,exploratory,primary,dMRI_TBSS,ISOVF,GG,36307,ok,0.020169418314167332,0.013214551411034897,0.1269429737817151,0.005705866868305302,0.011733176220780087,0.6267560109921548,2,2.6373577222823803,0.26748845802656807,1.0,0.9996963316144832,1.0,0.9996963316144832
dMRI_TBSS_ISOVF_superior_longitudinal_fasciculus_right,exploratory,primary,dMRI_TBSS,ISOVF,GG,36337,ok,0.016053710630040026,0.013650938328159378,0.23959652361474243,0.005546931084107682,0.012119854833140166,0.6471900824067974,2,1.4872278898669984,0.4753927640499265,1.0,0.9996963316144832,1.0,0.9996963316144832
dMRI_TBSS_ISOVF_superior_longitudinal_fasciculus_left,exploratory,primary,dMRI_TBSS,ISOVF,GG,36332,ok,0.0028399923572122836,0.01447191298137456,0.8444221134856977,0.004481336414735925,0.012847117295757318,0.7272261808795457,2,0.12206113060354153,0.9407944836692448,1.0,0.9996963316144832,1.0,0.9996963316144832
dMRI_TBSS_ISOVF_superior_fronto_occipital_fasciculus_rig,exploratory,primary,dMRI_TBSS,ISOVF,GG,36309,ok,0.012830866775744963,0.01423395078856502,0.36736734489285916,0.012573290434843492,0.01263812182822441,0.31980604772624927,2,1.129581345464986,0.5684791324870653,1.0,0.9996963316144832,1.0,0.9996963316144832
dMRI_TBSS_ISOVF_superior_fronto_occipital_fasciculus_lef,exploratory,primary,dMRI_TBSS,ISOVF,GG,36279,ok,0.013850204592352542,0.014050381913705017,0.3242609679428261,0.005483936042230825,0.012475976620033712,0.6602586836865038,2,1.0119362694488852,0.6029215834601397,1.0,0.9996963316144832,1.0,0.9996963316144832
dMRI_TBSS_ISOVF_uncinate_fasciculus_right,exploratory,primary,dMRI_TBSS,ISOVF,GG,36304,ok,0.006019577385078559,0.014640974971164148,0.6809679562753563,-0.019604825746847864,0.012999522708135747,0.13153281129268285,2,5.064034689396396,0.07949848256806233,1.0,0.9996963316144832,1.0,0.9996963316144832
dMRI_TBSS_ISOVF_uncinate_fasciculus_left,exploratory,primary,dMRI_TBSS,ISOVF,GG,36297,ok,0.012452968444423016,0.014750021532595045,0.3985253364487099,0.013072778960149085,0.013097588123749313,0.3182347070705266,2,1.0859659893343818,0.5810125075906512,1.0,0.9996963316144832,1.0,0.9996963316144832
dMRI_TBSS_ISOVF_tapetum_right,exploratory,primary,dMRI_TBSS,ISOVF,GG,36340,ok,0.023297022720229814,0.01419321969633715,0.10071909709799619,0.004373873329943633,0.01260144237855438,0.7285234108566073,2,3.362936433976216,0.18610053938293944,1.0,0.9996963316144832,1.0,0.9996963316144832
dMRI_TBSS_ISOVF_tapetum_left,exploratory,primary,dMRI_TBSS,ISOVF,GG,36332,ok,0.011369270650179166,0.014461330364996404,0.43176466436684613,0.011134916150140409,0.012839612218534907,0.38582091348369496,2,0.8587710085329903,0.6509089526295364,1.0,0.9996963316144832,1.0,0.9996963316144832
dMRI_weighted_mean_FA_acoustic_radiation_left,exploratory,primary,dMRI_weighted_mean,FA,GG,36332,ok,0.009096628850721211,0.014722401809366412,0.5366605041127119,0.0017534356903122837,0.013071203403904986,0.8932887138893897,2,0.4737957254140886,0.7890718775674627,1.0,0.9996963316144832,1.0,0.9996963316144832
dMRI_weighted_mean_FA_acoustic_radiation_right,exploratory,primary,dMRI_weighted_mean,FA,GG,36333,ok,0.02203920023254985,0.014396944973213678,0.1258214157031714,0.006335094074393844,0.012782139915086253,0.6201649937638826,2,2.6416543347340475,0.26691442772406043,1.0,0.9996963316144832,1.0,0.9996963316144832
dMRI_weighted_mean_FA_anterior_thalamic_radiation_left,exploratory,primary,dMRI_weighted_mean,FA,GG,36334,ok,0.0034806959283766752,0.01413972537071642,0.805556423542139,0.00414363473133272,0.012553644771451457,0.741345773209767,2,0.11226280428637744,0.9454148981842007,1.0,0.9996963316144832,1.0,0.9996963316144832
dMRI_weighted_mean_FA_anterior_thalamic_radiation_right,exploratory,primary,dMRI_weighted_mean,FA,GG,36334,ok,0.005076736949618072,0.01425307250380796,0.7217037624768041,0.00045527135971493355,0.01265431091322884,0.9713004415501898,2,0.17835469663282605,0.9146833416384063,1.0,0.9996963316144832,1.0,0.9996963316144832
dMRI_weighted_mean_FA_cingulate_gyrus_part_of_cingulum_left,exploratory,primary,dMRI_weighted_mean,FA,GG,36336,ok,-0.0030691973314688416,0.014343252493874574,0.8305623242281162,0.004940600341986543,0.012734575308348218,0.6980424178847564,2,0.4706489177199604,0.7903143835207318,1.0,0.9996963316144832,1.0,0.9996963316144832
dMRI_weighted_mean_FA_cingulate_gyrus_part_of_cingulum_right,exploratory,primary,dMRI_weighted_mean,FA,GG,36332,ok,0.01039307292707432,0.0145324422813715,0.4745125923839364,0.011872700882172857,0.012902981899524156,0.3574995990916521,2,0.885443478408045,0.6422859052115304,1.0,0.9996963316144832,1.0,0.9996963316144832
dMRI_weighted_mean_FA_parahippocampal_part_of_cingulum_left,exploratory,primary,dMRI_weighted_mean,FA,GG,36337,ok,0.022276207878095037,0.0144091571878252,0.12211913616014484,0.01782062976134388,0.012792489489638346,0.16361196533228034,2,2.717032374664821,0.25704189615049317,1.0,0.9996963316144832,1.0,0.9996963316144832
dMRI_weighted_mean_FA_parahippocampal_part_of_cingulum_right,exploratory,primary,dMRI_weighted_mean,FA,GG,36336,ok,0.016555269913002806,0.014269246309309638,0.2459724396287658,0.008975872244368048,0.012668405048543607,0.47862430488984953,2,1.3461048995927432,0.5101489945282209,1.0,0.9996963316144832,1.0,0.9996963316144832
dMRI_weighted_mean_FA_corticospinal_tract_left,exploratory,primary,dMRI_weighted_mean,FA,GG,36330,ok,0.02474558079748815,0.014299134361264211,0.08353788602100647,0.0004279648766654972,0.012695655537655936,0.9731089462504748,2,4.633679399301798,0.09858465092227381,1.0,0.9996963316144832,1.0,0.9996963316144832
dMRI_weighted_mean_FA_corticospinal_tract_right,exploratory,primary,dMRI_weighted_mean,FA,GG,36331,ok,0.01719259174329309,0.013959890138042372,0.21811746832195938,-0.0023170136257087007,0.012394365332767047,0.8517080273281697,2,2.90099359482437,0.23445378312377718,1.0,0.9996963316144832,1.0,0.9996963316144832
dMRI_weighted_mean_FA_forceps_major,exploratory,primary,dMRI_weighted_mean,FA,GG,36330,ok,-8.205357958215112e-05,0.014782428908460129,0.9955711948565935,0.0038251801879655434,0.013125190008900159,0.7707179589293427,2,0.13770965580131317,0.9334621829070993,1.0,0.9996963316144832,1.0,0.9996963316144832
dMRI_weighted_mean_FA_forceps_minor,exploratory,primary,dMRI_weighted_mean,FA,GG,36336,ok,0.0075631247057590025,0.013996024668719576,0.5889406332305018,0.012294678139096689,0.01242630299149551,0.322470370825799,2,0.9847111357713606,0.6111850094306578,1.0,0.9996963316144832,1.0,0.9996963316144832
dMRI_weighted_mean_FA_inferior_fronto_occipital_fasciculus_lef,exploratory,primary,dMRI_weighted_mean,FA,GG,36333,ok,0.005704804802981525,0.014221558401669698,0.6883210253211482,0.00028974046041556855,0.012626439119813178,0.9816925771276992,2,0.23801445050422124,0.8878013861499374,1.0,0.9996963316144832,1.0,0.9996963316144832
dMRI_weighted_mean_FA_inferior_fronto_occipital_fasciculus_rig,exploratory,primary,dMRI_weighted_mean,FA,GG,36332,ok,0.0038952133719184737,0.014302519676521545,0.7853586487567863,-0.0014868137882903588,0.01269799000991286,0.9067889988202086,2,0.20054263232880518,0.904591954318933,1.0,0.9996963316144832,1.0,0.9996963316144832
dMRI_weighted_mean_FA_inferior_longitudinal_fasciculus_left,exploratory,primary,dMRI_weighted_mean,FA,GG,36337,ok,0.004014837368562751,0.014173946310520331,0.7769831902395915,0.0009005100296748525,0.012582953346208861,0.9429477947525807,2,0.09620969408248173,0.9530338590586931,1.0,0.9996963316144832,1.0,0.9996963316144832
dMRI_weighted_mean_FA_inferior_longitudinal_fasciculus_right,exploratory,primary,dMRI_weighted_mean,FA,GG,36343,ok,-0.006958748975923783,0.014212215402174794,0.6243976086691393,-0.00731315335771697,0.012617043832324223,0.5621711624317272,2,0.3659816002088761,0.8327758171523931,1.0,0.9996963316144832,1.0,0.9996963316144832
dMRI_weighted_mean_FA_middle_cerebellar_peduncle,exploratory,primary,dMRI_weighted_mean,FA,GG,36307,ok,0.021551298304751904,0.014314286691899047,0.13218383096584804,-0.005923579838763561,0.01270847647518244,0.6411377697087466,2,5.284534345776164,0.07119966448333064,1.0,0.9996963316144832,1.0,0.9996963316144832
dMRI_weighted_mean_FA_medial_lemniscus_left,exploratory,primary,dMRI_weighted_mean,FA,GG,36342,ok,0.005569475217288716,0.014125265540247463,0.6933679928214943,-0.004425708853355335,0.012539974950793616,0.7241444332996665,2,0.7112742691053674,0.7007268436675871,1.0,0.9996963316144832,1.0,0.9996963316144832
dMRI_weighted_mean_FA_medial_lemniscus_right,exploratory,primary,dMRI_weighted_mean,FA,GG,36341,ok,-0.013581730690520783,0.01412213278646845,0.3361898057954549,-0.004251474591487441,0.01253690341648945,0.734523702805828,2,1.0198969658634385,0.6005265153808756,1.0,0.9996963316144832,1.0,0.9996963316144832
dMRI_weighted_mean_FA_posterior_thalamic_radiation_left,exploratory,primary,dMRI_weighted_mean,FA,GG,36331,ok,-0.011949653616361307,0.014068942862024068,0.3956843790688668,-0.006928974589037728,0.012491169292543567,0.5790965586309782,2,0.7238226103491844,0.6963441272236495,1.0,0.9996963316144832,1.0,0.9996963316144832
dMRI_weighted_mean_FA_posterior_thalamic_radiation_right,exploratory,primary,dMRI_weighted_mean,FA,GG,36330,ok,-0.007997152431920949,0.014328544180090948,0.5767608663103545,-0.005286882507175846,0.012721801853246742,0.6777223467319005,2,0.32081742352005027,0.8517955789420417,1.0,0.9996963316144832,1.0,0.9996963316144832
dMRI_weighted_mean_FA_superior_longitudinal_fasciculus_left,exploratory,primary,dMRI_weighted_mean,FA,GG,36342,ok,-0.004709221409161693,0.01432447021619999,0.7423438195140821,-0.0017376933722799352,0.012717651659193975,0.8913190084931812,2,0.11436814239633872,0.944420212805875,1.0,0.9996963316144832,1.0,0.9996963316144832
dMRI_weighted_mean_FA_superior_longitudinal_fasciculus_right,exploratory,primary,dMRI_weighted_mean,FA,GG,36340,ok,-0.008928925763799004,0.014378024307408949,0.534595620137041,-0.005312992031810798,0.012764990796049558,0.6772544919630628,2,0.3880782859421744,0.8236256644820289,1.0,0.9996963316144832,1.0,0.9996963316144832
dMRI_weighted_mean_FA_superior_thalamic_radiation_left,exploratory,primary,dMRI_weighted_mean,FA,GG,36344,ok,0.011461835603613206,0.01424902168671673,0.4211744053123113,-0.00012239940063809825,0.012650481781483898,0.9922802627153634,2,1.0401641171976108,0.5944717644486479,1.0,0.9996963316144832,1.0,0.9996963316144832
dMRI_weighted_mean_FA_superior_thalamic_radiation_right,exploratory,primary,dMRI_weighted_mean,FA,GG,36341,ok,0.0028431797253540476,0.01433357845401177,0.8427660987312962,-0.0065723533193925605,0.012725901471445443,0.6055399225470608,2,0.6819436965921688,0.7110789260080264,1.0,0.9996963316144832,1.0,0.9996963316144832
dMRI_weighted_mean_FA_uncinate_fasciculus_left,exploratory,primary,dMRI_weighted_mean,FA,GG,36334,ok,-0.001110828079335195,0.01416302494125053,0.9374852053232066,-0.020749537685456336,0.012574369981741518,0.09892187023408915,2,4.074084325765615,0.13041388398460096,1.0,0.9996963316144832,1.0,0.9996963316144832
dMRI_weighted_mean_FA_uncinate_fasciculus_right,exploratory,primary,dMRI_weighted_mean,FA,GG,36338,ok,0.02367647468037099,0.01400732043830563,0.0909805120693211,-0.011543616513713951,0.012435302642259505,0.35326127030234755,2,8.90866728789291,0.01162806572558425,1.0,0.5084508140901896,1.0,0.5084508140901896
dMRI_weighted_mean_MD_acoustic_radiation_left,exploratory,primary,dMRI_weighted_mean,MD,GG,36329,ok,0.009167366278467743,0.014732146144900116,0.5337685344485854,0.022281294807139255,0.013079730333648946,0.08848346755088612,2,3.170923831964513,0.20485314631674614,1.0,0.9996963316144832,1.0,0.9996963316144832
dMRI_weighted_mean_MD_acoustic_radiation_right,exploratory,primary,dMRI_weighted_mean,MD,GG,36325,ok,0.004143163315327504,0.014619586094289783,0.7768732805655779,-0.006943249674586182,0.012979484770989438,0.5926944068913278,2,0.8721218349063536,0.6465783368301508,1.0,0.9996963316144832,1.0,0.9996963316144832
dMRI_weighted_mean_MD_anterior_thalamic_radiation_left,exploratory,primary,dMRI_weighted_mean,MD,GG,36322,ok,0.01563035274026863,0.012792575647297863,0.2217798567539828,0.007055895785995297,0.011357730372052906,0.5344445048671029,2,1.515959086115938,0.4686122820968869,1.0,0.9996963316144832,1.0,0.9996963316144832
dMRI_weighted_mean_MD_anterior_thalamic_radiation_right,exploratory,primary,dMRI_weighted_mean,MD,GG,36328,ok,0.005101444618752511,0.012676018055561261,0.6873563429834117,-0.0018790502795499014,0.011254005271148431,0.8673967502507316,2,0.4299371343357128,0.8065667924574778,1.0,0.9996963316144832,1.0,0.9996963316144832
dMRI_weighted_mean_MD_cingulate_gyrus_part_of_cingulum_left,exploratory,primary,dMRI_weighted_mean,MD,GG,36334,ok,-0.005761716622370915,0.014445272278793256,0.6899948678984575,0.008183190491984458,0.012824939030517114,0.5234330706965411,2,1.38653094320959,0.49994085797563004,1.0,0.9996963316144832,1.0,0.9996963316144832
dMRI_weighted_mean_MD_cingulate_gyrus_part_of_cingulum_right,exploratory,primary,dMRI_weighted_mean,MD,GG,36331,ok,-0.008628770535769572,0.01443951182692921,0.5501236140934982,0.004049416475074077,0.012820181026444851,0.7521085714111033,2,1.0867821542885905,0.5807754549391313,1.0,0.9996963316144832,1.0,0.9996963316144832
dMRI_weighted_mean_MD_parahippocampal_part_of_cingulum_left,exploratory,primary,dMRI_weighted_mean,MD,GG,36276,ok,0.00021621091928306427,0.014333293571151642,0.9879648301796833,-0.005882795358332615,0.012722116453436492,0.6437922757334467,2,0.3522966825574947,0.83849359089954,1.0,0.9996963316144832,1.0,0.9996963316144832
dMRI_weighted_mean_MD_parahippocampal_part_of_cingulum_right,exploratory,primary,dMRI_weighted_mean,MD,GG,36295,ok,0.0032735167708305727,0.014337217902422688,0.8193964236719983,-0.0008808140134268748,0.012727511383898406,0.9448264128038395,2,0.1205610593381113,0.9415003777448214,1.0,0.9996963316144832,1.0,0.9996963316144832
dMRI_weighted_mean_MD_corticospinal_tract_left,exploratory,primary,dMRI_weighted_mean,MD,GG,36329,ok,0.007721123516799727,0.014489946824728846,0.5941332591620319,-0.002915514614931234,0.012864716657769427,0.8207137133046734,2,0.7634964571736302,0.6826669075825292,1.0,0.9996963316144832,1.0,0.9996963316144832
dMRI_weighted_mean_MD_corticospinal_tract_right,exploratory,primary,dMRI_weighted_mean,MD,GG,36330,ok,0.008426653168943088,0.014446016434182073,0.5596813921543176,-0.00606805433737064,0.0128256977966766,0.6361326278138957,2,1.4245935475251215,0.4905162977287991,1.0,0.9996963316144832,1.0,0.9996963316144832
dMRI_weighted_mean_MD_forceps_major,exploratory,primary,dMRI_weighted_mean,MD,GG,36333,ok,0.014290933514876676,0.01469186148265266,0.3307034977105733,0.013411859233617736,0.013044066152734929,0.3038643972105805,2,1.2494152240260243,0.5354179554127639,1.0,0.9996963316144832,1.0,0.9996963316144832
dMRI_weighted_mean_MD_forceps_minor,exploratory,primary,dMRI_weighted_mean,MD,GG,36337,ok,-0.013065968270691891,0.014066260142788794,0.3529537498394385,-0.0035515707329310973,0.01248857433556091,0.7761165134735882,2,0.9866986865198152,0.6105779305191872,1.0,0.9996963316144832,1.0,0.9996963316144832
dMRI_weighted_mean_MD_inferior_fronto_occipital_fasciculus_lef,exploratory,primary,dMRI_weighted_mean,MD,GG,36328,ok,-0.005549656621911429,0.013570977799407809,0.6825892990517912,-0.001363454254806795,0.012048207457403759,0.9098991283363518,2,0.19614564789696246,0.9065828804049331,1.0,0.9996963316144832,1.0,0.9996963316144832
dMRI_weighted_mean_MD_inferior_fronto_occipital_fasciculus_rig,exploratory,primary,dMRI_weighted_mean,MD,GG,36331,ok,0.003058335170151964,0.01357835262040409,0.8217968761670601,0.001382859004547044,0.012054846425611701,0.9086724939228163,2,0.05150102876461925,0.9745782025257449,1.0,0.9996963316144832,1.0,0.9996963316144832
dMRI_weighted_mean_MD_inferior_longitudinal_fasciculus_left,exploratory,primary,dMRI_weighted_mean,MD,GG,36330,ok,0.0035726310327223844,0.013726432343205504,0.794654038935525,0.006463489491828969,0.01218604537080482,0.5958372435053854,2,0.2873717080801193,0.8661598059277225,1.0,0.9996963316144832,1.0,0.9996963316144832
dMRI_weighted_mean_MD_inferior_longitudinal_fasciculus_right,exploratory,primary,dMRI_weighted_mean,MD,GG,36332,ok,0.017376224099799387,0.013727849458998426,0.20560554279678733,0.005979544046135874,0.012187106160557832,0.6236804409029848,2,1.7246179909144352,0.4221861301601637,1.0,0.9996963316144832,1.0,0.9996963316144832
dMRI_weighted_mean_MD_middle_cerebellar_peduncle,exploratory,primary,dMRI_weighted_mean,MD,GG,36307,ok,0.026228983728606953,0.014281868526665761,0.06628848340268824,0.019249853350074144,0.012679342834886415,0.12897121059907227,2,3.6301972016134467,0.16282185323260331,1.0,0.9996963316144832,1.0,0.9996963316144832
dMRI_weighted_mean_MD_medial_lemniscus_left,exploratory,primary,dMRI_weighted_mean,MD,GG,36335,ok,0.00035540389977975506,0.0141712546981494,0.9799919192971893,-9.712858832138051e-05,0.012581106662096312,0.9938402797477554,2,0.001463368553395531,0.9992685833389686,1.0,0.9996963316144832,1.0,0.9996963316144832
dMRI_weighted_mean_MD_medial_lemniscus_right,exploratory,primary,dMRI_weighted_mean,MD,GG,36331,ok,0.0035911276747085524,0.013612085816455068,0.7919208452008262,-4.6459585196766015e-05,0.012083991069906683,0.99693238443526,2,0.11225014866458646,0.945420880609822,1.0,0.9996963316144832,1.0,0.9996963316144832
dMRI_weighted_mean_MD_posterior_thalamic_radiation_left,exploratory,primary,dMRI_weighted_mean,MD,GG,36314,ok,-0.0026802435358149143,0.013035059404945181,0.8370904281982796,0.003509250835904477,0.011570875457246829,0.7616758726447084,2,0.3325240982746239,0.8468242955351535,1.0,0.9996963316144832,1.0,0.9996963316144832
dMRI_weighted_mean_MD_posterior_thalamic_radiation_right,exploratory,primary,dMRI_weighted_mean,MD,GG,36314,ok,0.016381936227178318,0.013221933647483272,0.21535462145939785,-0.001233111011280938,0.011739087843981312,0.9163421333958919,2,2.6994645383208913,0.2593096765504951,1.0,0.9996963316144832,1.0,0.9996963316144832
dMRI_weighted_mean_MD_superior_longitudinal_fasciculus_left,exploratory,primary,dMRI_weighted_mean,MD,GG,36318,ok,0.012824560800084435,0.013821244744381699,0.3534720798438393,0.005179187340915297,0.012269908080697488,0.6729510108439708,2,0.8926864592150453,0.6399640797414313,1.0,0.9996963316144832,1.0,0.9996963316144832
dMRI_weighted_mean_MD_superior_longitudinal_fasciculus_right,exploratory,primary,dMRI_weighted_mean,MD,GG,36322,ok,0.018551817536264094,0.013766616231325945,0.17779722509167492,0.008195597977312473,0.012222564194637334,0.5025241513138063,2,1.8506664465224718,0.39639930759487785,1.0,0.9996963316144832,1.0,0.9996963316144832
dMRI_weighted_mean_MD_superior_thalamic_radiation_left,exploratory,primary,dMRI_weighted_mean,MD,GG,36326,ok,0.023379705839032358,0.013377415395338306,0.08052448478865223,0.010330775033214484,0.01187652986249061,0.3843892616789425,2,3.112621003234547,0.21091279988412814,1.0,0.9996963316144832,1.0,0.9996963316144832
dMRI_weighted_mean_MD_superior_thalamic_radiation_right,exploratory,primary,dMRI_weighted_mean,MD,GG,36320,ok,0.016620121262944775,0.01340360178738892,0.21499293158500318,0.007547932659392447,0.011899753676633153,0.5258935018388458,2,1.559821599657925,0.4584469030235837,1.0,0.9996963316144832,1.0,0.9996963316144832
dMRI_weighted_mean_MD_uncinate_fasciculus_left,exploratory,primary,dMRI_weighted_mean,MD,GG,36328,ok,0.0018617352814264735,0.013842993622310609,0.893016373941097,0.01567287042294702,0.012290072485583302,0.2022302130759676,2,2.274852468931373,0.32064322118486016,1.0,0.9996963316144832,1.0,0.9996963316144832
dMRI_weighted_mean_MD_uncinate_fasciculus_right,exploratory,primary,dMRI_weighted_mean,MD,GG,36332,ok,-0.004750654733392522,0.013723746730664137,0.72922214941358,0.011896775156318123,0.012184106466720355,0.3288641043142253,2,2.3502983956011776,0.30877290801245216,1.0,0.9996963316144832,1.0,0.9996963316144832
dMRI_weighted_mean_L1_acoustic_radiation_left,exploratory,primary,dMRI_weighted_mean,L1,GG,36330,ok,0.01396657412932963,0.014674964607860396,0.34124130283934473,0.026803670598248865,0.013028864990770274,0.039669031074352275,2,4.372384765963077,0.11234369704624422,1.0,0.9996963316144832,1.0,0.9996963316144832
dMRI_weighted_mean_L1_acoustic_radiation_right,exploratory,primary,dMRI_weighted_mean,L1,GG,36329,ok,0.018642086403382763,0.014531190271297522,0.19953476454475358,-0.00018665586798241872,0.012900981435097068,0.9884564120749257,2,2.6432208245557067,0.26670545020788977,1.0,0.9996963316144832,1.0,0.9996963316144832
dMRI_weighted_mean_L1_anterior_thalamic_radiation_left,exploratory,primary,dMRI_weighted_mean,L1,GG,36332,ok,0.02006218106911907,0.012546344362140194,0.10981909766253074,0.010706076081841024,0.011139256132992987,0.3365021078404369,2,2.557101238631794,0.27844057452415893,1.0,0.9996963316144832,1.0,0.9996963316144832
dMRI_weighted_mean_L1_anterior_thalamic_radiation_right,exploratory,primary,dMRI_weighted_mean,L1,GG,36332,ok,0.010744477313230041,0.012261098629779211,0.38086936932076376,0.0009279096983529941,0.010885620197811682,0.9320696418007937,2,1.0841961989156996,0.5815268703201791,1.0,0.9996963316144832,1.0,0.9996963316144832
dMRI_weighted_mean_L1_cingulate_gyrus_part_of_cingulum_left,exploratory,primary,dMRI_weighted_mean,L1,GG,36336,ok,-0.008300658532923697,0.014577625995546552,0.5690808726380068,0.011349709928506986,0.012942662491405039,0.3805346217937531,2,2.6922020672440152,0.26025300274670216,1.0,0.9996963316144832,1.0,0.9996963316144832
dMRI_weighted_mean_L1_cingulate_gyrus_part_of_cingulum_right,exploratory,primary,dMRI_weighted_mean,L1,GG,36333,ok,-0.00020253595078574793,0.014692705933686632,0.9890017483460685,0.013282344789543007,0.013045185960645325,0.3085993047125887,2,1.6693846562932744,0.43400799293663306,1.0,0.9996963316144832,1.0,0.9996963316144832
dMRI_weighted_mean_L1_parahippocampal_part_of_cingulum_left,exploratory,primary,dMRI_weighted_mean,L1,GG,36286,ok,0.01462018465187536,0.014030476091171957,0.2974044662941168,0.003360507347503866,0.012454312836778964,0.7872950415951929,2,1.2940902755162198,0.5235906314076,1.0,0.9996963316144832,1.0,0.9996963316144832
dMRI_weighted_mean_L1_parahippocampal_part_of_cingulum_right,exploratory,primary,dMRI_weighted_mean,L1,GG,36305,ok,0.012708060225469388,0.013866010519720343,0.35941603400980093,0.0035743560524210097,0.012309790098722928,0.7715371946225376,2,0.9521344558048175,0.6212217174106041,1.0,0.9996963316144832,1.0,0.9996963316144832
dMRI_weighted_mean_L1_corticospinal_tract_left,exploratory,primary,dMRI_weighted_mean,L1,GG,36331,ok,0.028202044103464337,0.014151926509072562,0.04629016869504442,-0.0009364439053685636,0.012564835324021468,0.9405899220996726,2,6.585437100606193,0.03715271047056576,1.0,0.9260657091366946,1.0,0.9260657091366946
dMRI_weighted_mean_L1_corticospinal_tract_right,exploratory,primary,dMRI_weighted_mean,L1,GG,36332,ok,0.028499859210873675,0.014054148018171436,0.04258172169965339,-0.0016020186627297196,0.012477933497812578,0.8978425282932793,2,7.0412361268080055,0.029581146492598232,1.0,0.843399469770859,1.0,0.843399469770859
dMRI_weighted_mean_L1_forceps_major,exploratory,primary,dMRI_weighted_mean,L1,GG,36337,ok,0.02344969856358562,0.014492207832863306,0.10565186093859456,0.023595523126857598,0.012866724640903226,0.06668582756403957,2,3.7661875295945975,0.15211875735577696,1.0,0.9996963316144832,1.0,0.9996963316144832
dMRI_weighted_mean_L1_forceps_minor,exploratory,primary,dMRI_weighted_mean,L1,GG,36338,ok,-0.012085547510131363,0.014161599937977195,0.3934416595146517,0.0036637626115772824,0.012573114069029624,0.7707496841901127,2,1.7665396858152227,0.41342885170777466,1.0,0.9996963316144832,1.0,0.9996963316144832
dMRI_weighted_mean_L1_inferior_fronto_occipital_fasciculus_lef,exploratory,primary,dMRI_weighted_mean,L1,GG,36334,ok,-0.0028272036634393394,0.013612035199638464,0.8354653033642084,0.00048353407411857785,0.012085165865560219,0.9680849392676707,2,0.0868554377211755,0.9575017609080306,1.0,0.9996963316144832,1.0,0.9996963316144832
dMRI_weighted_mean_L1_inferior_fronto_occipital_fasciculus_rig,exploratory,primary,dMRI_weighted_mean,L1,GG,36336,ok,0.0069958360612472825,0.01335090097291969,0.6002836168020584,0.0014091529301089418,0.01185309361632403,0.9053672641962482,2,0.3374751968765705,0.8447305329178608,1.0,0.9996963316144832,1.0,0.9996963316144832
dMRI_weighted_mean_L1_inferior_longitudinal_fasciculus_left,exploratory,primary,dMRI_weighted_mean,L1,GG,36341,ok,0.006298649473995563,0.013769997270673668,0.6473731121209135,0.010979060026056482,0.012225096826711796,0.3691512513390518,2,0.8187916374018621,0.664051336358771,1.0,0.9996963316144832,1.0,0.9996963316144832
dMRI_weighted_mean_L1_inferior_longitudinal_fasciculus_right,exploratory,primary,dMRI_weighted_mean,L1,GG,36343,ok,0.01478661554333483,0.013587549008813123,0.27649310612703865,0.0027254262766975403,0.012062121492315645,0.8212422302168527,2,1.4838224138656806,0.4762029229229201,1.0,0.9996963316144832,1.0,0.9996963316144832
dMRI_weighted_mean_L1_middle_cerebellar_peduncle,exploratory,primary,dMRI_weighted_mean,L1,GG,36311,ok,0.03222609445597169,0.014259193401185718,0.023825773140834308,0.015640084051094353,0.012659538349866991,0.21667526438807405,2,5.137348724740796,0.07663707110118892,1.0,0.9996963316144832,1.0,0.9996963316144832
dMRI_weighted_mean_L1_medial_lemniscus_left,exploratory,primary,dMRI_weighted_mean,L1,GG,36340,ok,0.007351518920371408,0.014417731021093191,0.6101286122921615,0.0040584380161424625,0.012799815324872614,0.7511922771117143,2,0.2600795723550417,0.8780604955548434,1.0,0.9996963316144832,1.0,0.9996963316144832
dMRI_weighted_mean_L1_medial_lemniscus_right,exploratory,primary,dMRI_weighted_mean,L1,GG,36336,ok,0.009274393564198045,0.014117848639066195,0.5112321295084934,0.003024895127932186,0.012533229575655998,0.8092852141685766,2,0.470879075214344,0.7902234403645012,1.0,0.9996963316144832,1.0,0.9996963316144832
dMRI_weighted_mean_L1_posterior_thalamic_radiation_left,exploratory,primary,dMRI_weighted_mean,L1,GG,36326,ok,-0.007115784986245215,0.01312499381373583,0.5877148529012097,0.0034320722435124905,0.011652124948419149,0.768343357299553,2,0.9101196158305233,0.6344100240726067,1.0,0.9996963316144832,1.0,0.9996963316144832
dMRI_weighted_mean_L1_posterior_thalamic_radiation_right,exploratory,primary,dMRI_weighted_mean,L1,GG,36330,ok,0.012960029893740755,0.013175221676693933,0.3252858601860775,-0.0019839578355087184,0.011697454429680947,0.8653209905120736,2,1.8992585692199495,0.38688442088202424,1.0,0.9996963316144832,1.0,0.9996963316144832
dMRI_weighted_mean_L1_superior_longitudinal_fasciculus_left,exploratory,primary,dMRI_weighted_mean,L1,GG,36332,ok,0.01655129018048307,0.013672490910622689,0.226074219831721,0.005650871326765456,0.012137919971581012,0.6415367353100294,2,1.5807074593163608,0.4536842853082964,1.0,0.9996963316144832,1.0,0.9996963316144832
dMRI_weighted_mean_L1_superior_longitudinal_fasciculus_right,exploratory,primary,dMRI_weighted_mean,L1,GG,36337,ok,0.01986246996338462,0.013361719102475106,0.13715017077061956,0.008736600529317403,0.011862703282297432,0.4614456080563272,2,2.2535791122535374,0.32407200308792566,1.0,0.9996963316144832,1.0,0.9996963316144832
dMRI_weighted_mean_L1_superior_thalamic_radiation_left,exploratory,primary,dMRI_weighted_mean,L1,GG,36336,ok,0.027958657409102968,0.012922214848110168,0.030500652053240845,0.008707957099320453,0.01147258154997505,0.4478435265148073,2,5.1690833789388835,0.07543064233799993,1.0,0.9996963316144832,1.0,0.9996963316144832
dMRI_weighted_mean_L1_superior_thalamic_radiation_right,exploratory,primary,dMRI_weighted_mean,L1,GG,36331,ok,0.02109460792789871,0.012849839620591452,0.10067656858981891,0.0075538899794009755,0.011408814043554686,0.5079049245889542,2,2.872432228232527,0.23782596456625368,1.0,0.9996963316144832,1.0,0.9996963316144832
dMRI_weighted_mean_L1_uncinate_fasciculus_left,exploratory,primary,dMRI_weighted_mean,L1,GG,36332,ok,-0.0014106311977849916,0.014003451382599027,0.9197617502323358,0.005113173840689213,0.012432085539053131,0.6808634275915811,2,0.3637348705630037,0.8337118538676977,1.0,0.9996963316144832,1.0,0.9996963316144832
dMRI_weighted_mean_L1_uncinate_fasciculus_right,exploratory,primary,dMRI_weighted_mean,L1,GG,36337,ok,0.008711982965759863,0.013829209817471955,0.5287183826467343,0.00804621886991095,0.012277233851811469,0.5122290945307968,2,0.51479022750143,0.773062705709016,1.0,0.9996963316144832,1.0,0.9996963316144832
dMRI_weighted_mean_L2_acoustic_radiation_left,exploratory,primary,dMRI_weighted_mean,L2,GG,36329,ok,0.005065767881634598,0.0147517267512521,0.7312982780507808,0.014026497509005574,0.013097114701706004,0.28419414034211654,2,1.296146640793403,0.5230525612752441,1.0,0.9996963316144832,1.0,0.9996963316144832
dMRI_weighted_mean_L2_acoustic_radiation_right,exploratory,primary,dMRI_weighted_mean,L2,GG,36325,ok,-0.0040654479489561765,0.014658209365706667,0.7815132862325502,-0.012280302125166806,0.013014204536176674,0.3453764957902812,2,1.0288232766566598,0.5978522445054246,1.0,0.9996963316144832,1.0,0.9996963316144832
dMRI_weighted_mean_L2_anterior_thalamic_radiation_left,exploratory,primary,dMRI_weighted_mean,L2,GG,36321,ok,0.014948334165896169,0.01312976322139542,0.254916136612754,0.004002796100400378,0.011657205910582544,0.7313181589179281,2,1.488092374508771,0.47518732358149207,1.0,0.9996963316144832,1.0,0.9996963316144832
dMRI_weighted_mean_L2_anterior_thalamic_radiation_right,exploratory,primary,dMRI_weighted_mean,L2,GG,36328,ok,0.003160260707913226,0.013081050282695962,0.8090986574640692,-0.0055012332650555395,0.011613600437325962,0.635724640663665,2,0.667956011539066,0.7160695314523169,1.0,0.9996963316144832,1.0,0.9996963316144832
dMRI_weighted_mean_L2_cingulate_gyrus_part_of_cingulum_left,exploratory,primary,dMRI_weighted_mean,L2,GG,36334,ok,-0.0011183539322367755,0.014099763113691117,0.9367807516246573,-0.002152632445049178,0.012518185797251648,0.8634696069022751,2,0.03056834709904135,0.9848320366189064,1.0,0.9996963316144832,1.0,0.9996963316144832
dMRI_weighted_mean_L2_cingulate_gyrus_part_of_cingulum_right,exploratory,primary,dMRI_weighted_mean,L2,GG,36330,ok,-0.011101909188316753,0.014259172134679398,0.4362321178620927,-0.009401041523551453,0.01266017302635577,0.4577479704064039,2,0.7215052005520852,0.6971514522103222,1.0,0.9996963316144832,1.0,0.9996963316144832
dMRI_weighted_mean_L2_parahippocampal_part_of_cingulum_left,exploratory,primary,dMRI_weighted_mean,L2,GG,36284,ok,-0.0014209211201484284,0.014421401321836986,0.9215130725705774,-0.007132312642832107,0.012801488516542406,0.5774303456753355,2,0.40138110303362323,0.8181655724802025,1.0,0.9996963316144832,1.0,0.9996963316144832
dMRI_weighted_mean_L2_parahippocampal_part_of_cingulum_right,exploratory,primary,dMRI_weighted_mean,L2,GG,36298,ok,-0.0004362388948599416,0.014455511319652383,0.9759252338963726,-0.00520045935086009,0.012832198685406889,0.6852840701974837,2,0.2380577292459071,0.8877821748943681,1.0,0.9996963316144832,1.0,0.9996963316144832
dMRI_weighted_mean_L2_corticospinal_tract_left,exploratory,primary,dMRI_weighted_mean,L2,GG,36327,ok,-0.009836216671566263,0.014597533045761975,0.5004253904046991,-0.0023435973613880998,0.01296044882994046,0.8565044833128205,2,0.536659944007876,0.7646554245870881,1.0,0.9996963316144832,1.0,0.9996963316144832
dMRI_weighted_mean_L2_corticospinal_tract_right,exploratory,primary,dMRI_weighted_mean,L2,GG,36328,ok,-0.011549657641670888,0.014471202562579877,0.4248100295728553,-0.008271887602790646,0.012848262656564264,0.5197003126539053,2,0.677107875633096,0.7128003314584848,1.0,0.9996963316144832,1.0,0.9996963316144832
dMRI_weighted_mean_L2_forceps_major,exploratory,primary,dMRI_weighted_mean,L2,GG,36328,ok,0.007417072598384661,0.014775987281631025,0.6156930845991557,0.005854013814158017,0.013118896464924978,0.6554355029156973,2,0.2836499969205727,0.8677731048281467,1.0,0.9996963316144832,1.0,0.9996963316144832
dMRI_weighted_mean_L2_forceps_minor,exploratory,primary,dMRI_weighted_mean,L2,GG,36336,ok,-0.006910624865708592,0.014055568219764752,0.6229594633033305,-0.00745352642018475,0.012479170988807907,0.5503259362846833,2,0.38309297944997095,0.8256812385204944,1.0,0.9996963316144832,1.0,0.9996963316144832
dMRI_weighted_mean_L2_inferior_fronto_occipital_fasciculus_lef,exploratory,primary,dMRI_weighted_mean,L2,GG,36326,ok,0.0014829545594775614,0.01368271783367747,0.9136936122790773,0.0009523793300658412,0.012147607048657923,0.9375098514786167,2,0.011997796309585921,0.9940190593084681,1.0,0.9996963316144832,1.0,0.9996963316144832
dMRI_weighted_mean_L2_inferior_fronto_occipital_fasciculus_rig,exploratory,primary,dMRI_weighted_mean,L2,GG,36328,ok,0.004759768847592939,0.013777770491324113,0.7297451093510042,0.0015278957943670492,0.012231810273881675,0.9005941746949746,2,0.1307516903206897,0.9367153372829657,1.0,0.9996963316144832,1.0,0.9996963316144832
dMRI_weighted_mean_L2_inferior_longitudinal_fasciculus_left,exploratory,primary,dMRI_weighted_mean,L2,GG,36331,ok,0.005805203455295103,0.013804455230793617,0.6740999667910637,0.00517651837946774,0.012255211576401985,0.6727405218029484,2,0.2210472879063306,0.895365159967305,1.0,0.9996963316144832,1.0,0.9996963316144832
dMRI_weighted_mean_L2_inferior_longitudinal_fasciculus_right,exploratory,primary,dMRI_weighted_mean,L2,GG,36332,ok,0.019342944895429343,0.013842240447606685,0.1623062437686072,0.007265186062472208,0.012289042664845774,0.5543953354168354,2,2.0577112172972263,0.35741575011020166,1.0,0.9996963316144832,1.0,0.9996963316144832
dMRI_weighted_mean_L2_middle_cerebellar_peduncle,exploratory,primary,dMRI_weighted_mean,L2,GG,36294,ok,0.02005339421928097,0.014350625387200206,0.162305422847989,0.019322587922473728,0.012741068065621,0.12938665229952337,2,2.659715634253143,0.2645148681102509,1.0,0.9996963316144832,1.0,0.9996963316144832
dMRI_weighted_mean_L2_medial_lemniscus_left,exploratory,primary,dMRI_weighted_mean,L2,GG,36335,ok,-0.008632521727014507,0.013892183132870781,0.5343442032077026,-0.005072021621088577,0.01233255508719439,0.6808762976859628,2,0.3879544568762496,0.8236766604590608,1.0,0.9996963316144832,1.0,0.9996963316144832
dMRI_weighted_mean_L2_medial_lemniscus_right,exploratory,primary,dMRI_weighted_mean,L2,GG,36333,ok,-0.005590640471180608,0.013422164330147689,0.677029786166651,-0.00557010799419128,0.011914760285290708,0.6401475461907324,2,0.2464158898088629,0.8840798035549517,1.0,0.9996963316144832,1.0,0.9996963316144832
dMRI_weighted_mean_L2_posterior_thalamic_radiation_left,exploratory,primary,dMRI_weighted_mean,L2,GG,36309,ok,0.0033588881080569895,0.013187971012860226,0.7989614205213154,0.00471526040798251,0.011706689889744683,0.6871099443269872,2,0.16239843298236126,0.9220099935516419,1.0,0.9996963316144832,1.0,0.9996963316144832
dMRI_weighted_mean_L2_posterior_thalamic_radiation_right,exploratory,primary,dMRI_weighted_mean,L2,GG,36307,ok,0.017977780863508788,0.013388002770715102,0.17933617659527412,-0.0017824417782139942,0.011886940791548268,0.8808052284560087,2,3.2788981807540183,0.19408693720487297,1.0,0.9996963316144832,1.0,0.9996963316144832
dMRI_weighted_mean_L2_superior_longitudinal_fasciculus_left,exploratory,primary,dMRI_weighted_mean,L2,GG,36322,ok,0.0030207282898490214,0.014019041659157402,0.8293995865101276,0.0063092608625068426,0.012445811304800882,0.6122010540773561,2,0.2705287173053149,0.8734849678541605,1.0,0.9996963316144832,1.0,0.9996963316144832
dMRI_weighted_mean_L2_superior_longitudinal_fasciculus_right,exploratory,primary,dMRI_weighted_mean,L2,GG,36322,ok,0.01370938621678728,0.01397994612541844,0.32677359811701157,0.008855531760220395,0.012411943622550792,0.47556043880180066,2,0.9836796487442313,0.6115003054338051,1.0,0.9996963316144832,1.0,0.9996963316144832
dMRI_weighted_mean_L2_superior_thalamic_radiation_left,exploratory,primary,dMRI_weighted_mean,L2,GG,36333,ok,0.013509552559914498,0.013991328449087265,0.33426777373544936,0.009330661223396456,0.012421225041471263,0.45254506765600766,2,0.9753787707383014,0.6140435743421466,1.0,0.9996963316144832,1.0,0.9996963316144832
dMRI_weighted_mean_L2_superior_thalamic_radiation_right,exploratory,primary,dMRI_weighted_mean,L2,GG,36324,ok,0.009297371284478422,0.014024215019631612,0.5073659687222134,0.003622518543639835,0.012451018615507395,0.7710976923166237,2,0.4592236642429355,0.7948420747918841,1.0,0.9996963316144832,1.0,0.9996963316144832
dMRI_weighted_mean_L2_uncinate_fasciculus_left,exploratory,primary,dMRI_weighted_mean,L2,GG,36329,ok,0.006608333526167329,0.013874884431175759,0.6338775955978403,0.019763387162138706,0.012318685330477737,0.1086473366193697,2,2.9666961100247677,0.2268768193067204,1.0,0.9996963316144832,1.0,0.9996963316144832
dMRI_weighted_mean_L2_uncinate_fasciculus_right,exploratory,primary,dMRI_weighted_mean,L2,GG,36332,ok,-0.007633828024528308,0.013742434982718578,0.5785608410988037,0.013626196877419441,0.012200728102348516,0.2640723886288205,2,3.657863879424609,0.16058499066521567,1.0,0.9996963316144832,1.0,0.9996963316144832
dMRI_weighted_mean_L3_acoustic_radiation_left,exploratory,primary,dMRI_weighted_mean,L3,GG,36329,ok,0.004248756916794554,0.014762240323484936,0.7734919312063337,0.017695502235264754,0.01310644903007176,0.17698044953146982,2,2.271189034064184,0.3212310872009167,1.0,0.9996963316144832,1.0,0.9996963316144832
dMRI_weighted_mean_L3_acoustic_radiation_right,exploratory,primary,dMRI_weighted_mean,L3,GG,36323,ok,-0.003096508784404439,0.014588076265273996,0.8319030541069584,-0.006491781058775898,0.012951323627368597,0.6162020281536553,2,0.2646769588720787,0.8760444218683787,1.0,0.9996963316144832,1.0,0.9996963316144832
dMRI_weighted_mean_L3_anterior_thalamic_radiation_left,exploratory,primary,dMRI_weighted_mean,L3,GG,36321,ok,0.008541262139226243,0.013107293405904755,0.5146363104659111,0.0031467535498524357,0.011636889879463708,0.786844920839542,2,0.4495068822977424,0.7987131242742833,1.0,0.9996963316144832,1.0,0.9996963316144832
dMRI_weighted_mean_L3_anterior_thalamic_radiation_right,exploratory,primary,dMRI_weighted_mean,L3,GG,36323,ok,0.0026903416122788506,0.013122701988161465,0.8375620993762793,0.00032897016816654714,0.011650334036396587,0.9774733040137034,2,0.05670680015396141,0.9720447853919884,1.0,0.9996963316144832,1.0,0.9996963316144832
dMRI_weighted_mean_L3_cingulate_gyrus_part_of_cingulum_left,exploratory,primary,dMRI_weighted_mean,L3,GG,36334,ok,0.0018972759410317988,0.014439218170612543,0.8954616617008313,0.0037795371426584206,0.012819564014608565,0.7681287063844624,2,0.09051513404948872,0.9557512801141242,1.0,0.9996963316144832,1.0,0.9996963316144832
dMRI_weighted_mean_L3_cingulate_gyrus_part_of_cingulum_right,exploratory,primary,dMRI_weighted_mean,L3,GG,36331,ok,-0.010577087388299294,0.014495155020946334,0.46557943842174776,-0.0037227739251375802,0.012869584069202763,0.7723770537400187,2,0.5699301711342519,0.7520405109289501,1.0,0.9996963316144832,1.0,0.9996963316144832
dMRI_weighted_mean_L3_parahippocampal_part_of_cingulum_left,exploratory,primary,dMRI_weighted_mean,L3,GG,36285,ok,-0.008620431695028479,0.014453880283781077,0.5509054112157101,-0.012864870091659745,0.012830197727936874,0.316011162839772,2,1.0056480633108182,0.6048202142424606,1.0,0.9996963316144832,1.0,0.9996963316144832
dMRI_weighted_mean_L3_parahippocampal_part_of_cingulum_right,exploratory,primary,dMRI_weighted_mean,L3,GG,36303,ok,-0.004018905784608623,0.014463323975998144,0.7811146956431688,-0.001849718488768136,0.012838640281288893,0.8854425758383933,2,0.07817055939073789,0.9616686948359973,1.0,0.9996963316144832,1.0,0.9996963316144832
dMRI_weighted_mean_L3_corticospinal_tract_left,exploratory,primary,dMRI_weighted_mean,L3,GG,36325,ok,-0.006973856683101486,0.014557134837376168,0.6318931788061528,-0.0012173371515715563,0.012924810321455458,0.9249618662589454,2,0.29083112125546184,0.8646628985838946,1.0,0.9996963316144832,1.0,0.9996963316144832
dMRI_weighted_mean_L3_corticospinal_tract_right,exploratory,primary,dMRI_weighted_mean,L3,GG,36323,ok,-0.005125248908393518,0.014393705404333,0.7217859352185874,-0.004671860981637278,0.012779617536247638,0.7146871490230087,2,0.16212079003439572,0.9221379972225973,1.0,0.9996963316144832,1.0,0.9996963316144832
dMRI_weighted_mean_L3_forceps_major,exploratory,primary,dMRI_weighted_mean,L3,GG,36331,ok,0.008267586014232602,0.014783497035119471,0.5759984738741646,0.007210979555088523,0.013125221189853235,0.5827352408549473,2,0.38248715239188075,0.8259313864230002,1.0,0.9996963316144832,1.0,0.9996963316144832
dMRI_weighted_mean_L3_forceps_minor,exploratory,primary,dMRI_weighted_mean,L3,GG,36336,ok,-0.015391887041748402,0.014047751590114314,0.2732246552286389,-0.0063758054039525225,0.012472231030462655,0.6092140770068459,2,1.2381551596407794,0.5384408773272344,1.0,0.9996963316144832,1.0,0.9996963316144832
dMRI_weighted_mean_L3_inferior_fronto_occipital_fasciculus_lef,exploratory,primary,dMRI_weighted_mean,L3,GG,36325,ok,-0.008385098235876319,0.01380477800079122,0.5435856323364499,-0.002219334719084167,0.012256068096003247,0.8563054155729101,2,0.424786267772671,0.808646728637313,1.0,0.9996963316144832,1.0,0.9996963316144832
dMRI_weighted_mean_L3_inferior_fronto_occipital_fasciculus_rig,exploratory,primary,dMRI_weighted_mean,L3,GG,36327,ok,-0.000496956357195821,0.013850088294408171,0.9713773661483822,0.001966742323492638,0.012296097230931129,0.8729225319307261,2,0.05360538207222707,0.9735533133705145,1.0,0.9996963316144832,1.0,0.9996963316144832
dMRI_weighted_mean_L3_inferior_longitudinal_fasciculus_left,exploratory,primary,dMRI_weighted_mean,L3,GG,36329,ok,0.0005177029742152105,0.013825415336202124,0.9701298050972063,0.0025203434737858656,0.012273634526447903,0.8373028491062784,2,0.05422158085275571,0.9732534083909183,1.0,0.9996963316144832,1.0,0.9996963316144832
dMRI_weighted_mean_L3_inferior_longitudinal_fasciculus_right,exploratory,primary,dMRI_weighted_mean,L3,GG,36327,ok,0.014990228126834253,0.013827565034211738,0.27833520281283797,0.007274671696610257,0.012275728738715692,0.5534484897863747,2,1.1820888431433512,0.5537486355899865,1.0,0.9996963316144832,1.0,0.9996963316144832
dMRI_weighted_mean_L3_middle_cerebellar_peduncle,exploratory,primary,dMRI_weighted_mean,L3,GG,36300,ok,0.018950497688660528,0.01437834124063529,0.1875156060383324,0.01947384797488694,0.012765388966797419,0.12713832910116538,2,2.570275159371382,0.2766125247497557,1.0,0.9996963316144832,1.0,0.9996963316144832
dMRI_weighted_mean_L3_medial_lemniscus_left,exploratory,primary,dMRI_weighted_mean,L3,GG,36337,ok,-0.0015088751585872527,0.014028968843799028,0.9143498875383752,8.451795601000859e-05,0.012454596917382437,0.9945855662216172,2,0.019802426621852103,0.9901476423252755,1.0,0.9996963316144832,1.0,0.9996963316144832
dMRI_weighted_mean_L3_medial_lemniscus_right,exploratory,primary,dMRI_weighted_mean,L3,GG,36332,ok,0.0028838659299694103,0.013420837301996353,0.8298622940238176,-0.000195805969632783,0.011914101472079512,0.9868876010885146,2,0.08037581128181795,0.9606089183579497,1.0,0.9996963316144832,1.0,0.9996963316144832
dMRI_weighted_mean_L3_posterior_thalamic_radiation_left,exploratory,primary,dMRI_weighted_mean,L3,GG,36317,ok,0.0006488113178879237,0.013288588395303143,0.9610592680592569,0.0029293707841722234,0.011795986671400364,0.8038756796099884,2,0.07812481998087438,0.9616906881667798,1.0,0.9996963316144832,1.0,0.9996963316144832
dMRI_weighted_mean_L3_posterior_thalamic_radiation_right,exploratory,primary,dMRI_weighted_mean,L3,GG,36312,ok,0.015363987961867238,0.013511517392220137,0.2555027092524363,-0.0005571204960889186,0.011996742382706463,0.9629603572295679,2,2.1532565078249255,0.3407424880763032,1.0,0.9996963316144832,1.0,0.9996963316144832
dMRI_weighted_mean_L3_superior_longitudinal_fasciculus_left,exploratory,primary,dMRI_weighted_mean,L3,GG,36316,ok,0.017714334791104736,0.014004106141154379,0.20590145347307043,0.005251617154973147,0.012432859544092985,0.6727369142731182,2,1.7896848472363613,0.40867199062102066,1.0,0.9996963316144832,1.0,0.9996963316144832
dMRI_weighted_mean_L3_superior_longitudinal_fasciculus_right,exploratory,primary,dMRI_weighted_mean,L3,GG,36321,ok,0.0207259388873298,0.014063995564112086,0.14057433940891464,0.008798204247513586,0.01248667946893844,0.48105923900618996,2,2.229220850299427,0.3280430513321199,1.0,0.9996963316144832,1.0,0.9996963316144832
dMRI_weighted_mean_L3_superior_thalamic_radiation_left,exploratory,primary,dMRI_weighted_mean,L3,GG,36327,ok,0.012756778329887088,0.013775524812505923,0.3544279052141469,0.005354830039983638,0.012229849432159722,0.6614981936488865,2,0.8820991199466864,0.6433608208377039,1.0,0.9996963316144832,1.0,0.9996963316144832
dMRI_weighted_mean_L3_superior_thalamic_radiation_right,exploratory,primary,dMRI_weighted_mean,L3,GG,36322,ok,0.010703925941233455,0.013879286766079397,0.4405840222705979,0.007484370161430483,0.0123218297626237,0.5435844018647152,2,0.625441808859412,0.7314540296630212,1.0,0.9996963316144832,1.0,0.9996963316144832
dMRI_weighted_mean_L3_uncinate_fasciculus_left,exploratory,primary,dMRI_weighted_mean,L3,GG,36328,ok,0.0011754886121384685,0.013891915270310367,0.9325665552025855,0.019856816182768498,0.01233350701229593,0.10740885567081075,2,3.85558456264249,0.14546899886079712,1.0,0.9996963316144832,1.0,0.9996963316144832
dMRI_weighted_mean_L3_uncinate_fasciculus_right,exploratory,primary,dMRI_weighted_mean,L3,GG,36330,ok,-0.012989699747656451,0.013783275657198625,0.34598150670986083,0.013144660935411829,0.012236773173785895,0.2827431523298063,2,5.18204351422743,0.07494342697236046,1.0,0.9996963316144832,1.0,0.9996963316144832
dMRI_weighted_mean_ICVF_acoustic_radiation_left,exploratory,primary,dMRI_weighted_mean,ICVF,GG,36316,ok,-0.0051775977204401415,0.014525952185708681,0.7215148351263034,-0.011296177952137894,0.01289647677427474,0.3810837082701787,2,0.8159454483853424,0.6649970169055427,1.0,0.9996963316144832,1.0,0.9996963316144832
dMRI_weighted_mean_ICVF_acoustic_radiation_right,exploratory,primary,dMRI_weighted_mean,ICVF,GG,36315,ok,0.0073435298026677965,0.014506422760330744,0.6127010111975615,-0.004988861217459131,0.012879243666834097,0.6984944331750591,2,1.0207112218362333,0.6002820739927319,1.0,0.9996963316144832,1.0,0.9996963316144832
dMRI_weighted_mean_ICVF_anterior_thalamic_radiation_left,exploratory,primary,dMRI_weighted_mean,ICVF,GG,36317,ok,-0.00515819608875249,0.013564214719670219,0.7037399967158722,-0.004942876109038237,0.012042531819754704,0.6814771455969164,2,0.19568243900930943,0.9067928733454423,1.0,0.9996963316144832,1.0,0.9996963316144832
dMRI_weighted_mean_ICVF_anterior_thalamic_radiation_right,exploratory,primary,dMRI_weighted_mean,ICVF,GG,36316,ok,-0.0004957805721281577,0.01348292033764561,0.9706677929319241,-0.005206251329855489,0.011970471688933683,0.6636198223056627,2,0.2709802326807086,0.8732877941651553,1.0,0.9996963316144832,1.0,0.9996963316144832
dMRI_weighted_mean_ICVF_cingulate_gyrus_part_of_cingulum_left,exploratory,primary,dMRI_weighted_mean,ICVF,GG,36316,ok,-0.004253090772805385,0.01417127409217355,0.764086913384628,6.928925270430208e-05,0.012582015973994993,0.9956060964548772,2,0.14588852308283976,0.9296526459872106,1.0,0.9996963316144832,1.0,0.9996963316144832
dMRI_weighted_mean_ICVF_cingulate_gyrus_part_of_cingulum_right,exploratory,primary,dMRI_weighted_mean,ICVF,GG,36316,ok,0.0045705429911411695,0.014212048071574203,0.7477603509484507,-0.0003229002084263544,0.01261823449669281,0.9795845290988754,2,0.18067428911802633,0.9136231102806232,1.0,0.9996963316144832,1.0,0.9996963316144832
dMRI_weighted_mean_ICVF_parahippocampal_part_of_cingulum_left,exploratory,primary,dMRI_weighted_mean,ICVF,GG,36313,ok,0.021078523352085494,0.01439251573338473,0.14305307153332525,0.0035654649469371883,0.012777979886359902,0.7802218778817521,2,2.7346859746904593,0.2547830227164535,1.0,0.9996963316144832,1.0,0.9996963316144832
dMRI_weighted_mean_ICVF_parahippocampal_part_of_cingulum_right,exploratory,primary,dMRI_weighted_mean,ICVF,GG,36314,ok,0.018688972485198848,0.014471491929321812,0.19656155583154425,0.00032618628366870524,0.012848353863287984,0.9797461017803175,2,2.5795689880134645,0.2753301119859164,1.0,0.9996963316144832,1.0,0.9996963316144832
dMRI_weighted_mean_ICVF_corticospinal_tract_left,exploratory,primary,dMRI_weighted_mean,ICVF,GG,36314,ok,-0.012206301789627536,0.014640299311791671,0.40442920385739833,-0.004604905086544955,0.012998250475153243,0.7231377486429742,2,0.7317177522035119,0.6936006779347156,1.0,0.9996963316144832,1.0,0.9996963316144832
dMRI_weighted_mean_ICVF_corticospinal_tract_right,exploratory,primary,dMRI_weighted_mean,ICVF,GG,36313,ok,-0.010594639424373962,0.014498664159283733,0.4649475184964307,-0.00697563059412681,0.012872624730809652,0.5878931195737822,2,0.5492456991737165,0.7598586501935398,1.0,0.9996963316144832,1.0,0.9996963316144832
dMRI_weighted_mean_ICVF_forceps_major,exploratory,primary,dMRI_weighted_mean,ICVF,GG,36315,ok,-0.002766686470504046,0.014489407709813813,0.848569399928071,0.00016975699716725894,0.012864145189305702,0.9894713857153548,2,0.06287175615997447,0.9690530920064467,1.0,0.9996963316144832,1.0,0.9996963316144832
dMRI_weighted_mean_ICVF_forceps_minor,exploratory,primary,dMRI_weighted_mean,ICVF,GG,36317,ok,0.010383432808992508,0.014067674553390332,0.46045490602376615,0.00429166643843059,0.01248999004169987,0.7311427407495412,2,0.5621174383214032,0.7549840021516634,1.0,0.9996963316144832,1.0,0.9996963316144832
dMRI_weighted_mean_ICVF_inferior_fronto_occipital_fasciculus_lef,exploratory,primary,dMRI_weighted_mean,ICVF,GG,36315,ok,0.013434478465779765,0.014072213526194047,0.33974527269926436,0.00023140311050091143,0.012493745884524475,0.9852229153102037,2,1.410125677058423,0.49407752617558276,1.0,0.9996963316144832,1.0,0.9996963316144832
dMRI_weighted_mean_ICVF_inferior_fronto_occipital_fasciculus_rig,exploratory,primary,dMRI_weighted_mean,ICVF,GG,36315,ok,0.005078162372492886,0.01408283528393852,0.7184063239196985,-0.00022150054438572366,0.012503174343743824,0.9858658771021704,2,0.2187336418877444,0.8964015383236622,1.0,0.9996963316144832,1.0,0.9996963316144832
dMRI_weighted_mean_ICVF_inferior_longitudinal_fasciculus_left,exploratory,primary,dMRI_weighted_mean,ICVF,GG,36322,ok,0.006661004778269177,0.014197273426869992,0.6389474216604141,-0.006331763453334076,0.012604412479175516,0.615427915794638,2,1.2017012494057608,0.5483450018525797,1.0,0.9996963316144832,1.0,0.9996963316144832
dMRI_weighted_mean_ICVF_inferior_longitudinal_fasciculus_right,exploratory,primary,dMRI_weighted_mean,ICVF,GG,36318,ok,-0.00040646783121945577,0.01424503032895225,0.9772364003041212,-0.007061600867751422,0.01264645267642471,0.5765843439693166,2,0.46447222412995154,0.7927589212612957,1.0,0.9996963316144832,1.0,0.9996963316144832
dMRI_weighted_mean_ICVF_middle_cerebellar_peduncle,exploratory,primary,dMRI_weighted_mean,ICVF,GG,36297,ok,-0.007720189585856232,0.01427813710483999,0.5887176582062701,0.0034409135766835194,0.012675807777641216,0.7860425186339315,2,0.8620134896930809,0.6498545275909055,1.0,0.9996963316144832,1.0,0.9996963316144832
dMRI_weighted_mean_ICVF_medial_lemniscus_left,exploratory,primary,dMRI_weighted_mean,ICVF,GG,36311,ok,-0.009658237446999238,0.014223671372527455,0.4971259529023283,-0.004436709669872433,0.012628228501961618,0.7253408026561995,2,0.4669645456986166,0.7917716314708647,1.0,0.9996963316144832,1.0,0.9996963316144832
dMRI_weighted_mean_ICVF_medial_lemniscus_right,exploratory,primary,dMRI_weighted_mean,ICVF,GG,36310,ok,-0.014111216463136442,0.013995535741774723,0.3133337243589736,-0.0031480300822222403,0.012425804675993319,0.8000021530137731,2,1.2206521754501878,0.5431737179106554,1.0,0.9996963316144832,1.0,0.9996963316144832
dMRI_weighted_mean_ICVF_posterior_thalamic_radiation_left,exploratory,primary,dMRI_weighted_mean,ICVF,GG,36317,ok,0.006909206983155208,0.01392300474962868,0.6197253066052555,-0.004792890242718098,0.012361089671074969,0.698210645979468,2,0.9982855530681181,0.6070508149397327,1.0,0.9996963316144832,1.0,0.9996963316144832
dMRI_weighted_mean_ICVF_posterior_thalamic_radiation_right,exploratory,primary,dMRI_weighted_mean,ICVF,GG,36315,ok,-0.003938278313551955,0.014035677925858265,0.779026079867721,-0.007401394075510205,0.01246129396596371,0.5525488010017239,2,0.3629233896773238,0.834050193118804,1.0,0.9996963316144832,1.0,0.9996963316144832
dMRI_weighted_mean_ICVF_superior_longitudinal_fasciculus_left,exploratory,primary,dMRI_weighted_mean,ICVF,GG,36318,ok,-0.005700001383998372,0.014171813863759361,0.6875341305003577,-0.001226465324017313,0.01258234000957153,0.9223496158790448,2,0.19590431246979545,0.9066922822887903,1.0,0.9996963316144832,1.0,0.9996963316144832
dMRI_weighted_mean_ICVF_superior_longitudinal_fasciculus_right,exploratory,primary,dMRI_weighted_mean,ICVF,GG,36315,ok,-0.01039897258240304,0.014277744224277127,0.4664135966841575,-0.005681898503241265,0.012676236771007782,0.6539882453625778,2,0.5305282768013959,0.767003328184499,1.0,0.9996963316144832,1.0,0.9996963316144832
dMRI_weighted_mean_ICVF_superior_thalamic_radiation_left,exploratory,primary,dMRI_weighted_mean,ICVF,GG,36316,ok,-0.014745253270017489,0.014044107908321425,0.293759809645253,-0.008502226672407291,0.012469109108163927,0.49532980748079536,2,1.1054644292988924,0.5753756111609369,1.0,0.9996963316144832,1.0,0.9996963316144832
dMRI_weighted_mean_ICVF_superior_thalamic_radiation_right,exploratory,primary,dMRI_weighted_mean,ICVF,GG,36318,ok,-0.017523749761070417,0.014051397817976395,0.2123623194159189,-0.013416364797147381,0.012475388377861845,0.2821909182332024,2,1.7157011716631259,0.42407261109420225,1.0,0.9996963316144832,1.0,0.9996963316144832
dMRI_weighted_mean_ICVF_uncinate_fasciculus_left,exploratory,primary,dMRI_weighted_mean,ICVF,GG,36321,ok,0.004773627832607424,0.013980245481105023,0.7327628857004247,-0.011652620365463096,0.01241186695481705,0.3478248071077502,2,2.197518625032962,0.3332843289863683,1.0,0.9996963316144832,1.0,0.9996963316144832
dMRI_weighted_mean_ICVF_uncinate_fasciculus_right,exploratory,primary,dMRI_weighted_mean,ICVF,GG,36317,ok,0.015326527223406806,0.013977289968323578,0.2728538837261983,-0.009935712416043406,0.012409676343049021,0.423343968986976,2,4.6086131066526,0.09982800205307128,1.0,0.9996963316144832,1.0,0.9996963316144832
dMRI_weighted_mean_OD_acoustic_radiation_left,exploratory,primary,dMRI_weighted_mean,OD,GG,36329,ok,-0.01749411229274102,0.014577088928076892,0.23010439938136676,-0.021354593233163768,0.012942478997919804,0.0989594450233106,2,2.784616242469252,0.24850107158670098,1.0,0.9996963316144832,1.0,0.9996963316144832
dMRI_weighted_mean_OD_acoustic_radiation_right,exploratory,primary,dMRI_weighted_mean,OD,GG,36329,ok,-0.027361235801749054,0.014331559387804213,0.0562493687210517,-0.013847826218483208,0.01272451125800583,0.27647891279840336,2,3.652859750925618,0.16098728770601062,1.0,0.9996963316144832,1.0,0.9996963316144832
dMRI_weighted_mean_OD_anterior_thalamic_radiation_left,exploratory,primary,dMRI_weighted_mean,OD,GG,36332,ok,-0.008904166331500058,0.014014452048989169,0.5252002567759697,-0.012079461744769848,0.012442662629735635,0.33164935313450694,2,0.9458105427740663,0.6231891022209188,1.0,0.9996963316144832,1.0,0.9996963316144832
dMRI_weighted_mean_OD_anterior_thalamic_radiation_right,exploratory,primary,dMRI_weighted_mean,OD,GG,36331,ok,-0.013313480949862294,0.01329281176616087,0.3165652819269738,-0.004703183581637316,0.011802042347463187,0.6902596494776754,2,1.0727248667288558,0.584871898083499,1.0,0.9996963316144832,1.0,0.9996963316144832
dMRI_weighted_mean_OD_cingulate_gyrus_part_of_cingulum_left,exploratory,primary,dMRI_weighted_mean,OD,GG,36327,ok,-0.004860398694928054,0.014514958053506331,0.737736798351982,-0.014411738972474261,0.012887173529237234,0.2634458641425871,2,1.4381901460651725,0.4871929305619329,1.0,0.9996963316144832,1.0,0.9996963316144832
dMRI_weighted_mean_OD_cingulate_gyrus_part_of_cingulum_right,exploratory,primary,dMRI_weighted_mean,OD,GG,36329,ok,-0.0051165035205870575,0.01463854301258178,0.7266989370844876,-0.01111253567768676,0.012997554853830773,0.3925727091866634,2,0.776546695392285,0.6782269261558624,1.0,0.9996963316144832,1.0,0.9996963316144832
dMRI_weighted_mean_OD_parahippocampal_part_of_cingulum_left,exploratory,primary,dMRI_weighted_mean,OD,GG,36329,ok,-0.015807717400100743,0.014586463390157175,0.27849387450713897,-0.013675530223682389,0.012950763252088845,0.2909920275299994,2,1.4252680845583297,0.4903508899196851,1.0,0.9996963316144832,1.0,0.9996963316144832
dMRI_weighted_mean_OD_parahippocampal_part_of_cingulum_right,exploratory,primary,dMRI_weighted_mean,OD,GG,36329,ok,-0.010320234563152921,0.014398473744722397,0.47352747224552516,-0.013030498420424221,0.01278393462506008,0.3080735259347147,2,1.0541077251131392,0.5903416377942454,1.0,0.9996963316144832,1.0,0.9996963316144832
dMRI_weighted_mean_OD_corticospinal_tract_left,exploratory,primary,dMRI_weighted_mean,OD,GG,36328,ok,-0.018684392679460766,0.014002483958791608,0.18209338061691302,0.009645505665250865,0.012432469993313525,0.43785335592131824,2,5.765407379096189,0.055983196848587935,1.0,0.9996963316144832,1.0,0.9996963316144832
dMRI_weighted_mean_OD_corticospinal_tract_right,exploratory,primary,dMRI_weighted_mean,OD,GG,36328,ok,-0.028328533946871133,0.013820995388605564,0.04040343117565936,0.0013989412401753307,0.012271330640495291,0.9092378072652627,2,7.124943846164412,0.02836861294174502,1.0,0.843399469770859,1.0,0.843399469770859
dMRI_weighted_mean_OD_forceps_major,exploratory,primary,dMRI_weighted_mean,OD,GG,36323,ok,0.003932200214284414,0.014207373808371108,0.7819569234559267,-0.005749633377135897,0.012613289823289584,0.6485082589671884,2,0.693087169654586,0.7071279985639268,1.0,0.9996963316144832,1.0,0.9996963316144832
dMRI_weighted_mean_OD_forceps_minor,exploratory,primary,dMRI_weighted_mean,OD,GG,36332,ok,0.005572880945214614,0.014260767469148937,0.6959591342885575,-0.017665575314920023,0.01266177504046434,0.16296724474012547,2,4.373840091233559,0.1122619784709816,1.0,0.9996963316144832,1.0,0.9996963316144832
dMRI_weighted_mean_OD_inferior_fronto_occipital_fasciculus_lef,exploratory,primary,dMRI_weighted_mean,OD,GG,36324,ok,0.007023823524853012,0.014150293999165642,0.6196342950634883,-0.003884390312493536,0.01256373010684579,0.757190242014914,2,0.8368650044441596,0.6580775468652413,1.0,0.9996963316144832,1.0,0.9996963316144832
dMRI_weighted_mean_OD_inferior_fronto_occipital_fasciculus_rig,exploratory,primary,dMRI_weighted_mean,OD,GG,36324,ok,-0.008248568247433185,0.01388468859829342,0.5524646007042779,-0.0030136114786125604,0.012327065073567376,0.8068673438577344,2,0.37432296087156697,0.8293098082630713,1.0,0.9996963316144832,1.0,0.9996963316144832
dMRI_weighted_mean_OD_inferior_longitudinal_fasciculus_left,exploratory,primary,dMRI_weighted_mean,OD,GG,36320,ok,0.0027639235885741097,0.01416448680759595,0.8452918676143111,-0.012800487477778602,0.012575153983527801,0.30872326408074385,2,2.0833121822546756,0.3528698132277039,1.0,0.9996963316144832,1.0,0.9996963316144832
dMRI_weighted_mean_OD_inferior_longitudinal_fasciculus_right,exploratory,primary,dMRI_weighted_mean,OD,GG,36314,ok,-0.0023587295068878277,0.013933850594587337,0.8655769395405156,-0.0003520720183754606,0.01237056390272101,0.9772950550215771,2,0.03740564514422297,0.9814709899324117,1.0,0.9996963316144832,1.0,0.9996963316144832
dMRI_weighted_mean_OD_middle_cerebellar_peduncle,exploratory,primary,dMRI_weighted_mean,OD,GG,36305,ok,-0.032074475736675,0.014342980548054387,0.025341521278137588,-0.001683513069405772,0.012734133782574061,0.8948230714726724,2,7.3799928596197955,0.024972091197229825,1.0,0.8403108687867835,1.0,0.8403108687867835
dMRI_weighted_mean_OD_medial_lemniscus_left,exploratory,primary,dMRI_weighted_mean,OD,GG,36321,ok,-0.013537785128821781,0.014499350414275046,0.35047407138772524,-0.0008150223627244161,0.01287282517887209,0.9495172921921433,2,1.273376074005651,0.5290416921968775,1.0,0.9996963316144832,1.0,0.9996963316144832
dMRI_weighted_mean_OD_medial_lemniscus_right,exploratory,primary,dMRI_weighted_mean,OD,GG,36319,ok,-0.023407195237231275,0.014509982347329416,0.10671437389914992,-0.007205898484707563,0.01288290366802276,0.5759344698416677,2,2.8820219500137414,0.23668835167730032,1.0,0.9996963316144832,1.0,0.9996963316144832
dMRI_weighted_mean_OD_posterior_thalamic_radiation_left,exploratory,primary,dMRI_weighted_mean,OD,GG,36326,ok,0.036844344742406235,0.014079330016919014,0.00887664139599627,0.005286794970656299,0.012500880489268769,0.6723606538051763,2,9.00204922391153,0.011097619956858608,1.0,0.5084508140901896,1.0,0.5084508140901896
dMRI_weighted_mean_OD_posterior_thalamic_radiation_right,exploratory,primary,dMRI_weighted_mean,OD,GG,36328,ok,0.009193211271658057,0.013921667645407605,0.5090316882037795,0.006966459409747728,0.012360294314279279,0.5730189902391198,2,0.477979381245994,0.7874230001714126,1.0,0.9996963316144832,1.0,0.9996963316144832
dMRI_weighted_mean_OD_superior_longitudinal_fasciculus_left,exploratory,primary,dMRI_weighted_mean,OD,GG,36340,ok,-0.010978573609266963,0.01410361927735773,0.4363250919509788,-0.009790540939248442,0.012521820845637207,0.4342911534806425,2,0.757386345057418,0.684755682291514,1.0,0.9996963316144832,1.0,0.9996963316144832
dMRI_weighted_mean_OD_superior_longitudinal_fasciculus_right,exploratory,primary,dMRI_weighted_mean,OD,GG,36337,ok,-0.005817012992690444,0.013885317464823068,0.6752678250821602,0.007610225546435905,0.012327907395121244,0.5370295951808199,2,1.3791304690799169,0.5017941844275459,1.0,0.9996963316144832,1.0,0.9996963316144832
dMRI_weighted_mean_OD_superior_thalamic_radiation_left,exploratory,primary,dMRI_weighted_mean,OD,GG,36336,ok,-0.019906175884205204,0.013185297566772643,0.1311222637583587,-0.0037170890138399507,0.0117061267868388,0.7508405465884257,2,2.8478982284003824,0.24076134298767368,1.0,0.9996963316144832,1.0,0.9996963316144832
dMRI_weighted_mean_OD_superior_thalamic_radiation_right,exploratory,primary,dMRI_weighted_mean,OD,GG,36334,ok,-0.01199066322994514,0.013088692158330388,0.35961603198903225,-0.004733023523448297,0.01162093692502157,0.683801697507211,2,0.8744053542261292,0.6458405210524989,1.0,0.9996963316144832,1.0,0.9996963316144832
dMRI_weighted_mean_OD_uncinate_fasciculus_left,exploratory,primary,dMRI_weighted_mean,OD,GG,36320,ok,0.015115430201608321,0.014479111248231275,0.29651669161180244,0.02586345579603619,0.012854864816442213,0.04423167822419014,2,4.097923605053152,0.12886862524218137,1.0,0.9996963316144832,1.0,0.9996963316144832
dMRI_weighted_mean_OD_uncinate_fasciculus_right,exploratory,primary,dMRI_weighted_mean,OD,GG,36322,ok,-0.014467304690374834,0.014300690934640132,0.31171181708583384,0.011229649292468129,0.012696696652304594,0.37645682456185126,2,4.580890580159493,0.10122137894124066,1.0,0.9996963316144832,1.0,0.9996963316144832
dMRI_weighted_mean_ISOVF_acoustic_radiation_left,exploratory,primary,dMRI_weighted_mean,ISOVF,GG,36340,ok,0.00797743133049057,0.014742599913301376,0.5884321363767591,0.01688187168957471,0.013088208465522659,0.19710973895473793,2,1.7566362536042024,0.4154811109203953,1.0,0.9996963316144832,1.0,0.9996963316144832
dMRI_weighted_mean_ISOVF_acoustic_radiation_right,exploratory,primary,dMRI_weighted_mean,ISOVF,GG,36338,ok,0.013078928791810482,0.01458707251882053,0.36993250390976506,-0.01211325601500788,0.01295087644982247,0.34962795145256476,2,4.273478037190711,0.11803913952836988,1.0,0.9996963316144832,1.0,0.9996963316144832
dMRI_weighted_mean_ISOVF_anterior_thalamic_radiation_left,exploratory,primary,dMRI_weighted_mean,ISOVF,GG,36331,ok,0.02130959056514764,0.013808654028431589,0.12278964570940305,0.004054677071469457,0.01225813297760037,0.7408167782575661,2,2.963634611100319,0.2272243768197372,1.0,0.9996963316144832,1.0,0.9996963316144832
dMRI_weighted_mean_ISOVF_anterior_thalamic_radiation_right,exploratory,primary,dMRI_weighted_mean,ISOVF,GG,36325,ok,0.014363834664928637,0.013775496233683023,0.2970900082700275,-0.0034731221539582684,0.012228140034419991,0.7763912956013025,2,2.4194846974956286,0.29827412023097005,1.0,0.9996963316144832,1.0,0.9996963316144832
dMRI_weighted_mean_ISOVF_cingulate_gyrus_part_of_cingulum_left,exploratory,primary,dMRI_weighted_mean,ISOVF,GG,36340,ok,-0.00854746504124634,0.014637481292101575,0.5592618159920565,0.01142054320201795,0.012995302738095672,0.3795042269130712,2,2.751056132550041,0.2527061149876729,1.0,0.9996963316144832,1.0,0.9996963316144832
dMRI_weighted_mean_ISOVF_cingulate_gyrus_part_of_cingulum_right,exploratory,primary,dMRI_weighted_mean,ISOVF,GG,36338,ok,-0.005828232561370158,0.014685245489611896,0.6914606799379207,-0.0005521725271496836,0.013037515870960656,0.9662178572861644,2,0.2200333663958128,0.8958191900430255,1.0,0.9996963316144832,1.0,0.9996963316144832
dMRI_weighted_mean_ISOVF_parahippocampal_part_of_cingulum_left,exploratory,primary,dMRI_weighted_mean,ISOVF,GG,36274,ok,0.014366328970434517,0.014233354282460364,0.31281715737418914,-0.0045465611638618765,0.0126331940469751,0.7189314358882384,2,2.5162771015406173,0.2841825258036044,1.0,0.9996963316144832,1.0,0.9996963316144832
dMRI_weighted_mean_ISOVF_parahippocampal_part_of_cingulum_right,exploratory,primary,dMRI_weighted_mean,ISOVF,GG,36299,ok,0.012316351483554271,0.014116382996587873,0.3829488876051179,-0.0029165516442934297,0.01253078187225528,0.8159561005059155,2,1.682193984537643,0.43123719998605425,1.0,0.9996963316144832,1.0,0.9996963316144832
dMRI_weighted_mean_ISOVF_corticospinal_tract_left,exploratory,primary,dMRI_weighted_mean,ISOVF,GG,36327,ok,-0.0008500347362020709,0.014598591669186546,0.9535679963296348,-0.004935748705480851,0.012961399577044586,0.7033511543942377,2,0.19242723767908984,0.9082699717663225,1.0,0.9996963316144832,1.0,0.9996963316144832
dMRI_weighted_mean_ISOVF_corticospinal_tract_right,exploratory,primary,dMRI_weighted_mean,ISOVF,GG,36327,ok,0.003112330646648889,0.014505912264406406,0.8301147000205511,-0.00901631094175057,0.012879155486014166,0.48388804998629287,2,1.1383474210985605,0.5659929195142831,1.0,0.9996963316144832,1.0,0.9996963316144832
dMRI_weighted_mean_ISOVF_forceps_major,exploratory,primary,dMRI_weighted_mean,ISOVF,GG,36346,ok,0.016020982222949853,0.014686837684245706,0.2753507637449855,0.016713817649165685,0.013038541391471948,0.19989367681319117,2,1.7978322428838476,0.4070105707810029,1.0,0.9996963316144832,1.0,0.9996963316144832
dMRI_weighted_mean_ISOVF_forceps_minor,exploratory,primary,dMRI_weighted_mean,ISOVF,GG,36341,ok,7.347918701444812e-05,0.014644965058781484,0.9959967634641975,0.002294609038427517,0.013001911114195465,0.8599159248909232,2,0.04768052061364476,0.9764416737941317,1.0,0.9996963316144832,1.0,0.9996963316144832
dMRI_weighted_mean_ISOVF_inferior_fronto_occipital_fasciculus_lef,exploratory,primary,dMRI_weighted_mean,ISOVF,GG,36335,ok,0.02424437738193153,0.014337666846434671,0.09085360948926072,0.002079642292346449,0.012728863154222376,0.8702201194807204,2,4.0399313273903,0.1326600200568108,1.0,0.9996963316144832,1.0,0.9996963316144832
dMRI_weighted_mean_ISOVF_inferior_fronto_occipital_fasciculus_rig,exploratory,primary,dMRI_weighted_mean,ISOVF,GG,36336,ok,0.02332978430053126,0.014057598422200685,0.09700653633730534,0.006984152153329377,0.012480538084999845,0.575753404545799,2,3.072363231291599,0.21520125570614554,1.0,0.9996963316144832,1.0,0.9996963316144832
dMRI_weighted_mean_ISOVF_inferior_longitudinal_fasciculus_left,exploratory,primary,dMRI_weighted_mean,ISOVF,GG,36339,ok,0.029332020132342002,0.014242042636507976,0.03944989497787569,0.008315147332230237,0.012643561774799398,0.5107616900185952,2,4.798826820504454,0.09077118312126152,1.0,0.9996963316144832,1.0,0.9996963316144832
dMRI_weighted_mean_ISOVF_inferior_longitudinal_fasciculus_right,exploratory,primary,dMRI_weighted_mean,ISOVF,GG,36334,ok,0.03678819223351617,0.013818057832536463,0.007763658151243206,0.006967771805959591,0.012268034972654992,0.5700646088882282,2,8.831086806059584,0.012087983693080288,1.0,0.5084508140901896,1.0,0.5084508140901896
dMRI_weighted_mean_ISOVF_middle_cerebellar_peduncle,exploratory,primary,dMRI_weighted_mean,ISOVF,GG,36341,ok,0.023273404621302087,0.014237932694995206,0.10214042064890969,0.019739753516911863,0.012640610872912917,0.11838769080801662,2,3.184805518963,0.20343621572300202,1.0,0.9996963316144832,1.0,0.9996963316144832
dMRI_weighted_mean_ISOVF_medial_lemniscus_left,exploratory,primary,dMRI_weighted_mean,ISOVF,GG,36342,ok,-0.007694196427777175,0.013997203047414851,0.582531776741316,-0.0029196762795984984,0.012426256743513659,0.8142409174366776,2,0.3176419051417502,0.8531490994477448,1.0,0.9996963316144832,1.0,0.9996963316144832
dMRI_weighted_mean_ISOVF_medial_lemniscus_right,exploratory,primary,dMRI_weighted_mean,ISOVF,GG,36337,ok,-0.004617706381815121,0.013398704617606965,0.7303683274057671,-0.0027314410884240886,0.011894676155534602,0.8183762353808642,2,0.11942989420141238,0.9420330245602465,1.0,0.9996963316144832,1.0,0.9996963316144832
dMRI_weighted_mean_ISOVF_posterior_thalamic_radiation_left,exploratory,primary,dMRI_weighted_mean,ISOVF,GG,36311,ok,0.01775994231420287,0.013686667099336029,0.19442998106945414,0.0058344573280166385,0.012149966066103505,0.6310855294562432,2,1.8337698579719945,0.39976239175532047,1.0,0.9996963316144832,1.0,0.9996963316144832
dMRI_weighted_mean_ISOVF_posterior_thalamic_radiation_right,exploratory,primary,dMRI_weighted_mean,ISOVF,GG,36320,ok,0.029505746384425144,0.013725244483792249,0.03158214931206875,-0.005082214059866638,0.012187610901725746,0.6766820559571947,2,9.321147287185969,0.009461033583457628,1.0,0.4897904308974603,1.0,0.4897904308974603
dMRI_weighted_mean_ISOVF_superior_longitudinal_fasciculus_left,exploratory,primary,dMRI_weighted_mean,ISOVF,GG,36333,ok,0.012663670247029558,0.014268991463302698,0.37481789696420487,0.007206129749155031,0.012666879579544724,0.5694306349009173,2,0.7890773898089332,0.6739908829751173,1.0,0.9996963316144832,1.0,0.9996963316144832
dMRI_weighted_mean_ISOVF_superior_longitudinal_fasciculus_right,exploratory,primary,dMRI_weighted_mean,ISOVF,GG,36338,ok,0.01913961683714605,0.01376418232767583,0.1643741301127585,0.0060776408727089195,0.012220222728255752,0.6189502840485968,2,2.1243939825896536,0.3456954854501176,1.0,0.9996963316144832,1.0,0.9996963316144832
dMRI_weighted_mean_ISOVF_superior_thalamic_radiation_left,exploratory,primary,dMRI_weighted_mean,ISOVF,GG,36334,ok,0.016786963175724895,0.013871445308120041,0.22621722692063664,0.005576331707732252,0.012315031109531475,0.6506904629116204,2,1.590608783676245,0.451443798198802,1.0,0.9996963316144832,1.0,0.9996963316144832
dMRI_weighted_mean_ISOVF_superior_thalamic_radiation_right,exploratory,primary,dMRI_weighted_mean,ISOVF,GG,36338,ok,0.0065820057339953065,0.013937689791374747,0.636754688937075,-0.0019840097106560866,0.012374180678432644,0.8726183710599245,2,0.5396821934646308,0.7635008074712581,1.0,0.9996963316144832,1.0,0.9996963316144832
dMRI_weighted_mean_ISOVF_uncinate_fasciculus_left,exploratory,primary,dMRI_weighted_mean,ISOVF,GG,36319,ok,0.021893782759881502,0.014433329210461164,0.12930299496981768,0.020937314998063408,0.01281405678582654,0.10228151704976508,2,3.1060196804355202,0.2116101017670184,1.0,0.9996963316144832,1.0,0.9996963316144832
dMRI_weighted_mean_ISOVF_uncinate_fasciculus_right,exploratory,primary,dMRI_weighted_mean,ISOVF,GG,36312,ok,0.020965254722874485,0.014434833832820385,0.14639709972811044,0.014517291615084145,0.012815905703517528,0.2573243006206755,2,2.209048027828315,0.33136857153938637,1.0,0.9996963316144832,1.0,0.9996963316144832
WMH_volume,controls,secondary,T2_FLAIR,WMH_volume,GG,36144,ok,-0.0010639883142897636,0.012723861666630571,0.9333578410459282,0.012450222718051551,0.011293897409819337,0.2703016913765878,2,2.1123113317202318,0.34779026563222676,0.34779026563222676,0.34779026563222676,0.34779026563222676,0.34779026563222676
dMRI_TBSS_RD_anterior_corona_radiata_left,exploratory,primary,dMRI_TBSS,RD,GG,36327,ok,0.009308835783820888,0.013096677724058686,0.4772261282386757,0.002652140553180559,0.011627632080907403,0.8195779633480755,2,0.5708937282772811,0.7516782811901431,1.0,0.9996963316144832,1.0,0.9996963316144832
dMRI_TBSS_RD_anterior_corona_radiata_right,exploratory,primary,dMRI_TBSS,RD,GG,36323,ok,0.0013450991279070855,0.013290159744231379,0.9193841947134737,-0.008329157792731615,0.011799058140884892,0.4802441774685883,2,0.9431115866196919,0.6240306499497021,1.0,0.9996963316144832,1.0,0.9996963316144832
dMRI_TBSS_RD_anterior_limb_of_internal_capsule_left,exploratory,primary,dMRI_TBSS,RD,GG,36314,ok,0.004225933335218821,0.01380058776283915,0.7594434621870597,0.001128282632425576,0.012251886076294934,0.9266266241179145,2,0.10772965244010982,0.9475601831369819,1.0,0.9996963316144832,1.0,0.9996963316144832
dMRI_TBSS_RD_anterior_limb_of_internal_capsule_right,exploratory,primary,dMRI_TBSS,RD,GG,36312,ok,7.141218277748138e-05,0.013950575379259708,0.9959157213909436,-0.0009920690026623566,0.01238249984089266,0.9361433425961272,2,0.010998480493410366,0.994515852895328,1.0,0.9996963316144832,1.0,0.9996963316144832
dMRI_TBSS_RD_body_of_corpus_callosum,exploratory,primary,dMRI_TBSS,RD,GG,36336,ok,-0.0039064849159836,0.014042132137194567,0.780862400506248,-0.011936560170696983,0.012467282686855619,0.33835624531129327,2,1.0623756860020988,0.5879062144726406,1.0,0.9996963316144832,1.0,0.9996963316144832
dMRI_TBSS_RD_cerebral_peduncle_left,exploratory,primary,dMRI_TBSS,RD,GG,36336,ok,-0.026985117175229854,0.014300305607144195,0.05916415403746168,-0.015703153722219487,0.012695200379912414,0.21611874723469746,2,3.574039652937342,0.1674584821054275,1.0,0.9996963316144832,1.0,0.9996963316144832
dMRI_TBSS_RD_cerebral_peduncle_right,exploratory,primary,dMRI_TBSS,RD,GG,36336,ok,-0.0026070018817425846,0.014320276250135338,0.8555447452480722,-0.016384695569732523,0.01271290914737966,0.19746768043521115,2,2.2323235594597746,0.32753453478866307,1.0,0.9996963316144832,1.0,0.9996963316144832
dMRI_TBSS_RD_cingulum_cingulate_gyrus_left,exploratory,primary,dMRI_TBSS,RD,GG,36344,ok,0.004654782306268784,0.014202039870862047,0.7430991910350739,0.0024585280356207023,0.012608320134879681,0.8453998993580574,2,0.1074489274478873,0.9476931943841796,1.0,0.9996963316144832,1.0,0.9996963316144832
dMRI_TBSS_RD_cingulum_cingulate_gyrus_right,exploratory,primary,dMRI_TBSS,RD,GG,36344,ok,-0.0036765682083203196,0.014235625358560225,0.7962036199793294,-0.006537364928784355,0.012638171397783586,0.6049698492906732,2,0.272510012971361,0.8726200803337838,1.0,0.9996963316144832,1.0,0.9996963316144832
dMRI_TBSS_RD_cingulum_hippocampus_left,exploratory,primary,dMRI_TBSS,RD,GG,36317,ok,-0.010865669687215756,0.014334635522153798,0.44845523911803287,-0.007220885575911833,0.012724960684012352,0.5704063065863363,2,0.5927606058691267,0.7435046172589019,1.0,0.9996963316144832,1.0,0.9996963316144832
dMRI_TBSS_RD_cingulum_hippocampus_right,exploratory,primary,dMRI_TBSS,RD,GG,36328,ok,-0.007638869469660398,0.01447361053150676,0.5976558753808309,-0.008503191938758092,0.012849158215891603,0.5081226117547779,2,0.46305936365266026,0.7933191479924844,1.0,0.9996963316144832,1.0,0.9996963316144832
dMRI_TBSS_RD_corticospinal_tract_left,exploratory,primary,dMRI_TBSS,RD,GG,36340,ok,-0.01988990288537805,0.01471024000988068,0.1763476753626269,-0.016869178200241166,0.013059488316309365,0.1964629892271295,2,2.179086144957081,0.3363701553793267,1.0,0.9996963316144832,1.0,0.9996963316144832
dMRI_TBSS_RD_corticospinal_tract_right,exploratory,primary,dMRI_TBSS,RD,GG,36339,ok,-0.008431120634678232,0.014528504917031476,0.5617052908255141,-0.006934147061011247,0.012897801770011453,0.5908410620229261,2,0.39110617834660333,0.8223796829477319,1.0,0.9996963316144832,1.0,0.9996963316144832
dMRI_TBSS_RD_external_capsule_left,exploratory,primary,dMRI_TBSS,RD,GG,36312,ok,-0.002177799514759368,0.013559931844472167,0.8724050238983951,-0.0012270457103429836,0.012037761637334471,0.9188103830171221,2,0.025824935047229238,0.9871705407206239,1.0,0.9996963316144832,1.0,0.9996963316144832
dMRI_TBSS_RD_external_capsule_right,exploratory,primary,dMRI_TBSS,RD,GG,36309,ok,-0.009511434757973345,0.013505856776691864,0.4812846098021839,-0.0011638419994132896,0.011989756755874317,0.9226715854419482,2,0.6689916875620471,0.7156988194227349,1.0,0.9996963316144832,1.0,0.9996963316144832
dMRI_TBSS_RD_fornix,exploratory,primary,dMRI_TBSS,RD,GG,36352,ok,0.016493026009069156,0.012336047239021186,0.1812381327375096,-0.006324652303208291,0.0109516649499136,0.56360126134269,2,4.845410926517743,0.08868136842943479,1.0,0.9996963316144832,1.0,0.9996963316144832
dMRI_TBSS_RD_fornix_cres_stria_terminalis_left,exploratory,primary,dMRI_TBSS,RD,GG,36269,ok,0.011589949075457281,0.01260206560043822,0.3577427533988945,0.005611007614003063,0.011190071464648867,0.6160734584104892,2,0.8509917796122124,0.6534456677277609,1.0,0.9996963316144832,1.0,0.9996963316144832
dMRI_TBSS_RD_fornix_cres_stria_terminalis_right,exploratory,primary,dMRI_TBSS,RD,GG,36282,ok,0.0039907434634032166,0.012649318025364804,0.7523908514067413,-0.00302028644155194,0.011230639148160793,0.7879829804361973,2,0.43564513323122267,0.8042681330238785,1.0,0.9996963316144832,1.0,0.9996963316144832
dMRI_TBSS_RD_genu_of_corpus_callosum,exploratory,primary,dMRI_TBSS,RD,GG,36340,ok,0.005857339594341855,0.013546258026145997,0.665456632304423,-0.0026024952813181825,0.012026974214674007,0.8286863804591458,2,0.5505398861134392,0.7593671096764631,1.0,0.9996963316144832,1.0,0.9996963316144832
dMRI_TBSS_RD_inferior_cerebellar_peduncle_left,exploratory,primary,dMRI_TBSS,RD,GG,36288,ok,-0.007766846038726354,0.014125299806283185,0.5824232229205071,-0.007450833259322869,0.012539419393009293,0.5523868466485079,2,0.4096902448348907,0.8147734967894188,1.0,0.9996963316144832,1.0,0.9996963316144832
dMRI_TBSS_RD_inferior_cerebellar_peduncle_right,exploratory,primary,dMRI_TBSS,RD,GG,36295,ok,-0.013252541946384262,0.014209544901973577,0.3510065585560823,-0.011245571214636532,0.01261380324334225,0.3726513638569898,2,1.037279769419883,0.5953297146129634,1.0,0.9996963316144832,1.0,0.9996963316144832
dMRI_TBSS_RD_medial_lemniscus_left,exploratory,primary,dMRI_TBSS,RD,GG,36268,ok,-0.0028773930269707583,0.014148492116704119,0.8388462047573342,0.0036869264819060334,0.012561023665080088,0.769125494166459,2,0.31691058951413537,0.8534611171246749,1.0,0.9996963316144832,1.0,0.9996963316144832
dMRI_TBSS_RD_medial_lemniscus_right,exploratory,primary,dMRI_TBSS,RD,GG,36278,ok,-0.002750897047324594,0.013960581354879681,0.8437915056831965,0.004896905058465567,0.012394413927321473,0.6927790282514722,2,0.4587181520659415,0.795043001357318,1.0,0.9996963316144832,1.0,0.9996963316144832
dMRI_TBSS_RD_middle_cerebellar_peduncle,exploratory,primary,dMRI_TBSS,RD,GG,36325,ok,0.004305986682999903,0.014468685731012725,0.7660045958743189,0.013456460541970479,0.012844373010865667,0.2948049614209103,2,1.279267113494784,0.527485682200902,1.0,0.9996963316144832,1.0,0.9996963316144832
dMRI_TBSS_RD_pontine_crossing_tract,exploratory,primary,dMRI_TBSS,RD,GG,36344,ok,0.011224499500322603,0.014673830559094849,0.4443163213390774,0.004079506170975402,0.013025892844944103,0.7541423838770438,2,0.6213658866901306,0.7329462245117353,1.0,0.9996963316144832,1.0,0.9996963316144832
dMRI_TBSS_RD_posterior_corona_radiata_left,exploratory,primary,dMRI_TBSS,RD,GG,36266,ok,-0.00031786475426993937,0.013990344182691135,0.9818735116415009,0.003907183644489709,0.012418857766535672,0.7530542895385397,2,0.1713706368418753,0.917883026658689,1.0,0.9996963316144832,1.0,0.9996963316144832
dMRI_TBSS_RD_posterior_corona_radiata_right,exploratory,primary,dMRI_TBSS,RD,GG,36271,ok,-0.0010880210907954825,0.014032730481404219,0.9381987550996618,-0.005329215322442685,0.012457951285636348,0.6688165928498953,2,0.23562517747561773,0.8888626198713445,1.0,0.9996963316144832,1.0,0.9996963316144832
dMRI_TBSS_RD_posterior_limb_of_internal_capsule_left,exploratory,primary,dMRI_TBSS,RD,GG,36335,ok,-0.009070044076159736,0.014238952143143926,0.524136565785935,-0.005298093372381589,0.012642478911923993,0.6751668916596764,2,0.4073987848074772,0.8157075422188279,1.0,0.9996963316144832,1.0,0.9996963316144832
dMRI_TBSS_RD_posterior_limb_of_internal_capsule_right,exploratory,primary,dMRI_TBSS,RD,GG,36336,ok,-0.011950053519127271,0.014441232810326724,0.4079617755047046,0.00010530993494115492,0.012820697550612322,0.9934462499144139,2,1.0979366585622055,0.5775453397484145,1.0,0.9996963316144832,1.0,0.9996963316144832
dMRI_TBSS_RD_posterior_thalamic_radiation_left,exploratory,primary,dMRI_TBSS,RD,GG,36329,ok,0.001250865391975482,0.01352311518496507,0.9263026390191482,0.0053717036542727465,0.012005243988702364,0.6545554233179178,2,0.25107714335680364,0.8820217427118964,1.0,0.9996963316144832,1.0,0.9996963316144832
dMRI_TBSS_RD_posterior_thalamic_radiation_right,exploratory,primary,dMRI_TBSS,RD,GG,36324,ok,0.020557887435298797,0.013649737954379418,0.13204988658612202,0.0014499094272600885,0.012117818100437534,0.9047602556074436,2,3.269203804055738,0.19502999689312941,1.0,0.9996963316144832,1.0,0.9996963316144832
dMRI_TBSS_RD_sagittal_stratum_left,exploratory,primary,dMRI_TBSS,RD,GG,36327,ok,0.0021520822918059974,0.01412210420774865,0.8788793626041447,0.0015567521438150298,0.012536814141796422,0.9011778302212705,2,0.024807458651463343,0.9876728798512309,1.0,0.9996963316144832,1.0,0.9996963316144832
dMRI_TBSS_RD_sagittal_stratum_right,exploratory,primary,dMRI_TBSS,RD,GG,36333,ok,-0.002501940059159151,0.014306680673758333,0.8611755743114664,0.002815501389751334,0.012700391075895982,0.8245594235044257,2,0.20086889358802598,0.9044443996995506,1.0,0.9996963316144832,1.0,0.9996963316144832
dMRI_TBSS_RD_splenium_of_corpus_callosum,exploratory,primary,dMRI_TBSS,RD,GG,36305,ok,-0.009045459299161564,0.014622953265653708,0.5361972864923137,-0.0008936774447884625,0.012982587077652225,0.9451200461786832,2,0.53181477195779,0.7665101137976617,1.0,0.9996963316144832,1.0,0.9996963316144832
dMRI_TBSS_RD_superior_cerebellar_peduncle_left,exploratory,primary,dMRI_TBSS,RD,GG,36327,ok,0.04662531619060056,0.014193987927342765,0.001021283366975698,-0.006558043422350541,0.012600961442670826,0.6027601639989466,2,20.812743230715938,3.0239195363465188e-05,0.02035097847961207,0.010175489239806036,0.02035097847961207,0.010175489239806036
dMRI_TBSS_RD_superior_cerebellar_peduncle_right,exploratory,primary,dMRI_TBSS,RD,GG,36330,ok,0.03364160927539063,0.014344306811844955,0.0190174629022692,-0.019501581364006235,0.012733598215224597,0.1256531133375354,2,19.339440199046972,6.316753348265611e-05,0.04251175003382756,0.01062793750845689,0.04251175003382756,0.01062793750845689
dMRI_TBSS_RD_superior_corona_radiata_left,exploratory,primary,dMRI_TBSS,RD,GG,36283,ok,0.003880887564270766,0.013679867782633099,0.7766470090046808,-0.0009542213245713504,0.012143817831750838,0.937369741933424,2,0.18021993290969415,0.913830689024519,1.0,0.9996963316144832,1.0,0.9996963316144832
dMRI_TBSS_RD_superior_corona_radiata_right,exploratory,primary,dMRI_TBSS,RD,GG,36296,ok,-0.0019330518914854227,0.013772625794826356,0.8883805770997117,0.0023482482026968795,0.012225541673247773,0.8476827846806462,2,0.1415040240377787,0.9316929121256099,1.0,0.9996963316144832,1.0,0.9996963316144832
dMRI_TBSS_RD_superior_fronto_occipital_fasciculus_lef,exploratory,primary,dMRI_TBSS,RD,GG,36300,ok,0.013560816389488067,0.013059727359060448,0.2991052063731956,0.004152074878657092,0.011594553043611323,0.7202663400236311,2,1.195979447873901,0.5499160086641437,1.0,0.9996963316144832,1.0,0.9996963316144832
dMRI_TBSS_RD_superior_fronto_occipital_fasciculus_rig,exploratory,primary,dMRI_TBSS,RD,GG,36278,ok,0.006301360825994486,0.013172803998163297,0.6323958947006252,-0.004610741311182687,0.01169281867149,0.6933452849482359,2,0.9718467115046404,0.615128951602558,1.0,0.9996963316144832,1.0,0.9996963316144832
dMRI_TBSS_RD_superior_longitudinal_fasciculus_left,exploratory,primary,dMRI_TBSS,RD,GG,36307,ok,-0.0010883087160545647,0.014144324844639415,0.9386692056973825,0.007787208071049633,0.012555828435725858,0.5351256516462745,2,0.7106218433180703,0.7009554670868434,1.0,0.9996963316144832,1.0,0.9996963316144832
dMRI_TBSS_RD_superior_longitudinal_fasciculus_right,exploratory,primary,dMRI_TBSS,RD,GG,36320,ok,0.006670105206746572,0.014193154577943167,0.6383919431050714,0.003710727064999774,0.012602315173233125,0.7684172428808472,2,0.2209830093996367,0.8953939367974497,1.0,0.9996963316144832,1.0,0.9996963316144832
dMRI_TBSS_RD_tapetum_left,exploratory,primary,dMRI_TBSS,RD,GG,36329,ok,6.461945884742884e-05,0.014317939984725142,0.9963990393565629,0.002972046127926093,0.0127130498853481,0.8151577473960469,2,0.08459959947610923,0.9585823547506863,1.0,0.9996963316144832,1.0,0.9996963316144832
dMRI_TBSS_RD_tapetum_right,exploratory,primary,dMRI_TBSS,RD,GG,36338,ok,0.01115948815200202,0.013877274027154732,0.42131236074016876,-0.00019756892260769715,0.012319974852087134,0.9872053836957217,2,1.0496068190284036,0.591671669955184,1.0,0.9996963316144832,1.0,0.9996963316144832
dMRI_TBSS_RD_uncinate_fasciculus_left,exploratory,primary,dMRI_TBSS,RD,GG,36331,ok,-0.009777863010879946,0.014471992030037273,0.4992732658482968,-0.011966504087429577,0.012848175660259347,0.35166442490149297,2,0.8866662293930893,0.6418933473622432,1.0,0.9996963316144832,1.0,0.9996963316144832
dMRI_TBSS_RD_uncinate_fasciculus_right,exploratory,primary,dMRI_TBSS,RD,GG,36331,ok,-0.016054544597855082,0.014416468121792111,0.2654473135492427,-0.007195058277875125,0.012799196027407474,0.5740178156372924,2,1.2607697494894707,0.532386859314407,1.0,0.9996963316144832,1.0,0.9996963316144832
dMRI_weighted_mean_RD_acoustic_radiation_left,exploratory,primary,dMRI_weighted_mean,RD,GG,36329,ok,0.0048229003733802405,0.014758249187145986,0.7438259364286153,0.016151694488191433,0.013102905555378741,0.21770302195647884,2,1.8011885848408324,0.4063281102560673,1.0,0.9996963316144832,1.0,0.9996963316144832
dMRI_weighted_mean_RD_acoustic_radiation_right,exploratory,primary,dMRI_weighted_mean,RD,GG,36325,ok,-0.003419279564085411,0.014626951111431963,0.8151681925558282,-0.009755406863884823,0.012986452079895997,0.45253790959772666,2,0.6426266831252009,0.7251959813435018,1.0,0.9996963316144832,1.0,0.9996963316144832
dMRI_weighted_mean_RD_anterior_thalamic_radiation_left,exploratory,primary,dMRI_weighted_mean,RD,GG,36320,ok,0.011865054031987479,0.013095987180071319,0.3649382449377485,0.0037049421117982626,0.011626959609225428,0.7499930220288877,2,0.9057827761399005,0.6357871839496516,1.0,0.9996963316144832,1.0,0.9996963316144832
dMRI_weighted_mean_RD_anterior_thalamic_radiation_right,exploratory,primary,dMRI_weighted_mean,RD,GG,36325,ok,0.0030465166396789526,0.013078328941075244,0.8158063007279202,-0.002568027940346754,0.011611103603972744,0.8249613011639468,2,0.26254881804835284,0.8769770909419482,1.0,0.9996963316144832,1.0,0.9996963316144832
dMRI_weighted_mean_RD_cingulate_gyrus_part_of_cingulum_left,exploratory,primary,dMRI_weighted_mean,RD,GG,36334,ok,0.000437584039684587,0.01427772172214225,0.9755504064309579,0.0007138853295841509,0.012676182701656977,0.9550895392008123,2,0.0031915582209409953,0.9984054934680061,1.0,0.9996963316144832,1.0,0.9996963316144832
dMRI_weighted_mean_RD_cingulate_gyrus_part_of_cingulum_right,exploratory,primary,dMRI_weighted_mean,RD,GG,36330,ok,-0.011272566525303514,0.014369934207923315,0.4327783049251872,-0.007139559892564482,0.012758514430666012,0.5757613609835041,2,0.6263541775617182,0.7311204278788432,1.0,0.9996963316144832,1.0,0.9996963316144832
dMRI_weighted_mean_RD_corticospinal_tract_left,exploratory,primary,dMRI_weighted_mean,RD,GG,36325,ok,-0.008261458814365123,0.014571673692127786,0.5707494014173022,-0.0014981176331122362,0.012937715706637142,0.9078159698648126,2,0.4041618267172631,0.8170288167219726,1.0,0.9996963316144832,1.0,0.9996963316144832
dMRI_weighted_mean_RD_corticospinal_tract_right,exploratory,primary,dMRI_weighted_mean,RD,GG,36327,ok,-0.00910896628187729,0.014419439693779252,0.5275775595224188,-0.006680457488924181,0.012802008151332958,0.6017926689073643,2,0.42932664974641654,0.8068130283348847,1.0,0.9996963316144832,1.0,0.9996963316144832
dMRI_weighted_mean_RD_forceps_major,exploratory,primary,dMRI_weighted_mean,RD,GG,36328,ok,0.00802274875012561,0.014780574244037588,0.5872776922304703,0.006549102291864955,0.01312296901072197,0.6177426432061708,2,0.3401074154253632,0.8436195065055759,1.0,0.9996963316144832,1.0,0.9996963316144832
dMRI_weighted_mean_RD_forceps_minor,exploratory,primary,dMRI_weighted_mean,RD,GG,36336,ok,-0.011254798161611786,0.014040257112476315,0.42278434664026665,-0.007003691482868035,0.012465577093286008,0.5742267748781844,2,0.6515070315622385,0.7219831229477716,1.0,0.9996963316144832,1.0,0.9996963316144832
dMRI_weighted_mean_RD_inferior_fronto_occipital_fasciculus_lef,exploratory,primary,dMRI_weighted_mean,RD,GG,36324,ok,-0.003963773333553746,0.013723027623178475,0.7727046875803025,-0.000955217339216323,0.012183192068578218,0.937506709574329,2,0.09832561662159947,0.9520261193160349,1.0,0.9996963316144832,1.0,0.9996963316144832
dMRI_weighted_mean_RD_inferior_fronto_occipital_fasciculus_rig,exploratory,primary,dMRI_weighted_mean,RD,GG,36327,ok,0.0018966756265872886,0.013802654991227205,0.8907044656682623,0.0013273711792784202,0.012254001154108778,0.9137413064936353,2,0.019863567565613676,0.9901173735072863,1.0,0.9996963316144832,1.0,0.9996963316144832
dMRI_weighted_mean_RD_inferior_longitudinal_fasciculus_left,exploratory,primary,dMRI_weighted_mean,RD,GG,36328,ok,0.0023621725161997887,0.01380157880271043,0.8641049352293005,0.0036801137721382514,0.012252163799217052,0.7639009391693317,2,0.09041815074547369,0.9557976271963196,1.0,0.9996963316144832,1.0,0.9996963316144832
dMRI_weighted_mean_RD_inferior_longitudinal_fasciculus_right,exploratory,primary,dMRI_weighted_mean,RD,GG,36330,ok,0.017133111099843706,0.013831058040975099,0.2154491074755964,0.006999815199149765,0.012278938774068233,0.5686359277783973,2,1.5870884507825875,0.4522391141639226,1.0,0.9996963316144832,1.0,0.9996963316144832
dMRI_weighted_mean_RD_medial_lemniscus_left,exploratory,primary,dMRI_weighted_mean,RD,GG,36338,ok,-0.005055360805052856,0.013948708251377551,0.7170365582501808,-0.0027220888093114673,0.01238321923738986,0.8260119776731227,2,0.1313520001282622,0.9364342197725387,1.0,0.9996963316144832,1.0,0.9996963316144832
dMRI_weighted_mean_RD_medial_lemniscus_right,exploratory,primary,dMRI_weighted_mean,RD,GG,36332,ok,-0.0017131249557707463,0.013400730858379652,0.8982777480223473,-0.002998442166314501,0.011895846723176923,0.8009977360166947,2,0.06454192851956655,0.9682441869615441,1.0,0.9996963316144832,1.0,0.9996963316144832
dMRI_weighted_mean_RD_middle_cerebellar_peduncle,exploratory,primary,dMRI_weighted_mean,RD,GG,36294,ok,0.020099464174521565,0.01435406655833361,0.16144321852432225,0.019114916189698843,0.012744507992691376,0.13366062906745146,2,2.629231924783303,0.2685774472767233,1.0,0.9996963316144832,1.0,0.9996963316144832
dMRI_weighted_mean_RD_parahippocampal_part_of_cingulum_left,exploratory,primary,dMRI_weighted_mean,RD,GG,36284,ok,-0.005051432270268394,0.01443762746851075,0.7264310408035228,-0.010191083483999263,0.012815821601754557,0.42650500363368726,2,0.6602638865298922,0.7188288825448954,1.0,0.9996963316144832,1.0,0.9996963316144832
dMRI_weighted_mean_RD_parahippocampal_part_of_cingulum_right,exploratory,primary,dMRI_weighted_mean,RD,GG,36299,ok,-0.0018972469225085242,0.014462113877336726,0.8956278015408521,-0.0033510770711418893,0.01283797813880685,0.7940720776836748,2,0.06931535131180175,0.9659360230824992,1.0,0.9996963316144832,1.0,0.9996963316144832
dMRI_weighted_mean_RD_posterior_thalamic_radiation_left,exploratory,primary,dMRI_weighted_mean,RD,GG,36313,ok,0.002849175195619174,0.01320880815548647,0.8292207319154945,0.003576871515749267,0.011725966567307977,0.7603385627782487,2,0.09452345600113303,0.9538377188788144,1.0,0.9996963316144832,1.0,0.9996963316144832
dMRI_weighted_mean_RD_posterior_thalamic_radiation_right,exploratory,primary,dMRI_weighted_mean,RD,GG,36309,ok,0.0173536611900107,0.013424986329845963,0.19614417004963478,-0.0012735447108947297,0.011920226672791792,0.9149173235329745,2,2.9305830357622296,0.23101063792874135,1.0,0.9996963316144832,1.0,0.9996963316144832
dMRI_weighted_mean_RD_superior_longitudinal_fasciculus_left,exploratory,primary,dMRI_weighted_mean,RD,GG,36316,ok,0.0105405475181666,0.013994543150126083,0.4513407393016152,0.006229312109621623,0.012423961253546537,0.6160961967758156,2,0.570350993343489,0.751882289900642,1.0,0.9996963316144832,1.0,0.9996963316144832
dMRI_weighted_mean_RD_superior_longitudinal_fasciculus_right,exploratory,primary,dMRI_weighted_mean,RD,GG,36319,ok,0.017238913235145304,0.014018763037598714,0.21881636222457293,0.008715710513955704,0.012446351339174938,0.4837680057932523,2,1.5156065243031167,0.4686948967762111,1.0,0.9996963316144832,1.0,0.9996963316144832
dMRI_weighted_mean_RD_superior_thalamic_radiation_left,exploratory,primary,dMRI_weighted_mean,RD,GG,36329,ok,0.013049576552194362,0.013857914700813472,0.3463681073412729,0.007234135803325459,0.012302832557646843,0.5565321179862553,2,0.8871589209823564,0.6417352391109685,1.0,0.9996963316144832,1.0,0.9996963316144832
dMRI_weighted_mean_RD_superior_thalamic_radiation_right,exploratory,primary,dMRI_weighted_mean,RD,GG,36322,ok,0.010239074264383197,0.013937264881980304,0.46255468873774874,0.005475467081581745,0.012373688507021237,0.6581236409691351,2,0.5397372834180064,0.7634797771489565,1.0,0.9996963316144832,1.0,0.9996963316144832
dMRI_weighted_mean_RD_uncinate_fasciculus_left,exploratory,primary,dMRI_weighted_mean,RD,GG,36329,ok,0.0038799332347382114,0.013869259081489968,0.7796704659222404,0.019619412126937408,0.012313690916794734,0.11110146152694107,2,3.2879425156672837,0.19321122512438213,1.0,0.9996963316144832,1.0,0.9996963316144832
dMRI_weighted_mean_RD_uncinate_fasciculus_right,exploratory,primary,dMRI_weighted_mean,RD,GG,36330,ok,-0.010456597277085505,0.013744815949823705,0.4468014126757175,0.013688039685840463,0.012202628698467992,0.26198520053247554,2,4.55149081495559,0.10272031140259161,1.0,0.9996963316144832,1.0,0.9996963316144832
