column_name,field_id,field_id_base,family,analysis_tier,confirmatory_role,panel,modality,metric,region,source,effect_allele,other_allele,n,beta_per_A,se,t,p,vcov_type,aa_vs_gg_additive_2beta,status,raw_p,minus_log10_raw_p,n_tests_in_family,raw_p_rank_within_family,raw_p_lt_0_05,raw_p_lt_0_01,raw_p_lt_0_001
demyelination_like__tbss__cerebral_peduncle_left,,,secondary_composite,secondary_composite,mechanistic_composite,secondary,dMRI_composite_tbss,demyelination_like,cerebral peduncle (left),composite,A,G,32568,-0.03798851371019367,0.01176887325441538,-3.2278802642335664,0.0012483670408028604,nonrobust,-0.07597702742038734,ok,0.0012483670408028604,2.903657706032339,300,1.0,True,True,False
axonal_loss_like__tbss__tapetum_right,,,secondary_composite,secondary_composite,mechanistic_composite,secondary,dMRI_composite_tbss,axonal_loss_like,tapetum (right),composite,A,G,32568,-0.021605375135438882,0.0069871500227784746,-3.092158471623513,0.0019887752619301654,nonrobust,-0.043210750270877764,ok,0.0019887752619301654,2.701414290791148,300,2.0,True,True,False
axonal_loss_like__tbss__cerebral_peduncle_left,,,secondary_composite,secondary_composite,mechanistic_composite,secondary,dMRI_composite_tbss,axonal_loss_like,cerebral peduncle (left),composite,A,G,32568,-0.02246850505200556,0.007793691818645685,-2.882909098131356,0.003942834097354477,nonrobust,-0.04493701010401112,ok,0.003942834097354477,2.404191496352924,300,3.0,True,True,False
axonal_loss_like__tbss__tapetum_left,,,secondary_composite,secondary_composite,mechanistic_composite,secondary,dMRI_composite_tbss,axonal_loss_like,tapetum (left),composite,A,G,32568,-0.01963613426012415,0.006940269313882013,-2.8293043644354996,0.004667832311917207,nonrobust,-0.0392722685202483,ok,0.004667832311917207,2.3308847540227964,300,4.0,True,True,False
demyelination_like__tbss__superior_cerebellar_peduncle_left,,,secondary_composite,secondary_composite,mechanistic_composite,secondary,dMRI_composite_tbss,demyelination_like,superior cerebellar peduncle (left),composite,A,G,32568,0.0323984589588759,0.012094177832220838,2.6788475751167793,0.007391375990084606,nonrobust,0.0647969179177518,ok,0.007391375990084606,2.1312747051405223,300,5.0,True,True,False
tract_geometry_like__tbss__cerebral_peduncle_left,,,secondary_composite,secondary_composite,mechanistic_composite,secondary,dMRI_composite_tbss,tract_geometry_like,cerebral peduncle (left),composite,A,G,32568,0.025399351998882286,0.009720749768913194,2.6129005069247864,0.00898193961541401,nonrobust,0.05079870399776457,ok,0.00898193961541401,2.0466298689772273,300,6.0,True,True,False
tract_geometry_like__tbss__superior_fronto_occipital_fasciculus_lef,,,secondary_composite,secondary_composite,mechanistic_composite,secondary,dMRI_composite_tbss,tract_geometry_like,superior fronto-occipital fasciculus (left),composite,A,G,32568,0.02357487030837305,0.009048727930642618,2.6053242498914235,0.009182981073769594,nonrobust,0.0471497406167461,ok,0.009182981073769594,2.03701631076804,300,7.0,True,True,False
free_water_like__tbss__superior_cerebellar_peduncle_left,,,secondary_composite,secondary_composite,mechanistic_composite,secondary,dMRI_composite_tbss,free_water_like,superior cerebellar peduncle (left),composite,A,G,32568,0.03277061193583374,0.012863020862785048,2.547660637840121,0.010849424414634936,nonrobust,0.06554122387166748,ok,0.010849424414634936,1.96459330146325,300,8.0,True,False,False
tract_geometry_like__tbss__superior_fronto_occipital_fasciculus_rig,,,secondary_composite,secondary_composite,mechanistic_composite,secondary,dMRI_composite_tbss,tract_geometry_like,superior fronto-occipital fasciculus (right),composite,A,G,32568,0.024556083980397967,0.009643148113839064,2.5464800177814406,0.010886185503995859,nonrobust,0.049112167960795934,ok,0.010886185503995859,1.963124269442484,300,9.0,True,False,False
axonal_loss_like__tbss__superior_fronto_occipital_fasciculus_rig,,,secondary_composite,secondary_composite,mechanistic_composite,secondary,dMRI_composite_tbss,axonal_loss_like,superior fronto-occipital fasciculus (right),composite,A,G,32568,-0.015038254577099583,0.00624265177289771,-2.4089529777053595,0.0160039702108185,nonrobust,-0.030076509154199165,ok,0.0160039702108185,1.79577226567152,300,10.0,True,False,False
free_water_like__tbss__cerebral_peduncle_left,,,secondary_composite,secondary_composite,mechanistic_composite,secondary,dMRI_composite_tbss,free_water_like,cerebral peduncle (left),composite,A,G,32568,-0.030852091711630933,0.013028482915454609,-2.368049443042494,0.017888053193928395,nonrobust,-0.061704183423261866,ok,0.017888053193928395,1.7474369223247965,300,11.0,True,False,False
tract_geometry_like__wm__posterior_thalamic_radiation_left,,,secondary_composite,secondary_composite,mechanistic_composite,secondary,dMRI_composite_wm,tract_geometry_like,posterior thalamic radiation (left),composite,A,G,32568,-0.02045749373714884,0.008830217209126464,-2.316759967807475,0.020523090856046616,nonrobust,-0.04091498747429768,ok,0.020523090856046616,1.6877572322230172,300,12.0,True,False,False
tract_geometry_like__tbss__anterior_limb_of_internal_capsule_left,,,secondary_composite,secondary_composite,mechanistic_composite,secondary,dMRI_composite_tbss,tract_geometry_like,anterior limb of internal capsule (left),composite,A,G,32568,0.019807168833848404,0.008861683231503208,2.235147467631667,0.025414538708282183,nonrobust,0.03961433766769681,ok,0.025414538708282183,1.5949177686394482,300,13.0,True,False,False
demyelination_like__tbss__superior_cerebellar_peduncle_right,,,secondary_composite,secondary_composite,mechanistic_composite,secondary,dMRI_composite_tbss,demyelination_like,superior cerebellar peduncle (right),composite,A,G,32568,0.02710123367160275,0.012224447843850074,2.2169699619796694,0.02663214371641885,nonrobust,0.0542024673432055,ok,0.02663214371641885,1.5745938742392211,300,14.0,True,False,False
tract_geometry_like__tbss__superior_longitudinal_fasciculus_right,,,secondary_composite,secondary_composite,mechanistic_composite,secondary,dMRI_composite_tbss,tract_geometry_like,superior longitudinal fasciculus (right),composite,A,G,32568,0.024158344003739975,0.010977422129091679,2.200730164117224,0.027762246669273627,nonrobust,0.04831668800747995,ok,0.027762246669273627,1.556545391366064,300,15.0,True,False,False
axonal_loss_like__wm__parahippocampal_part_of_cingulum_left,,,secondary_composite,secondary_composite,mechanistic_composite,secondary,dMRI_composite_wm,axonal_loss_like,parahippocampal part of cingulum (left),composite,A,G,32568,-0.015399129940575339,0.007041782121525332,-2.1868228347342997,0.028762672356999246,nonrobust,-0.030798259881150678,ok,0.028762672356999246,1.5411707658558718,300,16.0,True,False,False
tract_geometry_like__tbss__inferior_cerebellar_peduncle_right,,,secondary_composite,secondary_composite,mechanistic_composite,secondary,dMRI_composite_tbss,tract_geometry_like,inferior cerebellar peduncle (right),composite,A,G,32568,0.02209577065241695,0.010183035210053398,2.1698609694094424,0.030024710942056276,nonrobust,0.0441915413048339,ok,0.030024710942056276,1.5225211650032977,300,17.0,True,False,False
axonal_loss_like__tbss__uncinate_fasciculus_right,,,secondary_composite,secondary_composite,mechanistic_composite,secondary,dMRI_composite_tbss,axonal_loss_like,uncinate fasciculus (right),composite,A,G,32568,-0.020181288197369376,0.009403209389751787,-2.1462127834103346,0.03186350049234625,nonrobust,-0.04036257639473875,ok,0.03186350049234625,1.4967065147558354,300,18.0,True,False,False
tract_geometry_like__tbss__inferior_cerebellar_peduncle_left,,,secondary_composite,secondary_composite,mechanistic_composite,secondary,dMRI_composite_tbss,tract_geometry_like,inferior cerebellar peduncle (left),composite,A,G,32568,0.02221227695003929,0.010358464483294996,2.144360004888836,0.03201155932577083,nonrobust,0.04442455390007858,ok,0.03201155932577083,1.4946931702768713,300,19.0,True,False,False
axonal_loss_like__tbss__corticospinal_tract_left,,,secondary_composite,secondary_composite,mechanistic_composite,secondary,dMRI_composite_tbss,axonal_loss_like,corticospinal tract (left),composite,A,G,32568,-0.01627533311330884,0.007592518992098595,-2.1436012383039547,0.032072363709256375,nonrobust,-0.03255066622661768,ok,0.032072363709256375,1.493869031713028,300,20.0,True,False,False
free_water_like__tbss__superior_cerebellar_peduncle_right,,,secondary_composite,secondary_composite,mechanistic_composite,secondary,dMRI_composite_tbss,free_water_like,superior cerebellar peduncle (right),composite,A,G,32568,0.02841062386892131,0.013298172915810525,2.1364306246268776,0.032651891252745695,nonrobust,0.05682124773784262,ok,0.032651891252745695,1.4860916585897164,300,21.0,True,False,False
tract_geometry_like__tbss__uncinate_fasciculus_right,,,secondary_composite,secondary_composite,mechanistic_composite,secondary,dMRI_composite_tbss,tract_geometry_like,uncinate fasciculus (right),composite,A,G,32568,0.023725740539011553,0.011184750486930189,2.121257918693492,0.033907767465867204,nonrobust,0.047451481078023106,ok,0.033907767465867204,1.4697008038277228,300,22.0,True,False,False
tract_geometry_like__tbss__tapetum_right,,,secondary_composite,secondary_composite,mechanistic_composite,secondary,dMRI_composite_tbss,tract_geometry_like,tapetum (right),composite,A,G,32568,0.02131622306053185,0.01045583000644363,2.03869258082766,0.0414889180620364,nonrobust,0.0426324461210637,ok,0.0414889180620364,1.3820678904497448,300,23.0,True,False,False
axonal_loss_like__tbss__anterior_limb_of_internal_capsule_left,,,secondary_composite,secondary_composite,mechanistic_composite,secondary,dMRI_composite_tbss,axonal_loss_like,anterior limb of internal capsule (left),composite,A,G,32568,-0.014389222926634738,0.007187882324522088,-2.001872356416388,0.0453068842054712,nonrobust,-0.028778445853269476,ok,0.0453068842054712,1.3438358036098004,300,24.0,True,False,False
tract_geometry_like__tbss__medial_lemniscus_left,,,secondary_composite,secondary_composite,mechanistic_composite,secondary,dMRI_composite_tbss,tract_geometry_like,medial lemniscus (left),composite,A,G,32568,0.019819438356728506,0.009990905655301353,1.9837479244148362,0.04729247673120417,nonrobust,0.03963887671345701,ok,0.04729247673120417,1.3252079411647604,300,25.0,True,False,False
demyelination_like__tbss__inferior_cerebellar_peduncle_right,,,secondary_composite,secondary_composite,mechanistic_composite,secondary,dMRI_composite_tbss,demyelination_like,inferior cerebellar peduncle (right),composite,A,G,32568,-0.02250373133405062,0.01140267478208283,-1.9735484668396421,0.04844169531773154,nonrobust,-0.04500746266810124,ok,0.04844169531773154,1.3147806662256796,300,26.0,True,False,False
axonal_loss_like__tbss__fornix,,,secondary_composite,secondary_composite,mechanistic_composite,secondary,dMRI_composite_tbss,axonal_loss_like,fornix,composite,A,G,32568,-0.009624312931261132,0.004970497344470988,-1.9362877121274171,0.052841264625863846,nonrobust,-0.019248625862522264,ok,0.052841264625863846,1.2770267971615572,300,27.0,False,False,False
demyelination_like__tbss__splenium_of_corpus_callosum,,,secondary_composite,secondary_composite,mechanistic_composite,secondary,dMRI_composite_tbss,demyelination_like,splenium of corpus callosum,composite,A,G,32568,-0.02327629423877507,0.01256653078557193,-1.852245033728751,0.06399984501656322,nonrobust,-0.04655258847755014,ok,0.06399984501656322,1.1938210777119391,300,28.0,False,False,False
tract_geometry_like__tbss__superior_longitudinal_fasciculus_left,,,secondary_composite,secondary_composite,mechanistic_composite,secondary,dMRI_composite_tbss,tract_geometry_like,superior longitudinal fasciculus (left),composite,A,G,32568,0.01943788337282757,0.011155721773148346,1.7424137826397088,0.08144566989688519,nonrobust,0.03887576674565514,ok,0.08144566989688519,1.0891320002428617,300,29.0,False,False,False
free_water_like__tbss__inferior_cerebellar_peduncle_right,,,secondary_composite,secondary_composite,mechanistic_composite,secondary,dMRI_composite_tbss,free_water_like,inferior cerebellar peduncle (right),composite,A,G,32568,-0.021964597072151752,0.012661121167957935,-1.7348066400105655,0.0827846855409152,nonrobust,-0.043929194144303504,ok,0.0827846855409152,1.0820499965511539,300,30.0,False,False,False
axonal_loss_like__wm__uncinate_fasciculus_right,,,secondary_composite,secondary_composite,mechanistic_composite,secondary,dMRI_composite_wm,axonal_loss_like,uncinate fasciculus (right),composite,A,G,32568,-0.01307024786263708,0.007659334857544999,-1.7064468528571957,0.08793461354706336,nonrobust,-0.02614049572527416,ok,0.08793461354706336,1.0558401406998617,300,31.0,False,False,False
tract_geometry_like__tbss__corticospinal_tract_left,,,secondary_composite,secondary_composite,mechanistic_composite,secondary,dMRI_composite_tbss,tract_geometry_like,corticospinal tract (left),composite,A,G,32568,0.018229546188624376,0.010707371518480651,1.7025229914886808,0.08866708155502595,nonrobust,0.03645909237724875,ok,0.08866708155502595,1.0522375859460749,300,32.0,False,False,False
free_water_like__tbss__splenium_of_corpus_callosum,,,secondary_composite,secondary_composite,mechanistic_composite,secondary,dMRI_composite_tbss,free_water_like,splenium of corpus callosum,composite,A,G,32568,-0.020754705623860562,0.012192204875003224,-1.7022930500792683,0.08871015683020589,nonrobust,-0.041509411247721124,ok,0.08871015683020589,1.0520266529666784,300,33.0,False,False,False
tract_geometry_like__wm__cingulate_gyrus_part_of_cingulum_right,,,secondary_composite,secondary_composite,mechanistic_composite,secondary,dMRI_composite_wm,tract_geometry_like,cingulate gyrus part of cingulum (right),composite,A,G,32568,0.018624006921495205,0.01111378564759299,1.6757572542825467,0.09379551678954173,nonrobust,0.03724801384299041,ok,0.09379551678954173,1.0278179194044574,300,34.0,False,False,False
tract_geometry_like__tbss__medial_lemniscus_right,,,secondary_composite,secondary_composite,mechanistic_composite,secondary,dMRI_composite_tbss,tract_geometry_like,medial lemniscus (right),composite,A,G,32568,0.01588019561263181,0.009683023745707944,1.6400037870061817,0.10101420585461418,nonrobust,0.03176039122526362,ok,0.10101420585461418,0.9956175461140674,300,35.0,False,False,False
axonal_loss_like__tbss__superior_longitudinal_fasciculus_right,,,secondary_composite,secondary_composite,mechanistic_composite,secondary,dMRI_composite_tbss,axonal_loss_like,superior longitudinal fasciculus (right),composite,A,G,32568,-0.011928714710662227,0.007295691315271642,-1.6350355566295067,0.10205142705545908,nonrobust,-0.023857429421324454,ok,0.10205142705545908,0.9911809178663041,300,36.0,False,False,False
demyelination_like__tbss__cingulum_hippocampus_left,,,secondary_composite,secondary_composite,mechanistic_composite,secondary,dMRI_composite_tbss,demyelination_like,cingulum hippocampus (left),composite,A,G,32568,-0.019358459987584255,0.0118805492001493,-1.6294246723325705,0.10323298942095419,nonrobust,-0.03871691997516851,ok,0.10323298942095419,0.9861814961775089,300,37.0,False,False,False
free_water_like__wm__superior_thalamic_radiation_left,,,secondary_composite,secondary_composite,mechanistic_composite,secondary,dMRI_composite_wm,free_water_like,superior thalamic radiation (left),composite,A,G,32568,0.018464271973638684,0.011393238899063152,1.62063414426928,0.10510597519733288,nonrobust,0.03692854394727737,ok,0.10510597519733288,0.9783725939482871,300,38.0,False,False,False
demyelination_like__tbss__fornix_cres_stria_terminalis_right,,,secondary_composite,secondary_composite,mechanistic_composite,secondary,dMRI_composite_tbss,demyelination_like,fornix cres+stria terminalis (right),composite,A,G,32568,-0.01596049899848172,0.009912696780075374,-1.6101066493391074,0.10738443645436062,nonrobust,-0.03192099799696344,ok,0.10738443645436062,0.9690586576660637,300,39.0,False,False,False
demyelination_like__tbss__uncinate_fasciculus_right,,,secondary_composite,secondary_composite,mechanistic_composite,secondary,dMRI_composite_tbss,demyelination_like,uncinate fasciculus (right),composite,A,G,32568,-0.018788288839271902,0.0120430680827802,-1.560091557244982,0.11874813263845574,nonrobust,-0.037576577678543804,ok,0.11874813263845574,0.9253732111025981,300,40.0,False,False,False
tract_geometry_like__tbss__body_of_corpus_callosum,,,secondary_composite,secondary_composite,mechanistic_composite,secondary,dMRI_composite_tbss,tract_geometry_like,body of corpus callosum,composite,A,G,32568,0.012626588765361942,0.00811166420733398,1.5565965802610386,0.1195761827221793,nonrobust,0.025253177530723883,ok,0.1195761827221793,0.922355314849259,300,41.0,False,False,False
axonal_loss_like__tbss__posterior_limb_of_internal_capsule_left,,,secondary_composite,secondary_composite,mechanistic_composite,secondary,dMRI_composite_tbss,axonal_loss_like,posterior limb of internal capsule (left),composite,A,G,32568,-0.012710475332897363,0.008254594219816499,-1.5398061969398562,0.12361748589230778,nonrobust,-0.025420950665794726,ok,0.12361748589230778,0.9079200932486474,300,42.0,False,False,False
free_water_like__wm__posterior_thalamic_radiation_left,,,secondary_composite,secondary_composite,mechanistic_composite,secondary,dMRI_composite_wm,free_water_like,posterior thalamic radiation (left),composite,A,G,32568,-0.017966502529292255,0.01173769732184677,-1.530666708865642,0.12586166773907906,nonrobust,-0.03593300505858451,ok,0.12586166773907906,0.9001065179001442,300,43.0,False,False,False
demyelination_like__tbss__body_of_corpus_callosum,,,secondary_composite,secondary_composite,mechanistic_composite,secondary,dMRI_composite_tbss,demyelination_like,body of corpus callosum,composite,A,G,32568,-0.018120866725221806,0.01194688408418669,-1.5167860169671532,0.1293305938549886,nonrobust,-0.03624173345044361,ok,0.1293305938549886,0.8882987282460391,300,44.0,False,False,False
axonal_loss_like__tbss__external_capsule_right,,,secondary_composite,secondary_composite,mechanistic_composite,secondary,dMRI_composite_tbss,axonal_loss_like,external capsule (right),composite,A,G,32568,-0.010200199688452975,0.00675251208282056,-1.510578517053508,0.1309057420232808,nonrobust,-0.02040039937690595,ok,0.1309057420232808,0.8830413032251586,300,45.0,False,False,False
demyelination_like__wm__uncinate_fasciculus_right,,,secondary_composite,secondary_composite,mechanistic_composite,secondary,dMRI_composite_wm,demyelination_like,uncinate fasciculus (right),composite,A,G,32568,-0.017412684187027083,0.01165033083466319,-1.494608559545724,0.13502648869881925,nonrobust,-0.034825368374054165,ok,0.13502648869881925,0.8695810258214898,300,46.0,False,False,False
tract_geometry_like__wm__uncinate_fasciculus_left,,,secondary_composite,secondary_composite,mechanistic_composite,secondary,dMRI_composite_wm,tract_geometry_like,uncinate fasciculus (left),composite,A,G,32568,-0.0151376031482502,0.010187869150338875,-1.4858458549937974,0.13732974660822997,nonrobust,-0.0302752062965004,ok,0.13732974660822997,0.8622353812733867,300,47.0,False,False,False
free_water_like__tbss__fornix_cres_stria_terminalis_right,,,secondary_composite,secondary_composite,mechanistic_composite,secondary,dMRI_composite_tbss,free_water_like,fornix cres+stria terminalis (right),composite,A,G,32568,-0.017654495178876344,0.011901197747216026,-1.4834217155165035,0.13797224723550178,nonrobust,-0.03530899035775269,ok,0.13797224723550178,0.8602082620378947,300,48.0,False,False,False
axonal_loss_like__wm__medial_lemniscus_right,,,secondary_composite,secondary_composite,mechanistic_composite,secondary,dMRI_composite_wm,axonal_loss_like,medial lemniscus (right),composite,A,G,32568,0.011756737163723533,0.007937132682114064,1.481232283065742,0.13855452956329403,nonrobust,0.023513474327447065,ok,0.13855452956329403,0.8583792718868822,300,49.0,False,False,False
axonal_loss_like__wm__acoustic_radiation_right,,,secondary_composite,secondary_composite,mechanistic_composite,secondary,dMRI_composite_wm,axonal_loss_like,acoustic radiation (right),composite,A,G,32568,-0.011672933708465404,0.007897635831400983,-1.4780288630242795,0.139409892226678,nonrobust,-0.02334586741693081,ok,0.139409892226678,0.8557064085404917,300,50.0,False,False,False
axonal_loss_like__tbss__superior_fronto_occipital_fasciculus_lef,,,secondary_composite,secondary_composite,mechanistic_composite,secondary,dMRI_composite_tbss,axonal_loss_like,superior fronto-occipital fasciculus (left),composite,A,G,32568,-0.008386855323111654,0.0056774616360798025,-1.4772191977157323,0.139626727633375,nonrobust,-0.016773710646223308,ok,0.139626727633375,0.8550314402183243,300,51.0,False,False,False
tract_geometry_like__tbss__uncinate_fasciculus_left,,,secondary_composite,secondary_composite,mechanistic_composite,secondary,dMRI_composite_tbss,tract_geometry_like,uncinate fasciculus (left),composite,A,G,32568,0.016270949005256975,0.011150019129646062,1.459275434065867,0.14449912700216586,nonrobust,0.03254189801051395,ok,0.14449912700216586,0.84013477670873,300,52.0,False,False,False
axonal_loss_like__tbss__middle_cerebellar_peduncle,,,secondary_composite,secondary_composite,mechanistic_composite,secondary,dMRI_composite_tbss,axonal_loss_like,middle cerebellar peduncle,composite,A,G,32568,-0.010988182655429005,0.0075562285603503025,-1.4541887619820224,0.14590378473828916,nonrobust,-0.02197636531085801,ok,0.14590378473828916,0.835933442379094,300,53.0,False,False,False
demyelination_like__tbss__corticospinal_tract_left,,,secondary_composite,secondary_composite,mechanistic_composite,secondary,dMRI_composite_tbss,demyelination_like,corticospinal tract (left),composite,A,G,32568,-0.018516630956902026,0.012793102725139251,-1.447391719955135,0.14779703685284662,nonrobust,-0.03703326191380405,ok,0.14779703685284662,0.830334272919257,300,54.0,False,False,False
tract_geometry_like__wm__cingulate_gyrus_part_of_cingulum_left,,,secondary_composite,secondary_composite,mechanistic_composite,secondary,dMRI_composite_wm,tract_geometry_like,cingulate gyrus part of cingulum (left),composite,A,G,32568,0.015495448297786048,0.010778386038702665,1.437640871476074,0.15054575343594978,nonrobust,0.030990896595572096,ok,0.15054575343594978,0.8223314904690237,300,55.0,False,False,False
free_water_like__tbss__genu_of_corpus_callosum,,,secondary_composite,secondary_composite,mechanistic_composite,secondary,dMRI_composite_tbss,free_water_like,genu of corpus callosum,composite,A,G,32568,-0.016717578505489633,0.011740219342349851,-1.4239579362188939,0.1544683967761353,nonrobust,-0.033435157010979266,ok,0.1544683967761353,0.8111603609619459,300,56.0,False,False,False
demyelination_like__tbss__tapetum_left,,,secondary_composite,secondary_composite,mechanistic_composite,secondary,dMRI_composite_tbss,demyelination_like,tapetum (left),composite,A,G,32568,-0.01760185253661088,0.012604970377341748,-1.3964215709900716,0.16259726599562446,nonrobust,-0.03520370507322176,ok,0.16259726599562446,0.7888867611589017,300,57.0,False,False,False
axonal_loss_like__tbss__inferior_cerebellar_peduncle_left,,,secondary_composite,secondary_composite,mechanistic_composite,secondary,dMRI_composite_tbss,axonal_loss_like,inferior cerebellar peduncle (left),composite,A,G,32568,-0.011375564503389349,0.008162140428299101,-1.3936986999082899,0.16341828484464596,nonrobust,-0.022751129006778698,ok,0.16341828484464596,0.7866993519476875,300,58.0,False,False,False
tract_geometry_like__wm__uncinate_fasciculus_right,,,secondary_composite,secondary_composite,mechanistic_composite,secondary,dMRI_composite_wm,tract_geometry_like,uncinate fasciculus (right),composite,A,G,32568,0.0139748590889991,0.01009304195082994,1.3846032897792486,0.1661834563058355,nonrobust,0.0279497181779982,ok,0.1661834563058355,0.7794122127582981,300,59.0,False,False,False
axonal_loss_like__tbss__external_capsule_left,,,secondary_composite,secondary_composite,mechanistic_composite,secondary,dMRI_composite_tbss,axonal_loss_like,external capsule (left),composite,A,G,32568,-0.009437200922524917,0.006819534811417539,-1.3838481925079078,0.16641459217796567,nonrobust,-0.018874401845049835,ok,0.16641459217796567,0.7788085949652711,300,60.0,False,False,False
free_water_like__tbss__body_of_corpus_callosum,,,secondary_composite,secondary_composite,mechanistic_composite,secondary,dMRI_composite_tbss,free_water_like,body of corpus callosum,composite,A,G,32568,-0.016215170240351223,0.011728509171476388,-1.382543169236406,0.1668146306055265,nonrobust,-0.032430340480702445,ok,0.1668146306055265,0.7777658618961334,300,61.0,False,False,False
tract_geometry_like__wm__superior_longitudinal_fasciculus_left,,,secondary_composite,secondary_composite,mechanistic_composite,secondary,dMRI_composite_wm,tract_geometry_like,superior longitudinal fasciculus (left),composite,A,G,32568,0.013559512891323143,0.009824441955284842,1.3801814854256533,0.16754041200167052,nonrobust,0.027119025782646286,ok,0.16754041200167052,0.775880420910857,300,62.0,False,False,False
axonal_loss_like__tbss__uncinate_fasciculus_left,,,secondary_composite,secondary_composite,mechanistic_composite,secondary,dMRI_composite_tbss,axonal_loss_like,uncinate fasciculus (left),composite,A,G,32568,-0.01275897985450851,0.009265517578160553,-1.3770390857152202,0.1685097938490818,nonrobust,-0.02551795970901702,ok,0.1685097938490818,0.7733748527095242,300,63.0,False,False,False
free_water_like__wm__middle_cerebellar_peduncle,,,secondary_composite,secondary_composite,mechanistic_composite,secondary,dMRI_composite_wm,free_water_like,middle cerebellar peduncle,composite,A,G,32568,0.020513084124186225,0.015162338211175491,1.3528971480841216,0.1760980461772761,nonrobust,0.04102616824837245,ok,0.1760980461772761,0.7542454625400193,300,64.0,False,False,False
free_water_like__tbss__cingulum_hippocampus_left,,,secondary_composite,secondary_composite,mechanistic_composite,secondary,dMRI_composite_tbss,free_water_like,cingulum hippocampus (left),composite,A,G,32568,-0.01677585998456416,0.012457307950544281,-1.346668160662368,0.17809666591573378,nonrobust,-0.03355171996912832,ok,0.17809666591573378,0.7493442107330083,300,65.0,False,False,False
demyelination_like__wm__superior_thalamic_radiation_right,,,secondary_composite,secondary_composite,mechanistic_composite,secondary,dMRI_composite_wm,demyelination_like,superior thalamic radiation (right),composite,A,G,32568,0.013708933199159343,0.010261111065426742,1.3360086555684516,0.1815559422925746,nonrobust,0.027417866398318686,ok,0.1815559422925746,0.7409895321400091,300,66.0,False,False,False
demyelination_like__wm__middle_cerebellar_peduncle,,,secondary_composite,secondary_composite,mechanistic_composite,secondary,dMRI_composite_wm,demyelination_like,middle cerebellar peduncle,composite,A,G,32568,0.013664587131761385,0.010309285789784899,1.3254639953139271,0.18502676358638864,nonrobust,0.02732917426352277,ok,0.18502676358638864,0.7327654476120823,300,67.0,False,False,False
free_water_like__wm__forceps_minor,,,secondary_composite,secondary_composite,mechanistic_composite,secondary,dMRI_composite_wm,free_water_like,forceps minor,composite,A,G,32568,-0.01630940895843848,0.012338519357609355,-1.3218286964375685,0.18623464673426116,nonrobust,-0.03261881791687696,ok,0.18623464673426116,0.7299395205309811,300,68.0,False,False,False
demyelination_like__tbss__uncinate_fasciculus_left,,,secondary_composite,secondary_composite,mechanistic_composite,secondary,dMRI_composite_tbss,demyelination_like,uncinate fasciculus (left),composite,A,G,32568,-0.015169298463124347,0.011525904644936767,-1.3161048030870264,0.18814829383019327,nonrobust,-0.030338596926248695,ok,0.18814829383019327,0.7254997156034415,300,69.0,False,False,False
demyelination_like__wm__superior_thalamic_radiation_left,,,secondary_composite,secondary_composite,mechanistic_composite,secondary,dMRI_composite_wm,demyelination_like,superior thalamic radiation (left),composite,A,G,32568,0.014093422103415854,0.010712159550849544,1.3156471425314193,0.18830192583890445,nonrobust,0.028186844206831707,ok,0.18830192583890445,0.7251452382577259,300,70.0,False,False,False
axonal_loss_like__tbss__anterior_limb_of_internal_capsule_right,,,secondary_composite,secondary_composite,mechanistic_composite,secondary,dMRI_composite_tbss,axonal_loss_like,anterior limb of internal capsule (right),composite,A,G,32568,-0.009607577756024898,0.00731281947705419,-1.3137993883441386,0.1889231393684582,nonrobust,-0.019215155512049796,ok,0.1889231393684582,0.7237148462889118,300,71.0,False,False,False
demyelination_like__wm__forceps_minor,,,secondary_composite,secondary_composite,mechanistic_composite,secondary,dMRI_composite_wm,demyelination_like,forceps minor,composite,A,G,32568,-0.01450320321708748,0.011113860062114777,-1.304965433794365,0.19191399932249664,nonrobust,-0.02900640643417496,ok,0.19191399932249664,0.7168933441454234,300,72.0,False,False,False
tract_geometry_like__tbss__corticospinal_tract_right,,,secondary_composite,secondary_composite,mechanistic_composite,secondary,dMRI_composite_tbss,tract_geometry_like,corticospinal tract (right),composite,A,G,32568,0.0140300896605994,0.010754473218873423,1.3045817656579848,0.19204468012950288,nonrobust,0.0280601793211988,ok,0.19204468012950288,0.716597718815917,300,73.0,False,False,False
demyelination_like__tbss__genu_of_corpus_callosum,,,secondary_composite,secondary_composite,mechanistic_composite,secondary,dMRI_composite_tbss,demyelination_like,genu of corpus callosum,composite,A,G,32568,-0.015410339644498764,0.011888960769453116,-1.29618895573222,0.19491973890905315,nonrobust,-0.030820679288997527,ok,0.19491973890905315,0.7101441790188029,300,74.0,False,False,False
tract_geometry_like__tbss__posterior_limb_of_internal_capsule_left,,,secondary_composite,secondary_composite,mechanistic_composite,secondary,dMRI_composite_tbss,tract_geometry_like,posterior limb of internal capsule (left),composite,A,G,32568,0.013673264893684286,0.01056576748592407,1.2941099557509748,0.1956367798613952,nonrobust,0.02734652978736857,ok,0.1956367798613952,0.7085494941841042,300,75.0,False,False,False
free_water_like__wm__superior_longitudinal_fasciculus_right,,,secondary_composite,secondary_composite,mechanistic_composite,secondary,dMRI_composite_wm,free_water_like,superior longitudinal fasciculus (right),composite,A,G,32568,0.015600719164110327,0.012173603404315541,1.2815202406363817,0.20002027822329274,nonrobust,0.031201438328220654,ok,0.20002027822329274,0.6989259729657817,300,76.0,False,False,False
free_water_like__tbss__superior_longitudinal_fasciculus_right,,,secondary_composite,secondary_composite,mechanistic_composite,secondary,dMRI_composite_tbss,free_water_like,superior longitudinal fasciculus (right),composite,A,G,32568,0.014037796719428761,0.011151482292828785,1.258827871560724,0.20810169146034566,nonrobust,0.028075593438857523,ok,0.20810169146034566,0.6817243898080315,300,77.0,False,False,False
axonal_loss_like__tbss__posterior_corona_radiata_left,,,secondary_composite,secondary_composite,mechanistic_composite,secondary,dMRI_composite_tbss,axonal_loss_like,posterior corona radiata (left),composite,A,G,32568,-0.007520098551864799,0.00598445387953362,-1.256605649110768,0.2089056382972202,nonrobust,-0.015040197103729598,ok,0.2089056382972202,0.6800498383905617,300,78.0,False,False,False
tract_geometry_like__tbss__tapetum_left,,,secondary_composite,secondary_composite,mechanistic_composite,secondary,dMRI_composite_tbss,tract_geometry_like,tapetum (left),composite,A,G,32568,0.013232852777653185,0.01054020344501575,1.2554646451260612,0.20931929953006945,nonrobust,0.02646570555530637,ok,0.20931929953006945,0.6791907272609343,300,79.0,False,False,False
demyelination_like__tbss__cingulum_hippocampus_right,,,secondary_composite,secondary_composite,mechanistic_composite,secondary,dMRI_composite_tbss,demyelination_like,cingulum hippocampus (right),composite,A,G,32568,-0.014555972689545638,0.011707479377625889,-1.2433054306602915,0.21376441003257188,nonrobust,-0.029111945379091276,ok,0.21376441003257188,0.6700645994690755,300,80.0,False,False,False
tract_geometry_like__wm__acoustic_radiation_right,,,secondary_composite,secondary_composite,mechanistic_composite,secondary,dMRI_composite_wm,tract_geometry_like,acoustic radiation (right),composite,A,G,32568,0.012647888691890758,0.010218305401041815,1.2377677310957287,0.21581127564416533,nonrobust,0.025295777383781515,ok,0.21581127564416533,0.6659258681697371,300,81.0,False,False,False
axonal_loss_like__tbss__cerebral_peduncle_right,,,secondary_composite,secondary_composite,mechanistic_composite,secondary,dMRI_composite_tbss,axonal_loss_like,cerebral peduncle (right),composite,A,G,32568,-0.009251776401681365,0.007727071333133271,-1.1973199162806016,0.23119075123784488,nonrobust,-0.01850355280336273,ok,0.23119075123784488,0.6360295438099467,300,82.0,False,False,False
axonal_loss_like__tbss__superior_longitudinal_fasciculus_left,,,secondary_composite,secondary_composite,mechanistic_composite,secondary,dMRI_composite_tbss,axonal_loss_like,superior longitudinal fasciculus (left),composite,A,G,32568,-0.008856097833172736,0.007399255526420665,-1.1968903900602021,0.2313581446677162,nonrobust,-0.017712195666345472,ok,0.2313581446677162,0.6357152071129307,300,83.0,False,False,False
axonal_loss_like__tbss__superior_cerebellar_peduncle_left,,,secondary_composite,secondary_composite,mechanistic_composite,secondary,dMRI_composite_tbss,axonal_loss_like,superior cerebellar peduncle (left),composite,A,G,32568,0.010518830329224465,0.00879769911272154,1.1956342441871144,0.23184817937601102,nonrobust,0.02103766065844893,ok,0.23184817937601102,0.634796310119941,300,84.0,False,False,False
free_water_like__tbss__cingulum_hippocampus_right,,,secondary_composite,secondary_composite,mechanistic_composite,secondary,dMRI_composite_tbss,free_water_like,cingulum hippocampus (right),composite,A,G,32568,-0.01431116118219844,0.01202829707137779,-1.1897911314688836,0.23413732097408974,nonrobust,-0.02862232236439688,ok,0.23413732097408974,0.6305293552001948,300,85.0,False,False,False
demyelination_like__tbss__inferior_cerebellar_peduncle_left,,,secondary_composite,secondary_composite,mechanistic_composite,secondary,dMRI_composite_tbss,demyelination_like,inferior cerebellar peduncle (left),composite,A,G,32568,-0.013461954248344088,0.011425132792675801,-1.1782755170227879,0.23869554438892138,nonrobust,-0.026923908496688177,ok,0.23869554438892138,0.6221556876768027,300,86.0,False,False,False
axonal_loss_like__tbss__splenium_of_corpus_callosum,,,secondary_composite,secondary_composite,mechanistic_composite,secondary,dMRI_composite_tbss,axonal_loss_like,splenium of corpus callosum,composite,A,G,32568,-0.00940779567144688,0.00803501970456105,-1.170849110190306,0.24166814991431992,nonrobust,-0.01881559134289376,ok,0.24166814991431992,0.616780582641244,300,87.0,False,False,False
axonal_loss_like__tbss__cingulum_hippocampus_left,,,secondary_composite,secondary_composite,mechanistic_composite,secondary,dMRI_composite_tbss,axonal_loss_like,cingulum hippocampus (left),composite,A,G,32568,-0.009923716930148105,0.008486228503352346,-1.169390728310922,0.24225495141847742,nonrobust,-0.01984743386029621,ok,0.24225495141847742,0.6157273376961998,300,88.0,False,False,False
free_water_like__wm__superior_thalamic_radiation_right,,,secondary_composite,secondary_composite,mechanistic_composite,secondary,dMRI_composite_wm,free_water_like,superior thalamic radiation (right),composite,A,G,32568,0.012801374736469934,0.010973153430617224,1.1666085612866415,0.2433771757481562,nonrobust,0.02560274947293987,ok,0.2433771757481562,0.6137201529400391,300,89.0,False,False,False
axonal_loss_like__tbss__medial_lemniscus_left,,,secondary_composite,secondary_composite,mechanistic_composite,secondary,dMRI_composite_tbss,axonal_loss_like,medial lemniscus (left),composite,A,G,32568,-0.008611424037915628,0.0073868384682142275,-1.1657793892435617,0.24371233892887678,nonrobust,-0.017222848075831257,ok,0.24371233892887678,0.6131224823332577,300,90.0,False,False,False
tract_geometry_like__wm__middle_cerebellar_peduncle,,,secondary_composite,secondary_composite,mechanistic_composite,secondary,dMRI_composite_wm,tract_geometry_like,middle cerebellar peduncle,composite,A,G,32568,0.012429014534713371,0.010872757345149905,1.1431336265641647,0.2529916642822004,nonrobust,0.024858029069426742,ok,0.2529916642822004,0.5968937879778656,300,91.0,False,False,False
demyelination_like__tbss__fornix_cres_stria_terminalis_left,,,secondary_composite,secondary_composite,mechanistic_composite,secondary,dMRI_composite_tbss,demyelination_like,fornix cres+stria terminalis (left),composite,A,G,32568,-0.011332992879862665,0.00995461816186103,-1.1384658553034792,0.2549345293007086,nonrobust,-0.02266598575972533,ok,0.2549345293007086,0.5935713380530311,300,92.0,False,False,False
axonal_loss_like__tbss__inferior_cerebellar_peduncle_right,,,secondary_composite,secondary_composite,mechanistic_composite,secondary,dMRI_composite_tbss,axonal_loss_like,inferior cerebellar peduncle (right),composite,A,G,32568,-0.009058840737279812,0.007978380191699696,-1.1354235470884393,0.25620639985004307,nonrobust,-0.018117681474559624,ok,0.25620639985004307,0.5914100260946717,300,93.0,False,False,False
axonal_loss_like__wm__forceps_major,,,secondary_composite,secondary_composite,mechanistic_composite,secondary,dMRI_composite_wm,axonal_loss_like,forceps major,composite,A,G,32568,-0.008726417553488389,0.007764295677775051,-1.1239161819232835,0.26105701447913104,nonrobust,-0.017452835106976778,ok,0.26105701447913104,0.5832646330081299,300,94.0,False,False,False
axonal_loss_like__wm__parahippocampal_part_of_cingulum_right,,,secondary_composite,secondary_composite,mechanistic_composite,secondary,dMRI_composite_wm,axonal_loss_like,parahippocampal part of cingulum (right),composite,A,G,32568,-0.007924539685089053,0.0070673678839927685,-1.1212858613229595,0.2621746137135312,nonrobust,-0.015849079370178105,ok,0.2621746137135312,0.5814093632099767,300,95.0,False,False,False
demyelination_like__wm__inferior_fronto_occipital_fasciculus_lef,,,secondary_composite,secondary_composite,mechanistic_composite,secondary,dMRI_composite_wm,demyelination_like,inferior fronto-occipital fasciculus (left),composite,A,G,32568,-0.011776854436298166,0.010549816499130485,-1.1163089364889724,0.2642982973997924,nonrobust,-0.02355370887259633,ok,0.2642982973997924,0.5779056345688448,300,96.0,False,False,False
axonal_loss_like__tbss__posterior_thalamic_radiation_left,,,secondary_composite,secondary_composite,mechanistic_composite,secondary,dMRI_composite_tbss,axonal_loss_like,posterior thalamic radiation (left),composite,A,G,32568,-0.007295333203958448,0.006585487487446306,-1.1077893956772824,0.26796110497457476,nonrobust,-0.014590666407916897,ok,0.26796110497457476,0.5719282400040487,300,97.0,False,False,False
free_water_like__wm__inferior_fronto_occipital_fasciculus_lef,,,secondary_composite,secondary_composite,mechanistic_composite,secondary,dMRI_composite_wm,free_water_like,inferior fronto-occipital fasciculus (left),composite,A,G,32568,-0.01242867881070676,0.011326677712508988,-1.0972925270912177,0.2725217910938787,nonrobust,-0.02485735762141352,ok,0.2725217910938787,0.5645987654113721,300,98.0,False,False,False
tract_geometry_like__tbss__cingulum_cingulate_gyrus_left,,,secondary_composite,secondary_composite,mechanistic_composite,secondary,dMRI_composite_tbss,tract_geometry_like,cingulum cingulate gyrus (left),composite,A,G,32568,0.011431721425894967,0.010431690470878073,1.0958647074324779,0.27314623086269035,nonrobust,0.022863442851789935,ok,0.27314623086269035,0.5636047879256351,300,99.0,False,False,False
demyelination_like__wm__cingulate_gyrus_part_of_cingulum_right,,,secondary_composite,secondary_composite,mechanistic_composite,secondary,dMRI_composite_wm,demyelination_like,cingulate gyrus part of cingulum (right),composite,A,G,32568,-0.0110469248259338,0.010090525874761749,-1.0947818739124568,0.2736204470488552,nonrobust,-0.0220938496518676,ok,0.2736204470488552,0.5628514518763078,300,100.0,False,False,False
free_water_like__tbss__posterior_thalamic_radiation_right,,,secondary_composite,secondary_composite,mechanistic_composite,secondary,dMRI_composite_tbss,free_water_like,posterior thalamic radiation (right),composite,A,G,32568,0.01205694102065856,0.011055785244405642,1.090554922524342,0.2754769830231241,nonrobust,0.02411388204131712,ok,0.2754769830231241,0.5599146819796754,300,101.0,False,False,False
tract_geometry_like__tbss__external_capsule_right,,,secondary_composite,secondary_composite,mechanistic_composite,secondary,dMRI_composite_tbss,tract_geometry_like,external capsule (right),composite,A,G,32568,0.01046456415734069,0.009806002308344173,1.0671590550652972,0.285908066849291,nonrobust,0.02092912831468138,ok,0.285908066849291,0.5437735909214474,300,102.0,False,False,False
tract_geometry_like__tbss__external_capsule_left,,,secondary_composite,secondary_composite,mechanistic_composite,secondary,dMRI_composite_tbss,tract_geometry_like,external capsule (left),composite,A,G,32568,0.010843115572735627,0.01016416562580194,1.0667983946670603,0.2860709296557256,nonrobust,0.021686231145471253,ok,0.2860709296557256,0.5435262726790451,300,103.0,False,False,False
demyelination_like__wm__posterior_thalamic_radiation_left,,,secondary_composite,secondary_composite,mechanistic_composite,secondary,dMRI_composite_wm,demyelination_like,posterior thalamic radiation (left),composite,A,G,32568,-0.011305608344079572,0.010599553974837484,-1.0666117056357471,0.28615525712319523,nonrobust,-0.022611216688159144,ok,0.28615525712319523,0.5433982710080059,300,104.0,False,False,False
tract_geometry_like__wm__acoustic_radiation_left,,,secondary_composite,secondary_composite,mechanistic_composite,secondary,dMRI_composite_wm,tract_geometry_like,acoustic radiation (left),composite,A,G,32568,0.011114760070745109,0.010460839094876944,1.062511331064103,0.2880116327041284,nonrobust,0.022229520141490218,ok,0.2880116327041284,0.5405899708616496,300,105.0,False,False,False
free_water_like__tbss__superior_corona_radiata_left,,,secondary_composite,secondary_composite,mechanistic_composite,secondary,dMRI_composite_tbss,free_water_like,superior corona radiata (left),composite,A,G,32568,0.010317700861872763,0.009746379805321894,1.058618796718645,0.2897814114706484,nonrobust,0.020635401723745526,ok,0.2897814114706484,0.5379294765413227,300,106.0,False,False,False
demyelination_like__tbss__cerebral_peduncle_right,,,secondary_composite,secondary_composite,mechanistic_composite,secondary,dMRI_composite_tbss,demyelination_like,cerebral peduncle (right),composite,A,G,32568,-0.012110314370824507,0.01145743630062027,-1.0569829107554272,0.29052736375607685,nonrobust,-0.024220628741649014,ok,0.29052736375607685,0.5368129566691825,300,107.0,False,False,False
axonal_loss_like__tbss__retrolenticular_part_of_internal_capsule,,,secondary_composite,secondary_composite,mechanistic_composite,secondary,dMRI_composite_tbss,axonal_loss_like,retrolenticular part of internal capsule (left),composite,A,G,32568,-0.007729358633393243,0.0074291040452735,-1.0404159891004312,0.2981545348379835,nonrobust,-0.015458717266786486,ok,0.2981545348379835,0.5255585807836618,300,108.0,False,False,False
axonal_loss_like__tbss__retrolenticular_part_of_internal_capsule,,,secondary_composite,secondary_composite,mechanistic_composite,secondary,dMRI_composite_tbss,axonal_loss_like,retrolenticular part of internal capsule (right),composite,A,G,32568,-0.007729358633393243,0.0074291040452735,-1.0404159891004312,0.2981545348379835,nonrobust,-0.015458717266786486,ok,0.2981545348379835,0.5255585807836618,300,108.0,False,False,False
axonal_loss_like__tbss__body_of_corpus_callosum,,,secondary_composite,secondary_composite,mechanistic_composite,secondary,dMRI_composite_tbss,axonal_loss_like,body of corpus callosum,composite,A,G,32568,-0.008323988526310628,0.008045798536980276,-1.0345758084858487,0.30087487255858836,nonrobust,-0.016647977052621256,ok,0.30087487255858836,0.5216140806707601,300,110.0,False,False,False
axonal_loss_like__wm__cingulate_gyrus_part_of_cingulum_right,,,secondary_composite,secondary_composite,mechanistic_composite,secondary,dMRI_composite_wm,axonal_loss_like,cingulate gyrus part of cingulum (right),composite,A,G,32568,-0.010097326972875846,0.009791781589695707,-1.0312042686390879,0.3024528307783812,nonrobust,-0.020194653945751692,ok,0.3024528307783812,0.5193423463998864,300,111.0,False,False,False
free_water_like__tbss__superior_longitudinal_fasciculus_left,,,secondary_composite,secondary_composite,mechanistic_composite,secondary,dMRI_composite_tbss,free_water_like,superior longitudinal fasciculus (left),composite,A,G,32568,0.011417810271702918,0.01112481464658818,1.0263371242058936,0.30474045985757225,nonrobust,0.022835620543405835,ok,0.30474045985757225,0.5160698814308794,300,112.0,False,False,False
axonal_loss_like__wm__corticospinal_tract_left,,,secondary_composite,secondary_composite,mechanistic_composite,secondary,dMRI_composite_wm,axonal_loss_like,corticospinal tract (left),composite,A,G,32568,-0.008341176706791496,0.008139997789044368,-1.0247148614730455,0.30550549247856806,nonrobust,-0.01668235341358299,ok,0.30550549247856806,0.5149809774617162,300,113.0,False,False,False
tract_geometry_like__tbss__posterior_limb_of_internal_capsule_right,,,secondary_composite,secondary_composite,mechanistic_composite,secondary,dMRI_composite_tbss,tract_geometry_like,posterior limb of internal capsule (right),composite,A,G,32568,0.010788245592094212,0.010534776473265336,1.0240602275209274,0.30581456759845427,nonrobust,0.021576491184188425,ok,0.30581456759845427,0.514541830640719,300,114.0,False,False,False
demyelination_like__tbss__posterior_thalamic_radiation_right,,,secondary_composite,secondary_composite,mechanistic_composite,secondary,dMRI_composite_tbss,demyelination_like,posterior thalamic radiation (right),composite,A,G,32568,0.01104536589752141,0.010824759236629742,1.0203798214878683,0.3075560718635441,nonrobust,0.02209073179504282,ok,0.3075560718635441,0.5120756945846265,300,115.0,False,False,False
tract_geometry_like__tbss__cerebral_peduncle_right,,,secondary_composite,secondary_composite,mechanistic_composite,secondary,dMRI_composite_tbss,tract_geometry_like,cerebral peduncle (right),composite,A,G,32568,0.009665109530472388,0.009696046301896482,0.9968093416160727,0.3188645982775757,nonrobust,0.019330219060944776,ok,0.3188645982775757,0.4963936953263539,300,116.0,False,False,False
tract_geometry_like__tbss__posterior_corona_radiata_right,,,secondary_composite,secondary_composite,mechanistic_composite,secondary,dMRI_composite_tbss,tract_geometry_like,posterior corona radiata (right),composite,A,G,32568,-0.008672745890506425,0.008971761021119058,-0.9666715230255502,0.33371557069223945,nonrobust,-0.01734549178101285,ok,0.33371557069223945,0.4766235293117709,300,117.0,False,False,False
axonal_loss_like__tbss__pontine_crossing_tract,,,secondary_composite,secondary_composite,mechanistic_composite,secondary,dMRI_composite_tbss,axonal_loss_like,pontine crossing tract,composite,A,G,32568,-0.006907123355439467,0.007269285754092657,-0.9501790944936661,0.3420284332328902,nonrobust,-0.013814246710878934,ok,0.3420284332328902,0.4659377890232094,300,118.0,False,False,False
free_water_like__wm__uncinate_fasciculus_right,,,secondary_composite,secondary_composite,mechanistic_composite,secondary,dMRI_composite_wm,free_water_like,uncinate fasciculus (right),composite,A,G,32568,-0.01213198234612451,0.012899442955595189,-0.9405043603733455,0.34696601142898653,nonrobust,-0.02426396469224902,ok,0.34696601142898653,0.4597130663382526,300,119.0,False,False,False
demyelination_like__wm__superior_longitudinal_fasciculus_right,,,secondary_composite,secondary_composite,mechanistic_composite,secondary,dMRI_composite_wm,demyelination_like,superior longitudinal fasciculus (right),composite,A,G,32568,0.011033433025758783,0.01176438807526642,0.9378671423595414,0.3483197671459688,nonrobust,0.022066866051517565,ok,0.3483197671459688,0.4580218786315714,300,120.0,False,False,False
free_water_like__tbss__anterior_limb_of_internal_capsule_right,,,secondary_composite,secondary_composite,mechanistic_composite,secondary,dMRI_composite_tbss,free_water_like,anterior limb of internal capsule (right),composite,A,G,32568,0.011692506077694028,0.012561586550536423,0.9308144342001702,0.35195658184016176,nonrobust,0.023385012155388057,ok,0.35195658184016176,0.45351090876692635,300,121.0,False,False,False
demyelination_like__tbss__posterior_limb_of_internal_capsule_right,,,secondary_composite,secondary_composite,mechanistic_composite,secondary,dMRI_composite_tbss,demyelination_like,posterior limb of internal capsule (right),composite,A,G,32568,-0.010346183563413368,0.011246785983469012,-0.9199235744879127,0.35761963095513094,nonrobust,-0.020692367126826736,ok,0.35761963095513094,0.44657864932387276,300,122.0,False,False,False
tract_geometry_like__tbss__posterior_thalamic_radiation_right,,,secondary_composite,secondary_composite,mechanistic_composite,secondary,dMRI_composite_tbss,tract_geometry_like,posterior thalamic radiation (right),composite,A,G,32568,-0.008337673893399872,0.009106104752598775,-0.9156136591796177,0.3598764622237556,nonrobust,-0.016675347786799743,ok,0.3598764622237556,0.44384655751665913,300,123.0,False,False,False
free_water_like__wm__superior_longitudinal_fasciculus_left,,,secondary_composite,secondary_composite,mechanistic_composite,secondary,dMRI_composite_wm,free_water_like,superior longitudinal fasciculus (left),composite,A,G,32568,0.01106078480882176,0.012148230476920513,0.9104852620169903,0.36257350678996425,nonrobust,0.02212156961764352,ok,0.36257350678996425,0.4406039329357171,300,124.0,False,False,False
axonal_loss_like__wm__inferior_longitudinal_fasciculus_left,,,secondary_composite,secondary_composite,mechanistic_composite,secondary,dMRI_composite_wm,axonal_loss_like,inferior longitudinal fasciculus (left),composite,A,G,32568,-0.006060313701276988,0.00682437176449361,-0.8880397947849318,0.3745260184699011,nonrobust,-0.012120627402553976,ok,0.3745260184699011,0.426518006307906,300,125.0,False,False,False
tract_geometry_like__wm__superior_longitudinal_fasciculus_right,,,secondary_composite,secondary_composite,mechanistic_composite,secondary,dMRI_composite_wm,tract_geometry_like,superior longitudinal fasciculus (right),composite,A,G,32568,0.008398017233775876,0.00947909596556594,0.8859512831479686,0.3756504352426514,nonrobust,0.016796034467551752,ok,0.3756504352426514,0.42521610363409373,300,126.0,False,False,False
axonal_loss_like__tbss__corticospinal_tract_right,,,secondary_composite,secondary_composite,mechanistic_composite,secondary,dMRI_composite_tbss,axonal_loss_like,corticospinal tract (right),composite,A,G,32568,-0.006621629109287067,0.007555738959350284,-0.8763708149409728,0.3808350556507686,nonrobust,-0.013243258218574134,ok,0.3808350556507686,0.4192630818869208,300,127.0,False,False,False
tract_geometry_like__tbss__cingulum_cingulate_gyrus_right,,,secondary_composite,secondary_composite,mechanistic_composite,secondary,dMRI_composite_tbss,tract_geometry_like,cingulum cingulate gyrus (right),composite,A,G,32568,0.00912631933886201,0.010716921468940892,0.8515803129948591,0.3944534409989443,nonrobust,0.01825263867772402,ok,0.3944534409989443,0.40400425103640897,300,128.0,False,False,False
free_water_like__wm__inferior_longitudinal_fasciculus_right,,,secondary_composite,secondary_composite,mechanistic_composite,secondary,dMRI_composite_wm,free_water_like,inferior longitudinal fasciculus (right),composite,A,G,32568,0.010562059399978554,0.012437356272830066,0.8492206195823,0.395764892821753,nonrobust,0.021124118799957108,ok,0.395764892821753,0.4025627334495326,300,129.0,False,False,False
tract_geometry_like__tbss__posterior_corona_radiata_left,,,secondary_composite,secondary_composite,mechanistic_composite,secondary,dMRI_composite_tbss,tract_geometry_like,posterior corona radiata (left),composite,A,G,32568,0.007652321417694698,0.00902475300967248,0.8479258556431575,0.3964856043953312,nonrobust,0.015304642835389397,ok,0.3964856043953312,0.4017725764300282,300,130.0,False,False,False
free_water_like__tbss__superior_fronto_occipital_fasciculus_lef,,,secondary_composite,secondary_composite,mechanistic_composite,secondary,dMRI_composite_tbss,free_water_like,superior fronto-occipital fasciculus (left),composite,A,G,32568,0.008277061493736517,0.009880532102586388,0.8377141441167792,0.40219752256073704,nonrobust,0.016554122987473035,ok,0.40219752256073704,0.3955606088797913,300,131.0,False,False,False
free_water_like__tbss__fornix_cres_stria_terminalis_left,,,secondary_composite,secondary_composite,mechanistic_composite,secondary,dMRI_composite_tbss,free_water_like,fornix cres+stria terminalis (left),composite,A,G,32568,-0.010034187522831854,0.012182179924863198,-0.8236775014587165,0.41012896329852233,nonrobust,-0.02006837504566371,ok,0.41012896329852233,0.38707955976258784,300,132.0,False,False,False
free_water_like__tbss__uncinate_fasciculus_left,,,secondary_composite,secondary_composite,mechanistic_composite,secondary,dMRI_composite_tbss,free_water_like,uncinate fasciculus (left),composite,A,G,32568,-0.009345908689054582,0.011451260117267773,-0.8161467465891851,0.4144222837471607,nonrobust,-0.018691817378109165,ok,0.4144222837471607,0.3825569003471981,300,133.0,False,False,False
free_water_like__tbss__pontine_crossing_tract,,,secondary_composite,secondary_composite,mechanistic_composite,secondary,dMRI_composite_tbss,free_water_like,pontine crossing tract,composite,A,G,32568,0.012779346410076595,0.015681993077561282,0.8149057550830089,0.41513232160487534,nonrobust,0.02555869282015319,ok,0.41513232160487534,0.3818134517619878,300,134.0,False,False,False
free_water_like__tbss__posterior_limb_of_internal_capsule_right,,,secondary_composite,secondary_composite,mechanistic_composite,secondary,dMRI_composite_tbss,free_water_like,posterior limb of internal capsule (right),composite,A,G,32568,-0.00898397519122735,0.011080489536558037,-0.8107922634272048,0.4174910063443097,nonrobust,-0.0179679503824547,ok,0.4174910063443097,0.37935287571836435,300,135.0,False,False,False
axonal_loss_like__tbss__superior_cerebellar_peduncle_right,,,secondary_composite,secondary_composite,mechanistic_composite,secondary,dMRI_composite_tbss,axonal_loss_like,superior cerebellar peduncle (right),composite,A,G,32568,0.00674486732081952,0.008443254365956752,0.7988468697585214,0.4243851366654231,nonrobust,0.01348973464163904,ok,0.4243851366654231,0.37223983489611323,300,136.0,False,False,False
tract_geometry_like__wm__corticospinal_tract_left,,,secondary_composite,secondary_composite,mechanistic_composite,secondary,dMRI_composite_wm,tract_geometry_like,corticospinal tract (left),composite,A,G,32568,0.008307865300348601,0.010458569909859572,0.7943595894995696,0.42699201169084655,nonrobust,0.016615730600697202,ok,0.42699201169084655,0.3695802498251801,300,137.0,False,False,False
tract_geometry_like__wm__medial_lemniscus_left,,,secondary_composite,secondary_composite,mechanistic_composite,secondary,dMRI_composite_wm,tract_geometry_like,medial lemniscus (left),composite,A,G,32568,0.007965813670777535,0.010156783052725795,0.7842851057687733,0.43287864077628113,nonrobust,0.01593162734155507,ok,0.43287864077628113,0.363633842742744,300,138.0,False,False,False
axonal_loss_like__wm__superior_thalamic_radiation_right,,,secondary_composite,secondary_composite,mechanistic_composite,secondary,dMRI_composite_wm,axonal_loss_like,superior thalamic radiation (right),composite,A,G,32568,0.005137936615528374,0.006579791259806204,0.7808662026885793,0.43488696659066695,nonrobust,0.010275873231056748,ok,0.43488696659066695,0.36162360779240615,300,139.0,False,False,False
tract_geometry_like__tbss__sagittal_stratum_left,,,secondary_composite,secondary_composite,mechanistic_composite,secondary,dMRI_composite_tbss,tract_geometry_like,sagittal stratum (left),composite,A,G,32568,-0.008303139921879229,0.010702685917431797,-0.7757996437469632,0.43787302609480827,nonrobust,-0.016606279843758457,ok,0.43787302609480827,0.35865180744316877,300,140.0,False,False,False
axonal_loss_like__tbss__fornix_cres_stria_terminalis_left,,,secondary_composite,secondary_composite,mechanistic_composite,secondary,dMRI_composite_tbss,axonal_loss_like,fornix cres+stria terminalis (left),composite,A,G,32568,-0.005574137729146508,0.007220296756228078,-0.7720095056118534,0.4401144971322124,nonrobust,-0.011148275458293016,ok,0.4401144971322124,0.3564343257773677,300,141.0,False,False,False
free_water_like__tbss__superior_fronto_occipital_fasciculus_rig,,,secondary_composite,secondary_composite,mechanistic_composite,secondary,dMRI_composite_tbss,free_water_like,superior fronto-occipital fasciculus (right),composite,A,G,32568,0.007830186512713559,0.010176065476610647,0.7694709247607522,0.4416194764716579,nonrobust,0.015660373025427117,ok,0.4416194764716579,0.3549517814345534,300,142.0,False,False,False
demyelination_like__wm__parahippocampal_part_of_cingulum_right,,,secondary_composite,secondary_composite,mechanistic_composite,secondary,dMRI_composite_wm,demyelination_like,parahippocampal part of cingulum (right),composite,A,G,32568,-0.009947842950840028,0.013106209706053949,-0.7590175324483763,0.44784765807569804,nonrobust,-0.019895685901680057,ok,0.44784765807569804,0.34886969249442357,300,143.0,False,False,False
axonal_loss_like__wm__acoustic_radiation_left,,,secondary_composite,secondary_composite,mechanistic_composite,secondary,dMRI_composite_wm,axonal_loss_like,acoustic radiation (left),composite,A,G,32568,-0.00617213697889351,0.008140985446403962,-0.758156002062363,0.44836317895521594,nonrobust,-0.01234427395778702,ok,0.44836317895521594,0.3483700602902077,300,144.0,False,False,False
tract_geometry_like__tbss__cingulum_hippocampus_right,,,secondary_composite,secondary_composite,mechanistic_composite,secondary,dMRI_composite_tbss,tract_geometry_like,cingulum hippocampus (right),composite,A,G,32568,-0.00834282702680896,0.011059643090934658,-0.7543486673315334,0.45064543580844474,nonrobust,-0.01668565405361792,ok,0.45064543580844474,0.3461650231623421,300,145.0,False,False,False
tract_geometry_like__tbss__anterior_corona_radiata_right,,,secondary_composite,secondary_composite,mechanistic_composite,secondary,dMRI_composite_tbss,tract_geometry_like,anterior corona radiata (right),composite,A,G,32568,-0.007554389982429729,0.010193462410441535,-0.7411014705554309,0.4586373547438328,nonrobust,-0.015108779964859457,ok,0.4586373547438328,0.3385305760813438,300,146.0,False,False,False
tract_geometry_like__wm__medial_lemniscus_right,,,secondary_composite,secondary_composite,mechanistic_composite,secondary,dMRI_composite_wm,tract_geometry_like,medial lemniscus (right),composite,A,G,32568,0.0076401266623066086,0.010327578194804569,0.7397791155093921,0.45943945870408465,nonrobust,0.015280253324613217,ok,0.45943945870408465,0.337771708397549,300,147.0,False,False,False
axonal_loss_like__tbss__cingulum_cingulate_gyrus_left,,,secondary_composite,secondary_composite,mechanistic_composite,secondary,dMRI_composite_tbss,axonal_loss_like,cingulum cingulate gyrus (left),composite,A,G,32568,-0.006844933735388118,0.009356665106950853,-0.7315569871473943,0.46444436523801924,nonrobust,-0.013689867470776235,ok,0.46444436523801924,0.3330663017289421,300,148.0,False,False,False
tract_geometry_like__tbss__fornix_cres_stria_terminalis_right,,,secondary_composite,secondary_composite,mechanistic_composite,secondary,dMRI_composite_tbss,tract_geometry_like,fornix cres+stria terminalis (right),composite,A,G,32568,0.007087505694317264,0.009747443234986051,0.7271143338263726,0.4671612363535196,nonrobust,0.014175011388634529,ok,0.4671612363535196,0.3305332008618339,300,149.0,False,False,False
tract_geometry_like__tbss__middle_cerebellar_peduncle,,,secondary_composite,secondary_composite,mechanistic_composite,secondary,dMRI_composite_tbss,tract_geometry_like,middle cerebellar peduncle,composite,A,G,32568,0.007115695054745256,0.00984132749217007,0.7230421973465089,0.4696592428330787,nonrobust,0.014231390109490512,ok,0.4696592428330787,0.3282171263841386,300,150.0,False,False,False
axonal_loss_like__tbss__sagittal_stratum_right,,,secondary_composite,secondary_composite,mechanistic_composite,secondary,dMRI_composite_tbss,axonal_loss_like,sagittal stratum (right),composite,A,G,32568,-0.005397362377825476,0.007482861541853203,-0.7212965718578253,0.4707323339540527,nonrobust,-0.010794724755650952,ok,0.4707323339540527,0.32722596958051875,300,151.0,False,False,False
free_water_like__wm__uncinate_fasciculus_left,,,secondary_composite,secondary_composite,mechanistic_composite,secondary,dMRI_composite_wm,free_water_like,uncinate fasciculus (left),composite,A,G,32568,-0.009332947050337105,0.012969015428362499,-0.7196342005983339,0.47175550292381385,nonrobust,-0.01866589410067421,ok,0.47175550292381385,0.32628302518421204,300,152.0,False,False,False
demyelination_like__tbss__sagittal_stratum_right,,,secondary_composite,secondary_composite,mechanistic_composite,secondary,dMRI_composite_tbss,demyelination_like,sagittal stratum (right),composite,A,G,32568,-0.008157301387743345,0.011382687329045005,-0.7166410841250554,0.473600816059628,nonrobust,-0.01631460277548669,ok,0.473600816059628,0.32458755795344746,300,153.0,False,False,False
axonal_loss_like__tbss__cingulum_cingulate_gyrus_right,,,secondary_composite,secondary_composite,mechanistic_composite,secondary,dMRI_composite_tbss,axonal_loss_like,cingulum cingulate gyrus (right),composite,A,G,32568,-0.006608814427926312,0.009280169879639926,-0.7121436906479061,0.4763809920922001,nonrobust,-0.013217628855852624,ok,0.4763809920922001,0.322045575472548,300,154.0,False,False,False
axonal_loss_like__tbss__posterior_limb_of_internal_capsule_right,,,secondary_composite,secondary_composite,mechanistic_composite,secondary,dMRI_composite_tbss,axonal_loss_like,posterior limb of internal capsule (right),composite,A,G,32568,-0.005867991497670751,0.008241370710604386,-0.7120164477154576,0.4764597803540951,nonrobust,-0.011735982995341503,ok,0.4764597803540951,0.32197375380318366,300,155.0,False,False,False
demyelination_like__wm__corticospinal_tract_left,,,secondary_composite,secondary_composite,mechanistic_composite,secondary,dMRI_composite_wm,demyelination_like,corticospinal tract (left),composite,A,G,32568,-0.007667333724230446,0.010910355286319088,-0.702757474254281,0.48221201389158674,nonrobust,-0.015334667448460891,ok,0.48221201389158674,0.3167619737556904,300,156.0,False,False,False
demyelination_like__tbss__retrolenticular_part_of_internal_capsule,,,secondary_composite,secondary_composite,mechanistic_composite,secondary,dMRI_composite_tbss,demyelination_like,retrolenticular part of internal capsule (left),composite,A,G,32568,-0.007346282397093583,0.010472314020339463,-0.7014956181437587,0.4829988682539146,nonrobust,-0.014692564794187166,ok,0.4829988682539146,0.31605388687096336,300,157.0,False,False,False
demyelination_like__tbss__retrolenticular_part_of_internal_capsule,,,secondary_composite,secondary_composite,mechanistic_composite,secondary,dMRI_composite_tbss,demyelination_like,retrolenticular part of internal capsule (right),composite,A,G,32568,-0.007346282397093583,0.010472314020339463,-0.7014956181437587,0.4829988682539146,nonrobust,-0.014692564794187166,ok,0.4829988682539146,0.31605388687096336,300,157.0,False,False,False
demyelination_like__wm__cingulate_gyrus_part_of_cingulum_left,,,secondary_composite,secondary_composite,mechanistic_composite,secondary,dMRI_composite_wm,demyelination_like,cingulate gyrus part of cingulum (left),composite,A,G,32568,-0.007188546083964497,0.010252180678579964,-0.7011723953503507,0.48320053210243374,nonrobust,-0.014377092167928995,ok,0.48320053210243374,0.3158725961397732,300,159.0,False,False,False
free_water_like__tbss__inferior_cerebellar_peduncle_left,,,secondary_composite,secondary_composite,mechanistic_composite,secondary,dMRI_composite_tbss,free_water_like,inferior cerebellar peduncle (left),composite,A,G,32568,-0.009162828261193095,0.013217689890158231,-0.693224635873448,0.4881736197988428,nonrobust,-0.01832565652238619,ok,0.4881736197988428,0.3114256929346892,300,160.0,False,False,False
free_water_like__tbss__cerebral_peduncle_right,,,secondary_composite,secondary_composite,mechanistic_composite,secondary,dMRI_composite_tbss,free_water_like,cerebral peduncle (right),composite,A,G,32568,-0.008804305487707867,0.012799806887773331,-0.6878467436971992,0.4915542808688059,nonrobust,-0.017608610975415735,ok,0.4915542808688059,0.3084285173432377,300,161.0,False,False,False
free_water_like__tbss__anterior_limb_of_internal_capsule_left,,,secondary_composite,secondary_composite,mechanistic_composite,secondary,dMRI_composite_tbss,free_water_like,anterior limb of internal capsule (left),composite,A,G,32568,0.008654037666941294,0.012772581724322342,0.6775480363896783,0.49806320002307036,nonrobust,0.017308075333882587,ok,0.49806320002307036,0.3027155454334979,300,162.0,False,False,False
tract_geometry_like__wm__corticospinal_tract_right,,,secondary_composite,secondary_composite,mechanistic_composite,secondary,dMRI_composite_wm,tract_geometry_like,corticospinal tract (right),composite,A,G,32568,0.006989009895091705,0.010318311086960446,0.6773404907246809,0.49819484139356474,nonrobust,0.01397801979018341,ok,0.49819484139356474,0.3026007737202431,300,163.0,False,False,False
demyelination_like__tbss__tapetum_right,,,secondary_composite,secondary_composite,mechanistic_composite,secondary,dMRI_composite_tbss,demyelination_like,tapetum (right),composite,A,G,32568,-0.008146916794556525,0.012062939284815994,-0.6753674707466454,0.4994472057337329,nonrobust,-0.01629383358911305,ok,0.4994472057337329,0.3015104122834315,300,164.0,False,False,False
demyelination_like__tbss__medial_lemniscus_right,,,secondary_composite,secondary_composite,mechanistic_composite,secondary,dMRI_composite_tbss,demyelination_like,medial lemniscus (right),composite,A,G,32568,-0.008148903409575397,0.012125484675875941,-0.6720476440655534,0.501558216240519,nonrobust,-0.016297806819150794,ok,0.501558216240519,0.2996786508297051,300,165.0,False,False,False
demyelination_like__tbss__posterior_limb_of_internal_capsule_left,,,secondary_composite,secondary_composite,mechanistic_composite,secondary,dMRI_composite_tbss,demyelination_like,posterior limb of internal capsule (left),composite,A,G,32568,-0.0075752462947771574,0.011316474487097,-0.6693998474007451,0.5032452771450548,nonrobust,-0.015150492589554315,ok,0.5032452771450548,0.2982202921858873,300,166.0,False,False,False
tract_geometry_like__tbss__superior_corona_radiata_right,,,secondary_composite,secondary_composite,mechanistic_composite,secondary,dMRI_composite_tbss,tract_geometry_like,superior corona radiata (right),composite,A,G,32568,0.006629139384458305,0.009947322767647556,0.6664244781539376,0.5051446239457205,nonrobust,0.01325827876891661,ok,0.5051446239457205,0.29658426467442445,300,167.0,False,False,False
free_water_like__tbss__medial_lemniscus_right,,,secondary_composite,secondary_composite,mechanistic_composite,secondary,dMRI_composite_tbss,free_water_like,medial lemniscus (right),composite,A,G,32568,-0.009711299167990616,0.01476990341894872,-0.6575059357214021,0.5108603834855205,nonrobust,-0.01942259833598123,ok,0.5108603834855205,0.29169777494688987,300,168.0,False,False,False
demyelination_like__wm__inferior_longitudinal_fasciculus_right,,,secondary_composite,secondary_composite,mechanistic_composite,secondary,dMRI_composite_wm,demyelination_like,inferior longitudinal fasciculus (right),composite,A,G,32568,0.007429007224658636,0.011391388444574626,0.6521599417669623,0.5143026815586478,nonrobust,0.014858014449317272,ok,0.5143026815586478,0.2887812112746953,300,169.0,False,False,False
free_water_like__tbss__corticospinal_tract_left,,,secondary_composite,secondary_composite,mechanistic_composite,secondary,dMRI_composite_tbss,free_water_like,corticospinal tract (left),composite,A,G,32568,-0.01009792315807274,0.015767971143811874,-0.6404072575967176,0.521912449921422,nonrobust,-0.02019584631614548,ok,0.521912449921422,0.2824023431758031,300,170.0,False,False,False
free_water_like__tbss__uncinate_fasciculus_right,,,secondary_composite,secondary_composite,mechanistic_composite,secondary,dMRI_composite_tbss,free_water_like,uncinate fasciculus (right),composite,A,G,32568,-0.007733103731736044,0.012086265453527634,-0.6398257395115357,0.5222904760233935,nonrobust,-0.015466207463472088,ok,0.5222904760233935,0.2820878934588089,300,171.0,False,False,False
tract_geometry_like__tbss__fornix_cres_stria_terminalis_left,,,secondary_composite,secondary_composite,mechanistic_composite,secondary,dMRI_composite_tbss,tract_geometry_like,fornix cres+stria terminalis (left),composite,A,G,32568,0.006144584990614977,0.009611329414133292,0.6393064607253469,0.5226281612734346,nonrobust,0.012289169981229954,ok,0.5226281612734346,0.281807192472945,300,172.0,False,False,False
demyelination_like__wm__superior_longitudinal_fasciculus_left,,,secondary_composite,secondary_composite,mechanistic_composite,secondary,dMRI_composite_wm,demyelination_like,superior longitudinal fasciculus (left),composite,A,G,32568,0.007442417076875472,0.011690233891164303,0.6366354297240014,0.5243668942509846,nonrobust,0.014884834153750944,ok,0.5243668942509846,0.28036473517030436,300,173.0,False,False,False
free_water_like__wm__cingulate_gyrus_part_of_cingulum_right,,,secondary_composite,secondary_composite,mechanistic_composite,secondary,dMRI_composite_wm,free_water_like,cingulate gyrus part of cingulum (right),composite,A,G,32568,-0.006592944795395715,0.010369064304130694,-0.6358283256830901,0.5248928688178109,nonrobust,-0.01318588959079143,ok,0.5248928688178109,0.2799293275064111,300,174.0,False,False,False
tract_geometry_like__tbss__anterior_corona_radiata_left,,,secondary_composite,secondary_composite,mechanistic_composite,secondary,dMRI_composite_tbss,tract_geometry_like,anterior corona radiata (left),composite,A,G,32568,-0.006291480836318563,0.009914414475254376,-0.6345791626950458,0.5257074571447263,nonrobust,-0.012582961672637127,ok,0.5257074571447263,0.2792558624835044,300,175.0,False,False,False
tract_geometry_like__tbss__splenium_of_corpus_callosum,,,secondary_composite,secondary_composite,mechanistic_composite,secondary,dMRI_composite_tbss,tract_geometry_like,splenium of corpus callosum,composite,A,G,32568,0.006184975505663199,0.009750329303235187,0.6343350376495496,0.5258667283563943,nonrobust,0.012369951011326399,ok,0.5258667283563943,0.27912430617518863,300,176.0,False,False,False
demyelination_like__tbss__superior_corona_radiata_left,,,secondary_composite,secondary_composite,mechanistic_composite,secondary,dMRI_composite_tbss,demyelination_like,superior corona radiata (left),composite,A,G,32568,0.006525185811929085,0.010321866149124037,0.6321711323957484,0.5272795735717808,nonrobust,0.01305037162385817,ok,0.5272795735717808,0.27795905259587905,300,177.0,False,False,False
tract_geometry_like__wm__superior_thalamic_radiation_right,,,secondary_composite,secondary_composite,mechanistic_composite,secondary,dMRI_composite_wm,tract_geometry_like,superior thalamic radiation (right),composite,A,G,32568,-0.005770377347107222,0.009156240185321395,-0.6302125359662214,0.5285600373011373,nonrobust,-0.011540754694214443,ok,0.5285600373011373,0.27690567555103723,300,178.0,False,False,False
free_water_like__wm__cingulate_gyrus_part_of_cingulum_left,,,secondary_composite,secondary_composite,mechanistic_composite,secondary,dMRI_composite_wm,free_water_like,cingulate gyrus part of cingulum (left),composite,A,G,32568,-0.006498236891751356,0.010410433002921621,-0.624204285251888,0.532497881582598,nonrobust,-0.012996473783502712,ok,0.532497881582598,0.2736821156240943,300,179.0,False,False,False
free_water_like__wm__medial_lemniscus_right,,,secondary_composite,secondary_composite,mechanistic_composite,secondary,dMRI_composite_wm,free_water_like,medial lemniscus (right),composite,A,G,32568,-0.009048368207630041,0.014563954471915531,-0.6212851204031503,0.5344164663592197,nonrobust,-0.018096736415260082,ok,0.5344164663592197,0.2721201689105545,300,180.0,False,False,False
axonal_loss_like__wm__posterior_thalamic_radiation_left,,,secondary_composite,secondary_composite,mechanistic_composite,secondary,dMRI_composite_wm,axonal_loss_like,posterior thalamic radiation (left),composite,A,G,32568,0.00415980740314362,0.006790898172198454,0.6125562919163817,0.5401741177391304,nonrobust,0.00831961480628724,ok,0.5401741177391304,0.2674662287238428,300,181.0,False,False,False
demyelination_like__tbss__cingulum_cingulate_gyrus_right,,,secondary_composite,secondary_composite,mechanistic_composite,secondary,dMRI_composite_tbss,demyelination_like,cingulum cingulate gyrus (right),composite,A,G,32568,-0.006544373715852384,0.01071872715042297,-0.6105551176003335,0.541498478580592,nonrobust,-0.013088747431704769,ok,0.541498478580592,0.26640275925100027,300,182.0,False,False,False
axonal_loss_like__tbss__cingulum_hippocampus_right,,,secondary_composite,secondary_composite,mechanistic_composite,secondary,dMRI_composite_tbss,axonal_loss_like,cingulum hippocampus (right),composite,A,G,32568,-0.005239480633678872,0.008604104953256185,-0.6089512694398287,0.5425610612285547,nonrobust,-0.010478961267357744,ok,0.5425610612285547,0.2655513781018658,300,183.0,False,False,False
free_water_like__wm__parahippocampal_part_of_cingulum_left,,,secondary_composite,secondary_composite,mechanistic_composite,secondary,dMRI_composite_wm,free_water_like,parahippocampal part of cingulum (left),composite,A,G,32568,0.009435641205084036,0.015506747106982533,0.6084861731468659,0.5428693914452185,nonrobust,0.018871282410168073,ok,0.5428693914452185,0.2653046444397082,300,184.0,False,False,False
axonal_loss_like__wm__inferior_fronto_occipital_fasciculus_lef,,,secondary_composite,secondary_composite,mechanistic_composite,secondary,dMRI_composite_wm,axonal_loss_like,inferior fronto-occipital fasciculus (left),composite,A,G,32568,-0.004241154683078547,0.007057946892478823,-0.6009048732851843,0.5479076020647156,nonrobust,-0.008482309366157095,ok,0.5479076020647156,0.2612926738090336,300,185.0,False,False,False
free_water_like__tbss__external_capsule_left,,,secondary_composite,secondary_composite,mechanistic_composite,secondary,dMRI_composite_tbss,free_water_like,external capsule (left),composite,A,G,32568,0.0077818837583593405,0.012963523742264282,0.6002907784238078,0.5483167131609185,nonrobust,0.015563767516718681,ok,0.5483167131609185,0.2609685162486743,300,186.0,False,False,False
axonal_loss_like__wm__superior_longitudinal_fasciculus_left,,,secondary_composite,secondary_composite,mechanistic_composite,secondary,dMRI_composite_wm,axonal_loss_like,superior longitudinal fasciculus (left),composite,A,G,32568,-0.0038808378791481903,0.006495608199017477,-0.5974556593076541,0.5502074288162985,nonrobust,-0.0077616757582963805,ok,0.5502074288162985,0.259473550129278,300,187.0,False,False,False
free_water_like__tbss__superior_corona_radiata_right,,,secondary_composite,secondary_composite,mechanistic_composite,secondary,dMRI_composite_tbss,free_water_like,superior corona radiata (right),composite,A,G,32568,0.0057685283558371134,0.009663500917179432,0.5969398052813372,0.5505517922239549,nonrobust,0.011537056711674227,ok,0.5505517922239549,0.25920181925528674,300,188.0,False,False,False
free_water_like__tbss__middle_cerebellar_peduncle,,,secondary_composite,secondary_composite,mechanistic_composite,secondary,dMRI_composite_tbss,free_water_like,middle cerebellar peduncle,composite,A,G,32568,0.008128062846978052,0.013888766685520734,0.5852256741739128,0.5584001091968529,nonrobust,0.016256125693956104,ok,0.5584001091968529,0.25305450545726993,300,189.0,False,False,False
demyelination_like__tbss__fornix,,,secondary_composite,secondary_composite,mechanistic_composite,secondary,dMRI_composite_tbss,demyelination_like,fornix,composite,A,G,32568,-0.005547591119128453,0.009567908098997659,-0.5798123332423754,0.5620452605351791,nonrobust,-0.011095182238256906,ok,0.5620452605351791,0.2502287100373321,300,190.0,False,False,False
free_water_like__tbss__sagittal_stratum_right,,,secondary_composite,secondary_composite,mechanistic_composite,secondary,dMRI_composite_tbss,free_water_like,sagittal stratum (right),composite,A,G,32568,-0.006345956986061432,0.011360733070384125,-0.5585869280393949,0.5764475706676336,nonrobust,-0.012691913972122864,ok,0.5764475706676336,0.23924018673040728,300,191.0,False,False,False
tract_geometry_like__tbss__genu_of_corpus_callosum,,,secondary_composite,secondary_composite,mechanistic_composite,secondary,dMRI_composite_tbss,tract_geometry_like,genu of corpus callosum,composite,A,G,32568,0.004511348419940908,0.008093831171525814,0.5573810874400099,0.5772709819473228,nonrobust,0.009022696839881815,ok,0.5772709819473228,0.23862027291344926,300,192.0,False,False,False
demyelination_like__tbss__posterior_thalamic_radiation_left,,,secondary_composite,secondary_composite,mechanistic_composite,secondary,dMRI_composite_tbss,demyelination_like,posterior thalamic radiation (left),composite,A,G,32568,-0.005857767282348086,0.01065442804773034,-0.5497965030226035,0.5824627934079802,nonrobust,-0.011715534564696171,ok,0.5824627934079802,0.23473181130397633,300,193.0,False,False,False
tract_geometry_like__wm__anterior_thalamic_radiation_left,,,secondary_composite,secondary_composite,mechanistic_composite,secondary,dMRI_composite_wm,tract_geometry_like,anterior thalamic radiation (left),composite,A,G,32568,0.004994591034005584,0.00914540124971697,0.5461314268917568,0.5849794048061628,nonrobust,0.009989182068011169,ok,0.5849794048061628,0.23285942372377919,300,194.0,False,False,False
free_water_like__tbss__tapetum_right,,,secondary_composite,secondary_composite,mechanistic_composite,secondary,dMRI_composite_tbss,free_water_like,tapetum (right),composite,A,G,32568,0.007189408640498451,0.01319250360088403,0.5449616583782239,0.5857836848174334,nonrobust,0.014378817280996901,ok,0.5857836848174334,0.2322627284079753,300,195.0,False,False,False
axonal_loss_like__wm__superior_longitudinal_fasciculus_right,,,secondary_composite,secondary_composite,mechanistic_composite,secondary,dMRI_composite_wm,axonal_loss_like,superior longitudinal fasciculus (right),composite,A,G,32568,-0.003500733369684787,0.006467645422144681,-0.5412685979504328,0.5883262283878387,nonrobust,-0.007001466739369574,ok,0.5883262283878387,0.2303817897390297,300,196.0,False,False,False
tract_geometry_like__tbss__superior_cerebellar_peduncle_left,,,secondary_composite,secondary_composite,mechanistic_composite,secondary,dMRI_composite_tbss,tract_geometry_like,superior cerebellar peduncle (left),composite,A,G,32568,-0.005364676661587602,0.009920395198883275,-0.5407724746884576,0.5886681801648739,nonrobust,-0.010729353323175204,ok,0.5886681801648739,0.23012943888172288,300,197.0,False,False,False
axonal_loss_like__wm__middle_cerebellar_peduncle,,,secondary_composite,secondary_composite,mechanistic_composite,secondary,dMRI_composite_wm,axonal_loss_like,middle cerebellar peduncle,composite,A,G,32568,-0.004842688815468418,0.009224390365594547,-0.5249874109329596,0.5995955784728344,nonrobust,-0.009685377630936836,ok,0.5995955784728344,0.2221415783786776,300,198.0,False,False,False
tract_geometry_like__wm__forceps_major,,,secondary_composite,secondary_composite,mechanistic_composite,secondary,dMRI_composite_wm,tract_geometry_like,forceps major,composite,A,G,32568,0.005239966114483854,0.010008114644308695,0.5235717515949581,0.6005800580939391,nonrobust,0.010479932228967708,ok,0.6005800580939391,0.22142909238936095,300,199.0,False,False,False
demyelination_like__tbss__cingulum_cingulate_gyrus_left,,,secondary_composite,secondary_composite,mechanistic_composite,secondary,dMRI_composite_tbss,demyelination_like,cingulum cingulate gyrus (left),composite,A,G,32568,-0.005731841857438357,0.011050197667185794,-0.5187094412310285,0.6039669626742685,nonrobust,-0.011463683714876714,ok,0.6039669626742685,0.2189868168766739,300,200.0,False,False,False
tract_geometry_like__wm__anterior_thalamic_radiation_right,,,secondary_composite,secondary_composite,mechanistic_composite,secondary,dMRI_composite_wm,tract_geometry_like,anterior thalamic radiation (right),composite,A,G,32568,0.004644184356252271,0.00897979303292946,0.5171816699139677,0.6050329200675378,nonrobust,0.009288368712504541,ok,0.6050329200675378,0.21822099457940575,300,201.0,False,False,False
tract_geometry_like__tbss__superior_cerebellar_peduncle_right,,,secondary_composite,secondary_composite,mechanistic_composite,secondary,dMRI_composite_tbss,tract_geometry_like,superior cerebellar peduncle (right),composite,A,G,32568,0.005040726727463099,0.009784819332286244,0.5151578742829299,0.6064462608641539,nonrobust,0.010081453454926198,ok,0.6064462608641539,0.21720767731048982,300,202.0,False,False,False
free_water_like__wm__forceps_major,,,secondary_composite,secondary_composite,mechanistic_composite,secondary,dMRI_composite_wm,free_water_like,forceps major,composite,A,G,32568,0.007673917457438765,0.01507423580606872,0.5090750573471413,0.6107031234358162,nonrobust,0.01534783491487753,ok,0.6107031234358162,0.2141698588031017,300,203.0,False,False,False
axonal_loss_like__tbss__superior_corona_radiata_right,,,secondary_composite,secondary_composite,mechanistic_composite,secondary,dMRI_composite_tbss,axonal_loss_like,superior corona radiata (right),composite,A,G,32568,-0.0033769145580585923,0.006691398670305048,-0.5046649773005747,0.613797637757944,nonrobust,-0.006753829116117185,ok,0.613797637757944,0.21197478731290256,300,204.0,False,False,False
axonal_loss_like__wm__corticospinal_tract_right,,,secondary_composite,secondary_composite,mechanistic_composite,secondary,dMRI_composite_wm,axonal_loss_like,corticospinal tract (right),composite,A,G,32568,-0.004134534840202299,0.008194836856186927,-0.5045292435664308,0.6138929905270496,nonrobust,-0.008269069680404598,ok,0.6138929905270496,0.2119073253960549,300,205.0,False,False,False
tract_geometry_like__tbss__retrolenticular_part_of_internal_capsule,,,secondary_composite,secondary_composite,mechanistic_composite,secondary,dMRI_composite_tbss,tract_geometry_like,retrolenticular part of internal capsule (right),composite,A,G,32568,0.0052168438627993,0.010629821447297325,0.49077436424162174,0.623589407944761,nonrobust,0.0104336877255986,ok,0.623589407944761,0.20510127018333965,300,206.0,False,False,False
tract_geometry_like__tbss__retrolenticular_part_of_internal_capsule,,,secondary_composite,secondary_composite,mechanistic_composite,secondary,dMRI_composite_tbss,tract_geometry_like,retrolenticular part of internal capsule (left),composite,A,G,32568,0.0052168438627993,0.010629821447297325,0.49077436424162174,0.623589407944761,nonrobust,0.0104336877255986,ok,0.623589407944761,0.20510127018333965,300,206.0,False,False,False
free_water_like__tbss__posterior_corona_radiata_left,,,secondary_composite,secondary_composite,mechanistic_composite,secondary,dMRI_composite_tbss,free_water_like,posterior corona radiata (left),composite,A,G,32568,0.004996955041043214,0.01026679563688638,0.48671028603026184,0.6264669873384694,nonrobust,0.009993910082086428,ok,0.6264669873384694,0.20310180989647145,300,208.0,False,False,False
axonal_loss_like__tbss__superior_corona_radiata_left,,,secondary_composite,secondary_composite,mechanistic_composite,secondary,dMRI_composite_tbss,axonal_loss_like,superior corona radiata (left),composite,A,G,32568,-0.0032146944072134827,0.006619197731326447,-0.4856622415129571,0.6272099831050315,nonrobust,-0.006429388814426965,ok,0.6272099831050315,0.20258703773923817,300,209.0,False,False,False
tract_geometry_like__wm__posterior_thalamic_radiation_right,,,secondary_composite,secondary_composite,mechanistic_composite,secondary,dMRI_composite_wm,tract_geometry_like,posterior thalamic radiation (right),composite,A,G,32568,-0.004324020445810652,0.008953323198289424,-0.48295145277864837,0.62913351003928,nonrobust,-0.008648040891621304,ok,0.62913351003928,0.20125718202599235,300,210.0,False,False,False
axonal_loss_like__tbss__fornix_cres_stria_terminalis_right,,,secondary_composite,secondary_composite,mechanistic_composite,secondary,dMRI_composite_tbss,axonal_loss_like,fornix cres+stria terminalis (right),composite,A,G,32568,-0.003379451879138795,0.006999956988075957,-0.4827818063590257,0.6292539719867198,nonrobust,-0.00675890375827759,ok,0.6292539719867198,0.2011740344105567,300,211.0,False,False,False
demyelination_like__wm__uncinate_fasciculus_left,,,secondary_composite,secondary_composite,mechanistic_composite,secondary,dMRI_composite_wm,demyelination_like,uncinate fasciculus (left),composite,A,G,32568,-0.005630353060691465,0.011950287712859959,-0.47114790839993936,0.6375383259244911,nonrobust,-0.01126070612138293,ok,0.6375383259244911,0.19549370228662355,300,212.0,False,False,False
free_water_like__tbss__retrolenticular_part_of_internal_capsule,,,secondary_composite,secondary_composite,mechanistic_composite,secondary,dMRI_composite_tbss,free_water_like,retrolenticular part of internal capsule (left),composite,A,G,32568,-0.0059051754208555365,0.012556616610701782,-0.4702839629444973,0.6381553577636041,nonrobust,-0.011810350841711073,ok,0.6381553577636041,0.19507358020369828,300,213.0,False,False,False
free_water_like__tbss__retrolenticular_part_of_internal_capsule,,,secondary_composite,secondary_composite,mechanistic_composite,secondary,dMRI_composite_tbss,free_water_like,retrolenticular part of internal capsule (right),composite,A,G,32568,-0.0059051754208555365,0.012556616610701782,-0.4702839629444973,0.6381553577636041,nonrobust,-0.011810350841711073,ok,0.6381553577636041,0.19507358020369828,300,213.0,False,False,False
free_water_like__wm__acoustic_radiation_left,,,secondary_composite,secondary_composite,mechanistic_composite,secondary,dMRI_composite_wm,free_water_like,acoustic radiation (left),composite,A,G,32568,0.006655898513346405,0.014342644916673307,0.46406353584121235,0.6426053816058337,nonrobust,0.01331179702669281,ok,0.6426053816058337,0.19205564169777387,300,215.0,False,False,False
demyelination_like__wm__inferior_longitudinal_fasciculus_left,,,secondary_composite,secondary_composite,mechanistic_composite,secondary,dMRI_composite_wm,demyelination_like,inferior longitudinal fasciculus (left),composite,A,G,32568,-0.00508534320559325,0.011150291617055831,-0.45607266430723226,0.6483408205578733,nonrobust,-0.0101706864111865,ok,0.6483408205578733,0.1881966336725474,300,216.0,False,False,False
tract_geometry_like__wm__inferior_fronto_occipital_fasciculus_lef,,,secondary_composite,secondary_composite,mechanistic_composite,secondary,dMRI_composite_wm,tract_geometry_like,inferior fronto-occipital fasciculus (left),composite,A,G,32568,-0.00429991310894084,0.009463763508434258,-0.4543555114314393,0.6495760484977622,nonrobust,-0.00859982621788168,ok,0.6495760484977622,0.18736999700122048,300,217.0,False,False,False
tract_geometry_like__wm__parahippocampal_part_of_cingulum_left,,,secondary_composite,secondary_composite,mechanistic_composite,secondary,dMRI_composite_wm,tract_geometry_like,parahippocampal part of cingulum (left),composite,A,G,32568,0.004883210402947541,0.01092905854645123,0.44680979447522184,0.6550154217596599,nonrobust,0.009766420805895081,ok,0.6550154217596599,0.18374847480779474,300,218.0,False,False,False
axonal_loss_like__tbss__sagittal_stratum_left,,,secondary_composite,secondary_composite,mechanistic_composite,secondary,dMRI_composite_tbss,axonal_loss_like,sagittal stratum (left),composite,A,G,32568,-0.00350038171118005,0.00784809438229518,-0.44601677052670224,0.655588148680395,nonrobust,-0.0070007634223601,ok,0.655588148680395,0.18336890593928903,300,219.0,False,False,False
axonal_loss_like__wm__inferior_longitudinal_fasciculus_right,,,secondary_composite,secondary_composite,mechanistic_composite,secondary,dMRI_composite_wm,axonal_loss_like,inferior longitudinal fasciculus (right),composite,A,G,32568,-0.0031255201653922595,0.007054068081845354,-0.4430805216405877,0.6577104879196667,nonrobust,-0.006251040330784519,ok,0.6577104879196667,0.18196523278066826,300,220.0,False,False,False
demyelination_like__tbss__pontine_crossing_tract,,,secondary_composite,secondary_composite,mechanistic_composite,secondary,dMRI_composite_tbss,demyelination_like,pontine crossing tract,composite,A,G,32568,0.005400490032509366,0.012315934028203567,0.43849618065038426,0.6610295975714962,nonrobust,0.010800980065018732,ok,0.6610295975714962,0.17977909456246235,300,221.0,False,False,False
free_water_like__tbss__anterior_corona_radiata_right,,,secondary_composite,secondary_composite,mechanistic_composite,secondary,dMRI_composite_tbss,free_water_like,anterior corona radiata (right),composite,A,G,32568,-0.0044194656440554375,0.010205000656243822,-0.43306862908935084,0.664967830504058,nonrobust,-0.008838931288110875,ok,0.664967830504058,0.17719936427961686,300,222.0,False,False,False
tract_geometry_like__wm__forceps_minor,,,secondary_composite,secondary_composite,mechanistic_composite,secondary,dMRI_composite_wm,tract_geometry_like,forceps minor,composite,A,G,32568,-0.003925391861206856,0.009223741718306174,-0.42557478093908574,0.6704205811593544,nonrobust,-0.007850783722413712,ok,0.6704205811593544,0.17365266181999386,300,223.0,False,False,False
demyelination_like__tbss__posterior_corona_radiata_right,,,secondary_composite,secondary_composite,mechanistic_composite,secondary,dMRI_composite_tbss,demyelination_like,posterior corona radiata (right),composite,A,G,32568,-0.004367378222212381,0.010356581158030235,-0.4217007674222709,0.6732462761375757,nonrobust,-0.008734756444424762,ok,0.6732462761375757,0.17182604008113805,300,224.0,False,False,False
axonal_loss_like__tbss__genu_of_corpus_callosum,,,secondary_composite,secondary_composite,mechanistic_composite,secondary,dMRI_composite_tbss,axonal_loss_like,genu of corpus callosum,composite,A,G,32568,-0.002955093469065917,0.007101183048760706,-0.4161410076003657,0.6773096142426679,nonrobust,-0.005910186938131834,ok,0.6773096142426679,0.16921275964699217,300,225.0,False,False,False
demyelination_like__tbss__anterior_corona_radiata_right,,,secondary_composite,secondary_composite,mechanistic_composite,secondary,dMRI_composite_tbss,demyelination_like,anterior corona radiata (right),composite,A,G,32568,-0.004175721822919202,0.010043754578095964,-0.41575307226501457,0.6775934884072066,nonrobust,-0.008351443645838404,ok,0.6775934884072066,0.1690307761755884,300,226.0,False,False,False
demyelination_like__tbss__superior_longitudinal_fasciculus_right,,,secondary_composite,secondary_composite,mechanistic_composite,secondary,dMRI_composite_tbss,demyelination_like,superior longitudinal fasciculus (right),composite,A,G,32568,0.004720258924223144,0.011557007376200367,0.40843263057387075,0.6829588134673775,nonrobust,0.009440517848446288,ok,0.6829588134673775,0.1656054861035118,300,227.0,False,False,False
axonal_loss_like__wm__cingulate_gyrus_part_of_cingulum_left,,,secondary_composite,secondary_composite,mechanistic_composite,secondary,dMRI_composite_wm,axonal_loss_like,cingulate gyrus part of cingulum (left),composite,A,G,32568,-0.004004830602518608,0.009819415953354903,-0.4078481471344858,0.68338789098609,nonrobust,-0.008009661205037216,ok,0.68338789098609,0.16533272077359404,300,228.0,False,False,False
axonal_loss_like__wm__forceps_minor,,,secondary_composite,secondary_composite,mechanistic_composite,secondary,dMRI_composite_wm,axonal_loss_like,forceps minor,composite,A,G,32568,-0.00295804819193026,0.007307036265130612,-0.4048218846327821,0.6856111462124567,nonrobust,-0.00591609638386052,ok,0.6856111462124567,0.1639221305550813,300,229.0,False,False,False
free_water_like__tbss__tapetum_left,,,secondary_composite,secondary_composite,mechanistic_composite,secondary,dMRI_composite_tbss,free_water_like,tapetum (left),composite,A,G,32568,-0.005650350054837442,0.014064340670571055,-0.4017500846421136,0.6878706429074666,nonrobust,-0.011300700109674884,ok,0.6878706429074666,0.16249322506901145,300,230.0,False,False,False
demyelination_like__tbss__medial_lemniscus_left,,,secondary_composite,secondary_composite,mechanistic_composite,secondary,dMRI_composite_tbss,demyelination_like,medial lemniscus (left),composite,A,G,32568,-0.0047552352026015545,0.01203047836197014,-0.39526567934600615,0.6926494594117956,nonrobust,-0.009510470405203109,ok,0.6926494594117956,0.15948650039455278,300,231.0,False,False,False
tract_geometry_like__tbss__anterior_limb_of_internal_capsule_right,,,secondary_composite,secondary_composite,mechanistic_composite,secondary,dMRI_composite_tbss,tract_geometry_like,anterior limb of internal capsule (right),composite,A,G,32568,0.0034859065073945166,0.00898548449267243,0.3879486420834889,0.6980566202315674,nonrobust,0.006971813014789033,ok,0.6980566202315674,0.1561093497882283,300,232.0,False,False,False
demyelination_like__wm__acoustic_radiation_right,,,secondary_composite,secondary_composite,mechanistic_composite,secondary,dMRI_composite_wm,demyelination_like,acoustic radiation (right),composite,A,G,32568,-0.004679809671173414,0.012087808903044851,-0.3871511957799561,0.6986468522293314,nonrobust,-0.009359619342346828,ok,0.6986468522293314,0.15574229332995393,300,233.0,False,False,False
demyelination_like__tbss__superior_longitudinal_fasciculus_left,,,secondary_composite,secondary_composite,mechanistic_composite,secondary,dMRI_composite_tbss,demyelination_like,superior longitudinal fasciculus (left),composite,A,G,32568,0.0044101176216392,0.011572625574864711,0.38108185503018455,0.7031450401554633,nonrobust,0.0088202352432784,ok,0.7031450401554633,0.1529550823171197,300,234.0,False,False,False
axonal_loss_like__wm__inferior_fronto_occipital_fasciculus_rig,,,secondary_composite,secondary_composite,mechanistic_composite,secondary,dMRI_composite_wm,axonal_loss_like,inferior fronto-occipital fasciculus (right),composite,A,G,32568,-0.0026708600218980946,0.007033698582676141,-0.3797234115883739,0.704153258853971,nonrobust,-0.005341720043796189,ok,0.704153258853971,0.15233280643924166,300,235.0,False,False,False
demyelination_like__tbss__corticospinal_tract_right,,,secondary_composite,secondary_composite,mechanistic_composite,secondary,dMRI_composite_tbss,demyelination_like,corticospinal tract (right),composite,A,G,32568,-0.004761302671946433,0.01267389269279336,-0.37567800101809357,0.7071587840214228,nonrobust,-0.009522605343892866,ok,0.7071587840214228,0.15048305963764372,300,236.0,False,False,False
tract_geometry_like__wm__superior_thalamic_radiation_left,,,secondary_composite,secondary_composite,mechanistic_composite,secondary,dMRI_composite_wm,tract_geometry_like,superior thalamic radiation (left),composite,A,G,32568,0.0034819725760075974,0.009319320300493974,0.3736294561978983,0.7086824901918768,nonrobust,0.006963945152015195,ok,0.7086824901918768,0.14954829745859,300,237.0,False,False,False
free_water_like__tbss__posterior_corona_radiata_right,,,secondary_composite,secondary_composite,mechanistic_composite,secondary,dMRI_composite_tbss,free_water_like,posterior corona radiata (right),composite,A,G,32568,-0.003757315596492991,0.01006164781157869,-0.37342944881942375,0.708831318141836,nonrobust,-0.007514631192985982,ok,0.708831318141836,0.1494571023573109,300,238.0,False,False,False
free_water_like__wm__parahippocampal_part_of_cingulum_right,,,secondary_composite,secondary_composite,mechanistic_composite,secondary,dMRI_composite_wm,free_water_like,parahippocampal part of cingulum (right),composite,A,G,32568,-0.005727621078605914,0.015480819959095723,-0.36998176412746553,0.7113985257492262,nonrobust,-0.011455242157211828,ok,0.7113985257492262,0.1478870391497316,300,239.0,False,False,False
free_water_like__tbss__external_capsule_right,,,secondary_composite,secondary_composite,mechanistic_composite,secondary,dMRI_composite_tbss,free_water_like,external capsule (right),composite,A,G,32568,0.004564270784595552,0.01318620314418187,0.34613988080484254,0.7292398682322243,nonrobust,0.009128541569191104,ok,0.7292398682322243,0.13712959607856962,300,240.0,False,False,False
free_water_like__wm__corticospinal_tract_left,,,secondary_composite,secondary_composite,mechanistic_composite,secondary,dMRI_composite_wm,free_water_like,corticospinal tract (left),composite,A,G,32568,-0.0044055319620497,0.012833290527863167,-0.3432893498736409,0.7313830466699192,nonrobust,-0.0088110639240994,ok,0.7313830466699192,0.13585511075082762,300,241.0,False,False,False
tract_geometry_like__tbss__fornix,,,secondary_composite,secondary_composite,mechanistic_composite,secondary,dMRI_composite_tbss,tract_geometry_like,fornix,composite,A,G,32568,0.002683248337918392,0.007822126549355194,0.34303310244189056,0.7315758099287656,nonrobust,0.005366496675836784,ok,0.7315758099287656,0.13574066321221426,300,242.0,False,False,False
axonal_loss_like__tbss__posterior_corona_radiata_right,,,secondary_composite,secondary_composite,mechanistic_composite,secondary,dMRI_composite_tbss,axonal_loss_like,posterior corona radiata (right),composite,A,G,32568,-0.002069613536166575,0.006064400784832084,-0.34127255265565043,0.7329006488212922,nonrobust,-0.00413922707233315,ok,0.7329006488212922,0.13495489383510081,300,243.0,False,False,False
demyelination_like__tbss__superior_fronto_occipital_fasciculus_rig,,,secondary_composite,secondary_composite,mechanistic_composite,secondary,dMRI_composite_tbss,demyelination_like,superior fronto-occipital fasciculus (right),composite,A,G,32568,-0.0031846000621470337,0.00934024456081105,-0.34095467644484273,0.733139940185198,nonrobust,-0.0063692001242940674,ok,0.733139940185198,0.13481312024354603,300,244.0,False,False,False
axonal_loss_like__tbss__medial_lemniscus_right,,,secondary_composite,secondary_composite,mechanistic_composite,secondary,dMRI_composite_tbss,axonal_loss_like,medial lemniscus (right),composite,A,G,32568,-0.002475767191576994,0.007312624751573965,-0.3385606776888301,0.7349429301433209,nonrobust,-0.004951534383153988,ok,0.7349429301433209,0.13374638348195775,300,245.0,False,False,False
axonal_loss_like__wm__anterior_thalamic_radiation_left,,,secondary_composite,secondary_composite,mechanistic_composite,secondary,dMRI_composite_wm,axonal_loss_like,anterior thalamic radiation (left),composite,A,G,32568,-0.0021256295839383963,0.006523846606230136,-0.32582458053328,0.744559210009109,nonrobust,-0.004251259167876793,ok,0.744559210009109,0.12810075988931385,300,246.0,False,False,False
tract_geometry_like__tbss__sagittal_stratum_right,,,secondary_composite,secondary_composite,mechanistic_composite,secondary,dMRI_composite_tbss,tract_geometry_like,sagittal stratum (right),composite,A,G,32568,0.0033910399369029903,0.01050846233714548,0.3226961117723464,0.7469275048057262,nonrobust,0.006782079873805981,ok,0.7469275048057262,0.1267215478374606,300,247.0,False,False,False
free_water_like__tbss__cingulum_cingulate_gyrus_right,,,secondary_composite,secondary_composite,mechanistic_composite,secondary,dMRI_composite_tbss,free_water_like,cingulum cingulate gyrus (right),composite,A,G,32568,-0.003339859371029958,0.010651083259649275,-0.31356992426138774,0.7538497484116977,nonrobust,-0.006679718742059916,ok,0.7538497484116977,0.12271520577236614,300,248.0,False,False,False
tract_geometry_like__wm__inferior_longitudinal_fasciculus_right,,,secondary_composite,secondary_composite,mechanistic_composite,secondary,dMRI_composite_wm,tract_geometry_like,inferior longitudinal fasciculus (right),composite,A,G,32568,-0.0027295716207304337,0.008941337251451228,-0.3052755470427434,0.7601582832196324,nonrobust,-0.005459143241460867,ok,0.7601582832196324,0.11909596775664492,300,249.0,False,False,False
demyelination_like__tbss__anterior_limb_of_internal_capsule_right,,,secondary_composite,secondary_composite,mechanistic_composite,secondary,dMRI_composite_tbss,demyelination_like,anterior limb of internal capsule (right),composite,A,G,32568,0.0034995041224907524,0.011912271901014425,0.29377302260811744,0.7689332554867961,nonrobust,0.006999008244981505,ok,0.7689332554867961,0.11411135594862383,300,250.0,False,False,False
free_water_like__tbss__anterior_corona_radiata_left,,,secondary_composite,secondary_composite,mechanistic_composite,secondary,dMRI_composite_tbss,free_water_like,anterior corona radiata (left),composite,A,G,32568,-0.0029669026496357965,0.0101844533458241,-0.29131682859073693,0.770810905618848,nonrobust,-0.005933805299271593,ok,0.770810905618848,0.11305214946990266,300,251.0,False,False,False
free_water_like__wm__posterior_thalamic_radiation_right,,,secondary_composite,secondary_composite,mechanistic_composite,secondary,dMRI_composite_wm,free_water_like,posterior thalamic radiation (right),composite,A,G,32568,0.0033857890505586763,0.012048638804221832,0.2810100879920393,0.7787044786835717,nonrobust,0.006771578101117353,ok,0.7787044786835717,0.1086273274716085,300,252.0,False,False,False
demyelination_like__tbss__anterior_corona_radiata_left,,,secondary_composite,secondary_composite,mechanistic_composite,secondary,dMRI_composite_tbss,demyelination_like,anterior corona radiata (left),composite,A,G,32568,-0.0027284692702716122,0.009909490062521517,-0.2753390187645377,0.7830575670995711,nonrobust,-0.0054569385405432245,ok,0.7830575670995711,0.10620630926431271,300,253.0,False,False,False
tract_geometry_like__wm__inferior_fronto_occipital_fasciculus_rig,,,secondary_composite,secondary_composite,mechanistic_composite,secondary,dMRI_composite_wm,tract_geometry_like,inferior fronto-occipital fasciculus (right),composite,A,G,32568,-0.002534701484502762,0.00930433447984286,-0.27242157835082154,0.7852996399855849,nonrobust,-0.005069402969005524,ok,0.7852996399855849,0.10496460164650545,300,254.0,False,False,False
axonal_loss_like__wm__superior_thalamic_radiation_left,,,secondary_composite,secondary_composite,mechanistic_composite,secondary,dMRI_composite_wm,axonal_loss_like,superior thalamic radiation (left),composite,A,G,32568,-0.0017478606671746898,0.006503014062303145,-0.2687770086961272,0.7881030191313064,nonrobust,-0.0034957213343493796,ok,0.7881030191313064,0.10341700875926536,300,255.0,False,False,False
axonal_loss_like__wm__uncinate_fasciculus_left,,,secondary_composite,secondary_composite,mechanistic_composite,secondary,dMRI_composite_wm,axonal_loss_like,uncinate fasciculus (left),composite,A,G,32568,0.0018921815078264586,0.007501272357641156,0.25224807440820246,0.8008509407487596,nonrobust,0.003784363015652917,ok,0.8008509407487596,0.09644830992626106,300,256.0,False,False,False
demyelination_like__tbss__superior_corona_radiata_right,,,secondary_composite,secondary_composite,mechanistic_composite,secondary,dMRI_composite_tbss,demyelination_like,superior corona radiata (right),composite,A,G,32568,0.002512100947718275,0.010220945799885028,0.24577969562724156,0.8058543513895589,nonrobust,0.00502420189543655,ok,0.8058543513895589,0.0937434446759355,300,257.0,False,False,False
demyelination_like__wm__posterior_thalamic_radiation_right,,,secondary_composite,secondary_composite,mechanistic_composite,secondary,dMRI_composite_wm,demyelination_like,posterior thalamic radiation (right),composite,A,G,32568,0.0025024226618370737,0.010792096575153601,0.23187548817885345,0.8166362055920717,nonrobust,0.005004845323674147,ok,0.8166362055920717,0.0879713695265582,300,258.0,False,False,False
free_water_like__wm__inferior_longitudinal_fasciculus_left,,,secondary_composite,secondary_composite,mechanistic_composite,secondary,dMRI_composite_wm,free_water_like,inferior longitudinal fasciculus (left),composite,A,G,32568,-0.002758840394751985,0.01194862144573533,-0.23089194073820649,0.8174002276394268,nonrobust,-0.00551768078950397,ok,0.8174002276394268,0.08756524567686827,300,259.0,False,False,False
axonal_loss_like__wm__anterior_thalamic_radiation_right,,,secondary_composite,secondary_composite,mechanistic_composite,secondary,dMRI_composite_wm,axonal_loss_like,anterior thalamic radiation (right),composite,A,G,32568,-0.0015199378121557327,0.00675953634619878,-0.22485829416546724,0.8220909502280263,nonrobust,-0.0030398756243114654,ok,0.8220909502280263,0.08508013258509997,300,260.0,False,False,False
tract_geometry_like__tbss__cingulum_hippocampus_left,,,secondary_composite,secondary_composite,mechanistic_composite,secondary,dMRI_composite_tbss,tract_geometry_like,cingulum hippocampus (left),composite,A,G,32568,0.002447401625615655,0.010968782761933794,0.22312426809191166,0.8234402149880417,nonrobust,0.00489480325123131,ok,0.8234402149880417,0.08436792684435024,300,261.0,False,False,False
free_water_like__wm__medial_lemniscus_left,,,secondary_composite,secondary_composite,mechanistic_composite,secondary,dMRI_composite_wm,free_water_like,medial lemniscus (left),composite,A,G,32568,-0.003354308478421452,0.015103536413790395,-0.22208762150292008,0.8242470907331694,nonrobust,-0.006708616956842904,ok,0.8242470907331694,0.0839425770701727,300,262.0,False,False,False
tract_geometry_like__tbss__posterior_thalamic_radiation_left,,,secondary_composite,secondary_composite,mechanistic_composite,secondary,dMRI_composite_tbss,tract_geometry_like,posterior thalamic radiation (left),composite,A,G,32568,0.0019314800649312773,0.008866404234456601,0.2178425451690059,0.8275531828671399,nonrobust,0.0038629601298625547,ok,0.8275531828671399,0.08220408663557018,300,263.0,False,False,False
free_water_like__tbss__posterior_thalamic_radiation_left,,,secondary_composite,secondary_composite,mechanistic_composite,secondary,dMRI_composite_tbss,free_water_like,posterior thalamic radiation (left),composite,A,G,32568,-0.0023356835727302286,0.010742007600500808,-0.2174345485122665,0.8278710952501348,nonrobust,-0.004671367145460457,ok,0.8278710952501348,0.0820372803404278,300,264.0,False,False,False
demyelination_like__wm__medial_lemniscus_right,,,secondary_composite,secondary_composite,mechanistic_composite,secondary,dMRI_composite_wm,demyelination_like,medial lemniscus (right),composite,A,G,32568,0.0023678241340208002,0.01091120173409055,0.21700855613574252,0.8282030600568423,nonrobust,0.0047356482680416005,ok,0.8282030600568423,0.0818631691930397,300,265.0,False,False,False
demyelination_like__wm__parahippocampal_part_of_cingulum_left,,,secondary_composite,secondary_composite,mechanistic_composite,secondary,dMRI_composite_wm,demyelination_like,parahippocampal part of cingulum (left),composite,A,G,32568,-0.002735510186197075,0.012963218207693361,-0.21102091643984014,0.8328722932166286,nonrobust,-0.00547102037239415,ok,0.8328722932166286,0.07942158515168307,300,266.0,False,False,False
demyelination_like__tbss__sagittal_stratum_left,,,secondary_composite,secondary_composite,mechanistic_composite,secondary,dMRI_composite_tbss,demyelination_like,sagittal stratum (left),composite,A,G,32568,-0.00239211650559232,0.011410012565204065,-0.20965064603761352,0.8339416823802133,nonrobust,-0.00478423301118464,ok,0.8339416823802133,0.0788643185541209,300,267.0,False,False,False
free_water_like__wm__acoustic_radiation_right,,,secondary_composite,secondary_composite,mechanistic_composite,secondary,dMRI_composite_wm,free_water_like,acoustic radiation (right),composite,A,G,32568,0.00304935125879681,0.014564479100320767,0.2093690572654707,0.8341614785742296,nonrobust,0.00609870251759362,ok,0.8341614785742296,0.07874986966751553,300,268.0,False,False,False
free_water_like__tbss__cingulum_cingulate_gyrus_left,,,secondary_composite,secondary_composite,mechanistic_composite,secondary,dMRI_composite_tbss,free_water_like,cingulum cingulate gyrus (left),composite,A,G,32568,-0.0021723983573166566,0.011019389682417752,-0.1971432556544287,0.8437166861940261,nonrobust,-0.004344796714633313,ok,0.8437166861940261,0.07380336176119537,300,269.0,False,False,False
demyelination_like__tbss__external_capsule_right,,,secondary_composite,secondary_composite,mechanistic_composite,secondary,dMRI_composite_tbss,demyelination_like,external capsule (right),composite,A,G,32568,-0.0023516004768081075,0.012062398046959587,-0.1949529826203045,0.8454309930489045,nonrobust,-0.004703200953616215,ok,0.8454309930489045,0.07292183521128984,300,270.0,False,False,False
axonal_loss_like__wm__posterior_thalamic_radiation_right,,,secondary_composite,secondary_composite,mechanistic_composite,secondary,dMRI_composite_wm,axonal_loss_like,posterior thalamic radiation (right),composite,A,G,32568,-0.0011841617690545015,0.006961482772588669,-0.17010194634356093,0.8649310378924169,nonrobust,-0.002368323538109003,ok,0.8649310378924169,0.0630185180342879,300,271.0,False,False,False
axonal_loss_like__wm__medial_lemniscus_left,,,secondary_composite,secondary_composite,mechanistic_composite,secondary,dMRI_composite_wm,axonal_loss_like,medial lemniscus (left),composite,A,G,32568,0.0013092839656957743,0.007958112612101553,0.1645219198965347,0.8693213311201623,nonrobust,0.0026185679313915486,ok,0.8693213311201623,0.060819663669289335,300,272.0,False,False,False
demyelination_like__tbss__superior_fronto_occipital_fasciculus_lef,,,secondary_composite,secondary_composite,mechanistic_composite,secondary,dMRI_composite_tbss,demyelination_like,superior fronto-occipital fasciculus (left),composite,A,G,32568,0.001416093046899786,0.009080682081424195,0.1559456695215222,0.8760768299813708,nonrobust,0.002832186093799572,ok,0.8760768299813708,0.057457805505648996,300,273.0,False,False,False
demyelination_like__wm__acoustic_radiation_left,,,secondary_composite,secondary_composite,mechanistic_composite,secondary,dMRI_composite_wm,demyelination_like,acoustic radiation (left),composite,A,G,32568,0.0018181738048613284,0.011699285375825805,0.15540896272333138,0.8764998987264376,nonrobust,0.0036363476097226568,ok,0.8764998987264376,0.057248129749937364,300,274.0,False,False,False
axonal_loss_like__tbss__posterior_thalamic_radiation_right,,,secondary_composite,secondary_composite,mechanistic_composite,secondary,dMRI_composite_tbss,axonal_loss_like,posterior thalamic radiation (right),composite,A,G,32568,0.0009835048056817258,0.006771223031966406,0.14524773457301254,0.8845161933060232,nonrobust,0.0019670096113634516,ok,0.8845161933060232,0.05329421182257476,300,275.0,False,False,False
axonal_loss_like__tbss__anterior_corona_radiata_right,,,secondary_composite,secondary_composite,mechanistic_composite,secondary,dMRI_composite_tbss,axonal_loss_like,anterior corona radiata (right),composite,A,G,32568,-0.0009219682419817211,0.006378394969246717,-0.14454549246745765,0.8850706458404172,nonrobust,-0.0018439364839634423,ok,0.8850706458404172,0.0530220627777045,300,276.0,False,False,False
free_water_like__tbss__fornix,,,secondary_composite,secondary_composite,mechanistic_composite,secondary,dMRI_composite_tbss,free_water_like,fornix,composite,A,G,32568,0.0014500752417281183,0.010350956372102031,0.14009094325200433,0.888589017710963,nonrobust,0.0029001504834562366,ok,0.888589017710963,0.05129905861371791,300,277.0,False,False,False
demyelination_like__tbss__anterior_limb_of_internal_capsule_left,,,secondary_composite,secondary_composite,mechanistic_composite,secondary,dMRI_composite_tbss,demyelination_like,anterior limb of internal capsule (left),composite,A,G,32568,-0.0015190066051939707,0.01192375956458057,-0.12739326023531766,0.8986299505727829,nonrobust,-0.0030380132103879414,ok,0.8986299505727829,0.04641911083566557,300,278.0,False,False,False
demyelination_like__wm__anterior_thalamic_radiation_right,,,secondary_composite,secondary_composite,mechanistic_composite,secondary,dMRI_composite_wm,demyelination_like,anterior thalamic radiation (right),composite,A,G,32568,-0.0012250172411323477,0.009858780259693677,-0.12425647076653784,0.9011129916617316,nonrobust,-0.0024500344822646954,ok,0.9011129916617316,0.04522074888943308,300,279.0,False,False,False
tract_geometry_like__tbss__pontine_crossing_tract,,,secondary_composite,secondary_composite,mechanistic_composite,secondary,dMRI_composite_tbss,tract_geometry_like,pontine crossing tract,composite,A,G,32568,-0.0012981564396770968,0.010537372963751488,-0.12319545337749253,0.9019530993000665,nonrobust,-0.0025963128793541936,ok,0.9019530993000665,0.04481604476930683,300,280.0,False,False,False
tract_geometry_like__wm__inferior_longitudinal_fasciculus_left,,,secondary_composite,secondary_composite,mechanistic_composite,secondary,dMRI_composite_wm,tract_geometry_like,inferior longitudinal fasciculus (left),composite,A,G,32568,0.0010947175723049402,0.009257181594382104,0.118256033020816,0.9058655354816982,nonrobust,0.0021894351446098805,ok,0.9058655354816982,0.04293626317557785,300,281.0,False,False,False
tract_geometry_like__wm__parahippocampal_part_of_cingulum_right,,,secondary_composite,secondary_composite,mechanistic_composite,secondary,dMRI_composite_wm,tract_geometry_like,parahippocampal part of cingulum (right),composite,A,G,32568,-0.0012632221818636071,0.010824075802640899,-0.11670485359640602,0.9070946761202364,nonrobust,-0.0025264443637272142,ok,0.9070946761202364,0.04234738199090273,300,282.0,False,False,False
axonal_loss_like__tbss__anterior_corona_radiata_left,,,secondary_composite,secondary_composite,mechanistic_composite,secondary,dMRI_composite_tbss,axonal_loss_like,anterior corona radiata (left),composite,A,G,32568,-0.0006398941936839925,0.006072335385645638,-0.10537859868488737,0.9160760575806814,nonrobust,-0.001279788387367985,ok,0.9160760575806814,0.038068467362349576,300,283.0,False,False,False
tract_geometry_like__tbss__superior_corona_radiata_left,,,secondary_composite,secondary_composite,mechanistic_composite,secondary,dMRI_composite_tbss,tract_geometry_like,superior corona radiata (left),composite,A,G,32568,0.001018095656119898,0.00996939493929004,0.102122110952543,0.9186603904486585,nonrobust,0.002036191312239796,ok,0.9186603904486585,0.036845008540851196,300,284.0,False,False,False
free_water_like__wm__anterior_thalamic_radiation_right,,,secondary_composite,secondary_composite,mechanistic_composite,secondary,dMRI_composite_wm,free_water_like,anterior thalamic radiation (right),composite,A,G,32568,-0.0010899715558461381,0.010716151392231393,-0.10171296727258876,0.9189851462327941,nonrobust,-0.0021799431116922762,ok,0.9189851462327941,0.036691508158248315,300,285.0,False,False,False
demyelination_like__wm__medial_lemniscus_left,,,secondary_composite,secondary_composite,mechanistic_composite,secondary,dMRI_composite_wm,demyelination_like,medial lemniscus (left),composite,A,G,32568,-0.0011142561692636327,0.011343612036544973,-0.09822763381486484,0.921752155011552,nonrobust,-0.0022285123385272654,ok,0.921752155011552,0.03538583836135611,300,286.0,False,False,False
free_water_like__wm__corticospinal_tract_right,,,secondary_composite,secondary_composite,mechanistic_composite,secondary,dMRI_composite_wm,free_water_like,corticospinal tract (right),composite,A,G,32568,0.0012125365976989634,0.012601717183916368,0.0962199500276462,0.9233464888674849,nonrobust,0.002425073195397927,ok,0.9233464888674849,0.03463529792757432,300,287.0,False,False,False
free_water_like__wm__inferior_fronto_occipital_fasciculus_rig,,,secondary_composite,secondary_composite,mechanistic_composite,secondary,dMRI_composite_wm,free_water_like,inferior fronto-occipital fasciculus (right),composite,A,G,32568,0.0010747381178240587,0.011738367633898352,0.09155771495181349,0.927050021793554,nonrobust,0.0021494762356481173,ok,0.927050021793554,0.032896831548267065,300,288.0,False,False,False
demyelination_like__wm__forceps_major,,,secondary_composite,secondary_composite,mechanistic_composite,secondary,dMRI_composite_wm,demyelination_like,forceps major,composite,A,G,32568,0.000970012692981193,0.013405335285552355,0.07236019631874686,0.9423157125604447,nonrobust,0.001940025385962386,ok,0.9423157125604447,0.025803567216327865,300,289.0,False,False,False
free_water_like__tbss__corticospinal_tract_right,,,secondary_composite,secondary_composite,mechanistic_composite,secondary,dMRI_composite_tbss,free_water_like,corticospinal tract (right),composite,A,G,32568,-0.001120669455999995,0.015745808130373747,-0.07117255886271202,0.9432608655173182,nonrobust,-0.00224133891199999,ok,0.9432608655173182,0.02536818341608865,300,290.0,False,False,False
free_water_like__tbss__posterior_limb_of_internal_capsule_left,,,secondary_composite,secondary_composite,mechanistic_composite,secondary,dMRI_composite_tbss,free_water_like,posterior limb of internal capsule (left),composite,A,G,32568,-0.0007465171517686085,0.011068440443310906,-0.06744555889260426,0.9462274222347428,nonrobust,-0.001493034303537217,ok,0.9462274222347428,0.024004469992104843,300,291.0,False,False,False
free_water_like__tbss__sagittal_stratum_left,,,secondary_composite,secondary_composite,mechanistic_composite,secondary,dMRI_composite_tbss,free_water_like,sagittal stratum (left),composite,A,G,32568,-0.0007043653926699269,0.01128674770853685,-0.06240640890175766,0.9502395809974855,nonrobust,-0.0014087307853398539,ok,0.9502395809974855,0.022166883566590623,300,292.0,False,False,False
demyelination_like__wm__anterior_thalamic_radiation_left,,,secondary_composite,secondary_composite,mechanistic_composite,secondary,dMRI_composite_wm,demyelination_like,anterior thalamic radiation (left),composite,A,G,32568,-0.0006138908448067868,0.009969628504378951,-0.061576100306761486,0.9509007944580953,nonrobust,-0.0012277816896135735,ok,0.9509007944580953,0.02186478975743373,300,293.0,False,False,False
demyelination_like__tbss__external_capsule_left,,,secondary_composite,secondary_composite,mechanistic_composite,secondary,dMRI_composite_tbss,demyelination_like,external capsule (left),composite,A,G,32568,0.0006852717125355075,0.01207573653150647,0.05674781912867874,0.9547464354091098,nonrobust,0.001370543425071015,ok,0.9547464354091098,0.020111954410568927,300,294.0,False,False,False
demyelination_like__wm__corticospinal_tract_right,,,secondary_composite,secondary_composite,mechanistic_composite,secondary,dMRI_composite_wm,demyelination_like,corticospinal tract (right),composite,A,G,32568,-0.0005108004497505819,0.010616575025709918,-0.048113487496069876,0.9616260973625741,nonrobust,-0.0010216008995011638,ok,0.9616260973625741,0.016993758957431698,300,295.0,False,False,False
demyelination_like__tbss__posterior_corona_radiata_left,,,secondary_composite,secondary_composite,mechanistic_composite,secondary,dMRI_composite_tbss,demyelination_like,posterior corona radiata (left),composite,A,G,32568,-0.0003208710327585714,0.010420358592400172,-0.030792705444186025,0.9754350498570129,nonrobust,-0.0006417420655171428,ok,0.9754350498570129,0.010801643161094769,300,296.0,False,False,False
free_water_like__wm__anterior_thalamic_radiation_left,,,secondary_composite,secondary_composite,mechanistic_composite,secondary,dMRI_composite_wm,free_water_like,anterior thalamic radiation (left),composite,A,G,32568,0.0002488408495165259,0.010762449682233636,0.02312120909864096,0.981553731916125,nonrobust,0.0004976816990330517,ok,0.981553731916125,0.008085921396678188,300,297.0,False,False,False
demyelination_like__tbss__middle_cerebellar_peduncle,,,secondary_composite,secondary_composite,mechanistic_composite,secondary,dMRI_composite_tbss,demyelination_like,middle cerebellar peduncle,composite,A,G,32568,-0.0002657628373434447,0.01200416544175177,-0.022139218143319914,0.9823370405787514,nonrobust,-0.0005315256746868894,ok,0.9823370405787514,0.007739479881080986,300,298.0,False,False,False
free_water_like__tbss__medial_lemniscus_left,,,secondary_composite,secondary_composite,mechanistic_composite,secondary,dMRI_composite_tbss,free_water_like,medial lemniscus (left),composite,A,G,32568,0.00011164960308429443,0.014879166467890654,0.007503753877963195,0.9940129735802037,nonrobust,0.00022329920616858887,ok,0.9940129735802037,0.0026079472751979367,300,299.0,False,False,False
demyelination_like__wm__inferior_fronto_occipital_fasciculus_rig,,,secondary_composite,secondary_composite,mechanistic_composite,secondary,dMRI_composite_wm,demyelination_like,inferior fronto-occipital fasciculus (right),composite,A,G,32568,1.0222961430539183e-05,0.010819659226276226,0.0009448505924948243,0.9992461243001778,nonrobust,2.0445922861078367e-05,ok,0.9992461243001778,0.0003275275295142897,300,300.0,False,False,False
