column_name,field_id,family,panel,modality,metric,region,source,effect_allele,other_allele,n,beta_per_A,se,t,p,vcov_type,aa_vs_gg_additive_2beta,status,bonferroni,fdr_bh,family_bonferroni,family_fdr_bh
WMH_volume,25781.0,controls,secondary,T2_FLAIR,WMH_volume,,basket,A,G,36144,-0.001035851036939662,0.006352452927244839,-0.16306315824821505,0.8704696193977328,nonrobust,-0.002071702073879324,ok,1.0,0.98714470736397,0.8704696193977328,0.8704696193977328
dMRI_TBSS_L3_superior_cerebellar_peduncle_left,25309.0,exploratory,primary,dMRI_TBSS,L3,superior cerebellar peduncle (left),basket,A,G,36329,0.027176953457482465,0.007101299509175856,3.8270394626175253,0.000129911070740519,nonrobust,0.05435390691496493,ok,0.08743015060836928,0.08743015060836928,0.08743015060836928,0.08743015060836928
dMRI_TBSS_RD_superior_cerebellar_peduncle_left,,exploratory,primary,dMRI_TBSS,RD,superior cerebellar peduncle (left),derived,A,G,36327,0.02448329219867882,0.0070868757296138,3.45473705660887,0.0005514587823023928,nonrobust,0.04896658439735764,ok,0.37113176048951035,0.18556588024475518,0.37113176048951035,0.18556588024475518
dMRI_TBSS_MD_superior_cerebellar_peduncle_left,25117.0,exploratory,primary,dMRI_TBSS,MD,superior cerebellar peduncle (left),basket,A,G,36338,0.022629008912426203,0.0071066266738799835,3.1842124190367116,0.0014527096342108832,nonrobust,0.045258017824852406,ok,0.9776735838239244,0.2499261676747371,0.9776735838239244,0.2499261676747371
dMRI_TBSS_ISOVF_superior_cerebellar_peduncle_left,25453.0,exploratory,primary,dMRI_TBSS,ISOVF,superior cerebellar peduncle (left),basket,A,G,36338,0.022807984302518517,0.007177389524454497,3.177754840364748,0.001485445275927115,nonrobust,0.045615968605037034,ok,0.9997046706989484,0.2499261676747371,0.9997046706989484,0.2499261676747371
dMRI_TBSS_L2_superior_cerebellar_peduncle_left,25261.0,exploratory,primary,dMRI_TBSS,L2,superior cerebellar peduncle (left),basket,A,G,36325,0.021471304201496774,0.0070857679567798235,3.030201430877022,0.0024456270589435624,nonrobust,0.04294260840299355,ok,1.0,0.3081241077354683,1.0,0.3081241077354683
dMRI_TBSS_MD_superior_cerebellar_peduncle_right,25116.0,exploratory,primary,dMRI_TBSS,MD,superior cerebellar peduncle (right),basket,A,G,36335,0.021406626943616672,0.0071880892262644585,2.978069173849331,0.002902620948336463,nonrobust,0.042813253887233345,ok,1.0,0.3081241077354683,1.0,0.3081241077354683
dMRI_TBSS_L3_superior_cerebellar_peduncle_right,25308.0,exploratory,primary,dMRI_TBSS,L3,superior cerebellar peduncle (right),basket,A,G,36334,0.020880407646010908,0.007182057657381601,2.9073015898933043,0.0036478214475017486,nonrobust,0.041760815292021816,ok,1.0,0.3081241077354683,1.0,0.3081241077354683
dMRI_TBSS_L1_tapetum_right,25246.0,exploratory,primary,dMRI_TBSS,L1,tapetum (right),basket,A,G,36345,0.020160082006061453,0.006937331484628331,2.906028355532954,0.00366269370265044,nonrobust,0.040320164012122905,ok,1.0,0.3081241077354683,1.0,0.3081241077354683
dMRI_weighted_mean_ISOVF_inferior_longitudinal_fasciculus_right,25719.0,exploratory,primary,dMRI_weighted_mean,ISOVF,inferior longitudinal fasciculus (right),basket,A,G,36334,0.01884272205782082,0.006898425614849338,2.7314525240745597,0.006308628342985376,nonrobust,0.03768544411564164,ok,1.0,0.4319659568933782,1.0,0.4319659568933782
dMRI_TBSS_ISOVF_superior_cerebellar_peduncle_right,25452.0,exploratory,primary,dMRI_TBSS,ISOVF,superior cerebellar peduncle (right),basket,A,G,36342,0.019590612234460635,0.007192802275617225,2.723641146215094,0.006459748165772734,nonrobust,0.03918122446892127,ok,1.0,0.4319659568933782,1.0,0.4319659568933782
dMRI_weighted_mean_OD_posterior_thalamic_radiation_left,25696.0,exploratory,primary,dMRI_weighted_mean,OD,posterior thalamic radiation (left),basket,A,G,36326,0.018936912773436912,0.007028935132746172,2.694136795375198,0.0070603648229229715,nonrobust,0.037873825546873824,ok,1.0,0.4319659568933782,1.0,0.4319659568933782
dMRI_TBSS_RD_superior_cerebellar_peduncle_right,,exploratory,primary,dMRI_TBSS,RD,superior cerebellar peduncle (right),derived,A,G,36330,0.018242332461736677,0.0071623511160766335,2.546975450671482,0.010870197629079084,nonrobust,0.03648466492347335,ok,1.0,0.6096369170308519,1.0,0.6096369170308519
dMRI_TBSS_L1_superior_fronto_occipital_fasciculus_lef,25243.0,exploratory,primary,dMRI_TBSS,L1,superior fronto-occipital fasciculus (left),basket,A,G,36305,0.01640749261982485,0.00664954974126344,2.467459190207872,0.013612155085842126,nonrobust,0.0328149852396497,ok,1.0,0.6297560438974174,1.0,0.6297560438974174
dMRI_TBSS_L1_posterior_limb_of_internal_capsule_left,25219.0,exploratory,primary,dMRI_TBSS,L1,posterior limb of internal capsule (left),basket,A,G,36339,0.01745525903447622,0.007114921759765904,2.453331129118493,0.014158664179347242,nonrobust,0.03491051806895244,ok,1.0,0.6297560438974174,1.0,0.6297560438974174
dMRI_TBSS_OD_superior_fronto_occipital_fasciculus_lef,25435.0,exploratory,primary,dMRI_TBSS,OD,superior fronto-occipital fasciculus (left),basket,A,G,36327,-0.017929088816227894,0.0073382210821990295,-2.443247295958426,0.01456049065740274,nonrobust,-0.03585817763245579,ok,1.0,0.6297560438974174,1.0,0.6297560438974174
dMRI_TBSS_L1_superior_fronto_occipital_fasciculus_rig,25242.0,exploratory,primary,dMRI_TBSS,L1,superior fronto-occipital fasciculus (right),basket,A,G,36305,0.01631832892672905,0.0067066022297782475,2.4331738140475068,0.01497191189057753,nonrobust,0.0326366578534581,ok,1.0,0.6297560438974174,1.0,0.6297560438974174
dMRI_TBSS_FA_cerebral_peduncle_left,25071.0,exploratory,primary,dMRI_TBSS,FA,cerebral peduncle (left),basket,A,G,36337,0.016554654710317345,0.00699183933550077,2.367710972170339,0.01790372252356391,nonrobust,0.03310930942063469,ok,1.0,0.6553756011981393,1.0,0.6553756011981393
dMRI_TBSS_L2_cerebral_peduncle_left,25263.0,exploratory,primary,dMRI_TBSS,L2,cerebral peduncle (left),basket,A,G,36334,-0.01687487921988706,0.007166384301468441,-2.3547270855163713,0.018541607868568805,nonrobust,-0.03374975843977412,ok,1.0,0.6553756011981393,1.0,0.6553756011981393
dMRI_TBSS_FA_corticospinal_tract_left,25063.0,exploratory,primary,dMRI_TBSS,FA,corticospinal tract (left),basket,A,G,36346,0.016769686274194156,0.007152895460539571,2.344461255823967,0.01905994807305667,nonrobust,0.03353937254838831,ok,1.0,0.6553756011981393,1.0,0.6553756011981393
dMRI_TBSS_FA_superior_cerebellar_peduncle_left,25069.0,exploratory,primary,dMRI_TBSS,FA,superior cerebellar peduncle (left),basket,A,G,36313,-0.01635940447126891,0.007011077346147827,-2.3333652823353086,0.019634415794094407,nonrobust,-0.03271880894253782,ok,1.0,0.6553756011981393,1.0,0.6553756011981393
dMRI_weighted_mean_OD_middle_cerebellar_peduncle,25693.0,exploratory,primary,dMRI_weighted_mean,OD,middle cerebellar peduncle,basket,A,G,36305,-0.01659894241283484,0.0071606169700544784,-2.3180882991299776,0.02045005590662842,nonrobust,-0.03319788482566968,ok,1.0,0.6553756011981393,1.0,0.6553756011981393
dMRI_TBSS_L1_anterior_limb_of_internal_capsule_left,25217.0,exploratory,primary,dMRI_TBSS,L1,anterior limb of internal capsule (left),basket,A,G,36330,0.015343196448345245,0.00667724968986152,2.2978317662198204,0.021577025173262994,nonrobust,0.03068639289669049,ok,1.0,0.6575796321470372,1.0,0.6575796321470372
dMRI_weighted_mean_ISOVF_posterior_thalamic_radiation_right,25724.0,exploratory,primary,dMRI_weighted_mean,ISOVF,posterior thalamic radiation (right),basket,A,G,36320,0.015531858095581096,0.006852345204912752,2.2666485168385293,0.023417565604578965,nonrobust,0.031063716191162192,ok,1.0,0.6575796321470372,1.0,0.6575796321470372
dMRI_weighted_mean_L1_middle_cerebellar_peduncle,25585.0,exploratory,primary,dMRI_weighted_mean,L1,middle cerebellar peduncle,basket,A,G,36311,0.016131556619824575,0.007118589757830017,2.266116909192701,0.02345009089380222,nonrobust,0.03226311323964915,ok,1.0,0.6575796321470372,1.0,0.6575796321470372
dMRI_TBSS_OD_posterior_limb_of_internal_capsule_right,25410.0,exploratory,primary,dMRI_TBSS,OD,posterior limb of internal capsule (right),basket,A,G,36332,-0.01616344748422442,0.007223499629708224,-2.23762003361206,0.025251886035164258,nonrobust,-0.03232689496844884,ok,1.0,0.6797807720666218,1.0,0.6797807720666218
dMRI_weighted_mean_L1_superior_thalamic_radiation_left,25592.0,exploratory,primary,dMRI_weighted_mean,L1,superior thalamic radiation (left),basket,A,G,36336,0.014186177388748356,0.006451110671367211,2.1990286807065145,0.027882166479970882,nonrobust,0.028372354777496712,ok,1.0,0.7217191554238617,1.0,0.7217191554238617
dMRI_TBSS_L1_superior_cerebellar_peduncle_right,25212.0,exploratory,primary,dMRI_TBSS,L1,superior cerebellar peduncle (right),basket,A,G,36340,0.015634904975504516,0.00719370814725785,2.173413857700683,0.02975562397248502,nonrobust,0.03126980995100903,ok,1.0,0.7238363071173041,1.0,0.7238363071173041
dMRI_TBSS_L1_superior_longitudinal_fasciculus_right,25240.0,exploratory,primary,dMRI_TBSS,L1,superior longitudinal fasciculus (right),basket,A,G,36340,0.0147014616505188,0.006815310349499941,2.1571228449776303,0.031002634852352426,nonrobust,0.0294029233010376,ok,1.0,0.7238363071173041,1.0,0.7238363071173041
dMRI_TBSS_L2_superior_cerebellar_peduncle_right,25260.0,exploratory,primary,dMRI_TBSS,L2,superior cerebellar peduncle (right),basket,A,G,36330,0.015414602098221732,0.007154930978748023,2.154402627224085,0.03121516988091833,nonrobust,0.030829204196443465,ok,1.0,0.7238363071173041,1.0,0.7238363071173041
dMRI_weighted_mean_OD_corticospinal_tract_right,25686.0,exploratory,primary,dMRI_weighted_mean,OD,corticospinal tract (right),basket,A,G,36328,-0.014774228696465167,0.006900038133884903,-2.141180731148639,0.03226610581503584,nonrobust,-0.029548457392930334,ok,1.0,0.7238363071173041,1.0,0.7238363071173041
dMRI_weighted_mean_L1_corticospinal_tract_right,25578.0,exploratory,primary,dMRI_weighted_mean,L1,corticospinal tract (right),basket,A,G,36332,0.014871304972397116,0.007016436603844723,2.119495380924306,0.03405539208622396,nonrobust,0.029742609944794232,ok,1.0,0.7393315765815719,1.0,0.7393315765815719
dMRI_weighted_mean_ISOVF_inferior_longitudinal_fasciculus_left,25718.0,exploratory,primary,dMRI_weighted_mean,ISOVF,inferior longitudinal fasciculus (left),basket,A,G,36339,0.014914862313832109,0.007110042030493052,2.097717882660368,0.03593696921508443,nonrobust,0.029829724627664218,ok,1.0,0.7557993838047444,1.0,0.7557993838047444
dMRI_weighted_mean_L1_corticospinal_tract_left,25577.0,exploratory,primary,dMRI_weighted_mean,L1,corticospinal tract (left),basket,A,G,36331,0.014690448631760144,0.007065224494340361,2.079261408257871,0.037600333200661494,nonrobust,0.02938089726352029,ok,1.0,0.7668189164862177,1.0,0.7668189164862177
dMRI_TBSS_OD_superior_fronto_occipital_fasciculus_rig,25434.0,exploratory,primary,dMRI_TBSS,OD,superior fronto-occipital fasciculus (right),basket,A,G,36331,-0.014743893943074474,0.007296854772736325,-2.0205820729998583,0.04333037463819828,nonrobust,-0.029487787886148947,ok,1.0,0.839516304426423,1.0,0.839516304426423
dMRI_TBSS_L1_middle_cerebellar_peduncle,25200.0,exploratory,primary,dMRI_TBSS,L1,middle cerebellar peduncle,basket,A,G,36344,0.014483753932522683,0.007179371936177644,2.01741239502267,0.04365983752589124,nonrobust,0.028967507865045365,ok,1.0,0.839516304426423,1.0,0.839516304426423
dMRI_TBSS_OD_posterior_thalamic_radiation_right,25420.0,exploratory,primary,dMRI_TBSS,OD,posterior thalamic radiation (right),basket,A,G,36319,0.014266667693089726,0.0072332409621847765,1.9723755599565325,0.04857433017239289,nonrobust,0.028533335386179453,ok,1.0,0.9080701168339004,1.0,0.9080701168339004
dMRI_TBSS_ISOVF_sagittal_stratum_left,25471.0,exploratory,primary,dMRI_TBSS,ISOVF,sagittal stratum (left),basket,A,G,36338,0.014236360112203942,0.0072636748474426294,1.9599390681999254,0.050010550469514775,nonrobust,0.028472720224407885,ok,1.0,0.9096513639454986,1.0,0.9096513639454986
dMRI_TBSS_ISOVF_fornix,25445.0,exploratory,primary,dMRI_TBSS,ISOVF,fornix,basket,A,G,36349,0.011778808665547731,0.00609583776996655,1.9322706919105501,0.053333871400345866,nonrobust,0.023557617331095463,ok,1.0,0.9139939878099544,1.0,0.9139939878099544
dMRI_TBSS_L1_posterior_limb_of_internal_capsule_right,25218.0,exploratory,primary,dMRI_TBSS,L1,posterior limb of internal capsule (right),basket,A,G,36336,0.0135607106019031,0.007034317908222695,1.9277932528541886,0.05388863834839262,nonrobust,0.0271214212038062,ok,1.0,0.9139939878099544,1.0,0.9139939878099544
dMRI_weighted_mean_OD_acoustic_radiation_right,25678.0,exploratory,primary,dMRI_weighted_mean,OD,acoustic radiation (right),basket,A,G,36329,-0.013674070133463334,0.007154701724874801,-1.9112005865908568,0.05598667631089459,nonrobust,-0.027348140266926668,ok,1.0,0.9139939878099544,1.0,0.9139939878099544
dMRI_TBSS_L1_fornix,25205.0,exploratory,primary,dMRI_TBSS,L1,fornix,basket,A,G,36351,0.011769456481019012,0.006174958166658142,1.9059977676559041,0.056658381332446474,nonrobust,0.023538912962038024,ok,1.0,0.9139939878099544,1.0,0.9139939878099544
dMRI_TBSS_OD_posterior_limb_of_internal_capsule_left,25411.0,exploratory,primary,dMRI_TBSS,OD,posterior limb of internal capsule (left),basket,A,G,36332,-0.01370956244817494,0.007247834205383935,-1.8915391908373145,0.058560357434236106,nonrobust,-0.02741912489634988,ok,1.0,0.9139939878099544,1.0,0.9139939878099544
dMRI_TBSS_RD_cerebral_peduncle_left,,exploratory,primary,dMRI_TBSS,RD,cerebral peduncle (left),derived,A,G,36336,-0.01340607916459706,0.007139128629596837,-1.8778312956877108,0.06041225708222096,nonrobust,-0.02681215832919412,ok,1.0,0.9139939878099544,1.0,0.9139939878099544
dMRI_TBSS_OD_superior_longitudinal_fasciculus_right,25432.0,exploratory,primary,dMRI_TBSS,OD,superior longitudinal fasciculus (right),basket,A,G,36328,-0.013695587697893785,0.007307386363031691,-1.8742115193443465,0.060909303230657366,nonrobust,-0.02739117539578757,ok,1.0,0.9139939878099544,1.0,0.9139939878099544
dMRI_TBSS_MD_superior_fronto_occipital_fasciculus_lef,25147.0,exploratory,primary,dMRI_TBSS,MD,superior fronto-occipital fasciculus (left),basket,A,G,36296,0.012023473063220557,0.006420299076863153,1.8727278775142384,0.061114011071988036,nonrobust,0.024046946126441114,ok,1.0,0.9139939878099544,1.0,0.9139939878099544
dMRI_TBSS_ISOVF_posterior_thalamic_radiation_right,25468.0,exploratory,primary,dMRI_TBSS,ISOVF,posterior thalamic radiation (right),basket,A,G,36335,0.013012363364860583,0.007072512158943767,1.8398502642947585,0.06579838268899765,nonrobust,0.026024726729721167,ok,1.0,0.9150053648644352,1.0,0.9150053648644352
dMRI_TBSS_FA_posterior_thalamic_radiation_right,25084.0,exploratory,primary,dMRI_TBSS,FA,posterior thalamic radiation (right),basket,A,G,36340,-0.012632097141476489,0.006871932301006167,-1.838216179694747,0.06603872062172247,nonrobust,-0.025264194282952977,ok,1.0,0.9150053648644352,1.0,0.9150053648644352
dMRI_TBSS_L1_superior_cerebellar_peduncle_left,25213.0,exploratory,primary,dMRI_TBSS,L1,superior cerebellar peduncle (left),basket,A,G,36337,0.013072792834799505,0.007141229574571273,1.830608118432369,0.06716724859253352,nonrobust,0.02614558566959901,ok,1.0,0.9150053648644352,1.0,0.9150053648644352
dMRI_TBSS_OD_cerebral_peduncle_left,25407.0,exploratory,primary,dMRI_TBSS,OD,cerebral peduncle (left),basket,A,G,36326,-0.013180856346122125,0.007207272386128909,-1.82882727888708,0.06743368863243707,nonrobust,-0.02636171269224425,ok,1.0,0.9150053648644352,1.0,0.9150053648644352
dMRI_weighted_mean_FA_uncinate_fasciculus_right,25514.0,exploratory,primary,dMRI_weighted_mean,FA,uncinate fasciculus (right),basket,A,G,36338,0.012752759375761223,0.006993398649522239,1.8235424598070697,0.06822949014765435,nonrobust,0.025505518751522446,ok,1.0,0.9150053648644352,1.0,0.9150053648644352
dMRI_weighted_mean_MD_middle_cerebellar_peduncle,25531.0,exploratory,primary,dMRI_weighted_mean,MD,middle cerebellar peduncle,basket,A,G,36307,0.012874474661988008,0.007129954638519921,1.805688158580006,0.07097534976848134,nonrobust,0.025748949323976016,ok,1.0,0.9150053648644352,1.0,0.9150053648644352
dMRI_TBSS_ICVF_superior_fronto_occipital_fasciculus_lef,25387.0,exploratory,primary,dMRI_TBSS,ICVF,superior fronto-occipital fasciculus (left),basket,A,G,36340,-0.011690619672413239,0.0064837656682303745,-1.8030601768499726,0.07138705211385525,nonrobust,-0.023381239344826478,ok,1.0,0.9150053648644352,1.0,0.9150053648644352
dMRI_weighted_mean_FA_corticospinal_tract_left,25496.0,exploratory,primary,dMRI_weighted_mean,FA,corticospinal tract (left),basket,A,G,36330,0.012840982706132568,0.007138631969995677,1.798801613545059,0.07205837197297929,nonrobust,0.025681965412265136,ok,1.0,0.9150053648644352,1.0,0.9150053648644352
dMRI_TBSS_L1_uncinate_fasciculus_right,25244.0,exploratory,primary,dMRI_TBSS,L1,uncinate fasciculus (right),basket,A,G,36338,0.01291108884157444,0.0072403735636511115,1.7832075552554432,0.07456087470208941,nonrobust,0.02582217768314888,ok,1.0,0.9292494198982625,1.0,0.9292494198982625
dMRI_weighted_mean_MD_superior_thalamic_radiation_left,25538.0,exploratory,primary,dMRI_weighted_mean,MD,superior thalamic radiation (left),basket,A,G,36326,0.011743235622300363,0.006678310950694337,1.7584140224976244,0.07868551607139636,nonrobust,0.023486471244600727,ok,1.0,0.9396014789173027,1.0,0.9396014789173027
dMRI_TBSS_FA_corticospinal_tract_right,25062.0,exploratory,primary,dMRI_TBSS,FA,corticospinal tract (right),basket,A,G,36346,0.012241775190869502,0.006981102277933773,1.753559066103921,0.07951452608641921,nonrobust,0.024483550381739005,ok,1.0,0.9396014789173027,1.0,0.9396014789173027
dMRI_weighted_mean_ISOVF_inferior_fronto_occipital_fasciculus_lef,25716.0,exploratory,primary,dMRI_weighted_mean,ISOVF,inferior fronto-occipital fasciculus (left),basket,A,G,36335,0.01251503388919833,0.007157872641819414,1.7484292492269342,0.08039817903608411,nonrobust,0.02503006777839666,ok,1.0,0.9396014789173027,1.0,0.9396014789173027
dMRI_TBSS_MD_tapetum_right,25150.0,exploratory,primary,dMRI_TBSS,MD,tapetum (right),basket,A,G,36339,0.011903453823278096,0.006870550296479989,1.7325328117278511,0.08318723222305473,nonrobust,0.023806907646556193,ok,1.0,0.9396014789173027,1.0,0.9396014789173027
dMRI_TBSS_ISOVF_anterior_limb_of_internal_capsule_left,25457.0,exploratory,primary,dMRI_TBSS,ISOVF,anterior limb of internal capsule (left),basket,A,G,36321,0.012121020189007908,0.007007695435241739,1.7296728005688191,0.08369725409740932,nonrobust,0.024242040378015816,ok,1.0,0.9396014789173027,1.0,0.9396014789173027
dMRI_TBSS_L1_superior_longitudinal_fasciculus_left,25241.0,exploratory,primary,dMRI_TBSS,L1,superior longitudinal fasciculus (left),basket,A,G,36338,0.012084270833728955,0.007021736755284365,1.7209803293515193,0.08526291315233205,nonrobust,0.02416854166745791,ok,1.0,0.9396014789173027,1.0,0.9396014789173027
dMRI_TBSS_L2_posterior_thalamic_radiation_right,25276.0,exploratory,primary,dMRI_TBSS,L2,posterior thalamic radiation (right),basket,A,G,36325,0.01163757105398595,0.006872339585443705,1.6933928990696965,0.09038928718191577,nonrobust,0.0232751421079719,ok,1.0,0.9396014789173027,1.0,0.9396014789173027
dMRI_TBSS_OD_superior_cerebellar_peduncle_right,25404.0,exploratory,primary,dMRI_TBSS,OD,superior cerebellar peduncle (right),basket,A,G,36294,-0.011790520232744718,0.00696459027119046,-1.6929237433416682,0.09047857305467306,nonrobust,-0.023581040465489436,ok,1.0,0.9396014789173027,1.0,0.9396014789173027
dMRI_TBSS_OD_posterior_thalamic_radiation_left,25421.0,exploratory,primary,dMRI_TBSS,OD,posterior thalamic radiation (left),basket,A,G,36315,0.012159328804978723,0.007198505702590826,1.6891462349751893,0.09120000146410137,nonrobust,0.024318657609957446,ok,1.0,0.9396014789173027,1.0,0.9396014789173027
dMRI_TBSS_L1_inferior_cerebellar_peduncle_left,25211.0,exploratory,primary,dMRI_TBSS,L1,inferior cerebellar peduncle (left),basket,A,G,36317,0.012355723718647115,0.0073166222584333035,1.6887196416906216,0.09128176215373157,nonrobust,0.02471144743729423,ok,1.0,0.9396014789173027,1.0,0.9396014789173027
dMRI_weighted_mean_ISOVF_inferior_fronto_occipital_fasciculus_rig,25717.0,exploratory,primary,dMRI_weighted_mean,ISOVF,inferior fronto-occipital fasciculus (right),basket,A,G,36336,0.011848265357917331,0.0070179474294893435,1.6882807226698566,0.0913659426757858,nonrobust,0.023696530715834663,ok,1.0,0.9396014789173027,1.0,0.9396014789173027
dMRI_TBSS_ISOVF_tapetum_right,25486.0,exploratory,primary,dMRI_TBSS,ISOVF,tapetum (right),basket,A,G,36340,0.011933893496581314,0.007085653059254023,1.6842333934195917,0.09214516732324217,nonrobust,0.023867786993162627,ok,1.0,0.9396014789173027,1.0,0.9396014789173027
dMRI_weighted_mean_L1_superior_thalamic_radiation_right,25593.0,exploratory,primary,dMRI_weighted_mean,L1,superior thalamic radiation (right),basket,A,G,36331,0.01066465587007613,0.0064149757346240914,1.6624623866486166,0.09642873303428896,nonrobust,0.02132931174015226,ok,1.0,0.9686050348071116,1.0,0.9686050348071116
dMRI_TBSS_FA_uncinate_fasciculus_right,25100.0,exploratory,primary,dMRI_TBSS,FA,uncinate fasciculus (right),basket,A,G,36346,0.01203231778189571,0.007292320356101,1.6499985182122545,0.09895188762781351,nonrobust,0.02406463556379142,ok,1.0,0.9793326525517426,1.0,0.9793326525517426
dMRI_weighted_mean_OD_medial_lemniscus_right,25695.0,exploratory,primary,dMRI_weighted_mean,OD,medial lemniscus (right),basket,A,G,36319,-0.011879812630533587,0.007243783784471259,-1.6400009972689602,0.10101362744988487,nonrobust,-0.023759625261067174,ok,1.0,0.9840328853187115,1.0,0.9840328853187115
dMRI_TBSS_OD_superior_corona_radiata_right,25416.0,exploratory,primary,dMRI_TBSS,OD,superior corona radiata (right),basket,A,G,36333,-0.01164752785246425,0.00715563008115395,-1.6277431505494921,0.10358803782050215,nonrobust,-0.0232950557049285,ok,1.0,0.9840328853187115,1.0,0.9840328853187115
dMRI_TBSS_ISOVF_posterior_thalamic_radiation_left,25469.0,exploratory,primary,dMRI_TBSS,ISOVF,posterior thalamic radiation (left),basket,A,G,36330,0.011436582035146903,0.007033282293949264,1.626066117804741,0.103944271778287,nonrobust,0.022873164070293807,ok,1.0,0.9840328853187115,1.0,0.9840328853187115
dMRI_TBSS_OD_middle_cerebellar_peduncle,25392.0,exploratory,primary,dMRI_TBSS,OD,middle cerebellar peduncle,basket,A,G,36302,-0.01157867839680183,0.007156573851693679,-1.61790804325475,0.10569111220606683,nonrobust,-0.02315735679360366,ok,1.0,0.9840328853187115,1.0,0.9840328853187115
dMRI_weighted_mean_FA_middle_cerebellar_peduncle,25504.0,exploratory,primary,dMRI_weighted_mean,FA,middle cerebellar peduncle,basket,A,G,36307,0.011429246725255957,0.007146359759616153,1.5993102935906276,0.10976038243111856,nonrobust,0.022858493450511913,ok,1.0,0.9840328853187115,1.0,0.9840328853187115
dMRI_weighted_mean_L1_anterior_thalamic_radiation_left,25571.0,exploratory,primary,dMRI_weighted_mean,L1,anterior thalamic radiation (left),basket,A,G,36332,0.010004649909296018,0.0062634691356825995,1.597301701751852,0.11020717592268613,nonrobust,0.020009299818592036,ok,1.0,0.9840328853187115,1.0,0.9840328853187115
dMRI_weighted_mean_ISOVF_middle_cerebellar_peduncle,25720.0,exploratory,primary,dMRI_weighted_mean,ISOVF,middle cerebellar peduncle,basket,A,G,36341,0.011319018742094086,0.00710800147028472,1.5924333709571796,0.1112960679830778,nonrobust,0.022638037484188172,ok,1.0,0.9840328853187115,1.0,0.9840328853187115
dMRI_weighted_mean_ISOVF_anterior_thalamic_radiation_left,25706.0,exploratory,primary,dMRI_weighted_mean,ISOVF,anterior thalamic radiation (left),basket,A,G,36331,0.010912754804587078,0.0068937411912562445,1.582994560113222,0.11343141624647535,nonrobust,0.021825509609174155,ok,1.0,0.9840328853187115,1.0,0.9840328853187115
dMRI_TBSS_FA_inferior_cerebellar_peduncle_right,25066.0,exploratory,primary,dMRI_TBSS,FA,inferior cerebellar peduncle (right),basket,A,G,36304,0.011197878039340569,0.007151987938273376,1.565701471532955,0.11742724520150803,nonrobust,0.022395756078681137,ok,1.0,0.9840328853187115,1.0,0.9840328853187115
dMRI_TBSS_RD_posterior_thalamic_radiation_right,,exploratory,primary,dMRI_TBSS,RD,posterior thalamic radiation (right),derived,A,G,36324,0.010624525565098446,0.006814409241408687,1.55912643175832,0.11897517839204558,nonrobust,0.021249051130196893,ok,1.0,0.9840328853187115,1.0,0.9840328853187115
dMRI_weighted_mean_FA_acoustic_radiation_right,25489.0,exploratory,primary,dMRI_weighted_mean,FA,acoustic radiation (right),basket,A,G,36333,0.011203071546814741,0.0071873626443333,1.5587180028612482,0.11907185632840869,nonrobust,0.022406143093629483,ok,1.0,0.9840328853187115,1.0,0.9840328853187115
dMRI_TBSS_MD_fornix,25109.0,exploratory,primary,dMRI_TBSS,MD,fornix,basket,A,G,36351,0.009561213382358354,0.006141630106456476,1.5567875656182864,0.1195296436034702,nonrobust,0.019122426764716708,ok,1.0,0.9840328853187115,1.0,0.9840328853187115
dMRI_weighted_mean_L1_forceps_major,25579.0,exploratory,primary,dMRI_weighted_mean,L1,forceps major,basket,A,G,36337,0.011259571071837553,0.007235016938568828,1.5562604991032445,0.11965487696435716,nonrobust,0.022519142143675105,ok,1.0,0.9840328853187115,1.0,0.9840328853187115
dMRI_TBSS_ISOVF_fornix_cres_stria_terminalis_left,25479.0,exploratory,primary,dMRI_TBSS,ISOVF,fornix cres+stria terminalis (left),basket,A,G,36307,0.010256996085876094,0.006596987086258753,1.5548000855179762,0.12000241264199656,nonrobust,0.020513992171752187,ok,1.0,0.9840328853187115,1.0,0.9840328853187115
dMRI_weighted_mean_OD_superior_thalamic_radiation_left,25700.0,exploratory,primary,dMRI_weighted_mean,OD,superior thalamic radiation (left),basket,A,G,36336,-0.010197162309877324,0.006582508963918944,-1.5491300301711053,0.12135918199324378,nonrobust,-0.02039432461975465,ok,1.0,0.9840328853187115,1.0,0.9840328853187115
dMRI_TBSS_L3_inferior_cerebellar_peduncle_right,25306.0,exploratory,primary,dMRI_TBSS,L3,inferior cerebellar peduncle (right),basket,A,G,36295,-0.010854499722734345,0.007063301414745572,-1.5367459330100435,0.12436426279666796,nonrobust,-0.02170899944546869,ok,1.0,0.9963946293113992,1.0,0.9963946293113992
dMRI_TBSS_MD_superior_fronto_occipital_fasciculus_rig,25146.0,exploratory,primary,dMRI_TBSS,MD,superior fronto-occipital fasciculus (right),basket,A,G,36269,0.00975976251205832,0.006447658846245365,1.5136908984788604,0.13011297578316264,nonrobust,0.01951952502411664,ok,1.0,0.9982962480010784,1.0,0.9982962480010784
dMRI_weighted_mean_FA_parahippocampal_part_of_cingulum_left,25494.0,exploratory,primary,dMRI_weighted_mean,FA,parahippocampal part of cingulum (left),basket,A,G,36337,0.010876592774862508,0.0071934996564887495,1.512002960207484,0.13054181349888133,nonrobust,0.021753185549725017,ok,1.0,0.9982962480010784,1.0,0.9982962480010784
dMRI_weighted_mean_ICVF_parahippocampal_part_of_cingulum_left,25656.0,exploratory,primary,dMRI_weighted_mean,ICVF,parahippocampal part of cingulum (left),basket,A,G,36313,0.010812148114811947,0.007185196729456333,1.504781082818041,0.132389073867607,nonrobust,0.021624296229623894,ok,1.0,0.9982962480010784,1.0,0.9982962480010784
dMRI_TBSS_OD_medial_lemniscus_right,25400.0,exploratory,primary,dMRI_TBSS,OD,medial lemniscus (right),basket,A,G,36276,-0.010901039884914072,0.007278874582025369,-1.4976271073324119,0.13423886830046522,nonrobust,-0.021802079769828144,ok,1.0,0.9982962480010784,1.0,0.9982962480010784
dMRI_weighted_mean_L1_superior_longitudinal_fasciculus_right,25591.0,exploratory,primary,dMRI_weighted_mean,L1,superior longitudinal fasciculus (right),basket,A,G,36337,0.009978152525790632,0.006670476885783603,1.4958679411747133,0.13469676439881823,nonrobust,0.019956305051581264,ok,1.0,0.9982962480010784,1.0,0.9982962480010784
dMRI_TBSS_L1_superior_corona_radiata_right,25224.0,exploratory,primary,dMRI_TBSS,L1,superior corona radiata (right),basket,A,G,36317,0.010049035064680634,0.006725134266431839,1.4942504739035285,0.13511886034112777,nonrobust,0.020098070129361267,ok,1.0,0.9982962480010784,1.0,0.9982962480010784
dMRI_weighted_mean_L3_superior_longitudinal_fasciculus_right,25645.0,exploratory,primary,dMRI_weighted_mean,L3,superior longitudinal fasciculus (right),basket,A,G,36321,0.010424483089747466,0.0070210486597215216,1.4847473069871782,0.13761946091252694,nonrobust,0.020848966179494933,ok,1.0,0.9982962480010784,1.0,0.9982962480010784
dMRI_TBSS_OD_superior_longitudinal_fasciculus_left,25433.0,exploratory,primary,dMRI_TBSS,OD,superior longitudinal fasciculus (left),basket,A,G,36327,-0.010841564725113242,0.007344605657981906,-1.4761261843011193,0.13991869614044636,nonrobust,-0.021683129450226483,ok,1.0,0.9982962480010784,1.0,0.9982962480010784
dMRI_weighted_mean_ISOVF_uncinate_fasciculus_left,25729.0,exploratory,primary,dMRI_weighted_mean,ISOVF,uncinate fasciculus (left),basket,A,G,36319,0.010556190917022347,0.007205633488128969,1.4649913757636028,0.14293193448593852,nonrobust,0.021112381834044694,ok,1.0,0.9982962480010784,1.0,0.9982962480010784
dMRI_TBSS_OD_tapetum_right,25438.0,exploratory,primary,dMRI_TBSS,OD,tapetum (right),basket,A,G,36303,-0.010659724785143621,0.007341311239817005,-1.4520191879794668,0.14650491965850698,nonrobust,-0.021319449570287242,ok,1.0,0.9982962480010784,1.0,0.9982962480010784
dMRI_TBSS_L3_fornix,25301.0,exploratory,primary,dMRI_TBSS,L3,fornix,basket,A,G,36352,0.008921817901920613,0.0061540250621796135,1.4497532609593746,0.14713597202412224,nonrobust,0.017843635803841226,ok,1.0,0.9982962480010784,1.0,0.9982962480010784
dMRI_weighted_mean_OD_corticospinal_tract_left,25685.0,exploratory,primary,dMRI_weighted_mean,OD,corticospinal tract (left),basket,A,G,36328,-0.010086372686128796,0.006990755179069542,-1.44281589438686,0.14908096995247605,nonrobust,-0.02017274537225759,ok,1.0,0.9982962480010784,1.0,0.9982962480010784
dMRI_TBSS_ISOVF_anterior_limb_of_internal_capsule_right,25456.0,exploratory,primary,dMRI_TBSS,ISOVF,anterior limb of internal capsule (right),basket,A,G,36332,0.010161036548310326,0.007067254196384767,1.4377629933713398,0.1505099329387602,nonrobust,0.020322073096620652,ok,1.0,0.9982962480010784,1.0,0.9982962480010784
dMRI_TBSS_L2_corticospinal_tract_left,25255.0,exploratory,primary,dMRI_TBSS,L2,corticospinal tract (left),basket,A,G,36344,-0.01055709814421573,0.007345014909728573,-1.4373147330487661,0.15063720098768668,nonrobust,-0.02111419628843146,ok,1.0,0.9982962480010784,1.0,0.9982962480010784
dMRI_TBSS_ISOVF_sagittal_stratum_right,25470.0,exploratory,primary,dMRI_TBSS,ISOVF,sagittal stratum (right),basket,A,G,36341,0.010093984596726504,0.007030378530866085,1.4357668726385076,0.1510773038715973,nonrobust,0.020187969193453007,ok,1.0,0.9982962480010784,1.0,0.9982962480010784
dMRI_weighted_mean_ISOVF_uncinate_fasciculus_right,25730.0,exploratory,primary,dMRI_weighted_mean,ISOVF,uncinate fasciculus (right),basket,A,G,36312,0.010324140406590196,0.007206208822420871,1.4326729437077121,0.15195994127582937,nonrobust,0.020648280813180393,ok,1.0,0.9982962480010784,1.0,0.9982962480010784
dMRI_TBSS_RD_fornix,,exploratory,primary,dMRI_TBSS,RD,fornix,derived,A,G,36352,0.008817185236245972,0.006158725573009817,1.4316574316749342,0.1522504894920593,nonrobust,0.017634370472491945,ok,1.0,0.9982962480010784,1.0,0.9982962480010784
dMRI_TBSS_ICVF_medial_lemniscus_right,25352.0,exploratory,primary,dMRI_TBSS,ICVF,medial lemniscus (right),basket,A,G,36316,-0.009748971166455591,0.006890338338134498,-1.4148755384768297,0.15711357289986558,nonrobust,-0.019497942332911182,ok,1.0,0.9982962480010784,1.0,0.9982962480010784
dMRI_weighted_mean_L2_inferior_longitudinal_fasciculus_right,25611.0,exploratory,primary,dMRI_weighted_mean,L2,inferior longitudinal fasciculus (right),basket,A,G,36332,0.009765920997052506,0.0069103810289981756,1.4132246769131207,0.15759824752988438,nonrobust,0.01953184199410501,ok,1.0,0.9982962480010784,1.0,0.9982962480010784
dMRI_weighted_mean_ISOVF_superior_longitudinal_fasciculus_right,25726.0,exploratory,primary,dMRI_weighted_mean,ISOVF,superior longitudinal fasciculus (right),basket,A,G,36338,0.009706684533276824,0.006871446704210793,1.4126114850499545,0.15777856211011881,nonrobust,0.019413369066553648,ok,1.0,0.9982962480010784,1.0,0.9982962480010784
dMRI_TBSS_L2_fornix,25253.0,exploratory,primary,dMRI_TBSS,L2,fornix,basket,A,G,36352,0.008706736576490683,0.006168051795976649,1.411586164397969,0.1580804150388418,nonrobust,0.017413473152981366,ok,1.0,0.9982962480010784,1.0,0.9982962480010784
dMRI_weighted_mean_L2_posterior_thalamic_radiation_right,25616.0,exploratory,primary,dMRI_weighted_mean,L2,posterior thalamic radiation (right),basket,A,G,36307,0.009410461311804253,0.0066837823370675875,1.4079544840373954,0.159153117683084,nonrobust,0.018820922623608505,ok,1.0,0.9982962480010784,1.0,0.9982962480010784
dMRI_TBSS_FA_posterior_limb_of_internal_capsule_left,25075.0,exploratory,primary,dMRI_TBSS,FA,posterior limb of internal capsule (left),basket,A,G,36344,0.010052294258877994,0.00719344188462702,1.3974248239025295,0.16229439633133697,nonrobust,0.020104588517755987,ok,1.0,0.9982962480010784,1.0,0.9982962480010784
dMRI_TBSS_L3_superior_fronto_occipital_fasciculus_lef,25339.0,exploratory,primary,dMRI_TBSS,L3,superior fronto-occipital fasciculus (left),basket,A,G,36300,0.009080172500570183,0.00653356906226248,1.3897721772035347,0.1646065997460695,nonrobust,0.018160345001140367,ok,1.0,0.9982962480010784,1.0,0.9982962480010784
dMRI_TBSS_L2_uncinate_fasciculus_right,25292.0,exploratory,primary,dMRI_TBSS,L2,uncinate fasciculus (right),basket,A,G,36333,-0.009831246304404696,0.007182090321622612,-1.3688558433756337,0.17105281089077465,nonrobust,-0.019662492608809392,ok,1.0,0.9982962480010784,1.0,0.9982962480010784
dMRI_TBSS_FA_posterior_limb_of_internal_capsule_right,25074.0,exploratory,primary,dMRI_TBSS,FA,posterior limb of internal capsule (right),basket,A,G,36343,0.009864445086424287,0.007251733637165623,1.3602878401198222,0.1737472992077458,nonrobust,0.019728890172848575,ok,1.0,0.9982962480010784,1.0,0.9982962480010784
dMRI_TBSS_L3_superior_longitudinal_fasciculus_right,25336.0,exploratory,primary,dMRI_TBSS,L3,superior longitudinal fasciculus (right),basket,A,G,36319,0.009577299494278166,0.007044834726516283,1.3594782370450589,0.17400354184920316,nonrobust,0.019154598988556332,ok,1.0,0.9982962480010784,1.0,0.9982962480010784
dMRI_TBSS_ISOVF_middle_cerebellar_peduncle,25440.0,exploratory,primary,dMRI_TBSS,ISOVF,middle cerebellar peduncle,basket,A,G,36333,0.009884120683989176,0.0072848889748858775,1.356797710722011,0.17485393202338093,nonrobust,0.01976824136797835,ok,1.0,0.9982962480010784,1.0,0.9982962480010784
dMRI_weighted_mean_MD_superior_longitudinal_fasciculus_right,25537.0,exploratory,primary,dMRI_weighted_mean,MD,superior longitudinal fasciculus (right),basket,A,G,36322,0.009318343891583366,0.006872605846090322,1.3558676432585424,0.17514972102317108,nonrobust,0.018636687783166732,ok,1.0,0.9982962480010784,1.0,0.9982962480010784
dMRI_weighted_mean_RD_middle_cerebellar_peduncle,,exploratory,primary,dMRI_weighted_mean,RD,middle cerebellar peduncle,derived,A,G,36294,0.009694823179152559,0.007166021347961089,1.3528878450677484,0.17609989788898123,nonrobust,0.019389646358305118,ok,1.0,0.9982962480010784,1.0,0.9982962480010784
dMRI_weighted_mean_RD_posterior_thalamic_radiation_right,,exploratory,primary,dMRI_weighted_mean,RD,posterior thalamic radiation (right),derived,A,G,36309,0.009067026518741295,0.006702188128377164,1.3528457191989838,0.17611335460374797,nonrobust,0.01813405303748259,ok,1.0,0.9982962480010784,1.0,0.9982962480010784
dMRI_weighted_mean_L2_middle_cerebellar_peduncle,25612.0,exploratory,primary,dMRI_weighted_mean,L2,middle cerebellar peduncle,basket,A,G,36294,0.009662978568458843,0.007164321453204819,1.348763959235288,0.17742121718689616,nonrobust,0.019325957136917687,ok,1.0,0.9982962480010784,1.0,0.9982962480010784
dMRI_TBSS_L3_posterior_thalamic_radiation_right,25324.0,exploratory,primary,dMRI_TBSS,L3,posterior thalamic radiation (right),basket,A,G,36322,0.009140327602988744,0.006796330390928066,1.3448915925555227,0.17866865047232033,nonrobust,0.01828065520597749,ok,1.0,0.9982962480010784,1.0,0.9982962480010784
dMRI_weighted_mean_ICVF_parahippocampal_part_of_cingulum_right,25657.0,exploratory,primary,dMRI_weighted_mean,ICVF,parahippocampal part of cingulum (right),basket,A,G,36314,0.009697297278916961,0.007224658786843736,1.3422498646684815,0.17952339195956435,nonrobust,0.019394594557833923,ok,1.0,0.9982962480010784,1.0,0.9982962480010784
dMRI_TBSS_FA_superior_cerebellar_peduncle_right,25068.0,exploratory,primary,dMRI_TBSS,FA,superior cerebellar peduncle (right),basket,A,G,36321,-0.0094252042368155,0.0070532916732523165,-1.3362844858037015,0.18146468416237901,nonrobust,-0.018850408473631,ok,1.0,0.9982962480010784,1.0,0.9982962480010784
dMRI_weighted_mean_L1_acoustic_radiation_right,25570.0,exploratory,primary,dMRI_weighted_mean,L1,acoustic radiation (right),basket,A,G,36329,0.009693532640605785,0.00725444046407709,1.3362205794653241,0.18148556316119285,nonrobust,0.01938706528121157,ok,1.0,0.9982962480010784,1.0,0.9982962480010784
dMRI_TBSS_L1_superior_corona_radiata_left,25225.0,exploratory,primary,dMRI_TBSS,L1,superior corona radiata (left),basket,A,G,36318,0.008785402682888379,0.006654456024068487,1.3202285282391943,0.18676705753583175,nonrobust,0.017570805365776758,ok,1.0,0.9982962480010784,1.0,0.9982962480010784
dMRI_TBSS_OD_anterior_corona_radiata_left,25415.0,exploratory,primary,dMRI_TBSS,OD,anterior corona radiata (left),basket,A,G,36333,0.00960491910193765,0.007291322621778755,1.3173082032124483,0.18774365111177838,nonrobust,0.0192098382038753,ok,1.0,0.9982962480010784,1.0,0.9982962480010784
dMRI_TBSS_RD_corticospinal_tract_left,,exploratory,primary,dMRI_TBSS,RD,corticospinal tract (left),derived,A,G,36340,-0.009673511989750595,0.00734377401571156,-1.3172398781681873,0.18776654338657367,nonrobust,-0.01934702397950119,ok,1.0,0.9982962480010784,1.0,0.9982962480010784
dMRI_weighted_mean_ISOVF_posterior_thalamic_radiation_left,25723.0,exploratory,primary,dMRI_weighted_mean,ISOVF,posterior thalamic radiation (left),basket,A,G,36311,0.008999060862761452,0.00683279721826712,1.3170390654508144,0.1878338488789105,nonrobust,0.017998121725522905,ok,1.0,0.9982962480010784,1.0,0.9982962480010784
dMRI_TBSS_L1_anterior_limb_of_internal_capsule_right,25216.0,exploratory,primary,dMRI_TBSS,L1,anterior limb of internal capsule (right),basket,A,G,36328,0.008541691994975615,0.006488676557250974,1.3163997187424044,0.18804822934741988,nonrobust,0.01708338398995123,ok,1.0,0.9982962480010784,1.0,0.9982962480010784
dMRI_TBSS_FA_inferior_cerebellar_peduncle_left,25067.0,exploratory,primary,dMRI_TBSS,FA,inferior cerebellar peduncle (left),basket,A,G,36305,0.009394239165579354,0.007179962493493621,1.3083966906640918,0.1907470848534378,nonrobust,0.01878847833115871,ok,1.0,0.9982962480010784,1.0,0.9982962480010784
dMRI_weighted_mean_MD_posterior_thalamic_radiation_right,25535.0,exploratory,primary,dMRI_weighted_mean,MD,posterior thalamic radiation (right),basket,A,G,36314,0.008560065811766784,0.00660083664161913,1.2968152791109024,0.19470299923467604,nonrobust,0.01712013162353357,ok,1.0,0.9982962480010784,1.0,0.9982962480010784
dMRI_weighted_mean_FA_corticospinal_tract_right,25497.0,exploratory,primary,dMRI_weighted_mean,FA,corticospinal tract (right),basket,A,G,36331,0.009024072693671023,0.006969252076270357,1.294840909026255,0.19538335234304935,nonrobust,0.018048145387342045,ok,1.0,0.9982962480010784,1.0,0.9982962480010784
dMRI_weighted_mean_L3_superior_longitudinal_fasciculus_left,25644.0,exploratory,primary,dMRI_weighted_mean,L3,superior longitudinal fasciculus (left),basket,A,G,36316,0.008998971439646692,0.0069911532682962576,1.2871941286791069,0.19803484410627326,nonrobust,0.017997942879293384,ok,1.0,0.9982962480010784,1.0,0.9982962480010784
dMRI_weighted_mean_MD_inferior_longitudinal_fasciculus_right,25530.0,exploratory,primary,dMRI_weighted_mean,MD,inferior longitudinal fasciculus (right),basket,A,G,36332,0.008794279660264057,0.006853304798856878,1.283217355476577,0.19942412943202284,nonrobust,0.017588559320528115,ok,1.0,0.9982962480010784,1.0,0.9982962480010784
dMRI_TBSS_L1_cerebral_peduncle_right,25214.0,exploratory,primary,dMRI_TBSS,L1,cerebral peduncle (right),basket,A,G,36335,0.00923259697162056,0.007194948328349446,1.2832054589248953,0.19942829548097393,nonrobust,0.01846519394324112,ok,1.0,0.9982962480010784,1.0,0.9982962480010784
dMRI_TBSS_OD_corticospinal_tract_right,25398.0,exploratory,primary,dMRI_TBSS,OD,corticospinal tract (right),basket,A,G,36331,-0.009147356492733079,0.007149864328444857,-1.279374834616294,0.20077326903046067,nonrobust,-0.018294712985466158,ok,1.0,0.9982962480010784,1.0,0.9982962480010784
dMRI_TBSS_OD_anterior_limb_of_internal_capsule_left,25409.0,exploratory,primary,dMRI_TBSS,OD,anterior limb of internal capsule (left),basket,A,G,36320,-0.00926419881416191,0.007313128179681988,-1.2667901596338167,0.2052384621046562,nonrobust,-0.01852839762832382,ok,1.0,0.9982962480010784,1.0,0.9982962480010784
dMRI_weighted_mean_L3_middle_cerebellar_peduncle,25639.0,exploratory,primary,dMRI_weighted_mean,L3,middle cerebellar peduncle,basket,A,G,36300,0.009084054570657769,0.007178172594631352,1.2655107481605905,0.20569642775341324,nonrobust,0.018168109141315537,ok,1.0,0.9982962480010784,1.0,0.9982962480010784
dMRI_TBSS_L1_posterior_corona_radiata_left,25227.0,exploratory,primary,dMRI_TBSS,L1,posterior corona radiata (left),basket,A,G,36307,0.008236328803477737,0.006539033560186672,1.2595636232279273,0.20783492906668985,nonrobust,0.016472657606955474,ok,1.0,0.9982962480010784,1.0,0.9982962480010784
dMRI_TBSS_ISOVF_external_capsule_right,25472.0,exploratory,primary,dMRI_TBSS,ISOVF,external capsule (right),basket,A,G,36271,0.008975337935643314,0.007132637534931633,1.2583476857876452,0.20827414954694717,nonrobust,0.01795067587128663,ok,1.0,0.9982962480010784,1.0,0.9982962480010784
dMRI_TBSS_MD_anterior_limb_of_internal_capsule_left,25121.0,exploratory,primary,dMRI_TBSS,MD,anterior limb of internal capsule (left),basket,A,G,36311,0.008385978608899837,0.006690924336723494,1.2533363384297964,0.2100914062880473,nonrobust,0.016771957217799675,ok,1.0,0.9982962480010784,1.0,0.9982962480010784
dMRI_TBSS_FA_external_capsule_right,25088.0,exploratory,primary,dMRI_TBSS,FA,external capsule (right),basket,A,G,36338,0.008626435937900476,0.006901469074144902,1.2499419826740727,0.21132879859872894,nonrobust,0.017252871875800952,ok,1.0,0.9982962480010784,1.0,0.9982962480010784
dMRI_weighted_mean_RD_inferior_longitudinal_fasciculus_right,,exploratory,primary,dMRI_weighted_mean,RD,inferior longitudinal fasciculus (right),derived,A,G,36330,0.00862801478339523,0.006904807808282127,1.2495662476001381,0.21146609630598828,nonrobust,0.01725602956679046,ok,1.0,0.9982962480010784,1.0,0.9982962480010784
dMRI_weighted_mean_MD_superior_thalamic_radiation_right,25539.0,exploratory,primary,dMRI_weighted_mean,MD,superior thalamic radiation (right),basket,A,G,36320,0.00833988886613428,0.006691453672650107,1.2463493396392777,0.21264421689126245,nonrobust,0.01667977773226856,ok,1.0,0.9982962480010784,1.0,0.9982962480010784
dMRI_TBSS_L3_cerebral_peduncle_left,25311.0,exploratory,primary,dMRI_TBSS,L3,cerebral peduncle (left),basket,A,G,36335,-0.008848713014625236,0.007130895011591674,-1.240897951833697,0.21465146821579714,nonrobust,-0.017697426029250472,ok,1.0,0.9982962480010784,1.0,0.9982962480010784
dMRI_TBSS_OD_fornix,25397.0,exploratory,primary,dMRI_TBSS,OD,fornix,basket,A,G,36349,0.00822536726537996,0.006671816027902349,1.2328528291218568,0.21763865740376714,nonrobust,0.01645073453075992,ok,1.0,0.9982962480010784,1.0,0.9982962480010784
dMRI_weighted_mean_RD_superior_longitudinal_fasciculus_right,,exploratory,primary,dMRI_weighted_mean,RD,superior longitudinal fasciculus (right),derived,A,G,36319,0.008615675025927692,0.006998478421663282,1.2310783154318938,0.2183015538822698,nonrobust,0.017231350051855384,ok,1.0,0.9982962480010784,1.0,0.9982962480010784
dMRI_weighted_mean_MD_anterior_thalamic_radiation_left,25517.0,exploratory,primary,dMRI_weighted_mean,MD,anterior thalamic radiation (left),basket,A,G,36322,0.007844955425233911,0.006386371626896565,1.228390059888535,0.21930854377485837,nonrobust,0.015689910850467823,ok,1.0,0.9982962480010784,1.0,0.9982962480010784
dMRI_weighted_mean_ISOVF_superior_thalamic_radiation_left,25727.0,exploratory,primary,dMRI_weighted_mean,ISOVF,superior thalamic radiation (left),basket,A,G,36334,0.008503927380193028,0.0069249868451224834,1.2280062865653887,0.21945256995244886,nonrobust,0.017007854760386056,ok,1.0,0.9982962480010784,1.0,0.9982962480010784
dMRI_weighted_mean_L1_superior_longitudinal_fasciculus_left,25590.0,exploratory,primary,dMRI_weighted_mean,L1,superior longitudinal fasciculus (left),basket,A,G,36332,0.00837878139221157,0.006825618220173425,1.2275490837515204,0.21962424565908772,nonrobust,0.01675756278442314,ok,1.0,0.9982962480010784,1.0,0.9982962480010784
dMRI_TBSS_L1_tapetum_left,25247.0,exploratory,primary,dMRI_TBSS,L1,tapetum (left),basket,A,G,36341,0.008640158725244764,0.007052323896040347,1.2251505819373858,0.22052643749876735,nonrobust,0.017280317450489528,ok,1.0,0.9982962480010784,1.0,0.9982962480010784
dMRI_weighted_mean_ICVF_superior_thalamic_radiation_right,25674.0,exploratory,primary,dMRI_weighted_mean,ICVF,superior thalamic radiation (right),basket,A,G,36318,-0.00857977751854552,0.007014878934586463,-1.223082764300238,0.22130638090523122,nonrobust,-0.01715955503709104,ok,1.0,0.9982962480010784,1.0,0.9982962480010784
dMRI_TBSS_MD_posterior_limb_of_internal_capsule_left,25123.0,exploratory,primary,dMRI_TBSS,MD,posterior limb of internal capsule (left),basket,A,G,36326,0.00850859268857849,0.006959064465012294,1.2226632949524572,0.22146483528822566,nonrobust,0.01701718537715698,ok,1.0,0.9982962480010784,1.0,0.9982962480010784
dMRI_TBSS_ISOVF_pontine_crossing_tract,25441.0,exploratory,primary,dMRI_TBSS,ISOVF,pontine crossing tract,basket,A,G,36347,0.008922944536588203,0.007368076160127453,1.2110277286321989,0.2258926586133037,nonrobust,0.017845889073176406,ok,1.0,0.9982962480010784,1.0,0.9982962480010784
dMRI_TBSS_MD_fornix_cres_stria_terminalis_left,25143.0,exploratory,primary,dMRI_TBSS,MD,fornix cres+stria terminalis (left),basket,A,G,36263,0.007992024396182415,0.006621939112800789,1.206900918302485,0.2274781836285624,nonrobust,0.01598404879236483,ok,1.0,0.9982962480010784,1.0,0.9982962480010784
dMRI_weighted_mean_ICVF_uncinate_fasciculus_right,25676.0,exploratory,primary,dMRI_weighted_mean,ICVF,uncinate fasciculus (right),basket,A,G,36317,0.008352274435871634,0.006978151515143272,1.196917896916738,0.231346377587281,nonrobust,0.016704548871743267,ok,1.0,0.9982962480010784,1.0,0.9982962480010784
dMRI_TBSS_ISOVF_superior_longitudinal_fasciculus_right,25480.0,exploratory,primary,dMRI_TBSS,ISOVF,superior longitudinal fasciculus (right),basket,A,G,36337,0.008124137084434931,0.006814889158488517,1.192115806361375,0.23322363210477037,nonrobust,0.016248274168869863,ok,1.0,0.9982962480010784,1.0,0.9982962480010784
dMRI_TBSS_L1_inferior_cerebellar_peduncle_right,25210.0,exploratory,primary,dMRI_TBSS,L1,inferior cerebellar peduncle (right),basket,A,G,36332,0.008567792353018711,0.007204404412508895,1.1892436712939916,0.23435157297196557,nonrobust,0.017135584706037422,ok,1.0,0.9982962480010784,1.0,0.9982962480010784
dMRI_TBSS_FA_middle_cerebellar_peduncle,25056.0,exploratory,primary,dMRI_TBSS,FA,middle cerebellar peduncle,basket,A,G,36327,0.008422045574357466,0.007088592385757772,1.1881125498595229,0.23479684504208673,nonrobust,0.01684409114871493,ok,1.0,0.9982962480010784,1.0,0.9982962480010784
dMRI_TBSS_ISOVF_posterior_limb_of_internal_capsule_left,25459.0,exploratory,primary,dMRI_TBSS,ISOVF,posterior limb of internal capsule (left),basket,A,G,36346,0.008407177222380354,0.007079340228684689,1.1875650768012842,0.23501257122234973,nonrobust,0.016814354444760708,ok,1.0,0.9982962480010784,1.0,0.9982962480010784
dMRI_weighted_mean_L3_posterior_thalamic_radiation_right,25643.0,exploratory,primary,dMRI_weighted_mean,L3,posterior thalamic radiation (right),basket,A,G,36312,0.008005100716697484,0.0067453539663142725,1.1867576937658542,0.235330981589309,nonrobust,0.016010201433394967,ok,1.0,0.9982962480010784,1.0,0.9982962480010784
dMRI_TBSS_L1_cerebral_peduncle_left,25215.0,exploratory,primary,dMRI_TBSS,L1,cerebral peduncle (left),basket,A,G,36335,0.008557399629874013,0.007299273023834575,1.1723632753469053,0.2410589304526036,nonrobust,0.017114799259748025,ok,1.0,0.9982962480010784,1.0,0.9982962480010784
dMRI_TBSS_L1_external_capsule_right,25232.0,exploratory,primary,dMRI_TBSS,L1,external capsule (right),basket,A,G,36324,0.008131329997229906,0.006954528699809029,1.1692136661184807,0.2423252356676641,nonrobust,0.016262659994459812,ok,1.0,0.9982962480010784,1.0,0.9982962480010784
dMRI_weighted_mean_L2_anterior_thalamic_radiation_left,25598.0,exploratory,primary,dMRI_weighted_mean,L2,anterior thalamic radiation (left),basket,A,G,36321,0.00761041803406023,0.006554700987601274,1.1610625791254134,0.24562408856629347,nonrobust,0.01522083606812046,ok,1.0,0.9982962480010784,1.0,0.9982962480010784
dMRI_weighted_mean_FA_parahippocampal_part_of_cingulum_right,25495.0,exploratory,primary,dMRI_weighted_mean,FA,parahippocampal part of cingulum (right),basket,A,G,36336,0.008250310932293625,0.007123610043245723,1.1581643130671067,0.2468046074995616,nonrobust,0.01650062186458725,ok,1.0,0.9982962480010784,1.0,0.9982962480010784
dMRI_TBSS_ISOVF_posterior_corona_radiata_left,25467.0,exploratory,primary,dMRI_TBSS,ISOVF,posterior corona radiata (left),basket,A,G,36306,0.008180938786499607,0.007154287089711241,1.1435016073460094,0.25283793409546745,nonrobust,0.016361877572999214,ok,1.0,0.9982962480010784,1.0,0.9982962480010784
dMRI_TBSS_OD_uncinate_fasciculus_right,25436.0,exploratory,primary,dMRI_TBSS,OD,uncinate fasciculus (right),basket,A,G,36329,-0.008363811722274898,0.007356938116367156,-1.136860415295288,0.25560414759867045,nonrobust,-0.016727623444549797,ok,1.0,0.9982962480010784,1.0,0.9982962480010784
dMRI_TBSS_ISOVF_cerebral_peduncle_right,25454.0,exploratory,primary,dMRI_TBSS,ISOVF,cerebral peduncle (right),basket,A,G,36341,0.008241096403413839,0.007253139308708084,1.1362109636470954,0.25587578226861923,nonrobust,0.016482192806827677,ok,1.0,0.9982962480010784,1.0,0.9982962480010784
dMRI_TBSS_ICVF_superior_cerebellar_peduncle_right,25356.0,exploratory,primary,dMRI_TBSS,ICVF,superior cerebellar peduncle (right),basket,A,G,36312,-0.008015140198363347,0.007059784733694316,-1.1353235970651336,0.256247258957452,nonrobust,-0.016030280396726694,ok,1.0,0.9982962480010784,1.0,0.9982962480010784
dMRI_weighted_mean_OD_acoustic_radiation_left,25677.0,exploratory,primary,dMRI_weighted_mean,OD,acoustic radiation (left),basket,A,G,36329,-0.008252953466374294,0.007277409531642499,-1.134050987578765,0.25678065064869804,nonrobust,-0.016505906932748587,ok,1.0,0.9982962480010784,1.0,0.9982962480010784
dMRI_TBSS_OD_medial_lemniscus_left,25401.0,exploratory,primary,dMRI_TBSS,OD,medial lemniscus (left),basket,A,G,36284,-0.00823930837969454,0.007308506360382426,-1.12735872056673,0.2595983061545246,nonrobust,-0.01647861675938908,ok,1.0,0.9982962480010784,1.0,0.9982962480010784
dMRI_TBSS_MD_superior_longitudinal_fasciculus_right,25144.0,exploratory,primary,dMRI_TBSS,MD,superior longitudinal fasciculus (right),basket,A,G,36320,0.0077444907838630705,0.0068910347392737055,1.1238502020205048,0.26108401455310387,nonrobust,0.015488981567726141,ok,1.0,0.9982962480010784,1.0,0.9982962480010784
dMRI_TBSS_RD_uncinate_fasciculus_right,,exploratory,primary,dMRI_TBSS,RD,uncinate fasciculus (right),derived,A,G,36331,-0.008059865679097925,0.007197089987915932,-1.1198784081664412,0.26277299026080025,nonrobust,-0.01611973135819585,ok,1.0,0.9982962480010784,1.0,0.9982962480010784
dMRI_weighted_mean_L1_inferior_longitudinal_fasciculus_right,25584.0,exploratory,primary,dMRI_weighted_mean,L1,inferior longitudinal fasciculus (right),basket,A,G,36343,0.007575925204910892,0.006783317383385849,1.116846636642176,0.26406729446774857,nonrobust,0.015151850409821784,ok,1.0,0.9982962480010784,1.0,0.9982962480010784
dMRI_TBSS_ICVF_tapetum_left,25391.0,exploratory,primary,dMRI_TBSS,ICVF,tapetum (left),basket,A,G,36325,0.007713770989625736,0.006914410523172136,1.1156078979943003,0.26459739648978814,nonrobust,0.015427541979251473,ok,1.0,0.9982962480010784,1.0,0.9982962480010784
dMRI_weighted_mean_OD_uncinate_fasciculus_right,25703.0,exploratory,primary,dMRI_weighted_mean,OD,uncinate fasciculus (right),basket,A,G,36322,-0.007955877314367938,0.007139643751373281,-1.1143241303654203,0.2651475384148606,nonrobust,-0.015911754628735876,ok,1.0,0.9982962480010784,1.0,0.9982962480010784
dMRI_TBSS_L2_splenium_of_corpus_callosum,25252.0,exploratory,primary,dMRI_TBSS,L2,splenium of corpus callosum,basket,A,G,36311,-0.008213343663233359,0.007407574767539113,-1.1087763432675999,0.26753402837388446,nonrobust,-0.016426687326466717,ok,1.0,0.9982962480010784,1.0,0.9982962480010784
dMRI_TBSS_MD_middle_cerebellar_peduncle,25104.0,exploratory,primary,dMRI_TBSS,MD,middle cerebellar peduncle,basket,A,G,36336,0.008005943462056426,0.007230463064753878,1.1072518302572845,0.2681924004642685,nonrobust,0.01601188692411285,ok,1.0,0.9982962480010784,1.0,0.9982962480010784
dMRI_weighted_mean_ISOVF_anterior_thalamic_radiation_right,25707.0,exploratory,primary,dMRI_weighted_mean,ISOVF,anterior thalamic radiation (right),basket,A,G,36325,0.007597904750487375,0.006877281463063418,1.1047831605110665,0.2692608829914464,nonrobust,0.01519580950097475,ok,1.0,0.9982962480010784,1.0,0.9982962480010784
dMRI_weighted_mean_L3_forceps_minor,25634.0,exploratory,primary,dMRI_weighted_mean,L3,forceps minor,basket,A,G,36336,-0.007747685067148053,0.007013001259936226,-1.1047602559846836,0.26927080788325664,nonrobust,-0.015495370134296107,ok,1.0,0.9982962480010784,1.0,0.9982962480010784
dMRI_TBSS_OD_cerebral_peduncle_right,25406.0,exploratory,primary,dMRI_TBSS,OD,cerebral peduncle (right),basket,A,G,36326,-0.007986415167185035,0.0072395950830386946,-1.1031577147036897,0.269965995216855,nonrobust,-0.01597283033437007,ok,1.0,0.9982962480010784,1.0,0.9982962480010784
dMRI_TBSS_FA_uncinate_fasciculus_left,25101.0,exploratory,primary,dMRI_TBSS,FA,uncinate fasciculus (left),basket,A,G,36344,0.008021363154684606,0.0073228564886046125,1.0953871849280354,0.2733543111261357,nonrobust,0.01604272630936921,ok,1.0,0.9982962480010784,1.0,0.9982962480010784
dMRI_TBSS_OD_uncinate_fasciculus_left,25437.0,exploratory,primary,dMRI_TBSS,OD,uncinate fasciculus (left),basket,A,G,36327,-0.008081701054782934,0.007399270901039915,-1.0922293781198236,0.2747395424347605,nonrobust,-0.016163402109565867,ok,1.0,0.9982962480010784,1.0,0.9982962480010784
dMRI_weighted_mean_L3_inferior_longitudinal_fasciculus_right,25638.0,exploratory,primary,dMRI_weighted_mean,L3,inferior longitudinal fasciculus (right),basket,A,G,36327,0.00750376242785798,0.00690305958021764,1.0870197976215932,0.27703527911954295,nonrobust,0.01500752485571596,ok,1.0,0.9982962480010784,1.0,0.9982962480010784
dMRI_TBSS_L3_corticospinal_tract_left,25303.0,exploratory,primary,dMRI_TBSS,L3,corticospinal tract (left),basket,A,G,36340,-0.00797998597889831,0.0073477106681253184,-1.0860506543236423,0.2774637925844494,nonrobust,-0.01595997195779662,ok,1.0,0.9982962480010784,1.0,0.9982962480010784
dMRI_TBSS_L1_external_capsule_left,25233.0,exploratory,primary,dMRI_TBSS,L1,external capsule (left),basket,A,G,36330,0.00750742871885356,0.006967421018570366,1.0775046748063457,0.2812620242075094,nonrobust,0.01501485743770712,ok,1.0,0.9982962480010784,1.0,0.9982962480010784
dMRI_weighted_mean_ISOVF_parahippocampal_part_of_cingulum_left,25710.0,exploratory,primary,dMRI_weighted_mean,ISOVF,parahippocampal part of cingulum (left),basket,A,G,36274,0.007638309474342577,0.007106009338294115,1.0749084487097293,0.2824228750339517,nonrobust,0.015276618948685153,ok,1.0,0.9982962480010784,1.0,0.9982962480010784
dMRI_TBSS_OD_superior_corona_radiata_left,25417.0,exploratory,primary,dMRI_TBSS,OD,superior corona radiata (left),basket,A,G,36334,-0.007646578453402973,0.007124672509935621,-1.0732533239583342,0.28316460547999267,nonrobust,-0.015293156906805947,ok,1.0,0.9982962480010784,1.0,0.9982962480010784
dMRI_TBSS_L3_tapetum_right,25342.0,exploratory,primary,dMRI_TBSS,L3,tapetum (right),basket,A,G,36339,0.007300998835635086,0.006810243599245294,1.0720613336715559,0.2836996104470482,nonrobust,0.014601997671270172,ok,1.0,0.9982962480010784,1.0,0.9982962480010784
dMRI_TBSS_L1_retrolenticular_part_of_internal_capsule_f25220,25220.0,exploratory,primary,dMRI_TBSS,L1,retrolenticular part of internal capsule (right),basket,A,G,36338,0.007405643713350439,0.006945604802409169,1.0662345359444725,0.28632472416192867,nonrobust,0.014811287426700879,ok,1.0,0.9982962480010784,1.0,0.9982962480010784
dMRI_weighted_mean_L1_parahippocampal_part_of_cingulum_left,25575.0,exploratory,primary,dMRI_weighted_mean,L1,parahippocampal part of cingulum (left),basket,A,G,36286,0.007463597324237413,0.007004569905772644,1.065532562975276,0.2866420940895949,nonrobust,0.014927194648474825,ok,1.0,0.9982962480010784,1.0,0.9982962480010784
dMRI_TBSS_L3_cingulum_hippocampus_left,25333.0,exploratory,primary,dMRI_TBSS,L3,cingulum hippocampus (left),basket,A,G,36316,-0.007573353428565287,0.007170923276403277,-1.0561197124345552,0.29092055718148074,nonrobust,-0.015146706857130574,ok,1.0,0.9982962480010784,1.0,0.9982962480010784
dMRI_TBSS_RD_superior_fronto_occipital_fasciculus_lef,,exploratory,primary,dMRI_TBSS,RD,superior fronto-occipital fasciculus (left),derived,A,G,36300,0.006883835742029232,0.006519683246232948,1.0558543232919622,0.2910418082639937,nonrobust,0.013767671484058464,ok,1.0,0.9982962480010784,1.0,0.9982962480010784
dMRI_weighted_mean_L3_uncinate_fasciculus_right,25649.0,exploratory,primary,dMRI_weighted_mean,L3,uncinate fasciculus (right),basket,A,G,36330,-0.007263590699901679,0.006881380302196834,-1.0555426936050645,0.29118421966495006,nonrobust,-0.014527181399803357,ok,1.0,0.9982962480010784,1.0,0.9982962480010784
dMRI_TBSS_FA_retrolenticular_part_of_internal_capsule_f25076,25076.0,exploratory,primary,dMRI_TBSS,FA,retrolenticular part of internal capsule (right),basket,A,G,36343,0.007709699046091983,0.007306699476900461,1.0551548028580582,0.2913615517238005,nonrobust,0.015419398092183966,ok,1.0,0.9982962480010784,1.0,0.9982962480010784
dMRI_TBSS_FA_tapetum_left,25103.0,exploratory,primary,dMRI_TBSS,FA,tapetum (left),basket,A,G,36347,0.00761283105789697,0.007215775909972606,1.0550259809725537,0.29142046136065286,nonrobust,0.01522566211579394,ok,1.0,0.9982962480010784,1.0,0.9982962480010784
dMRI_weighted_mean_OD_parahippocampal_part_of_cingulum_left,25683.0,exploratory,primary,dMRI_weighted_mean,OD,parahippocampal part of cingulum (left),basket,A,G,36329,-0.00767768901424137,0.007281973535597667,-1.054341790272824,0.2917334803042531,nonrobust,-0.01535537802848274,ok,1.0,0.9982962480010784,1.0,0.9982962480010784
dMRI_weighted_mean_ISOVF_forceps_major,25714.0,exploratory,primary,dMRI_weighted_mean,ISOVF,forceps major,basket,A,G,36346,0.007669528123759591,0.007332131557268185,1.0460161637657677,0.2955605320881321,nonrobust,0.015339056247519182,ok,1.0,0.9982962480010784,1.0,0.9982962480010784
dMRI_weighted_mean_ICVF_superior_thalamic_radiation_left,25673.0,exploratory,primary,dMRI_weighted_mean,ICVF,superior thalamic radiation (left),basket,A,G,36316,-0.007328438322659709,0.00701122144587964,-1.0452441674006019,0.29591709820872086,nonrobust,-0.014656876645319419,ok,1.0,0.9982962480010784,1.0,0.9982962480010784
dMRI_TBSS_OD_inferior_cerebellar_peduncle_left,25403.0,exploratory,primary,dMRI_TBSS,OD,inferior cerebellar peduncle (left),basket,A,G,36239,-0.007541875738232646,0.0072340257747316485,-1.0425558289516073,0.29716101679609813,nonrobust,-0.015083751476465292,ok,1.0,0.9982962480010784,1.0,0.9982962480010784
dMRI_TBSS_OD_cingulum_hippocampus_right,25428.0,exploratory,primary,dMRI_TBSS,OD,cingulum hippocampus (right),basket,A,G,36325,0.00758818992424126,0.007282445021509829,1.0419838257382468,0.2974261186530724,nonrobust,0.01517637984848252,ok,1.0,0.9982962480010784,1.0,0.9982962480010784
dMRI_TBSS_L2_superior_longitudinal_fasciculus_left,25289.0,exploratory,primary,dMRI_TBSS,L2,superior longitudinal fasciculus (left),basket,A,G,36323,-0.007430454517275255,0.00714526680418408,-1.039912815141371,0.29838733605315537,nonrobust,-0.01486090903455051,ok,1.0,0.9982962480010784,1.0,0.9982962480010784
dMRI_weighted_mean_L1_posterior_thalamic_radiation_right,25589.0,exploratory,primary,dMRI_weighted_mean,L1,posterior thalamic radiation (right),basket,A,G,36330,0.006811608591986327,0.0065774937420055865,1.035593321584728,0.30039880798131424,nonrobust,0.013623217183972655,ok,1.0,0.9982962480010784,1.0,0.9982962480010784
dMRI_TBSS_FA_fornix,25061.0,exploratory,primary,dMRI_TBSS,FA,fornix,basket,A,G,36352,-0.006460135364018671,0.006251447121625464,-1.0333823894424856,0.3014318651518054,nonrobust,-0.012920270728037342,ok,1.0,0.9982962480010784,1.0,0.9982962480010784
dMRI_TBSS_FA_medial_lemniscus_left,25065.0,exploratory,primary,dMRI_TBSS,FA,medial lemniscus (left),basket,A,G,36325,0.007280449222966229,0.007046514689186022,1.0331986157836606,0.30151784515023344,nonrobust,0.014560898445932459,ok,1.0,0.9982962480010784,1.0,0.9982962480010784
dMRI_weighted_mean_ICVF_medial_lemniscus_right,25668.0,exploratory,primary,dMRI_weighted_mean,ICVF,medial lemniscus (right),basket,A,G,36310,-0.007208755875993212,0.006986948022907173,-1.0317460287895126,0.3021979866861472,nonrobust,-0.014417511751986424,ok,1.0,0.9982962480010784,1.0,0.9982962480010784
dMRI_weighted_mean_OD_anterior_thalamic_radiation_right,25680.0,exploratory,primary,dMRI_weighted_mean,OD,anterior thalamic radiation (right),basket,A,G,36331,-0.00673325281811252,0.006636132118388159,-1.0146351365511919,0.31028654669351874,nonrobust,-0.01346650563622504,ok,1.0,0.9982962480010784,1.0,0.9982962480010784
dMRI_TBSS_ICVF_superior_fronto_occipital_fasciculus_rig,25386.0,exploratory,primary,dMRI_TBSS,ICVF,superior fronto-occipital fasciculus (right),basket,A,G,36308,-0.006648437877662072,0.006562641091696084,-1.0130735148802437,0.31103180465981806,nonrobust,-0.013296875755324143,ok,1.0,0.9982962480010784,1.0,0.9982962480010784
dMRI_TBSS_L3_fornix_cres_stria_terminalis_left,25335.0,exploratory,primary,dMRI_TBSS,L3,fornix cres+stria terminalis (left),basket,A,G,36258,0.006438247040648291,0.006399234330803732,1.0060964652687847,0.31437588889633417,nonrobust,0.012876494081296583,ok,1.0,0.9982962480010784,1.0,0.9982962480010784
dMRI_TBSS_L2_posterior_limb_of_internal_capsule_right,25266.0,exploratory,primary,dMRI_TBSS,L2,posterior limb of internal capsule (right),basket,A,G,36345,-0.0073811472276339865,0.0073398458811067165,-1.0056270045987727,0.3146017294426618,nonrobust,-0.014762294455267973,ok,1.0,0.9982962480010784,1.0,0.9982962480010784
dMRI_TBSS_OD_external_capsule_right,25424.0,exploratory,primary,dMRI_TBSS,OD,external capsule (right),basket,A,G,36324,-0.007181802696647423,0.007160586024175503,-1.002962979901406,0.3158854104034978,nonrobust,-0.014363605393294846,ok,1.0,0.9982962480010784,1.0,0.9982962480010784
dMRI_weighted_mean_ISOVF_acoustic_radiation_right,25705.0,exploratory,primary,dMRI_weighted_mean,ISOVF,acoustic radiation (right),basket,A,G,36338,0.007271743103699033,0.007282535966270741,0.9985179801896351,0.31803490496574677,nonrobust,0.014543486207398065,ok,1.0,0.9982962480010784,1.0,0.9982962480010784
dMRI_TBSS_ISOVF_cingulum_hippocampus_left,25477.0,exploratory,primary,dMRI_TBSS,ISOVF,cingulum hippocampus (left),basket,A,G,36280,0.007067898012110342,0.007089247807039859,0.9969884259218141,0.3187767831986212,nonrobust,0.014135796024220684,ok,1.0,0.9982962480010784,1.0,0.9982962480010784
dMRI_TBSS_ISOVF_superior_fronto_occipital_fasciculus_lef,25483.0,exploratory,primary,dMRI_TBSS,ISOVF,superior fronto-occipital fasciculus (left),basket,A,G,36279,0.0069820709861121676,0.007014132224254556,0.9954290513612615,0.3195342799637,nonrobust,0.013964141972224335,ok,1.0,0.9982962480010784,1.0,0.9982962480010784
dMRI_weighted_mean_ICVF_inferior_fronto_occipital_fasciculus_lef,25662.0,exploratory,primary,dMRI_weighted_mean,ICVF,inferior fronto-occipital fasciculus (left),basket,A,G,36315,0.006970975798777341,0.007025291675892542,0.9922685235544615,0.3210731707887571,nonrobust,0.013941951597554682,ok,1.0,0.9982962480010784,1.0,0.9982962480010784
dMRI_TBSS_L1_uncinate_fasciculus_left,25245.0,exploratory,primary,dMRI_TBSS,L1,uncinate fasciculus (left),basket,A,G,36344,0.007249043329041856,0.007325719957877734,0.9895332295969868,0.3224089136060144,nonrobust,0.014498086658083713,ok,1.0,0.9982962480010784,1.0,0.9982962480010784
dMRI_TBSS_ISOVF_inferior_cerebellar_peduncle_left,25451.0,exploratory,primary,dMRI_TBSS,ISOVF,inferior cerebellar peduncle (left),basket,A,G,36310,0.007039224650846014,0.007116074096591215,0.9892005838188204,0.3225716102857197,nonrobust,0.014078449301692029,ok,1.0,0.9982962480010784,1.0,0.9982962480010784
dMRI_TBSS_OD_inferior_cerebellar_peduncle_right,25402.0,exploratory,primary,dMRI_TBSS,OD,inferior cerebellar peduncle (right),basket,A,G,36234,-0.007009536393798448,0.007105787657283956,-0.9864545257854921,0.32391671239940123,nonrobust,-0.014019072787596896,ok,1.0,0.9982962480010784,1.0,0.9982962480010784
dMRI_TBSS_L2_fornix_cres_stria_terminalis_left,25287.0,exploratory,primary,dMRI_TBSS,L2,fornix cres+stria terminalis (left),basket,A,G,36286,0.006218237225084845,0.006307970928423587,0.9857745534408848,0.32425033409475135,nonrobust,0.01243647445016969,ok,1.0,0.9982962480010784,1.0,0.9982962480010784
dMRI_TBSS_FA_superior_corona_radiata_right,25080.0,exploratory,primary,dMRI_TBSS,FA,superior corona radiata (right),basket,A,G,36348,0.007046253118343001,0.007200856758272629,0.9785298270581465,0.3278188650348919,nonrobust,0.014092506236686002,ok,1.0,0.9982962480010784,1.0,0.9982962480010784
dMRI_TBSS_L3_superior_longitudinal_fasciculus_left,25337.0,exploratory,primary,dMRI_TBSS,L3,superior longitudinal fasciculus (left),basket,A,G,36305,0.006838533745054,0.006993210117605504,0.9778819211849357,0.3281392492846985,nonrobust,0.013677067490108,ok,1.0,0.9982962480010784,1.0,0.9982962480010784
dMRI_weighted_mean_FA_medial_lemniscus_right,25506.0,exploratory,primary,dMRI_weighted_mean,FA,medial lemniscus (right),basket,A,G,36341,-0.006890200774998253,0.007050182924658079,-0.9773080852838177,0.3284231627774311,nonrobust,-0.013780401549996506,ok,1.0,0.9982962480010784,1.0,0.9982962480010784
dMRI_TBSS_L3_cingulum_hippocampus_right,25332.0,exploratory,primary,dMRI_TBSS,L3,cingulum hippocampus (right),basket,A,G,36328,-0.007036471339209687,0.007224675608018453,-0.9739497966386361,0.33008795756180653,nonrobust,-0.014072942678419374,ok,1.0,0.9982962480010784,1.0,0.9982962480010784
dMRI_weighted_mean_L2_superior_longitudinal_fasciculus_right,25618.0,exploratory,primary,dMRI_weighted_mean,L2,superior longitudinal fasciculus (right),basket,A,G,36322,0.006776033323109474,0.006979090344972785,0.9709049443657685,0.33160208673045866,nonrobust,0.013552066646218948,ok,1.0,0.9982962480010784,1.0,0.9982962480010784
dMRI_weighted_mean_OD_medial_lemniscus_left,25694.0,exploratory,primary,dMRI_weighted_mean,OD,medial lemniscus (left),basket,A,G,36321,-0.00700164095172918,0.007238539696739678,-0.9672725777663138,0.3334142346504433,nonrobust,-0.01400328190345836,ok,1.0,0.9982962480010784,1.0,0.9982962480010784
dMRI_TBSS_ICVF_cingulum_hippocampus_left,25381.0,exploratory,primary,dMRI_TBSS,ICVF,cingulum hippocampus (left),basket,A,G,36316,0.006846071810050202,0.007133304130151791,0.9597336220549625,0.3371956921937763,nonrobust,0.013692143620100404,ok,1.0,0.9982962480010784,1.0,0.9982962480010784
dMRI_weighted_mean_L2_superior_thalamic_radiation_left,25619.0,exploratory,primary,dMRI_weighted_mean,L2,superior thalamic radiation (left),basket,A,G,36333,0.006653925849409681,0.006984862821406137,0.9526208344447008,0.3407885599451904,nonrobust,0.013307851698819363,ok,1.0,0.9982962480010784,1.0,0.9982962480010784
dMRI_weighted_mean_MD_forceps_minor,25526.0,exploratory,primary,dMRI_weighted_mean,MD,forceps minor,basket,A,G,36337,-0.006649753082085424,0.00702226351382988,-0.9469529403146405,0.34366906211949344,nonrobust,-0.013299506164170848,ok,1.0,0.9982962480010784,1.0,0.9982962480010784
dMRI_weighted_mean_OD_uncinate_fasciculus_left,25702.0,exploratory,primary,dMRI_weighted_mean,OD,uncinate fasciculus (left),basket,A,G,36320,0.006842151418058506,0.007228722194821038,0.9465229446720905,0.3438882276131643,nonrobust,0.013684302836117011,ok,1.0,0.9982962480010784,1.0,0.9982962480010784
dMRI_TBSS_ICVF_medial_lemniscus_left,25353.0,exploratory,primary,dMRI_TBSS,ICVF,medial lemniscus (left),basket,A,G,36314,-0.0065858568815871064,0.006963417003981127,-0.9457794754819133,0.344267374600272,nonrobust,-0.013171713763174213,ok,1.0,0.9982962480010784,1.0,0.9982962480010784
dMRI_weighted_mean_MD_forceps_major,25525.0,exploratory,primary,dMRI_weighted_mean,MD,forceps major,basket,A,G,36333,0.006899795006425491,0.0073345868176284594,0.9407203402163078,0.3468544523166782,nonrobust,0.013799590012850981,ok,1.0,0.9982962480010784,1.0,0.9982962480010784
dMRI_weighted_mean_RD_superior_thalamic_radiation_left,,exploratory,primary,dMRI_weighted_mean,RD,superior thalamic radiation (left),derived,A,G,36329,0.006497035229521022,0.006918266948522683,0.9391131157360717,0.34767892013305257,nonrobust,0.012994070459042044,ok,1.0,0.9982962480010784,1.0,0.9982962480010784
dMRI_weighted_mean_MD_superior_longitudinal_fasciculus_left,25536.0,exploratory,primary,dMRI_weighted_mean,MD,superior longitudinal fasciculus (left),basket,A,G,36318,0.006460720122956978,0.006899879539907506,0.9363525965329511,0.34909790763346404,nonrobust,0.012921440245913955,ok,1.0,0.9982962480010784,1.0,0.9982962480010784
dMRI_TBSS_L2_anterior_corona_radiata_left,25271.0,exploratory,primary,dMRI_TBSS,L2,anterior corona radiata (left),basket,A,G,36330,0.0061660378374044774,0.006599936550207214,0.9342571387615668,0.35017748267943427,nonrobust,0.012332075674808955,ok,1.0,0.9982962480010784,1.0,0.9982962480010784
dMRI_weighted_mean_L1_parahippocampal_part_of_cingulum_right,25576.0,exploratory,primary,dMRI_weighted_mean,L1,parahippocampal part of cingulum (right),basket,A,G,36305,0.00646277259238317,0.00692231849013513,0.9336138754079503,0.35050931982600664,nonrobust,0.01292554518476634,ok,1.0,0.9982962480010784,1.0,0.9982962480010784
dMRI_weighted_mean_L3_superior_thalamic_radiation_left,25646.0,exploratory,primary,dMRI_weighted_mean,L3,superior thalamic radiation (left),basket,A,G,36327,0.006418462979875416,0.006877121837552763,0.933306567992903,0.350667913566186,nonrobust,0.012836925959750832,ok,1.0,0.9982962480010784,1.0,0.9982962480010784
dMRI_TBSS_ISOVF_superior_corona_radiata_left,25465.0,exploratory,primary,dMRI_TBSS,ISOVF,superior corona radiata (left),basket,A,G,36335,0.006512185541375514,0.006978505098285513,0.9331777292783572,0.3507344177799101,nonrobust,0.013024371082751028,ok,1.0,0.9982962480010784,1.0,0.9982962480010784
dMRI_TBSS_ICVF_posterior_limb_of_internal_capsule_right,25362.0,exploratory,primary,dMRI_TBSS,ICVF,posterior limb of internal capsule (right),basket,A,G,36314,-0.006611617082091465,0.00714070434700109,-0.9259054514514625,0.3545012765062634,nonrobust,-0.01322323416418293,ok,1.0,0.9982962480010784,1.0,0.9982962480010784
dMRI_weighted_mean_OD_superior_thalamic_radiation_right,25701.0,exploratory,primary,dMRI_weighted_mean,OD,superior thalamic radiation (right),basket,A,G,36334,-0.006044766649867149,0.006534229155334932,-0.9250925405534397,0.35492392222988933,nonrobust,-0.012089533299734298,ok,1.0,0.9982962480010784,1.0,0.9982962480010784
dMRI_weighted_mean_ISOVF_parahippocampal_part_of_cingulum_right,25711.0,exploratory,primary,dMRI_weighted_mean,ISOVF,parahippocampal part of cingulum (right),basket,A,G,36299,0.006512674880104386,0.007047417468672644,0.9241221921440996,0.35542884856843515,nonrobust,0.013025349760208771,ok,1.0,0.9982962480010784,1.0,0.9982962480010784
dMRI_TBSS_RD_fornix_cres_stria_terminalis_left,,exploratory,primary,dMRI_TBSS,RD,fornix cres+stria terminalis (left),derived,A,G,36269,0.005802211039467419,0.0062912045852140846,0.9222734630350563,0.35639209267257743,nonrobust,0.011604422078934837,ok,1.0,0.9982962480010784,1.0,0.9982962480010784
dMRI_TBSS_OD_cingulum_cingulate_gyrus_right,25426.0,exploratory,primary,dMRI_TBSS,OD,cingulum cingulate gyrus (right),basket,A,G,36308,0.006657585387905599,0.007220236405291673,0.922073047778088,0.356496606731768,nonrobust,0.013315170775811198,ok,1.0,0.9982962480010784,1.0,0.9982962480010784
dMRI_weighted_mean_RD_anterior_thalamic_radiation_left,,exploratory,primary,dMRI_weighted_mean,RD,anterior thalamic radiation (left),derived,A,G,36320,0.00601990485504624,0.006537844557043001,0.9207782171206866,0.35717235094074107,nonrobust,0.01203980971009248,ok,1.0,0.9982962480010784,1.0,0.9982962480010784
dMRI_TBSS_OD_posterior_corona_radiata_left,25419.0,exploratory,primary,dMRI_TBSS,OD,posterior corona radiata (left),basket,A,G,36330,-0.006394563080975541,0.00697037597428662,-0.917391415407831,0.35894366484713824,nonrobust,-0.012789126161951082,ok,1.0,0.9982962480010784,1.0,0.9982962480010784
dMRI_TBSS_FA_medial_lemniscus_right,25064.0,exploratory,primary,dMRI_TBSS,FA,medial lemniscus (right),basket,A,G,36323,0.006369812379571811,0.006957736124180993,0.9155007125714492,0.35993491152816637,nonrobust,0.012739624759143623,ok,1.0,0.9982962480010784,1.0,0.9982962480010784
dMRI_TBSS_RD_inferior_cerebellar_peduncle_right,,exploratory,primary,dMRI_TBSS,RD,inferior cerebellar peduncle (right),derived,A,G,36295,-0.0064450185508846845,0.00709377318225168,-0.908545901497083,0.36359591178053174,nonrobust,-0.012890037101769369,ok,1.0,0.9982962480010784,1.0,0.9982962480010784
dMRI_weighted_mean_L1_forceps_minor,25580.0,exploratory,primary,dMRI_weighted_mean,L1,forceps minor,basket,A,G,36338,-0.006422954783340542,0.007069941897199315,-0.9084876335242487,0.3636266748180128,nonrobust,-0.012845909566681085,ok,1.0,0.9982962480010784,1.0,0.9982962480010784
dMRI_weighted_mean_L1_anterior_thalamic_radiation_right,25572.0,exploratory,primary,dMRI_weighted_mean,L1,anterior thalamic radiation (right),basket,A,G,36332,0.005546222420343849,0.0061211010000868805,0.9060824874912419,0.3648982079484674,nonrobust,0.011092444840687698,ok,1.0,0.9982962480010784,1.0,0.9982962480010784
dMRI_TBSS_MD_posterior_thalamic_radiation_right,25132.0,exploratory,primary,dMRI_TBSS,MD,posterior thalamic radiation (right),basket,A,G,36328,0.006193885415644193,0.006907309041524292,0.8967146798280996,0.36987713269397393,nonrobust,0.012387770831288386,ok,1.0,0.9982962480010784,1.0,0.9982962480010784
dMRI_TBSS_L2_retrolenticular_part_of_internal_capsule_f25268,25268.0,exploratory,primary,dMRI_TBSS,L2,retrolenticular part of internal capsule (right),basket,A,G,36342,-0.006466437180563174,0.007261564351983827,-0.8905019451898918,0.37320232461931824,nonrobust,-0.012932874361126348,ok,1.0,0.9982962480010784,1.0,0.9982962480010784
dMRI_weighted_mean_ISOVF_superior_longitudinal_fasciculus_left,25725.0,exploratory,primary,dMRI_weighted_mean,ISOVF,superior longitudinal fasciculus (left),basket,A,G,36333,0.0062976724446808935,0.007123517694685571,0.8840677758657368,0.3766654822210731,nonrobust,0.012595344889361787,ok,1.0,0.9982962480010784,1.0,0.9982962480010784
dMRI_weighted_mean_RD_uncinate_fasciculus_right,,exploratory,primary,dMRI_weighted_mean,RD,uncinate fasciculus (right),derived,A,G,36330,-0.0059687326387429076,0.006862153275745987,-0.8698046223827672,0.3844129366500243,nonrobust,-0.011937465277485815,ok,1.0,0.9982962480010784,1.0,0.9982962480010784
dMRI_TBSS_ISOVF_superior_fronto_occipital_fasciculus_rig,25482.0,exploratory,primary,dMRI_TBSS,ISOVF,superior fronto-occipital fasciculus (right),basket,A,G,36309,0.006172087434038493,0.007105815424089384,0.8685966445335092,0.38507353662349775,nonrobust,0.012344174868076986,ok,1.0,0.9982962480010784,1.0,0.9982962480010784
dMRI_TBSS_RD_posterior_limb_of_internal_capsule_right,,exploratory,primary,dMRI_TBSS,RD,posterior limb of internal capsule (right),derived,A,G,36336,-0.006213254581086005,0.00720948065880841,-0.8618172202868408,0.38879379953543625,nonrobust,-0.01242650916217201,ok,1.0,0.9982962480010784,1.0,0.9982962480010784
dMRI_TBSS_L1_pontine_crossing_tract,25201.0,exploratory,primary,dMRI_TBSS,L1,pontine crossing tract,basket,A,G,36327,0.006168620878528172,0.007198626718077422,0.8569163425347968,0.3914967779798776,nonrobust,0.012337241757056343,ok,1.0,0.9982962480010784,1.0,0.9982962480010784
dMRI_weighted_mean_L1_acoustic_radiation_left,25569.0,exploratory,primary,dMRI_weighted_mean,L1,acoustic radiation (left),basket,A,G,36330,0.0062075306259216,0.007326520124781387,0.8472686241487427,0.3968509972057692,nonrobust,0.0124150612518432,ok,1.0,0.9982962480010784,1.0,0.9982962480010784
dMRI_weighted_mean_FA_posterior_thalamic_radiation_left,25507.0,exploratory,primary,dMRI_weighted_mean,FA,posterior thalamic radiation (left),basket,A,G,36331,-0.005937426869840182,0.007023577656422869,-0.845356477892797,0.3979174084973387,nonrobust,-0.011874853739680363,ok,1.0,0.9982962480010784,1.0,0.9982962480010784
dMRI_TBSS_MD_pontine_crossing_tract,25105.0,exploratory,primary,dMRI_TBSS,MD,pontine crossing tract,basket,A,G,36335,0.006139177164782811,0.007277491545814665,0.8435842386259443,0.39890733315705007,nonrobust,0.012278354329565621,ok,1.0,0.9982962480010784,1.0,0.9982962480010784
dMRI_weighted_mean_ICVF_corticospinal_tract_left,25658.0,exploratory,primary,dMRI_weighted_mean,ICVF,corticospinal tract (left),basket,A,G,36314,-0.006161815778114041,0.007308838053667064,-0.8430636624959111,0.3991983976852118,nonrobust,-0.012323631556228083,ok,1.0,0.9982962480010784,1.0,0.9982962480010784
dMRI_TBSS_RD_tapetum_right,,exploratory,primary,dMRI_TBSS,RD,tapetum (right),derived,A,G,36338,0.0058059933733480475,0.0069279451222269955,0.8380541807007998,0.40200579176248774,nonrobust,0.011611986746696095,ok,1.0,0.9982962480010784,1.0,0.9982962480010784
dMRI_weighted_mean_FA_superior_thalamic_radiation_left,25511.0,exploratory,primary,dMRI_weighted_mean,FA,superior thalamic radiation (left),basket,A,G,36344,0.005960366696379104,0.007113509937030165,0.8378939158223079,0.4020958010666459,nonrobust,0.011920733392758207,ok,1.0,0.9982962480010784,1.0,0.9982962480010784
dMRI_TBSS_L1_medial_lemniscus_left,25209.0,exploratory,primary,dMRI_TBSS,L1,medial lemniscus (left),basket,A,G,36323,0.00613520101853452,0.007337004727276215,0.8361996818301285,0.4030480829876778,nonrobust,0.01227040203706904,ok,1.0,0.9982962480010784,1.0,0.9982962480010784
dMRI_TBSS_L3_pontine_crossing_tract,25297.0,exploratory,primary,dMRI_TBSS,L3,pontine crossing tract,basket,A,G,36341,0.006049268644858742,0.007287911110707722,0.8300414965230419,0.40652077967296385,nonrobust,0.012098537289717484,ok,1.0,0.9982962480010784,1.0,0.9982962480010784
dMRI_TBSS_ICVF_sagittal_stratum_left,25375.0,exploratory,primary,dMRI_TBSS,ICVF,sagittal stratum (left),basket,A,G,36327,0.005803982035245283,0.007045100721078415,0.8238323716054481,0.4100402245604834,nonrobust,0.011607964070490567,ok,1.0,0.9982962480010784,1.0,0.9982962480010784
dMRI_TBSS_OD_corticospinal_tract_left,25399.0,exploratory,primary,dMRI_TBSS,OD,corticospinal tract (left),basket,A,G,36331,-0.005957621753203051,0.0072396389236812,-0.8229169736235588,0.4105606155477126,nonrobust,-0.011915243506406102,ok,1.0,0.9982962480010784,1.0,0.9982962480010784
dMRI_TBSS_FA_splenium_of_corpus_callosum,25060.0,exploratory,primary,dMRI_TBSS,FA,splenium of corpus callosum,basket,A,G,36316,0.006043497312602906,0.007392955968778916,0.817466969656672,0.4136669854829751,nonrobust,0.012086994625205813,ok,1.0,0.9982962480010784,1.0,0.9982962480010784
dMRI_TBSS_L3_uncinate_fasciculus_right,25340.0,exploratory,primary,dMRI_TBSS,L3,uncinate fasciculus (right),basket,A,G,36331,-0.005884733335376229,0.007253032989799287,-0.8113479345333954,0.41717120973926825,nonrobust,-0.011769466670752458,ok,1.0,0.9982962480010784,1.0,0.9982962480010784
dMRI_TBSS_ISOVF_uncinate_fasciculus_left,25485.0,exploratory,primary,dMRI_TBSS,ISOVF,uncinate fasciculus (left),basket,A,G,36297,0.005956340050811123,0.007363482048781241,0.8089026375499863,0.41857645834345947,nonrobust,0.011912680101622245,ok,1.0,0.9982962480010784,1.0,0.9982962480010784
dMRI_TBSS_OD_anterior_corona_radiata_right,25414.0,exploratory,primary,dMRI_TBSS,OD,anterior corona radiata (right),basket,A,G,36333,0.005887382439323524,0.007297326035081214,0.8067862681508928,0.41979491748757003,nonrobust,0.011774764878647048,ok,1.0,0.9982962480010784,1.0,0.9982962480010784
dMRI_TBSS_ISOVF_external_capsule_left,25473.0,exploratory,primary,dMRI_TBSS,ISOVF,external capsule (left),basket,A,G,36259,0.005737741450647178,0.007164122963736479,0.8008993535832102,0.42319516681174174,nonrobust,0.011475482901294356,ok,1.0,0.9982962480010784,1.0,0.9982962480010784
dMRI_TBSS_L2_posterior_limb_of_internal_capsule_left,25267.0,exploratory,primary,dMRI_TBSS,L2,posterior limb of internal capsule (left),basket,A,G,36343,-0.005729668764043142,0.007157019164051128,-0.8005663576845791,0.42338797124270544,nonrobust,-0.011459337528086285,ok,1.0,0.9982962480010784,1.0,0.9982962480010784
dMRI_TBSS_OD_external_capsule_left,25425.0,exploratory,primary,dMRI_TBSS,OD,external capsule (left),basket,A,G,36318,-0.005734840345466594,0.007209445718876363,-0.795462032601364,0.42634999136362384,nonrobust,-0.011469680690933189,ok,1.0,0.9982962480010784,1.0,0.9982962480010784
dMRI_weighted_mean_RD_forceps_minor,,exploratory,primary,dMRI_weighted_mean,RD,forceps minor,derived,A,G,36336,-0.005573456622460628,0.007009259973065612,-0.795156213905273,0.42652783690464124,nonrobust,-0.011146913244921257,ok,1.0,0.9982962480010784,1.0,0.9982962480010784
dMRI_TBSS_ICVF_superior_cerebellar_peduncle_left,25357.0,exploratory,primary,dMRI_TBSS,ICVF,superior cerebellar peduncle (left),basket,A,G,36311,-0.005634187168311072,0.007141751755428912,-0.7889082904664333,0.43017076512419716,nonrobust,-0.011268374336622144,ok,1.0,0.9982962480010784,1.0,0.9982962480010784
dMRI_weighted_mean_L2_corticospinal_tract_right,25605.0,exploratory,primary,dMRI_weighted_mean,L2,corticospinal tract (right),basket,A,G,36328,-0.005676858547443849,0.007224380924464808,-0.7857916971431567,0.4319946611825478,nonrobust,-0.011353717094887698,ok,1.0,0.9982962480010784,1.0,0.9982962480010784
dMRI_TBSS_L3_anterior_limb_of_internal_capsule_left,25313.0,exploratory,primary,dMRI_TBSS,L3,anterior limb of internal capsule (left),basket,A,G,36317,0.00519382043037629,0.006656751668509287,0.7802334665639397,0.4352585564263636,nonrobust,0.01038764086075258,ok,1.0,0.9982962480010784,1.0,0.9982962480010784
dMRI_TBSS_ICVF_cingulum_hippocampus_right,25380.0,exploratory,primary,dMRI_TBSS,ICVF,cingulum hippocampus (right),basket,A,G,36318,0.0055715671277868405,0.007147203936441819,0.7795450049184692,0.4356638215871438,nonrobust,0.011143134255573681,ok,1.0,0.9982962480010784,1.0,0.9982962480010784
dMRI_TBSS_ICVF_splenium_of_corpus_callosum,25348.0,exploratory,primary,dMRI_TBSS,ICVF,splenium of corpus callosum,basket,A,G,36319,0.005498099671337162,0.007054903211669392,0.7793302766000889,0.43579026651955555,nonrobust,0.010996199342674325,ok,1.0,0.9982962480010784,1.0,0.9982962480010784
dMRI_weighted_mean_RD_cingulate_gyrus_part_of_cingulum_right,,exploratory,primary,dMRI_weighted_mean,RD,cingulate gyrus part of cingulum (right),derived,A,G,36330,-0.005577402812248588,0.007173857056447514,-0.7774622170978288,0.43689118445670005,nonrobust,-0.011154805624497176,ok,1.0,0.9982962480010784,1.0,0.9982962480010784
dMRI_TBSS_FA_superior_fronto_occipital_fasciculus_rig,25098.0,exploratory,primary,dMRI_TBSS,FA,superior fronto-occipital fasciculus (right),basket,A,G,36349,0.0054434853524202255,0.0070115239530302645,0.7763626550926409,0.4375399442896737,nonrobust,0.010886970704840451,ok,1.0,0.9982962480010784,1.0,0.9982962480010784
dMRI_TBSS_RD_pontine_crossing_tract,,exploratory,primary,dMRI_TBSS,RD,pontine crossing tract,derived,A,G,36344,0.005672128755648598,0.0073256326089941575,0.774285178959774,0.4387672074776944,nonrobust,0.011344257511297196,ok,1.0,0.9982962480010784,1.0,0.9982962480010784
dMRI_TBSS_MD_superior_corona_radiata_left,25129.0,exploratory,primary,dMRI_TBSS,MD,superior corona radiata (left),basket,A,G,36278,0.005097170738242316,0.006585040464875199,0.7740530624573647,0.43890446149333917,nonrobust,0.010194341476484632,ok,1.0,0.9982962480010784,1.0,0.9982962480010784
dMRI_TBSS_L2_superior_fronto_occipital_fasciculus_lef,25291.0,exploratory,primary,dMRI_TBSS,L2,superior fronto-occipital fasciculus (left),basket,A,G,36298,0.005101019085398205,0.006599265297692943,0.7729677252377603,0.4395465193833705,nonrobust,0.01020203817079641,ok,1.0,0.9982962480010784,1.0,0.9982962480010784
dMRI_TBSS_ICVF_superior_corona_radiata_right,25368.0,exploratory,primary,dMRI_TBSS,ICVF,superior corona radiata (right),basket,A,G,36297,-0.0052851933391915695,0.006892848979216742,-0.7667647086317194,0.4432264140020694,nonrobust,-0.010570386678383139,ok,1.0,0.9982962480010784,1.0,0.9982962480010784
dMRI_TBSS_L3_external_capsule_right,25328.0,exploratory,primary,dMRI_TBSS,L3,external capsule (right),basket,A,G,36304,-0.005242409305466281,0.0068890165610277524,-0.7609807958836117,0.44667348473411417,nonrobust,-0.010484818610932561,ok,1.0,0.9982962480010784,1.0,0.9982962480010784
dMRI_TBSS_ICVF_posterior_thalamic_radiation_left,25373.0,exploratory,primary,dMRI_TBSS,ICVF,posterior thalamic radiation (left),basket,A,G,36328,0.00529555459859433,0.006961296932985666,0.7607137936469395,0.4468329758650469,nonrobust,0.01059110919718866,ok,1.0,0.9982962480010784,1.0,0.9982962480010784
dMRI_weighted_mean_L3_superior_thalamic_radiation_right,25647.0,exploratory,primary,dMRI_weighted_mean,L3,superior thalamic radiation (right),basket,A,G,36322,0.005268572693015976,0.006928950150716472,0.7603709910470624,0.4470377981061495,nonrobust,0.010537145386031952,ok,1.0,0.9982962480010784,1.0,0.9982962480010784
dMRI_weighted_mean_L2_cingulate_gyrus_part_of_cingulum_right,25601.0,exploratory,primary,dMRI_weighted_mean,L2,cingulate gyrus part of cingulum (right),basket,A,G,36330,-0.0054001541040900455,0.007118573826278592,-0.7586005618365705,0.44809646207770604,nonrobust,-0.010800308208180091,ok,1.0,0.9982962480010784,1.0,0.9982962480010784
dMRI_TBSS_ISOVF_tapetum_left,25487.0,exploratory,primary,dMRI_TBSS,ISOVF,tapetum (left),basket,A,G,36332,0.005470413555428234,0.007219436028918636,0.7577341960667835,0.4486150418567004,nonrobust,0.010940827110856468,ok,1.0,0.9982962480010784,1.0,0.9982962480010784
dMRI_TBSS_FA_superior_corona_radiata_left,25081.0,exploratory,primary,dMRI_TBSS,FA,superior corona radiata (left),basket,A,G,36351,0.005409911810291327,0.007148722960012288,0.7567661861499845,0.44919486323306446,nonrobust,0.010819823620582654,ok,1.0,0.9982962480010784,1.0,0.9982962480010784
dMRI_weighted_mean_OD_superior_longitudinal_fasciculus_left,25698.0,exploratory,primary,dMRI_weighted_mean,OD,superior longitudinal fasciculus (left),basket,A,G,36340,-0.005320709169965191,0.007040908978394197,-0.7556849813415245,0.4498429931122718,nonrobust,-0.010641418339930382,ok,1.0,0.9982962480010784,1.0,0.9982962480010784
dMRI_TBSS_L1_fornix_cres_stria_terminalis_left,25239.0,exploratory,primary,dMRI_TBSS,L1,fornix cres+stria terminalis (left),basket,A,G,36315,0.005376319102438681,0.007122260426344289,0.7548613474666548,0.4503370794579794,nonrobust,0.010752638204877362,ok,1.0,0.9982962480010784,1.0,0.9982962480010784
dMRI_TBSS_L1_medial_lemniscus_right,25208.0,exploratory,primary,dMRI_TBSS,L1,medial lemniscus (right),basket,A,G,36317,0.005535656309399411,0.007342644851208028,0.75390495135941,0.4509111893671587,nonrobust,0.011071312618798823,ok,1.0,0.9982962480010784,1.0,0.9982962480010784
dMRI_TBSS_RD_cingulum_hippocampus_left,,exploratory,primary,dMRI_TBSS,RD,cingulum hippocampus (left),derived,A,G,36317,-0.005362869571457572,0.00715626241081067,-0.7493953216914051,0.4536238281334074,nonrobust,-0.010725739142915145,ok,1.0,0.9982962480010784,1.0,0.9982962480010784
dMRI_weighted_mean_RD_superior_longitudinal_fasciculus_left,,exploratory,primary,dMRI_weighted_mean,RD,superior longitudinal fasciculus (left),derived,A,G,36316,0.005232576254362818,0.0069863799056817145,0.7489681816626369,0.45388123860008656,nonrobust,0.010465152508725636,ok,1.0,0.9982962480010784,1.0,0.9982962480010784
dMRI_weighted_mean_ICVF_forceps_minor,25661.0,exploratory,primary,dMRI_weighted_mean,ICVF,forceps minor,basket,A,G,36317,0.005226957794938963,0.00702296694063851,0.7442663249193283,0.4567201895023312,nonrobust,0.010453915589877925,ok,1.0,0.9982962480010784,1.0,0.9982962480010784
dMRI_weighted_mean_L3_cingulate_gyrus_part_of_cingulum_right,25628.0,exploratory,primary,dMRI_weighted_mean,L3,cingulate gyrus part of cingulum (right),basket,A,G,36331,-0.005349874417916303,0.007236370186007417,-0.7393035845873488,0.4597274538211744,nonrobust,-0.010699748835832606,ok,1.0,0.9982962480010784,1.0,0.9982962480010784
dMRI_TBSS_L1_posterior_thalamic_radiation_left,25229.0,exploratory,primary,dMRI_TBSS,L1,posterior thalamic radiation (left),basket,A,G,36341,-0.0051829209742616095,0.00702869419752463,-0.7373945755225678,0.4608871983046038,nonrobust,-0.010365841948523219,ok,1.0,0.9982962480010784,1.0,0.9982962480010784
dMRI_weighted_mean_RD_superior_thalamic_radiation_right,,exploratory,primary,dMRI_weighted_mean,RD,superior thalamic radiation (right),derived,A,G,36322,0.00510560993556059,0.006957877142427395,0.733788457463248,0.4630824169065909,nonrobust,0.01021121987112118,ok,1.0,0.9982962480010784,1.0,0.9982962480010784
dMRI_TBSS_FA_cingulum_hippocampus_left,25093.0,exploratory,primary,dMRI_TBSS,FA,cingulum hippocampus (left),basket,A,G,36343,0.005200840372095246,0.0071097687508102515,0.7315062633369815,0.4644747008509704,nonrobust,0.010401680744190492,ok,1.0,0.9982962480010784,1.0,0.9982962480010784
dMRI_TBSS_L2_corticospinal_tract_right,25254.0,exploratory,primary,dMRI_TBSS,L2,corticospinal tract (right),basket,A,G,36342,-0.0052759995160177415,0.007254921393291202,-0.7272304178094312,0.4670895041054225,nonrobust,-0.010551999032035483,ok,1.0,0.9982962480010784,1.0,0.9982962480010784
dMRI_weighted_mean_ICVF_superior_longitudinal_fasciculus_right,25672.0,exploratory,primary,dMRI_weighted_mean,ICVF,superior longitudinal fasciculus (right),basket,A,G,36315,-0.005180611512632371,0.007127855198871465,-0.7268121150177973,0.46734574951136965,nonrobust,-0.010361223025264743,ok,1.0,0.9982962480010784,1.0,0.9982962480010784
dMRI_TBSS_RD_external_capsule_right,,exploratory,primary,dMRI_TBSS,RD,external capsule (right),derived,A,G,36309,-0.004896071023281446,0.006742548683629711,-0.7261454463308002,0.4677542960293213,nonrobust,-0.009792142046562893,ok,1.0,0.9982962480010784,1.0,0.9982962480010784
dMRI_TBSS_ICVF_corticospinal_tract_left,25351.0,exploratory,primary,dMRI_TBSS,ICVF,corticospinal tract (left),basket,A,G,36322,0.005212523004463079,0.0071874900516634335,0.7252215957163963,0.468320772493388,nonrobust,0.010425046008926159,ok,1.0,0.9982962480010784,1.0,0.9982962480010784
dMRI_TBSS_RD_anterior_corona_radiata_left,,exploratory,primary,dMRI_TBSS,RD,anterior corona radiata (left),derived,A,G,36327,0.004733128071320451,0.006538146070909966,0.7239251035365295,0.46911638310617787,nonrobust,0.009466256142640902,ok,1.0,0.9982962480010784,1.0,0.9982962480010784
dMRI_weighted_mean_ICVF_corticospinal_tract_right,25659.0,exploratory,primary,dMRI_weighted_mean,ICVF,corticospinal tract (right),basket,A,G,36313,-0.005231606429472315,0.0072381308882117105,-0.7227841704261945,0.46981715310910666,nonrobust,-0.01046321285894463,ok,1.0,0.9982962480010784,1.0,0.9982962480010784
dMRI_TBSS_ISOVF_cingulum_hippocampus_right,25476.0,exploratory,primary,dMRI_TBSS,ISOVF,cingulum hippocampus (right),basket,A,G,36290,0.005136838937024528,0.00715635269180228,0.717801254109354,0.4728844646220919,nonrobust,0.010273677874049056,ok,1.0,0.9982962480010784,1.0,0.9982962480010784
dMRI_TBSS_OD_body_of_corpus_callosum,25395.0,exploratory,primary,dMRI_TBSS,OD,body of corpus callosum,basket,A,G,36328,0.005190436155291406,0.0072374494658686535,0.7171637162745204,0.47327769955955534,nonrobust,0.010380872310582812,ok,1.0,0.9982962480010784,1.0,0.9982962480010784
dMRI_TBSS_MD_cerebral_peduncle_right,25118.0,exploratory,primary,dMRI_TBSS,MD,cerebral peduncle (right),basket,A,G,36332,0.0050977487661126135,0.007259678456585102,0.7022003517922413,0.4825587286681532,nonrobust,0.010195497532225227,ok,1.0,0.9982962480010784,1.0,0.9982962480010784
dMRI_TBSS_L2_uncinate_fasciculus_left,25293.0,exploratory,primary,dMRI_TBSS,L2,uncinate fasciculus (left),basket,A,G,36333,-0.0050028893640928305,0.007214603089486164,-0.6934393066450929,0.48803833890017045,nonrobust,-0.010005778728185661,ok,1.0,0.9982962480010784,1.0,0.9982962480010784
dMRI_weighted_mean_L2_corticospinal_tract_left,25604.0,exploratory,primary,dMRI_weighted_mean,L2,corticospinal tract (left),basket,A,G,36327,-0.005019104930709163,0.0072874510895735425,-0.6887325717890861,0.4909959771472534,nonrobust,-0.010038209861418327,ok,1.0,0.9982962480010784,1.0,0.9982962480010784
dMRI_TBSS_ICVF_uncinate_fasciculus_right,25388.0,exploratory,primary,dMRI_TBSS,ICVF,uncinate fasciculus (right),basket,A,G,36318,0.004870402439674629,0.007075631887500653,0.6883346275091505,0.49124648089095746,nonrobust,0.009740804879349259,ok,1.0,0.9982962480010784,1.0,0.9982962480010784
dMRI_TBSS_L1_cingulum_cingulate_gyrus_left,25235.0,exploratory,primary,dMRI_TBSS,L1,cingulum cingulate gyrus (left),basket,A,G,36336,-0.004986419525308426,0.007288797111250117,-0.6841210489467437,0.4939030980490725,nonrobust,-0.009972839050616852,ok,1.0,0.9982962480010784,1.0,0.9982962480010784
dMRI_weighted_mean_ICVF_medial_lemniscus_left,25667.0,exploratory,primary,dMRI_weighted_mean,ICVF,medial lemniscus (left),basket,A,G,36311,-0.004844484851823325,0.007100842916569425,-0.6822408140474403,0.49509104658765835,nonrobust,-0.00968896970364665,ok,1.0,0.9982962480010784,1.0,0.9982962480010784
dMRI_weighted_mean_FA_cingulate_gyrus_part_of_cingulum_right,25493.0,exploratory,primary,dMRI_weighted_mean,FA,cingulate gyrus part of cingulum (right),basket,A,G,36332,0.004934871427108472,0.007255010872927748,0.680201796185181,0.49638103317874815,nonrobust,0.009869742854216944,ok,1.0,0.9982962480010784,1.0,0.9982962480010784
dMRI_weighted_mean_OD_parahippocampal_part_of_cingulum_right,25684.0,exploratory,primary,dMRI_weighted_mean,OD,parahippocampal part of cingulum (right),basket,A,G,36329,-0.004851683099542764,0.0071881501493728074,-0.6749557255653724,0.49970819365077845,nonrobust,-0.009703366199085527,ok,1.0,0.9982962480010784,1.0,0.9982962480010784
dMRI_TBSS_MD_cingulum_hippocampus_right,25140.0,exploratory,primary,dMRI_TBSS,MD,cingulum hippocampus (right),basket,A,G,36325,-0.004911297312247307,0.007298495856042067,-0.6729191067747863,0.5010030404042123,nonrobust,-0.009822594624494614,ok,1.0,0.9982962480010784,1.0,0.9982962480010784
dMRI_weighted_mean_L2_superior_thalamic_radiation_right,25620.0,exploratory,primary,dMRI_weighted_mean,L2,superior thalamic radiation (right),basket,A,G,36324,0.004688827911013553,0.007001291180077382,0.6697090280084209,0.5030475561391419,nonrobust,0.009377655822027106,ok,1.0,0.9982962480010784,1.0,0.9982962480010784
dMRI_weighted_mean_ISOVF_cingulate_gyrus_part_of_cingulum_left,25708.0,exploratory,primary,dMRI_weighted_mean,ISOVF,cingulate gyrus part of cingulum (left),basket,A,G,36340,-0.004888934505473476,0.007307638121159594,-0.669017050983593,0.50348885486233,nonrobust,-0.009777869010946951,ok,1.0,0.9982962480010784,1.0,0.9982962480010784
dMRI_TBSS_L1_cingulum_hippocampus_right,25236.0,exploratory,primary,dMRI_TBSS,L1,cingulum hippocampus (right),basket,A,G,36341,-0.0048286852975336905,0.007218511644404733,-0.6689308732052177,0.5035438279702648,nonrobust,-0.009657370595067381,ok,1.0,0.9982962480010784,1.0,0.9982962480010784
dMRI_weighted_mean_L1_medial_lemniscus_right,25587.0,exploratory,primary,dMRI_weighted_mean,L1,medial lemniscus (right),basket,A,G,36336,0.004700326128914153,0.00704802037882071,0.6669001898800726,0.5048401280515022,nonrobust,0.009400652257828306,ok,1.0,0.9982962480010784,1.0,0.9982962480010784
dMRI_TBSS_FA_tapetum_right,25102.0,exploratory,primary,dMRI_TBSS,FA,tapetum (right),basket,A,G,36348,0.004667608200588444,0.007019290341365135,0.6649686754061055,0.5060747512895141,nonrobust,0.009335216401176887,ok,1.0,0.9982962480010784,1.0,0.9982962480010784
dMRI_TBSS_MD_posterior_corona_radiata_left,25131.0,exploratory,primary,dMRI_TBSS,MD,posterior corona radiata (left),basket,A,G,36268,0.0044688494901096,0.006741089622407583,0.6629268768738826,0.5073816040460883,nonrobust,0.0089376989802192,ok,1.0,0.9982962480010784,1.0,0.9982962480010784
dMRI_TBSS_ICVF_fornix_cres_stria_terminalis_left,25383.0,exploratory,primary,dMRI_TBSS,ICVF,fornix cres+stria terminalis (left),basket,A,G,36317,0.004754350327613021,0.007207479479465821,0.6596411881793366,0.5094883026626942,nonrobust,0.009508700655226042,ok,1.0,0.9982962480010784,1.0,0.9982962480010784
dMRI_weighted_mean_L3_anterior_thalamic_radiation_left,25625.0,exploratory,primary,dMRI_weighted_mean,L3,anterior thalamic radiation (left),basket,A,G,36321,0.004314682084462798,0.006543500040464583,0.6593844361245637,0.5096531181425512,nonrobust,0.008629364168925596,ok,1.0,0.9982962480010784,1.0,0.9982962480010784
dMRI_TBSS_MD_cingulum_hippocampus_left,25141.0,exploratory,primary,dMRI_TBSS,MD,cingulum hippocampus (left),basket,A,G,36316,-0.004756074408623332,0.007239131215312695,-0.6569951928158126,0.5111881745288173,nonrobust,-0.009512148817246664,ok,1.0,0.9982962480010784,1.0,0.9982962480010784
dMRI_weighted_mean_L2_uncinate_fasciculus_right,25622.0,exploratory,primary,dMRI_weighted_mean,L2,uncinate fasciculus (right),basket,A,G,36332,-0.004499612256820696,0.006860912496808325,-0.6558329171103554,0.5119357909845274,nonrobust,-0.008999224513641392,ok,1.0,0.9982962480010784,1.0,0.9982962480010784
dMRI_TBSS_L2_pontine_crossing_tract,25249.0,exploratory,primary,dMRI_TBSS,L2,pontine crossing tract,basket,A,G,36346,0.004814418208637333,0.007359296292589563,0.6541954579930702,0.5129900302882813,nonrobust,0.009628836417274666,ok,1.0,0.9982962480010784,1.0,0.9982962480010784
dMRI_weighted_mean_L1_cingulate_gyrus_part_of_cingulum_left,25573.0,exploratory,primary,dMRI_weighted_mean,L1,cingulate gyrus part of cingulum (left),basket,A,G,36336,-0.0047573841590611435,0.007277769685742225,-0.6536870998241765,0.5133175562310814,nonrobust,-0.009514768318122287,ok,1.0,0.9982962480010784,1.0,0.9982962480010784
dMRI_TBSS_MD_cerebral_peduncle_left,25119.0,exploratory,primary,dMRI_TBSS,MD,cerebral peduncle (left),basket,A,G,36328,-0.004798148959266148,0.0073815462368073265,-0.6500194952841544,0.5156837427308676,nonrobust,-0.009596297918532296,ok,1.0,0.9982962480010784,1.0,0.9982962480010784
dMRI_weighted_mean_OD_posterior_thalamic_radiation_right,25697.0,exploratory,primary,dMRI_weighted_mean,OD,posterior thalamic radiation (right),basket,A,G,36328,0.00450386621515314,0.006950092799987915,0.6480296515121311,0.516969871515268,nonrobust,0.00900773243030628,ok,1.0,0.9982962480010784,1.0,0.9982962480010784
dMRI_weighted_mean_MD_cingulate_gyrus_part_of_cingulum_right,25520.0,exploratory,primary,dMRI_weighted_mean,MD,cingulate gyrus part of cingulum (right),basket,A,G,36331,-0.004641992829577995,0.007208656029194289,-0.6439470562582565,0.5196138349166033,nonrobust,-0.00928398565915599,ok,1.0,0.9982962480010784,1.0,0.9982962480010784
dMRI_TBSS_ISOVF_fornix_cres_stria_terminalis_right,25478.0,exploratory,primary,dMRI_TBSS,ISOVF,fornix cres+stria terminalis (right),basket,A,G,36329,0.004267531357576167,0.006633653037034312,0.6433154302390286,0.5200235101209854,nonrobust,0.008535062715152334,ok,1.0,0.9982962480010784,1.0,0.9982962480010784
dMRI_TBSS_FA_posterior_corona_radiata_left,25083.0,exploratory,primary,dMRI_TBSS,FA,posterior corona radiata (left),basket,A,G,36341,0.004670973305194848,0.007280414026195806,0.6415807244461817,0.5211495016942271,nonrobust,0.009341946610389696,ok,1.0,0.9982962480010784,1.0,0.9982962480010784
dMRI_weighted_mean_MD_corticospinal_tract_right,25524.0,exploratory,primary,dMRI_weighted_mean,MD,corticospinal tract (right),basket,A,G,36330,0.004616408507490765,0.007211918757609951,0.6401082239895691,0.5221062830524736,nonrobust,0.00923281701498153,ok,1.0,0.9982962480010784,1.0,0.9982962480010784
dMRI_TBSS_ISOVF_medial_lemniscus_right,25448.0,exploratory,primary,dMRI_TBSS,ISOVF,medial lemniscus (right),basket,A,G,36297,-0.004561909945465621,0.007130042903404852,-0.6398152167201048,0.5222967804395684,nonrobust,-0.009123819890931242,ok,1.0,0.9982962480010784,1.0,0.9982962480010784
dMRI_TBSS_RD_splenium_of_corpus_callosum,,exploratory,primary,dMRI_TBSS,RD,splenium of corpus callosum,derived,A,G,36305,-0.004665253410450666,0.007300124592080139,-0.639064902469195,0.5227847464514743,nonrobust,-0.009330506820901332,ok,1.0,0.9982962480010784,1.0,0.9982962480010784
dMRI_TBSS_RD_uncinate_fasciculus_left,,exploratory,primary,dMRI_TBSS,RD,uncinate fasciculus (left),derived,A,G,36331,-0.00461186591932656,0.007224866498903649,-0.6383323373554924,0.52326139311816,nonrobust,-0.00922373183865312,ok,1.0,0.9982962480010784,1.0,0.9982962480010784
dMRI_TBSS_FA_anterior_limb_of_internal_capsule_left,25073.0,exploratory,primary,dMRI_TBSS,FA,anterior limb of internal capsule (left),basket,A,G,36337,0.004503501755447437,0.007085407938366898,0.6356023244704582,0.5250396602824247,nonrobust,0.009007003510894875,ok,1.0,0.9982962480010784,1.0,0.9982962480010784
dMRI_TBSS_MD_superior_corona_radiata_right,25128.0,exploratory,primary,dMRI_TBSS,MD,superior corona radiata (right),basket,A,G,36292,0.004231209595472707,0.006658922846753289,0.6354195254771169,0.5251588467364442,nonrobust,0.008462419190945415,ok,1.0,0.9982962480010784,1.0,0.9982962480010784
dMRI_TBSS_RD_posterior_limb_of_internal_capsule_left,,exploratory,primary,dMRI_TBSS,RD,posterior limb of internal capsule (left),derived,A,G,36335,-0.004505041816758245,0.00710840005067374,-0.6337631231561388,0.5262394157502325,nonrobust,-0.00901008363351649,ok,1.0,0.9982962480010784,1.0,0.9982962480010784
dMRI_weighted_mean_FA_acoustic_radiation_left,25488.0,exploratory,primary,dMRI_weighted_mean,FA,acoustic radiation (left),basket,A,G,36332,0.004657775320869344,0.007349825898289338,0.6337259392706751,0.52626368646211,nonrobust,0.009315550641738689,ok,1.0,0.9982962480010784,1.0,0.9982962480010784
dMRI_TBSS_OD_retrolenticular_part_of_internal_capsule_f25412,25412.0,exploratory,primary,dMRI_TBSS,OD,retrolenticular part of internal capsule (right),basket,A,G,36331,-0.004514712146300266,0.007202745302937164,-0.6268043581187355,0.5307914284200076,nonrobust,-0.009029424292600532,ok,1.0,0.9982962480010784,1.0,0.9982962480010784
dMRI_TBSS_L2_tapetum_right,25294.0,exploratory,primary,dMRI_TBSS,L2,tapetum (right),basket,A,G,36338,0.0043774887089038225,0.0070467838253857025,0.6212037742855299,0.5344694564577812,nonrobust,0.008754977417807645,ok,1.0,0.9982962480010784,1.0,0.9982962480010784
dMRI_weighted_mean_RD_corticospinal_tract_right,,exploratory,primary,dMRI_weighted_mean,RD,corticospinal tract (right),derived,A,G,36327,-0.0044711203840648315,0.007198551154757609,-0.6211139280589559,0.5345285663281676,nonrobust,-0.008942240768129663,ok,1.0,0.9982962480010784,1.0,0.9982962480010784
dMRI_TBSS_OD_retrolenticular_part_of_internal_capsule_f25413,25413.0,exploratory,primary,dMRI_TBSS,OD,retrolenticular part of internal capsule (left),basket,A,G,36327,-0.004450465969547334,0.007172251137482827,-0.6205117311479516,0.5349248291432849,nonrobust,-0.008900931939094667,ok,1.0,0.9982962480010784,1.0,0.9982962480010784
dMRI_weighted_mean_L3_inferior_fronto_occipital_fasciculus_lef,25635.0,exploratory,primary,dMRI_weighted_mean,L3,inferior fronto-occipital fasciculus (left),basket,A,G,36325,-0.004269863742449508,0.006891712085656945,-0.619565020909095,0.5355480912059452,nonrobust,-0.008539727484899015,ok,1.0,0.9982962480010784,1.0,0.9982962480010784
dMRI_weighted_mean_L2_medial_lemniscus_left,25613.0,exploratory,primary,dMRI_weighted_mean,L2,medial lemniscus (left),basket,A,G,36335,-0.004286669639108001,0.006935361143406,-0.6180888854192804,0.5365206258864716,nonrobust,-0.008573339278216002,ok,1.0,0.9982962480010784,1.0,0.9982962480010784
dMRI_weighted_mean_FA_superior_longitudinal_fasciculus_right,25510.0,exploratory,primary,dMRI_weighted_mean,FA,superior longitudinal fasciculus (right),basket,A,G,36340,-0.00443120071956201,0.007177878976764805,-0.6173412415988142,0.5370135410863546,nonrobust,-0.00886240143912402,ok,1.0,0.9982962480010784,1.0,0.9982962480010784
dMRI_TBSS_L2_external_capsule_right,25280.0,exploratory,primary,dMRI_TBSS,L2,external capsule (right),basket,A,G,36315,-0.0040941353820238375,0.006633722341708268,-0.6171701453771647,0.5371263781596675,nonrobust,-0.008188270764047675,ok,1.0,0.9982962480010784,1.0,0.9982962480010784
dMRI_weighted_mean_L1_uncinate_fasciculus_right,25595.0,exploratory,primary,dMRI_weighted_mean,L1,uncinate fasciculus (right),basket,A,G,36337,0.004211541774949485,0.006903940071607239,0.610020036568631,0.5418523529012625,nonrobust,0.00842308354989897,ok,1.0,0.9982962480010784,1.0,0.9982962480010784
dMRI_TBSS_ICVF_corticospinal_tract_right,25350.0,exploratory,primary,dMRI_TBSS,ICVF,corticospinal tract (right),basket,A,G,36332,-0.0043261761131661285,0.0071075033457253575,-0.6086773234891274,0.542742149383143,nonrobust,-0.008652352226332257,ok,1.0,0.9982962480010784,1.0,0.9982962480010784
dMRI_TBSS_ICVF_cerebral_peduncle_left,25359.0,exploratory,primary,dMRI_TBSS,ICVF,cerebral peduncle (left),basket,A,G,36315,0.004437003524121674,0.007306184561140156,0.6072942021915285,0.5436594857248008,nonrobust,0.008874007048243348,ok,1.0,0.9982962480010784,1.0,0.9982962480010784
dMRI_TBSS_ICVF_body_of_corpus_callosum,25347.0,exploratory,primary,dMRI_TBSS,ICVF,body of corpus callosum,basket,A,G,36320,0.004478493000139541,0.007376413839595489,0.6071368957229134,0.5437638652113859,nonrobust,0.008956986000279082,ok,1.0,0.9982962480010784,1.0,0.9982962480010784
dMRI_TBSS_L1_corticospinal_tract_left,25207.0,exploratory,primary,dMRI_TBSS,L1,corticospinal tract (left),basket,A,G,36345,0.0044762133867115375,0.007375089923347965,0.6069367876506561,0.5438966578292201,nonrobust,0.008952426773423075,ok,1.0,0.9982962480010784,1.0,0.9982962480010784
dMRI_TBSS_L1_corticospinal_tract_right,25206.0,exploratory,primary,dMRI_TBSS,L1,corticospinal tract (right),basket,A,G,36343,0.0044447330019804585,0.007369395577904406,0.6031339958608088,0.5464233194424517,nonrobust,0.008889466003960917,ok,1.0,0.9982962480010784,1.0,0.9982962480010784
dMRI_TBSS_FA_cingulum_cingulate_gyrus_left,25091.0,exploratory,primary,dMRI_TBSS,FA,cingulum cingulate gyrus (left),basket,A,G,36339,-0.0042638193543907445,0.007076286550186796,-0.602550408911605,0.546811582393703,nonrobust,-0.008527638708781489,ok,1.0,0.9982962480010784,1.0,0.9982962480010784
dMRI_TBSS_FA_sagittal_stratum_right,25086.0,exploratory,primary,dMRI_TBSS,FA,sagittal stratum (right),basket,A,G,36342,0.004324178509834619,0.007179159892173183,0.6023237502411524,0.5469624157494044,nonrobust,0.008648357019669237,ok,1.0,0.9982962480010784,1.0,0.9982962480010784
dMRI_weighted_mean_OD_inferior_fronto_occipital_fasciculus_rig,25690.0,exploratory,primary,dMRI_weighted_mean,OD,inferior fronto-occipital fasciculus (right),basket,A,G,36324,-0.0041677210295314035,0.00693164121245157,-0.6012603511625455,0.5476703485511261,nonrobust,-0.008335442059062807,ok,1.0,0.9982962480010784,1.0,0.9982962480010784
dMRI_TBSS_ICVF_middle_cerebellar_peduncle,25344.0,exploratory,primary,dMRI_TBSS,ICVF,middle cerebellar peduncle,basket,A,G,36323,0.004287667228959398,0.0072063409366426145,0.5949853423056324,0.5518569785285161,nonrobust,0.008575334457918795,ok,1.0,0.9982962480010784,1.0,0.9982962480010784
dMRI_TBSS_MD_anterior_corona_radiata_left,25127.0,exploratory,primary,dMRI_TBSS,MD,anterior corona radiata (left),basket,A,G,36326,0.003931240303667041,0.006616611560581248,0.5941470596653394,0.5524174610304895,nonrobust,0.007862480607334082,ok,1.0,0.9982962480010784,1.0,0.9982962480010784
dMRI_weighted_mean_OD_anterior_thalamic_radiation_left,25679.0,exploratory,primary,dMRI_weighted_mean,OD,anterior thalamic radiation (left),basket,A,G,36332,-0.00415358190826573,0.006996463704970519,-0.5936687565912603,0.5527373829982531,nonrobust,-0.00830716381653146,ok,1.0,0.9982962480010784,1.0,0.9982962480010784
dMRI_TBSS_MD_posterior_limb_of_internal_capsule_right,25122.0,exploratory,primary,dMRI_TBSS,MD,posterior limb of internal capsule (right),basket,A,G,36327,0.004141938878048587,0.006985773760230943,0.5929105379318295,0.5532447193822341,nonrobust,0.008283877756097175,ok,1.0,0.9982962480010784,1.0,0.9982962480010784
dMRI_TBSS_ICVF_sagittal_stratum_right,25374.0,exploratory,primary,dMRI_TBSS,ICVF,sagittal stratum (right),basket,A,G,36323,0.004203176822870346,0.007112114554134316,0.5909883468380038,0.5545319095162203,nonrobust,0.008406353645740692,ok,1.0,0.9982962480010784,1.0,0.9982962480010784
dMRI_TBSS_MD_corticospinal_tract_left,25111.0,exploratory,primary,dMRI_TBSS,MD,corticospinal tract (left),basket,A,G,36341,-0.004350197955781597,0.007400677963987695,-0.5878107353069566,0.556662993137191,nonrobust,-0.008700395911563194,ok,1.0,0.9982962480010784,1.0,0.9982962480010784
dMRI_weighted_mean_L1_posterior_thalamic_radiation_left,25588.0,exploratory,primary,dMRI_weighted_mean,L1,posterior thalamic radiation (left),basket,A,G,36326,-0.003831189311820566,0.006552435805237716,-0.5846969624270244,0.5587551314161738,nonrobust,-0.007662378623641132,ok,1.0,0.9982962480010784,1.0,0.9982962480010784
dMRI_TBSS_FA_external_capsule_left,25089.0,exploratory,primary,dMRI_TBSS,FA,external capsule (left),basket,A,G,36337,0.004051015177922914,0.006933207406182434,0.584291647515199,0.5590277411823478,nonrobust,0.008102030355845828,ok,1.0,0.9982962480010784,1.0,0.9982962480010784
dMRI_weighted_mean_RD_corticospinal_tract_left,,exploratory,primary,dMRI_weighted_mean,RD,corticospinal tract (left),derived,A,G,36325,-0.00423408786630079,0.007274523900349337,-0.5820432957952699,0.560541133582322,nonrobust,-0.00846817573260158,ok,1.0,0.9982962480010784,1.0,0.9982962480010784
dMRI_weighted_mean_ICVF_middle_cerebellar_peduncle,25666.0,exploratory,primary,dMRI_weighted_mean,ICVF,middle cerebellar peduncle,basket,A,G,36297,-0.00414529552034393,0.007128138195486368,-0.5815397242114057,0.5608803679750052,nonrobust,-0.00829059104068786,ok,1.0,0.9982962480010784,1.0,0.9982962480010784
dMRI_TBSS_ICVF_superior_longitudinal_fasciculus_left,25385.0,exploratory,primary,dMRI_TBSS,ICVF,superior longitudinal fasciculus (left),basket,A,G,36313,-0.004079419212046117,0.007040511142538837,-0.5794208871282408,0.5623088114255399,nonrobust,-0.008158838424092233,ok,1.0,0.9982962480010784,1.0,0.9982962480010784
dMRI_TBSS_FA_anterior_corona_radiata_left,25079.0,exploratory,primary,dMRI_TBSS,FA,anterior corona radiata (left),basket,A,G,36351,-0.0038203170856118325,0.006658418199646868,-0.5737574557594542,0.5661354948950881,nonrobust,-0.007640634171223665,ok,1.0,0.9982962480010784,1.0,0.9982962480010784
dMRI_weighted_mean_MD_corticospinal_tract_left,25523.0,exploratory,primary,dMRI_weighted_mean,MD,corticospinal tract (left),basket,A,G,36329,0.00412618167192675,0.007233795662064888,0.5704034043379284,0.5684076519097878,nonrobust,0.0082523633438535,ok,1.0,0.9982962480010784,1.0,0.9982962480010784
dMRI_TBSS_ICVF_tapetum_right,25390.0,exploratory,primary,dMRI_TBSS,ICVF,tapetum (right),basket,A,G,36326,0.0038908490734941657,0.0068230245068308555,0.5702528357620364,0.5685097549413197,nonrobust,0.007781698146988331,ok,1.0,0.9982962480010784,1.0,0.9982962480010784
dMRI_TBSS_ISOVF_posterior_corona_radiata_right,25466.0,exploratory,primary,dMRI_TBSS,ISOVF,posterior corona radiata (right),basket,A,G,36305,0.003966569643235072,0.006972082859221186,0.5689217588670706,0.5694127607321686,nonrobust,0.007933139286470143,ok,1.0,0.9982962480010784,1.0,0.9982962480010784
dMRI_TBSS_RD_corticospinal_tract_right,,exploratory,primary,dMRI_TBSS,RD,corticospinal tract (right),derived,A,G,36339,-0.004108962233816203,0.00725300499904579,-0.5665185994435108,0.5710447946695489,nonrobust,-0.008217924467632406,ok,1.0,0.9982962480010784,1.0,0.9982962480010784
dMRI_weighted_mean_ISOVF_medial_lemniscus_left,25721.0,exploratory,primary,dMRI_weighted_mean,ISOVF,medial lemniscus (left),basket,A,G,36342,-0.003883427698397217,0.006987779403919338,-0.5557456058528496,0.5783881990502656,nonrobust,-0.007766855396794434,ok,1.0,0.9982962480010784,1.0,0.9982962480010784
dMRI_TBSS_L3_inferior_cerebellar_peduncle_left,25307.0,exploratory,primary,dMRI_TBSS,L3,inferior cerebellar peduncle (left),basket,A,G,36295,-0.003926834311024465,0.007083465468040889,-0.5543662672940974,0.5793316257014537,nonrobust,-0.00785366862204893,ok,1.0,0.9982962480010784,1.0,0.9982962480010784
dMRI_weighted_mean_ICVF_acoustic_radiation_right,25651.0,exploratory,primary,dMRI_weighted_mean,ICVF,acoustic radiation (right),basket,A,G,36315,0.0040105914544368215,0.007242090848081075,0.5537891664945769,0.5797265559974838,nonrobust,0.008021182908873643,ok,1.0,0.9982962480010784,1.0,0.9982962480010784
dMRI_weighted_mean_FA_posterior_thalamic_radiation_right,25508.0,exploratory,primary,dMRI_weighted_mean,FA,posterior thalamic radiation (right),basket,A,G,36330,-0.003948077823981483,0.007153177466241254,-0.5519334369396067,0.5809973565828244,nonrobust,-0.007896155647962966,ok,1.0,0.9982962480010784,1.0,0.9982962480010784
dMRI_weighted_mean_L3_parahippocampal_part_of_cingulum_left,25629.0,exploratory,primary,dMRI_weighted_mean,L3,parahippocampal part of cingulum (left),basket,A,G,36285,-0.003977804977196564,0.007216008754385209,-0.5512472493577879,0.5814675914227736,nonrobust,-0.007955609954393128,ok,1.0,0.9982962480010784,1.0,0.9982962480010784
dMRI_weighted_mean_L3_forceps_major,25633.0,exploratory,primary,dMRI_weighted_mean,L3,forceps major,basket,A,G,36331,0.004013227297254038,0.007380319604913946,0.543774187581519,0.5866002131151848,nonrobust,0.008026454594508075,ok,1.0,0.9982962480010784,1.0,0.9982962480010784
dMRI_weighted_mean_ICVF_posterior_thalamic_radiation_left,25669.0,exploratory,primary,dMRI_weighted_mean,ICVF,posterior thalamic radiation (left),basket,A,G,36317,0.0037772893904019517,0.006950827066848045,0.5434302068048457,0.5868369709502359,nonrobust,0.0075545787808039035,ok,1.0,0.9982962480010784,1.0,0.9982962480010784
dMRI_TBSS_FA_cerebral_peduncle_right,25070.0,exploratory,primary,dMRI_TBSS,FA,cerebral peduncle (right),basket,A,G,36339,0.0038269081201228582,0.007047302999461161,0.5430315853334907,0.5871113891697054,nonrobust,0.0076538162402457165,ok,1.0,0.9982962480010784,1.0,0.9982962480010784
dMRI_weighted_mean_OD_inferior_fronto_occipital_fasciculus_lef,25689.0,exploratory,primary,dMRI_weighted_mean,OD,inferior fronto-occipital fasciculus (left),basket,A,G,36324,0.003801576721695266,0.00706425976022264,0.5381422612884572,0.5904821381726115,nonrobust,0.007603153443390532,ok,1.0,0.9982962480010784,1.0,0.9982962480010784
dMRI_weighted_mean_L1_inferior_fronto_occipital_fasciculus_rig,25582.0,exploratory,primary,dMRI_weighted_mean,L1,inferior fronto-occipital fasciculus (right),basket,A,G,36336,0.0035796567907842554,0.006665150350833326,0.5370706739326143,0.5912220883298142,nonrobust,0.007159313581568511,ok,1.0,0.9982962480010784,1.0,0.9982962480010784
dMRI_TBSS_L1_retrolenticular_part_of_internal_capsule_f25221,25221.0,exploratory,primary,dMRI_TBSS,L1,retrolenticular part of internal capsule (left),basket,A,G,36342,0.003761759682977289,0.007021054800251665,0.535782697899246,0.5921120231405275,nonrobust,0.007523519365954578,ok,1.0,0.9982962480010784,1.0,0.9982962480010784
dMRI_TBSS_ISOVF_uncinate_fasciculus_right,25484.0,exploratory,primary,dMRI_TBSS,ISOVF,uncinate fasciculus (right),basket,A,G,36304,0.003897447813399298,0.00730960007752432,0.5331957661245019,0.5939013388520662,nonrobust,0.007794895626798596,ok,1.0,0.9982962480010784,1.0,0.9982962480010784
dMRI_TBSS_MD_superior_longitudinal_fasciculus_left,25145.0,exploratory,primary,dMRI_TBSS,MD,superior longitudinal fasciculus (left),basket,A,G,36305,0.003681689322301859,0.006928258933265877,0.5314018078372204,0.5951436230088789,nonrobust,0.007363378644603718,ok,1.0,0.9982962480010784,1.0,0.9982962480010784
dMRI_TBSS_RD_inferior_cerebellar_peduncle_left,,exploratory,primary,dMRI_TBSS,RD,inferior cerebellar peduncle (left),derived,A,G,36288,-0.0037440186176813535,0.007051792346555739,-0.5309314899934653,0.5954695074391687,nonrobust,-0.007488037235362707,ok,1.0,0.9982962480010784,1.0,0.9982962480010784
dMRI_weighted_mean_RD_forceps_major,,exploratory,primary,dMRI_weighted_mean,RD,forceps major,derived,A,G,36328,0.003911869164491647,0.007378840109262506,0.5301468938974783,0.5960133310556031,nonrobust,0.007823738328983294,ok,1.0,0.9982962480010784,1.0,0.9982962480010784
dMRI_weighted_mean_MD_acoustic_radiation_left,25515.0,exploratory,primary,dMRI_weighted_mean,MD,acoustic radiation (left),basket,A,G,36329,0.003890531856984707,0.007354975567841021,0.5289659797098053,0.5968322846577692,nonrobust,0.007781063713969414,ok,1.0,0.9982962480010784,1.0,0.9982962480010784
dMRI_TBSS_L2_posterior_corona_radiata_left,25275.0,exploratory,primary,dMRI_TBSS,L2,posterior corona radiata (left),basket,A,G,36273,-0.0037922571132582776,0.0071970540396968825,-0.5269179712061737,0.5982537785057419,nonrobust,-0.007584514226516555,ok,1.0,0.9982962480010784,1.0,0.9982962480010784
dMRI_TBSS_ISOVF_anterior_corona_radiata_left,25463.0,exploratory,primary,dMRI_TBSS,ISOVF,anterior corona radiata (left),basket,A,G,36335,0.0037817132938595794,0.007181531690401598,0.5265886800881195,0.5984824718655171,nonrobust,0.007563426587719159,ok,1.0,0.9982962480010784,1.0,0.9982962480010784
dMRI_TBSS_RD_superior_fronto_occipital_fasciculus_rig,,exploratory,primary,dMRI_TBSS,RD,superior fronto-occipital fasciculus (right),derived,A,G,36278,0.0034545542017604333,0.0065762937045525695,0.525304123714692,0.599375004407872,nonrobust,0.006909108403520867,ok,1.0,0.9982962480010784,1.0,0.9982962480010784
dMRI_TBSS_MD_posterior_thalamic_radiation_left,25133.0,exploratory,primary,dMRI_TBSS,MD,posterior thalamic radiation (left),basket,A,G,36336,-0.003551956351385748,0.006772124178897493,-0.524496636144674,0.5999363612481126,nonrobust,-0.007103912702771496,ok,1.0,0.9982962480010784,1.0,0.9982962480010784
dMRI_weighted_mean_ICVF_inferior_longitudinal_fasciculus_left,25664.0,exploratory,primary,dMRI_weighted_mean,ICVF,inferior longitudinal fasciculus (left),basket,A,G,36322,0.003708477495247704,0.0070877770920322845,0.5232215188336812,0.6008233028437995,nonrobust,0.007416954990495408,ok,1.0,0.9982962480010784,1.0,0.9982962480010784
dMRI_TBSS_L3_superior_fronto_occipital_fasciculus_rig,25338.0,exploratory,primary,dMRI_TBSS,L3,superior fronto-occipital fasciculus (right),basket,A,G,36281,0.0034482803410906663,0.006592176994263446,0.5230867350939427,0.6009170933336516,nonrobust,0.006896560682181333,ok,1.0,0.9982962480010784,1.0,0.9982962480010784
dMRI_TBSS_MD_body_of_corpus_callosum,25107.0,exploratory,primary,dMRI_TBSS,MD,body of corpus callosum,basket,A,G,36334,-0.0035810677730880847,0.006861221607310973,-0.5219285978567255,0.6017232303433024,nonrobust,-0.007162135546176169,ok,1.0,0.9982962480010784,1.0,0.9982962480010784
dMRI_TBSS_MD_tapetum_left,25151.0,exploratory,primary,dMRI_TBSS,MD,tapetum (left),basket,A,G,36327,0.0036617982606015147,0.007069970175676879,0.5179368752076714,0.6045054697045243,nonrobust,0.0073235965212030294,ok,1.0,0.9982962480010784,1.0,0.9982962480010784
dMRI_weighted_mean_L1_medial_lemniscus_left,25586.0,exploratory,primary,dMRI_weighted_mean,L1,medial lemniscus (left),basket,A,G,36340,0.003660758481688653,0.007197702032345212,0.508601004214657,0.6110350151994361,nonrobust,0.007321516963377306,ok,1.0,0.9982962480010784,1.0,0.9982962480010784
dMRI_weighted_mean_OD_forceps_minor,25688.0,exploratory,primary,dMRI_weighted_mean,OD,forceps minor,basket,A,G,36332,0.0035873274128412364,0.007119764201956712,0.5038548062947559,0.6143664687242869,nonrobust,0.007174654825682473,ok,1.0,0.9982962480010784,1.0,0.9982962480010784
dMRI_TBSS_RD_cingulum_hippocampus_right,,exploratory,primary,dMRI_TBSS,RD,cingulum hippocampus (right),derived,A,G,36328,-0.003635997967947306,0.007225639300180992,-0.5032077878363274,0.6148212435361045,nonrobust,-0.007271995935894612,ok,1.0,0.9982962480010784,1.0,0.9982962480010784
dMRI_weighted_mean_ISOVF_superior_thalamic_radiation_right,25728.0,exploratory,primary,dMRI_weighted_mean,ISOVF,superior thalamic radiation (right),basket,A,G,36338,0.003497733754068512,0.006958084026943729,0.5026863344168118,0.6151878681568943,nonrobust,0.006995467508137024,ok,1.0,0.9982962480010784,1.0,0.9982962480010784
dMRI_TBSS_L3_uncinate_fasciculus_left,25341.0,exploratory,primary,dMRI_TBSS,L3,uncinate fasciculus (left),basket,A,G,36332,-0.0036427213065281993,0.0072683535937017995,-0.5011755770501731,0.6162506000821495,nonrobust,-0.007285442613056399,ok,1.0,0.9982962480010784,1.0,0.9982962480010784
dMRI_TBSS_OD_genu_of_corpus_callosum,25394.0,exploratory,primary,dMRI_TBSS,OD,genu of corpus callosum,basket,A,G,36327,0.0035280754069673646,0.007063136832206181,0.4995054592288516,0.6174263696327198,nonrobust,0.007056150813934729,ok,1.0,0.9982962480010784,1.0,0.9982962480010784
dMRI_TBSS_L2_superior_fronto_occipital_fasciculus_rig,25290.0,exploratory,primary,dMRI_TBSS,L2,superior fronto-occipital fasciculus (right),basket,A,G,36285,0.0033205657818501113,0.006669096640140697,0.49790338347534546,0.6185551625640542,nonrobust,0.0066411315637002226,ok,1.0,0.9982962480010784,1.0,0.9982962480010784
dMRI_TBSS_L1_body_of_corpus_callosum,25203.0,exploratory,primary,dMRI_TBSS,L1,body of corpus callosum,basket,A,G,36335,-0.003461440986692342,0.006985557272571664,-0.4955139370603209,0.6202403859049059,nonrobust,-0.006922881973384684,ok,1.0,0.9982962480010784,1.0,0.9982962480010784
dMRI_TBSS_L2_retrolenticular_part_of_internal_capsule_f25269,25269.0,exploratory,primary,dMRI_TBSS,L2,retrolenticular part of internal capsule (left),basket,A,G,36345,-0.0035894728796949564,0.007267402745522258,-0.49391412659860867,0.6213698148735939,nonrobust,-0.007178945759389913,ok,1.0,0.9982962480010784,1.0,0.9982962480010784
dMRI_weighted_mean_FA_forceps_minor,25499.0,exploratory,primary,dMRI_weighted_mean,FA,forceps minor,basket,A,G,36336,0.003447877032996028,0.006987246114355406,0.4934529250246833,0.621695579322026,nonrobust,0.006895754065992056,ok,1.0,0.9982962480010784,1.0,0.9982962480010784
dMRI_weighted_mean_L3_corticospinal_tract_left,25631.0,exploratory,primary,dMRI_weighted_mean,L3,corticospinal tract (left),basket,A,G,36325,-0.0035760290376783167,0.007267265362243043,-0.49207354615912563,0.6226703287726443,nonrobust,-0.0071520580753566335,ok,1.0,0.9982962480010784,1.0,0.9982962480010784
dMRI_TBSS_ICVF_fornix,25349.0,exploratory,primary,dMRI_TBSS,ICVF,fornix,basket,A,G,36333,0.003529747191914563,0.007176893224646263,0.49182105424015676,0.6228488251533466,nonrobust,0.007059494383829126,ok,1.0,0.9982962480010784,1.0,0.9982962480010784
dMRI_weighted_mean_L2_forceps_major,25606.0,exploratory,primary,dMRI_weighted_mean,L2,forceps major,basket,A,G,36328,0.003624411366294601,0.007376548471257758,0.4913424456460748,0.623187234707206,nonrobust,0.007248822732589202,ok,1.0,0.9982962480010784,1.0,0.9982962480010784
dMRI_TBSS_L3_anterior_corona_radiata_left,25319.0,exploratory,primary,dMRI_TBSS,L3,anterior corona radiata (left),basket,A,G,36328,0.0032086110670085837,0.006544307112168281,0.49029041761236913,0.6239313704453129,nonrobust,0.006417222134017167,ok,1.0,0.9982962480010784,1.0,0.9982962480010784
dMRI_TBSS_L2_posterior_thalamic_radiation_left,25277.0,exploratory,primary,dMRI_TBSS,L2,posterior thalamic radiation (left),basket,A,G,36326,0.0033431863340077344,0.006823335712890382,0.4899636299137262,0.624162597008038,nonrobust,0.006686372668015469,ok,1.0,0.9982962480010784,1.0,0.9982962480010784
dMRI_TBSS_MD_fornix_cres_stria_terminalis_right,25142.0,exploratory,primary,dMRI_TBSS,MD,fornix cres+stria terminalis (right),basket,A,G,36281,0.003198920274775745,0.006576815597424924,0.4863934874543609,0.6266911476039319,nonrobust,0.00639784054955149,ok,1.0,0.9982962480010784,1.0,0.9982962480010784
dMRI_TBSS_FA_retrolenticular_part_of_internal_capsule_f25077,25077.0,exploratory,primary,dMRI_TBSS,FA,retrolenticular part of internal capsule (left),basket,A,G,36344,0.003520535209212406,0.007264101119832105,0.4846484308431235,0.6279286762655373,nonrobust,0.007041070418424812,ok,1.0,0.9982962480010784,1.0,0.9982962480010784
dMRI_TBSS_FA_genu_of_corpus_callosum,25058.0,exploratory,primary,dMRI_TBSS,FA,genu of corpus callosum,basket,A,G,36335,-0.0033089734726443804,0.006869990250368612,-0.4816562108609741,0.6300530912743079,nonrobust,-0.006617946945288761,ok,1.0,0.9982962480010784,1.0,0.9982962480010784
dMRI_TBSS_L2_superior_longitudinal_fasciculus_right,25288.0,exploratory,primary,dMRI_TBSS,L2,superior longitudinal fasciculus (right),basket,A,G,36326,-0.0034177018631939135,0.007122296546527875,-0.47985952857579983,0.6313301724314337,nonrobust,-0.006835403726387827,ok,1.0,0.9982962480010784,1.0,0.9982962480010784
dMRI_weighted_mean_OD_superior_longitudinal_fasciculus_right,25699.0,exploratory,primary,dMRI_weighted_mean,OD,superior longitudinal fasciculus (right),basket,A,G,36337,-0.003320476230138078,0.006932033327077046,-0.4790046546902836,0.6319382022263358,nonrobust,-0.006640952460276156,ok,1.0,0.9982962480010784,1.0,0.9982962480010784
dMRI_weighted_mean_ISOVF_acoustic_radiation_left,25704.0,exploratory,primary,dMRI_weighted_mean,ISOVF,acoustic radiation (left),basket,A,G,36340,0.003483304255687508,0.007360040168236882,0.47327245178906996,0.6360216587748281,nonrobust,0.006966608511375016,ok,1.0,0.9982962480010784,1.0,0.9982962480010784
dMRI_TBSS_L2_superior_corona_radiata_right,25272.0,exploratory,primary,dMRI_TBSS,L2,superior corona radiata (right),basket,A,G,36305,-0.003373722821294575,0.007147565058684795,-0.4720100892534394,0.6369224264781344,nonrobust,-0.00674744564258915,ok,1.0,0.9982962480010784,1.0,0.9982962480010784
dMRI_TBSS_ICVF_superior_longitudinal_fasciculus_right,25384.0,exploratory,primary,dMRI_TBSS,ICVF,superior longitudinal fasciculus (right),basket,A,G,36315,-0.0033790600212081565,0.007159841113888901,-0.47194623001526415,0.6369680070434571,nonrobust,-0.006758120042416313,ok,1.0,0.9982962480010784,1.0,0.9982962480010784
dMRI_weighted_mean_L2_forceps_minor,25607.0,exploratory,primary,dMRI_weighted_mean,L2,forceps minor,basket,A,G,36336,-0.0032986062760049645,0.007016917480802777,-0.4700933543866593,0.6382911457157027,nonrobust,-0.006597212552009929,ok,1.0,0.9982962480010784,1.0,0.9982962480010784
dMRI_weighted_mean_FA_inferior_longitudinal_fasciculus_right,25503.0,exploratory,primary,dMRI_weighted_mean,FA,inferior longitudinal fasciculus (right),basket,A,G,36343,-0.00332918423984421,0.0070951313822773246,-0.4692209432738709,0.6389145342754563,nonrobust,-0.00665836847968842,ok,1.0,0.9982962480010784,1.0,0.9982962480010784
dMRI_TBSS_RD_superior_longitudinal_fasciculus_right,,exploratory,primary,dMRI_TBSS,RD,superior longitudinal fasciculus (right),derived,A,G,36320,0.003320241386078737,0.007085461555992096,0.46859916744179436,0.6393589873035137,nonrobust,0.006640482772157474,ok,1.0,0.9982962480010784,1.0,0.9982962480010784
dMRI_TBSS_RD_genu_of_corpus_callosum,,exploratory,primary,dMRI_TBSS,RD,genu of corpus callosum,derived,A,G,36340,0.003146193969154663,0.006762604066828579,0.4652340929712474,0.6417666166696409,nonrobust,0.006292387938309326,ok,1.0,0.9982962480010784,1.0,0.9982962480010784
dMRI_weighted_mean_MD_cingulate_gyrus_part_of_cingulum_left,25519.0,exploratory,primary,dMRI_weighted_mean,MD,cingulate gyrus part of cingulum (left),basket,A,G,36334,-0.00331425510781403,0.007211581659864963,-0.45957395535837137,0.6458248090951991,nonrobust,-0.00662851021562806,ok,1.0,0.9982962480010784,1.0,0.9982962480010784
dMRI_TBSS_L3_corticospinal_tract_right,25302.0,exploratory,primary,dMRI_TBSS,L3,corticospinal tract (right),basket,A,G,36339,-0.0033299247098405233,0.007265325354787609,-0.45833112038763874,0.6467173124662113,nonrobust,-0.006659849419681047,ok,1.0,0.9982962480010784,1.0,0.9982962480010784
dMRI_TBSS_ISOVF_retrolenticular_part_of_internal_capsule_f25460,25460.0,exploratory,primary,dMRI_TBSS,ISOVF,retrolenticular part of internal capsule (right),basket,A,G,36343,0.0032317146824935553,0.007133097644237222,0.4530590836793653,0.650508904336973,nonrobust,0.0064634293649871105,ok,1.0,0.9982962480010784,1.0,0.9982962480010784
dMRI_TBSS_L1_posterior_thalamic_radiation_right,25228.0,exploratory,primary,dMRI_TBSS,L1,posterior thalamic radiation (right),basket,A,G,36342,-0.003198888353238498,0.007132037813869867,-0.4485237510964304,0.6537779253475768,nonrobust,-0.006397776706476996,ok,1.0,0.9982962480010784,1.0,0.9982962480010784
dMRI_TBSS_ICVF_uncinate_fasciculus_left,25389.0,exploratory,primary,dMRI_TBSS,ICVF,uncinate fasciculus (left),basket,A,G,36316,0.0031491804391593197,0.0070623653392306775,0.4459101572763394,0.6556648055530466,nonrobust,0.006298360878318639,ok,1.0,0.9982962480010784,1.0,0.9982962480010784
dMRI_weighted_mean_FA_medial_lemniscus_left,25505.0,exploratory,primary,dMRI_weighted_mean,FA,medial lemniscus (left),basket,A,G,36342,0.003066953746086774,0.0070517788109197566,0.43491916413168863,0.6636236884423572,nonrobust,0.006133907492173548,ok,1.0,0.9982962480010784,1.0,0.9982962480010784
dMRI_TBSS_L2_genu_of_corpus_callosum,25250.0,exploratory,primary,dMRI_TBSS,L2,genu of corpus callosum,basket,A,G,36336,0.002983904331675287,0.0068798637974457596,0.43371561116996254,0.6644975459381757,nonrobust,0.005967808663350574,ok,1.0,0.9982962480010784,1.0,0.9982962480010784
dMRI_TBSS_OD_sagittal_stratum_right,25422.0,exploratory,primary,dMRI_TBSS,OD,sagittal stratum (right),basket,A,G,36321,-0.0031554182618306835,0.007327019799648895,-0.4306550750663849,0.6667217466023586,nonrobust,-0.006310836523661367,ok,1.0,0.9982962480010784,1.0,0.9982962480010784
dMRI_weighted_mean_MD_anterior_thalamic_radiation_right,25518.0,exploratory,primary,dMRI_weighted_mean,MD,anterior thalamic radiation (right),basket,A,G,36328,0.002724006319568815,0.006328253338360553,0.43045152807907616,0.666869775115305,nonrobust,0.00544801263913763,ok,1.0,0.9982962480010784,1.0,0.9982962480010784
dMRI_weighted_mean_MD_uncinate_fasciculus_right,25541.0,exploratory,primary,dMRI_weighted_mean,MD,uncinate fasciculus (right),basket,A,G,36332,-0.0029343374499839884,0.0068514670934346905,-0.42827870439540905,0.6684507623331499,nonrobust,-0.005868674899967977,ok,1.0,0.9982962480010784,1.0,0.9982962480010784
dMRI_TBSS_L3_cingulum_cingulate_gyrus_left,25331.0,exploratory,primary,dMRI_TBSS,L3,cingulum cingulate gyrus (left),basket,A,G,36343,0.0030139760798839005,0.007132168289870467,0.4225890300660081,0.6725976339740882,nonrobust,0.006027952159767801,ok,1.0,0.9982962480010784,1.0,0.9982962480010784
dMRI_weighted_mean_ICVF_uncinate_fasciculus_left,25675.0,exploratory,primary,dMRI_weighted_mean,ICVF,uncinate fasciculus (left),basket,A,G,36321,0.0029365318973544937,0.0069795145598787025,0.4207358365916967,0.6739504809992127,nonrobust,0.005873063794708987,ok,1.0,0.9982962480010784,1.0,0.9982962480010784
dMRI_weighted_mean_MD_inferior_fronto_occipital_fasciculus_lef,25527.0,exploratory,primary,dMRI_weighted_mean,MD,inferior fronto-occipital fasciculus (left),basket,A,G,36328,-0.0028300017048831193,0.006775037858280911,-0.41771009462686604,0.6761615617226038,nonrobust,-0.0056600034097662386,ok,1.0,0.9982962480010784,1.0,0.9982962480010784
dMRI_TBSS_L2_inferior_cerebellar_peduncle_right,25258.0,exploratory,primary,dMRI_TBSS,L2,inferior cerebellar peduncle (right),basket,A,G,36309,-0.0029551532596391746,0.007100116888660407,-0.41621191678672903,0.6772574026381799,nonrobust,-0.005910306519278349,ok,1.0,0.9982962480010784,1.0,0.9982962480010784
dMRI_weighted_mean_FA_inferior_fronto_occipital_fasciculus_lef,25500.0,exploratory,primary,dMRI_weighted_mean,FA,inferior fronto-occipital fasciculus (left),basket,A,G,36333,0.0029527663203923757,0.007099791173284806,0.4158948127239413,0.677489433956675,nonrobust,0.0059055326407847514,ok,1.0,0.9982962480010784,1.0,0.9982962480010784
dMRI_weighted_mean_L1_inferior_longitudinal_fasciculus_left,25583.0,exploratory,primary,dMRI_weighted_mean,L1,inferior longitudinal fasciculus (left),basket,A,G,36341,0.0028424138222580605,0.0068743980026941005,0.4134782160043845,0.6792587213687163,nonrobust,0.005684827644516121,ok,1.0,0.9982962480010784,1.0,0.9982962480010784
dMRI_weighted_mean_ICVF_superior_longitudinal_fasciculus_left,25671.0,exploratory,primary,dMRI_weighted_mean,ICVF,superior longitudinal fasciculus (left),basket,A,G,36318,-0.002913729731292553,0.007074905541451751,-0.41184008948544404,0.6804590678407978,nonrobust,-0.005827459462585106,ok,1.0,0.9982962480010784,1.0,0.9982962480010784
dMRI_TBSS_ICVF_anterior_corona_radiata_left,25367.0,exploratory,primary,dMRI_TBSS,ICVF,anterior corona radiata (left),basket,A,G,36320,-0.0027795742087791168,0.0067771202294375655,-0.41014090272525594,0.6817050107323702,nonrobust,-0.0055591484175582335,ok,1.0,0.9982962480010784,1.0,0.9982962480010784
dMRI_weighted_mean_ISOVF_cingulate_gyrus_part_of_cingulum_right,25709.0,exploratory,primary,dMRI_weighted_mean,ISOVF,cingulate gyrus part of cingulum (right),basket,A,G,36338,-0.0030067222578158055,0.007331252492198771,-0.4101239537194056,0.6817174419138834,nonrobust,-0.006013444515631611,ok,1.0,0.9982962480010784,1.0,0.9982962480010784
dMRI_weighted_mean_L2_inferior_longitudinal_fasciculus_left,25610.0,exploratory,primary,dMRI_weighted_mean,L2,inferior longitudinal fasciculus (left),basket,A,G,36331,0.0028136239302782883,0.006891580924903576,0.40826973679013356,0.6830780630426248,nonrobust,0.005627247860556577,ok,1.0,0.9982962480010784,1.0,0.9982962480010784
dMRI_TBSS_MD_anterior_limb_of_internal_capsule_right,25120.0,exploratory,primary,dMRI_TBSS,MD,anterior limb of internal capsule (right),basket,A,G,36316,0.0027056445754076322,0.006636096547231212,0.40771627660186954,0.6834843918772924,nonrobust,0.0054112891508152645,ok,1.0,0.9982962480010784,1.0,0.9982962480010784
dMRI_TBSS_MD_cingulum_cingulate_gyrus_right,25138.0,exploratory,primary,dMRI_TBSS,MD,cingulum cingulate gyrus (right),basket,A,G,36340,-0.0029318171414454003,0.007205799465071158,-0.40686909976566327,0.6841065304611205,nonrobust,-0.005863634282890801,ok,1.0,0.9982962480010784,1.0,0.9982962480010784
dMRI_TBSS_FA_cingulum_hippocampus_right,25092.0,exploratory,primary,dMRI_TBSS,FA,cingulum hippocampus (right),basket,A,G,36345,0.002853548849247287,0.007106091816639915,0.40156374599119316,0.688007478574388,nonrobust,0.005707097698494574,ok,1.0,0.9982962480010784,1.0,0.9982962480010784
dMRI_TBSS_L2_cingulum_hippocampus_left,25285.0,exploratory,primary,dMRI_TBSS,L2,cingulum hippocampus (left),basket,A,G,36320,-0.0028789027203949377,0.007174766437636636,-0.40125385898181887,0.6882355936186999,nonrobust,-0.0057578054407898755,ok,1.0,0.9982962480010784,1.0,0.9982962480010784
dMRI_weighted_mean_L2_medial_lemniscus_right,25614.0,exploratory,primary,dMRI_weighted_mean,L2,medial lemniscus (right),basket,A,G,36333,-0.002686618824130397,0.006700713160692257,-0.4009452068312144,0.6884628253853003,nonrobust,-0.005373237648260794,ok,1.0,0.9982962480010784,1.0,0.9982962480010784
dMRI_TBSS_ICVF_superior_corona_radiata_left,25369.0,exploratory,primary,dMRI_TBSS,ICVF,superior corona radiata (left),basket,A,G,36303,-0.002731060512842946,0.006836489030274535,-0.39948290719823976,0.6895397679880523,nonrobust,-0.005462121025685892,ok,1.0,0.9982962480010784,1.0,0.9982962480010784
dMRI_TBSS_OD_cingulum_cingulate_gyrus_left,25427.0,exploratory,primary,dMRI_TBSS,OD,cingulum cingulate gyrus (left),basket,A,G,36311,0.0028715754908526705,0.007193176022014289,0.39920828880933595,0.6897420860799583,nonrobust,0.005743150981705341,ok,1.0,0.9982962480010784,1.0,0.9982962480010784
dMRI_TBSS_ISOVF_genu_of_corpus_callosum,25442.0,exploratory,primary,dMRI_TBSS,ISOVF,genu of corpus callosum,basket,A,G,36342,0.0026893765952603114,0.006737789591663724,0.3991482011530489,0.6897863551935747,nonrobust,0.005378753190520623,ok,1.0,0.9982962480010784,1.0,0.9982962480010784
dMRI_TBSS_L3_genu_of_corpus_callosum,25298.0,exploratory,primary,dMRI_TBSS,L3,genu of corpus callosum,basket,A,G,36345,0.002618639744810901,0.006670387200255743,0.3925768724056232,0.6946343282907277,nonrobust,0.005237279489621802,ok,1.0,0.9982962480010784,1.0,0.9982962480010784
dMRI_TBSS_L2_anterior_corona_radiata_right,25270.0,exploratory,primary,dMRI_TBSS,L2,anterior corona radiata (right),basket,A,G,36328,0.0026231905897007475,0.00670911547951586,0.3909890353966662,0.6958076354756565,nonrobust,0.005246381179401495,ok,1.0,0.9982962480010784,1.0,0.9982962480010784
dMRI_weighted_mean_L2_uncinate_fasciculus_left,25621.0,exploratory,primary,dMRI_weighted_mean,L2,uncinate fasciculus (left),basket,A,G,36329,0.002658934396208009,0.006926964868721332,0.38385273299340833,0.701089849500065,nonrobust,0.005317868792416018,ok,1.0,0.9982962480010784,1.0,0.9982962480010784
dMRI_TBSS_ISOVF_cerebral_peduncle_left,25455.0,exploratory,primary,dMRI_TBSS,ISOVF,cerebral peduncle (left),basket,A,G,36340,-0.0028039115382751095,0.007307182465585893,-0.38371992919028475,0.7011882868065341,nonrobust,-0.005607823076550219,ok,1.0,0.9982962480010784,1.0,0.9982962480010784
dMRI_TBSS_L1_genu_of_corpus_callosum,25202.0,exploratory,primary,dMRI_TBSS,L1,genu of corpus callosum,basket,A,G,36337,-0.002584566555883668,0.006791411273039649,-0.38056398765655775,0.7035290341619097,nonrobust,-0.005169133111767336,ok,1.0,0.9982962480010784,1.0,0.9982962480010784
dMRI_TBSS_L2_cerebral_peduncle_right,25262.0,exploratory,primary,dMRI_TBSS,L2,cerebral peduncle (right),basket,A,G,36340,-0.002724339111013746,0.007201529978329358,-0.37830004446440557,0.705209924087014,nonrobust,-0.005448678222027492,ok,1.0,0.9982962480010784,1.0,0.9982962480010784
dMRI_TBSS_FA_posterior_corona_radiata_right,25082.0,exploratory,primary,dMRI_TBSS,FA,posterior corona radiata (right),basket,A,G,36345,0.0027768755486614906,0.007346201262272408,0.37800156155843145,0.7054316433959631,nonrobust,0.005553751097322981,ok,1.0,0.9982962480010784,1.0,0.9982962480010784
dMRI_weighted_mean_ICVF_inferior_fronto_occipital_fasciculus_rig,25663.0,exploratory,primary,dMRI_weighted_mean,ICVF,inferior fronto-occipital fasciculus (right),basket,A,G,36315,0.0026470824519417586,0.007030560091222986,0.3765108921046561,0.7065393211294457,nonrobust,0.005294164903883517,ok,1.0,0.9982962480010784,1.0,0.9982962480010784
dMRI_TBSS_MD_splenium_of_corpus_callosum,25108.0,exploratory,primary,dMRI_TBSS,MD,splenium of corpus callosum,basket,A,G,36310,-0.002604655258654811,0.0069327637185983585,-0.3757022977239748,0.707140426201637,nonrobust,-0.005209310517309622,ok,1.0,0.9982962480010784,1.0,0.9982962480010784
dMRI_TBSS_L3_external_capsule_left,25329.0,exploratory,primary,dMRI_TBSS,L3,external capsule (left),basket,A,G,36303,-0.0025716977215073135,0.006883589875726768,-0.37359833574277174,0.7087053558393455,nonrobust,-0.005143395443014627,ok,1.0,0.9982962480010784,1.0,0.9982962480010784
dMRI_TBSS_L3_posterior_limb_of_internal_capsule_right,25314.0,exploratory,primary,dMRI_TBSS,L3,posterior limb of internal capsule (right),basket,A,G,36333,-0.002605719707102559,0.007013844104205062,-0.3715109244501646,0.7102591889764669,nonrobust,-0.005211439414205118,ok,1.0,0.9982962480010784,1.0,0.9982962480010784
dMRI_TBSS_L1_fornix_cres_stria_terminalis_right,25238.0,exploratory,primary,dMRI_TBSS,L1,fornix cres+stria terminalis (right),basket,A,G,36327,0.0026222978209012276,0.0070660120081193125,0.37111426047507917,0.7105545960129276,nonrobust,0.005244595641802455,ok,1.0,0.9982962480010784,1.0,0.9982962480010784
dMRI_TBSS_FA_fornix_cres_stria_terminalis_left,25095.0,exploratory,primary,dMRI_TBSS,FA,fornix cres+stria terminalis (left),basket,A,G,36343,-0.0023795162577758752,0.006414791220827036,-0.37094212046219843,0.710682806041427,nonrobust,-0.0047590325155517504,ok,1.0,0.9982962480010784,1.0,0.9982962480010784
dMRI_TBSS_ICVF_cingulum_cingulate_gyrus_right,25378.0,exploratory,primary,dMRI_TBSS,ICVF,cingulum cingulate gyrus (right),basket,A,G,36321,-0.002585485407233622,0.007004365067080747,-0.36912487891085766,0.7120367992731202,nonrobust,-0.005170970814467244,ok,1.0,0.9982962480010784,1.0,0.9982962480010784
dMRI_weighted_mean_FA_anterior_thalamic_radiation_right,25491.0,exploratory,primary,dMRI_weighted_mean,FA,anterior thalamic radiation (right),basket,A,G,36334,0.0026198994570485815,0.007115535208390754,0.3681942932358979,0.7127305120951866,nonrobust,0.005239798914097163,ok,1.0,0.9982962480010784,1.0,0.9982962480010784
dMRI_weighted_mean_ICVF_anterior_thalamic_radiation_left,25652.0,exploratory,primary,dMRI_weighted_mean,ICVF,anterior thalamic radiation (left),basket,A,G,36317,-0.0024866810869017854,0.0067716616852230155,-0.36721874223695655,0.7134580017403349,nonrobust,-0.004973362173803571,ok,1.0,0.9982962480010784,1.0,0.9982962480010784
dMRI_TBSS_L2_middle_cerebellar_peduncle,25248.0,exploratory,primary,dMRI_TBSS,L2,middle cerebellar peduncle,basket,A,G,36331,0.0026459982281212503,0.007223931024989819,0.36628232176745895,0.7141565543100572,nonrobust,0.005291996456242501,ok,1.0,0.9982962480010784,1.0,0.9982962480010784
dMRI_TBSS_L3_posterior_corona_radiata_left,25323.0,exploratory,primary,dMRI_TBSS,L3,posterior corona radiata (left),basket,A,G,36279,0.002458375053836546,0.006769216070500778,0.36316983063220176,0.7164801407322536,nonrobust,0.004916750107673092,ok,1.0,0.9982962480010784,1.0,0.9982962480010784
dMRI_TBSS_L1_sagittal_stratum_right,25230.0,exploratory,primary,dMRI_TBSS,L1,sagittal stratum (right),basket,A,G,36346,0.0025761037142089547,0.007105350755459492,0.36255827514631433,0.7169369938944186,nonrobust,0.0051522074284179094,ok,1.0,0.9982962480010784,1.0,0.9982962480010784
dMRI_weighted_mean_RD_medial_lemniscus_left,,exploratory,primary,dMRI_weighted_mean,RD,medial lemniscus (left),derived,A,G,36338,-0.0025200651059949374,0.006963569126329791,-0.36189273923717896,0.7174342921348,nonrobust,-0.005040130211989875,ok,1.0,0.9982962480010784,1.0,0.9982962480010784
dMRI_TBSS_OD_tapetum_left,25439.0,exploratory,primary,dMRI_TBSS,OD,tapetum (left),basket,A,G,36312,-0.002588744181402829,0.007173435532294707,-0.3608792704344158,0.7181918017957081,nonrobust,-0.005177488362805658,ok,1.0,0.9982962480010784,1.0,0.9982962480010784
dMRI_TBSS_L1_cingulum_cingulate_gyrus_right,25234.0,exploratory,primary,dMRI_TBSS,L1,cingulum cingulate gyrus (right),basket,A,G,36340,-0.0026403722094017175,0.007341217434580708,-0.35966407927985883,0.7191004491646682,nonrobust,-0.005280744418803435,ok,1.0,0.9982962480010784,1.0,0.9982962480010784
dMRI_TBSS_L3_superior_corona_radiata_left,25321.0,exploratory,primary,dMRI_TBSS,L3,superior corona radiata (left),basket,A,G,36298,0.0023478886676481753,0.006544457330206322,0.3587598710150281,0.7197768235419748,nonrobust,0.0046957773352963505,ok,1.0,0.9982962480010784,1.0,0.9982962480010784
dMRI_TBSS_L2_superior_corona_radiata_left,25273.0,exploratory,primary,dMRI_TBSS,L2,superior corona radiata (left),basket,A,G,36303,0.002532469919489989,0.00714914059558333,0.35423417481179825,0.7231654533151073,nonrobust,0.005064939838979978,ok,1.0,0.9982962480010784,1.0,0.9982962480010784
dMRI_TBSS_L3_fornix_cres_stria_terminalis_right,25334.0,exploratory,primary,dMRI_TBSS,L3,fornix cres+stria terminalis (right),basket,A,G,36276,0.002288676240030236,0.006463768354929377,0.35407770117331844,0.72328271259455,nonrobust,0.004577352480060472,ok,1.0,0.9982962480010784,1.0,0.9982962480010784
dMRI_weighted_mean_L2_inferior_fronto_occipital_fasciculus_rig,25609.0,exploratory,primary,dMRI_weighted_mean,L2,inferior fronto-occipital fasciculus (right),basket,A,G,36328,0.0024132171714547263,0.006878257239912235,0.35084718225593997,0.7257050342666825,nonrobust,0.004826434342909453,ok,1.0,0.9982962480010784,1.0,0.9982962480010784
dMRI_TBSS_FA_superior_longitudinal_fasciculus_left,25097.0,exploratory,primary,dMRI_TBSS,FA,superior longitudinal fasciculus (left),basket,A,G,36336,0.0025187062327699764,0.007232712828326419,0.3482381082386733,0.7276633896841931,nonrobust,0.005037412465539953,ok,1.0,0.9982962480010784,1.0,0.9982962480010784
dMRI_TBSS_RD_fornix_cres_stria_terminalis_right,,exploratory,primary,dMRI_TBSS,RD,fornix cres+stria terminalis (right),derived,A,G,36282,0.002192706188977098,0.006314821194707795,0.3472317143064509,0.7284192625525789,nonrobust,0.004385412377954196,ok,1.0,0.9982962480010784,1.0,0.9982962480010784
dMRI_weighted_mean_L3_corticospinal_tract_right,25632.0,exploratory,primary,dMRI_weighted_mean,L3,corticospinal tract (right),basket,A,G,36323,-0.002479859969526095,0.007185687751782367,-0.34511101166495584,0.7300129154081672,nonrobust,-0.00495971993905219,ok,1.0,0.9982962480010784,1.0,0.9982962480010784
dMRI_weighted_mean_ISOVF_medial_lemniscus_right,25722.0,exploratory,primary,dMRI_weighted_mean,ISOVF,medial lemniscus (right),basket,A,G,36337,-0.002292266047512312,0.006688953057880266,-0.3426942942605629,0.7318304396118612,nonrobust,-0.004584532095024624,ok,1.0,0.9982962480010784,1.0,0.9982962480010784
dMRI_TBSS_ISOVF_corticospinal_tract_left,25447.0,exploratory,primary,dMRI_TBSS,ISOVF,corticospinal tract (left),basket,A,G,36343,-0.0025359916051994153,0.007423174680012922,-0.3416316757340541,0.7326300731040334,nonrobust,-0.005071983210398831,ok,1.0,0.9982962480010784,1.0,0.9982962480010784
dMRI_weighted_mean_ICVF_cingulate_gyrus_part_of_cingulum_right,25655.0,exploratory,primary,dMRI_weighted_mean,ICVF,cingulate gyrus part of cingulum (right),basket,A,G,36316,0.0023873053825170707,0.007095066040266147,0.3364740185600188,0.73651538664313,nonrobust,0.004774610765034141,ok,1.0,0.9982962480010784,1.0,0.9982962480010784
dMRI_TBSS_ICVF_pontine_crossing_tract,25345.0,exploratory,primary,dMRI_TBSS,ICVF,pontine crossing tract,basket,A,G,36320,0.002418336963475414,0.007206836561415728,0.3355615106387747,0.7372034925392158,nonrobust,0.004836673926950828,ok,1.0,0.9982962480010784,1.0,0.9982962480010784
dMRI_TBSS_FA_posterior_thalamic_radiation_left,25085.0,exploratory,primary,dMRI_TBSS,FA,posterior thalamic radiation (left),basket,A,G,36340,-0.002304928827959359,0.006895289377343875,-0.3342758660039352,0.7381733308908442,nonrobust,-0.004609857655918718,ok,1.0,0.9982962480010784,1.0,0.9982962480010784
dMRI_weighted_mean_FA_superior_longitudinal_fasciculus_left,25509.0,exploratory,primary,dMRI_weighted_mean,FA,superior longitudinal fasciculus (left),basket,A,G,36342,-0.002378809489447302,0.007151128736863801,-0.33264811430182034,0.7394018401142504,nonrobust,-0.004757618978894604,ok,1.0,0.9982962480010784,1.0,0.9982962480010784
dMRI_weighted_mean_MD_acoustic_radiation_right,25516.0,exploratory,primary,dMRI_weighted_mean,MD,acoustic radiation (right),basket,A,G,36325,0.002424487837709997,0.007298577563859597,0.3321863495313588,0.7397504689650445,nonrobust,0.004848975675419994,ok,1.0,0.9982962480010784,1.0,0.9982962480010784
dMRI_TBSS_RD_cingulum_cingulate_gyrus_left,,exploratory,primary,dMRI_TBSS,RD,cingulum cingulate gyrus (left),derived,A,G,36344,0.002322249844330498,0.007090020305812947,0.32753782699698875,0.7432630257237616,nonrobust,0.004644499688660996,ok,1.0,0.9982962480010784,1.0,0.9982962480010784
dMRI_TBSS_L3_cerebral_peduncle_right,25310.0,exploratory,primary,dMRI_TBSS,L3,cerebral peduncle (right),basket,A,G,36336,0.0023019947614182482,0.007119810861297295,0.3233224598607952,0.7464529084366565,nonrobust,0.0046039895228364965,ok,1.0,0.9982962480010784,1.0,0.9982962480010784
dMRI_TBSS_OD_fornix_cres_stria_terminalis_left,25431.0,exploratory,primary,dMRI_TBSS,OD,fornix cres+stria terminalis (left),basket,A,G,36282,0.002214131641598876,0.006897370466573331,0.32101097836185594,0.7482039218984065,nonrobust,0.004428263283197752,ok,1.0,0.9982962480010784,1.0,0.9982962480010784
dMRI_weighted_mean_OD_forceps_major,25687.0,exploratory,primary,dMRI_weighted_mean,OD,forceps major,basket,A,G,36323,0.0022677380426278327,0.007092800123434328,0.3197239458553635,0.7491794461510135,nonrobust,0.0045354760852556655,ok,1.0,0.9982962480010784,1.0,0.9982962480010784
dMRI_TBSS_L2_cingulum_cingulate_gyrus_right,25282.0,exploratory,primary,dMRI_TBSS,L2,cingulum cingulate gyrus (right),basket,A,G,36345,-0.002262901141843028,0.0070963098747073225,-0.3188842062701438,0.7498161552848805,nonrobust,-0.004525802283686056,ok,1.0,0.9982962480010784,1.0,0.9982962480010784
dMRI_TBSS_ICVF_cingulum_cingulate_gyrus_left,25379.0,exploratory,primary,dMRI_TBSS,ICVF,cingulum cingulate gyrus (left),basket,A,G,36318,-0.0022114698696662637,0.007002070361096592,-0.31583085510724945,0.7521327133877722,nonrobust,-0.004422939739332527,ok,1.0,0.9982962480010784,1.0,0.9982962480010784
dMRI_TBSS_L3_medial_lemniscus_right,25304.0,exploratory,primary,dMRI_TBSS,L3,medial lemniscus (right),basket,A,G,36286,-0.002220829098723404,0.007038325500210131,-0.3155337300977485,0.7523582613555251,nonrobust,-0.004441658197446808,ok,1.0,0.9982962480010784,1.0,0.9982962480010784
dMRI_TBSS_FA_superior_longitudinal_fasciculus_right,25096.0,exploratory,primary,dMRI_TBSS,FA,superior longitudinal fasciculus (right),basket,A,G,36340,0.002281046438353098,0.007258566806045202,0.31425576140641953,0.7533286002681508,nonrobust,0.004562092876706196,ok,1.0,0.9982962480010784,1.0,0.9982962480010784
dMRI_TBSS_ISOVF_cingulum_cingulate_gyrus_left,25475.0,exploratory,primary,dMRI_TBSS,ISOVF,cingulum cingulate gyrus (left),basket,A,G,36344,-0.002301166885650576,0.007327900690328714,-0.3140281211353794,0.7535014847027415,nonrobust,-0.004602333771301152,ok,1.0,0.9982962480010784,1.0,0.9982962480010784
dMRI_weighted_mean_ICVF_cingulate_gyrus_part_of_cingulum_left,25654.0,exploratory,primary,dMRI_weighted_mean,ICVF,cingulate gyrus part of cingulum (left),basket,A,G,36316,-0.0022124468116972605,0.0070747090057425984,-0.31272619268176255,0.7544904913602897,nonrobust,-0.004424893623394521,ok,1.0,0.9982962480010784,1.0,0.9982962480010784
dMRI_TBSS_RD_anterior_limb_of_internal_capsule_left,,exploratory,primary,dMRI_TBSS,RD,anterior limb of internal capsule (left),derived,A,G,36314,0.0021516034538904254,0.006889589409430194,0.312297776547525,0.7548160243812445,nonrobust,0.004303206907780851,ok,1.0,0.9982962480010784,1.0,0.9982962480010784
dMRI_weighted_mean_ICVF_acoustic_radiation_left,25650.0,exploratory,primary,dMRI_weighted_mean,ICVF,acoustic radiation (left),basket,A,G,36316,-0.0022481289078148305,0.0072518405385331,-0.3100080449741358,0.756556618948999,nonrobust,-0.004496257815629661,ok,1.0,0.9982962480010784,1.0,0.9982962480010784
dMRI_weighted_mean_RD_parahippocampal_part_of_cingulum_left,,exploratory,primary,dMRI_weighted_mean,RD,parahippocampal part of cingulum (left),derived,A,G,36284,-0.002227643700386842,0.007207865586754484,-0.3090573309913639,0.7572796922873031,nonrobust,-0.004455287400773684,ok,1.0,0.9982962480010784,1.0,0.9982962480010784
dMRI_TBSS_L2_medial_lemniscus_left,25257.0,exploratory,primary,dMRI_TBSS,L2,medial lemniscus (left),basket,A,G,36272,-0.002163380561335892,0.0070422634610214615,-0.30719960610819,0.7586932104795848,nonrobust,-0.004326761122671784,ok,1.0,0.9982962480010784,1.0,0.9982962480010784
dMRI_TBSS_MD_inferior_cerebellar_peduncle_left,25115.0,exploratory,primary,dMRI_TBSS,MD,inferior cerebellar peduncle (left),basket,A,G,36291,0.0021669032379246327,0.007094553874344993,0.30543192374089806,0.760038964319332,nonrobust,0.004333806475849265,ok,1.0,0.9982962480010784,1.0,0.9982962480010784
dMRI_weighted_mean_OD_cingulate_gyrus_part_of_cingulum_right,25682.0,exploratory,primary,dMRI_weighted_mean,OD,cingulate gyrus part of cingulum (right),basket,A,G,36329,-0.0022229926216007253,0.0073080058361257964,-0.3041859395639459,0.7609879799833614,nonrobust,-0.004445985243201451,ok,1.0,0.9982962480010784,1.0,0.9982962480010784
dMRI_TBSS_L3_body_of_corpus_callosum,25299.0,exploratory,primary,dMRI_TBSS,L3,body of corpus callosum,basket,A,G,36342,-0.002110244478046495,0.007011962880911887,-0.3009491798353706,0.7634549707410373,nonrobust,-0.00422048895609299,ok,1.0,0.9982962480010784,1.0,0.9982962480010784
dMRI_TBSS_RD_superior_corona_radiata_left,,exploratory,primary,dMRI_TBSS,RD,superior corona radiata (left),derived,A,G,36283,0.002054112998839755,0.006829316833342296,0.30077869411638697,0.7635849810970778,nonrobust,0.00410822599767951,ok,1.0,0.9982962480010784,1.0,0.9982962480010784
dMRI_weighted_mean_RD_inferior_fronto_occipital_fasciculus_lef,,exploratory,primary,dMRI_weighted_mean,RD,inferior fronto-occipital fasciculus (left),derived,A,G,36324,-0.002022056869744396,0.006850926720107282,-0.2951508536516256,0.7678803318718599,nonrobust,-0.004044113739488792,ok,1.0,0.9982962480010784,1.0,0.9982962480010784
dMRI_TBSS_L3_superior_corona_radiata_right,25320.0,exploratory,primary,dMRI_TBSS,L3,superior corona radiata (right),basket,A,G,36305,0.001954942853371279,0.006629829176979867,0.2948707728638384,0.7680942871767614,nonrobust,0.003909885706742558,ok,1.0,0.9982962480010784,1.0,0.9982962480010784
dMRI_weighted_mean_FA_inferior_fronto_occipital_fasciculus_rig,25501.0,exploratory,primary,dMRI_weighted_mean,FA,inferior fronto-occipital fasciculus (right),basket,A,G,36332,0.002082023465011288,0.007140228975288086,0.2915905739461646,0.770601349475293,nonrobust,0.004164046930022576,ok,1.0,0.9982962480010784,1.0,0.9982962480010784
dMRI_TBSS_ISOVF_cingulum_cingulate_gyrus_right,25474.0,exploratory,primary,dMRI_TBSS,ISOVF,cingulum cingulate gyrus (right),basket,A,G,36342,-0.002123219499379699,0.007325285149170516,-0.28984803405504606,0.7719341535997375,nonrobust,-0.004246438998759398,ok,1.0,0.9982962480010784,1.0,0.9982962480010784
dMRI_weighted_mean_FA_inferior_longitudinal_fasciculus_left,25502.0,exploratory,primary,dMRI_weighted_mean,FA,inferior longitudinal fasciculus (left),basket,A,G,36337,0.0020507256216498963,0.007076041071040601,0.2898125662445197,0.7719612888543582,nonrobust,0.0041014512432997925,ok,1.0,0.9982962480010784,1.0,0.9982962480010784
dMRI_TBSS_L3_posterior_thalamic_radiation_left,25325.0,exploratory,primary,dMRI_TBSS,L3,posterior thalamic radiation (left),basket,A,G,36331,-0.0019253168594322548,0.006725646782925536,-0.2862649380160842,0.7746768439801803,nonrobust,-0.0038506337188645096,ok,1.0,0.9982962480010784,1.0,0.9982962480010784
dMRI_weighted_mean_L2_anterior_thalamic_radiation_right,25599.0,exploratory,primary,dMRI_weighted_mean,L2,anterior thalamic radiation (right),basket,A,G,36328,0.0018571394005934285,0.00653048853809221,0.2843798576110763,0.7761209156629536,nonrobust,0.003714278801186857,ok,1.0,0.9982962480010784,1.0,0.9982962480010784
dMRI_TBSS_MD_external_capsule_right,25136.0,exploratory,primary,dMRI_TBSS,MD,external capsule (right),basket,A,G,36307,-0.001924071853447658,0.006774690004943872,-0.28400884055854286,0.7764052266877149,nonrobust,-0.003848143706895316,ok,1.0,0.9982962480010784,1.0,0.9982962480010784
dMRI_weighted_mean_L2_acoustic_radiation_left,25596.0,exploratory,primary,dMRI_weighted_mean,L2,acoustic radiation (left),basket,A,G,36329,0.0020827207700215844,0.007364581203879841,0.28280233625835455,0.777329975979633,nonrobust,0.004165441540043169,ok,1.0,0.9982962480010784,1.0,0.9982962480010784
dMRI_weighted_mean_L3_parahippocampal_part_of_cingulum_right,25630.0,exploratory,primary,dMRI_weighted_mean,L3,parahippocampal part of cingulum (right),basket,A,G,36303,-0.002015676194993736,0.00722059763568139,-0.279156421212705,0.7801263771168223,nonrobust,-0.004031352389987472,ok,1.0,0.9982962480010784,1.0,0.9982962480010784
dMRI_weighted_mean_MD_medial_lemniscus_right,25533.0,exploratory,primary,dMRI_weighted_mean,MD,medial lemniscus (right),basket,A,G,36331,0.0018678277173726696,0.006795492183234808,0.27486275710548186,0.7834232452869431,nonrobust,0.003735655434745339,ok,1.0,0.9982962480010784,1.0,0.9982962480010784
dMRI_weighted_mean_OD_inferior_longitudinal_fasciculus_left,25691.0,exploratory,primary,dMRI_weighted_mean,OD,inferior longitudinal fasciculus (left),basket,A,G,36320,0.0019359467795441033,0.007071545122250566,0.2737657394637363,0.7842662121635258,nonrobust,0.0038718935590882067,ok,1.0,0.9982962480010784,1.0,0.9982962480010784
dMRI_weighted_mean_ISOVF_corticospinal_tract_right,25713.0,exploratory,primary,dMRI_weighted_mean,ISOVF,corticospinal tract (right),basket,A,G,36327,0.0019709381594416727,0.007241810475966987,0.27216096941262424,0.7854997994377309,nonrobust,0.0039418763188833455,ok,1.0,0.9982962480010784,1.0,0.9982962480010784
dMRI_TBSS_L3_anterior_limb_of_internal_capsule_right,25312.0,exploratory,primary,dMRI_TBSS,L3,anterior limb of internal capsule (right),basket,A,G,36318,0.0017884421015620193,0.006598783514878102,0.27102603040843304,0.7863725535362281,nonrobust,0.0035768842031240386,ok,1.0,0.9982962480010784,1.0,0.9982962480010784
dMRI_weighted_mean_OD_cingulate_gyrus_part_of_cingulum_left,25681.0,exploratory,primary,dMRI_weighted_mean,OD,cingulate gyrus part of cingulum (left),basket,A,G,36327,-0.0019612264114825936,0.007246405840540248,-0.27064816056954055,0.7866631899049349,nonrobust,-0.003922452822965187,ok,1.0,0.9982962480010784,1.0,0.9982962480010784
dMRI_TBSS_L1_anterior_corona_radiata_right,25222.0,exploratory,primary,dMRI_TBSS,L1,anterior corona radiata (right),basket,A,G,36338,-0.001842207437684349,0.006943775569184511,-0.26530342453172073,0.7907772328729665,nonrobust,-0.003684414875368698,ok,1.0,0.9982962480010784,1.0,0.9982962480010784
dMRI_TBSS_L2_inferior_cerebellar_peduncle_left,25259.0,exploratory,primary,dMRI_TBSS,L2,inferior cerebellar peduncle (left),basket,A,G,36281,-0.001834895689764566,0.0070406915052813835,-0.26061299353737755,0.7943924488427139,nonrobust,-0.003669791379529132,ok,1.0,0.9982962480010784,1.0,0.9982962480010784
dMRI_weighted_mean_RD_anterior_thalamic_radiation_right,,exploratory,primary,dMRI_weighted_mean,RD,anterior thalamic radiation (right),derived,A,G,36325,0.0016834607074545864,0.006529075781125404,0.2578405832447562,0.7965314041724532,nonrobust,0.0033669214149091727,ok,1.0,0.9982962480010784,1.0,0.9982962480010784
dMRI_TBSS_ICVF_anterior_limb_of_internal_capsule_right,25360.0,exploratory,primary,dMRI_TBSS,ICVF,anterior limb of internal capsule (right),basket,A,G,36313,0.00176885059170473,0.006904101501115647,0.25620286599478553,0.7977956483082271,nonrobust,0.00353770118340946,ok,1.0,0.9982962480010784,1.0,0.9982962480010784
dMRI_weighted_mean_RD_acoustic_radiation_left,,exploratory,primary,dMRI_weighted_mean,RD,acoustic radiation (left),derived,A,G,36329,0.0018732946353698442,0.007367890247713811,0.25425115906837925,0.7993029698178749,nonrobust,0.0037465892707396883,ok,1.0,0.9982962480010784,1.0,0.9982962480010784
dMRI_TBSS_L1_sagittal_stratum_left,25231.0,exploratory,primary,dMRI_TBSS,L1,sagittal stratum (left),basket,A,G,36340,0.0017892863006005026,0.007059884916058155,0.2534441172731665,0.7999264745307828,nonrobust,0.003578572601201005,ok,1.0,0.9982962480010784,1.0,0.9982962480010784
dMRI_TBSS_OD_fornix_cres_stria_terminalis_right,25430.0,exploratory,primary,dMRI_TBSS,OD,fornix cres+stria terminalis (right),basket,A,G,36293,0.0017480809473360487,0.006950908963629022,0.2514895471200917,0.8014370678983332,nonrobust,0.0034961618946720975,ok,1.0,0.9982962480010784,1.0,0.9982962480010784
dMRI_TBSS_L3_posterior_limb_of_internal_capsule_left,25315.0,exploratory,primary,dMRI_TBSS,L3,posterior limb of internal capsule (left),basket,A,G,36333,-0.0017747216457876115,0.007062637544567273,-0.2512831268189267,0.801596641922661,nonrobust,-0.003549443291575223,ok,1.0,0.9982962480010784,1.0,0.9982962480010784
dMRI_weighted_mean_ICVF_posterior_thalamic_radiation_right,25670.0,exploratory,primary,dMRI_weighted_mean,ICVF,posterior thalamic radiation (right),basket,A,G,36315,-0.0017566130539248656,0.0070070391586046655,-0.2506926269660901,0.8020531810361151,nonrobust,-0.0035132261078497313,ok,1.0,0.9982962480010784,1.0,0.9982962480010784
dMRI_weighted_mean_FA_cingulate_gyrus_part_of_cingulum_left,25492.0,exploratory,primary,dMRI_weighted_mean,FA,cingulate gyrus part of cingulum (left),basket,A,G,36336,-0.0017881981042044588,0.007160577387658629,-0.24972820031055698,0.8027989612582137,nonrobust,-0.0035763962084089176,ok,1.0,0.9982962480010784,1.0,0.9982962480010784
dMRI_TBSS_L1_cingulum_hippocampus_left,25237.0,exploratory,primary,dMRI_TBSS,L1,cingulum hippocampus (left),basket,A,G,36339,-0.0017986166860108406,0.007234510340723874,-0.2486162298899795,0.8036590591642155,nonrobust,-0.0035972333720216813,ok,1.0,0.9982962480010784,1.0,0.9982962480010784
dMRI_TBSS_L2_sagittal_stratum_left,25279.0,exploratory,primary,dMRI_TBSS,L2,sagittal stratum (left),basket,A,G,36329,0.0017671226093625954,0.007165016071209031,0.2466320510380111,0.8051943922228307,nonrobust,0.003534245218725191,ok,1.0,0.9982962480010784,1.0,0.9982962480010784
dMRI_TBSS_MD_retrolenticular_part_of_internal_capsule_f25124,25124.0,exploratory,primary,dMRI_TBSS,MD,retrolenticular part of internal capsule (right),basket,A,G,36337,0.0017302430635078236,0.007116988068520205,0.24311450951576252,0.8079180648916233,nonrobust,0.003460486127015647,ok,1.0,0.9982962480010784,1.0,0.9982962480010784
dMRI_TBSS_FA_fornix_cres_stria_terminalis_right,25094.0,exploratory,primary,dMRI_TBSS,FA,fornix cres+stria terminalis (right),basket,A,G,36344,0.0015590363505071946,0.006418773911725329,0.2428869394603953,0.8080943553418474,nonrobust,0.0031180727010143893,ok,1.0,0.9982962480010784,1.0,0.9982962480010784
dMRI_weighted_mean_FA_superior_thalamic_radiation_right,25512.0,exploratory,primary,dMRI_weighted_mean,FA,superior thalamic radiation (right),basket,A,G,36341,0.001734927069175139,0.007155751850482038,0.2424521008310633,0.8084312371163199,nonrobust,0.003469854138350278,ok,1.0,0.9982962480010784,1.0,0.9982962480010784
dMRI_weighted_mean_MD_parahippocampal_part_of_cingulum_right,25522.0,exploratory,primary,dMRI_weighted_mean,MD,parahippocampal part of cingulum (right),basket,A,G,36295,0.0017352211273458842,0.0071575642726985685,0.24243179121207742,0.8084469741524364,nonrobust,0.0034704422546917683,ok,1.0,0.9982962480010784,1.0,0.9982962480010784
dMRI_TBSS_L2_fornix_cres_stria_terminalis_right,25286.0,exploratory,primary,dMRI_TBSS,L2,fornix cres+stria terminalis (right),basket,A,G,36298,0.0015230002044684583,0.006300387433035416,0.24173119838357363,0.8089898202722282,nonrobust,0.0030460004089369165,ok,1.0,0.9982962480010784,1.0,0.9982962480010784
dMRI_TBSS_L3_sagittal_stratum_right,25326.0,exploratory,primary,dMRI_TBSS,L3,sagittal stratum (right),basket,A,G,36332,-0.0016795453387421617,0.007057056871361756,-0.23799515426295131,0.8118861958619856,nonrobust,-0.0033590906774843233,ok,1.0,0.9982962480010784,1.0,0.9982962480010784
dMRI_weighted_mean_L2_posterior_thalamic_radiation_left,25615.0,exploratory,primary,dMRI_weighted_mean,L2,posterior thalamic radiation (left),basket,A,G,36309,0.0015611835894150845,0.006583908660156974,0.23712108870262832,0.8125641913820045,nonrobust,0.003122367178830169,ok,1.0,0.9982962480010784,1.0,0.9982962480010784
dMRI_TBSS_RD_middle_cerebellar_peduncle,,exploratory,primary,dMRI_TBSS,RD,middle cerebellar peduncle,derived,A,G,36325,0.0017097728786950133,0.007223257151737712,0.23670386402949672,0.8128878729693246,nonrobust,0.0034195457573900265,ok,1.0,0.9982962480010784,1.0,0.9982962480010784
dMRI_TBSS_ISOVF_corticospinal_tract_right,25446.0,exploratory,primary,dMRI_TBSS,ISOVF,corticospinal tract (right),basket,A,G,36342,-0.0017481740810461122,0.007414945831351484,-0.23576356736883694,0.8136174699940801,nonrobust,-0.0034963481620922244,ok,1.0,0.9982962480010784,1.0,0.9982962480010784
dMRI_weighted_mean_MD_posterior_thalamic_radiation_left,25534.0,exploratory,primary,dMRI_weighted_mean,MD,posterior thalamic radiation (left),basket,A,G,36314,-0.0015290451342739677,0.006507583667913273,-0.23496357669793472,0.814238329428646,nonrobust,-0.0030580902685479355,ok,1.0,0.9982962480010784,1.0,0.9982962480010784
dMRI_weighted_mean_MD_inferior_longitudinal_fasciculus_left,25529.0,exploratory,primary,dMRI_weighted_mean,MD,inferior longitudinal fasciculus (left),basket,A,G,36330,0.0016033066684364862,0.006852647092834801,0.2339689534155232,0.8150104008555071,nonrobust,0.0032066133368729723,ok,1.0,0.9982962480010784,1.0,0.9982962480010784
dMRI_weighted_mean_FA_anterior_thalamic_radiation_left,25490.0,exploratory,primary,dMRI_weighted_mean,FA,anterior thalamic radiation (left),basket,A,G,36334,0.001646208850184022,0.007058933779194878,0.233209278012491,0.8156002165251222,nonrobust,0.003292417700368044,ok,1.0,0.9982962480010784,1.0,0.9982962480010784
dMRI_TBSS_RD_cingulum_cingulate_gyrus_right,,exploratory,primary,dMRI_TBSS,RD,cingulum cingulate gyrus (right),derived,A,G,36344,-0.0016541979378241409,0.007106824817549051,-0.23276188456754845,0.815947623608119,nonrobust,-0.0033083958756482817,ok,1.0,0.9982962480010784,1.0,0.9982962480010784
dMRI_TBSS_RD_medial_lemniscus_right,,exploratory,primary,dMRI_TBSS,RD,medial lemniscus (right),derived,A,G,36278,-0.0016220705310195551,0.006969455828971907,-0.2327399112390721,0.815964689534916,nonrobust,-0.0032441410620391103,ok,1.0,0.9982962480010784,1.0,0.9982962480010784
dMRI_TBSS_OD_anterior_limb_of_internal_capsule_right,25408.0,exploratory,primary,dMRI_TBSS,OD,anterior limb of internal capsule (right),basket,A,G,36326,-0.0016819220312666958,0.007234332670539859,-0.23249166272321606,0.8161574729368044,nonrobust,-0.0033638440625333916,ok,1.0,0.9982962480010784,1.0,0.9982962480010784
dMRI_TBSS_RD_medial_lemniscus_left,,exploratory,primary,dMRI_TBSS,RD,medial lemniscus (left),derived,A,G,36268,-0.0016399208891635518,0.007063284442958795,-0.23217539976014223,0.816403095032028,nonrobust,-0.0032798417783271036,ok,1.0,0.9982962480010784,1.0,0.9982962480010784
dMRI_weighted_mean_MD_inferior_fronto_occipital_fasciculus_rig,25528.0,exploratory,primary,dMRI_weighted_mean,MD,inferior fronto-occipital fasciculus (right),basket,A,G,36331,0.0015348911040454335,0.006778703279502773,0.2264284245464156,0.8208694973086456,nonrobust,0.003069782208090867,ok,1.0,0.9982962480010784,1.0,0.9982962480010784
dMRI_TBSS_ISOVF_retrolenticular_part_of_internal_capsule_f25461,25461.0,exploratory,primary,dMRI_TBSS,ISOVF,retrolenticular part of internal capsule (left),basket,A,G,36342,0.001637662958158023,0.007264797052904864,0.2254244607567111,0.8216503530304695,nonrobust,0.003275325916316046,ok,1.0,0.9982962480010784,1.0,0.9982962480010784
dMRI_weighted_mean_L3_medial_lemniscus_right,25641.0,exploratory,primary,dMRI_weighted_mean,L3,medial lemniscus (right),basket,A,G,36332,0.001506126008996279,0.006700033332705602,0.22479380835976773,0.8221409483294996,nonrobust,0.003012252017992558,ok,1.0,0.9982962480010784,1.0,0.9982962480010784
dMRI_TBSS_ICVF_retrolenticular_part_of_internal_capsule_f25364,25364.0,exploratory,primary,dMRI_TBSS,ICVF,retrolenticular part of internal capsule (right),basket,A,G,36319,0.0016150719398149087,0.0072172429648226614,0.2237796271632922,0.8229300429300225,nonrobust,0.0032301438796298173,ok,1.0,0.9982962480010784,1.0,0.9982962480010784
dMRI_weighted_mean_L2_acoustic_radiation_right,25597.0,exploratory,primary,dMRI_weighted_mean,L2,acoustic radiation (right),basket,A,G,36325,-0.0016313048384797907,0.007317866673642438,-0.22292081985525097,0.823598386697032,nonrobust,-0.0032626096769595814,ok,1.0,0.9982962480010784,1.0,0.9982962480010784
dMRI_TBSS_RD_body_of_corpus_callosum,,exploratory,primary,dMRI_TBSS,RD,body of corpus callosum,derived,A,G,36336,-0.001561219995371965,0.007010252734356328,-0.22270523681986967,0.8237661781999459,nonrobust,-0.00312243999074393,ok,1.0,0.9982962480010784,1.0,0.9982962480010784
dMRI_TBSS_L2_body_of_corpus_callosum,25251.0,exploratory,primary,dMRI_TBSS,L2,body of corpus callosum,basket,A,G,36329,-0.0015557640325479986,0.007015826326340945,-0.22175064777571205,0.8245092477770066,nonrobust,-0.0031115280650959973,ok,1.0,0.9982962480010784,1.0,0.9982962480010784
dMRI_TBSS_ISOVF_splenium_of_corpus_callosum,25444.0,exploratory,primary,dMRI_TBSS,ISOVF,splenium of corpus callosum,basket,A,G,36313,0.0015979994309135923,0.007211905744439194,0.22157796947717245,0.8246436810510134,nonrobust,0.0031959988618271845,ok,1.0,0.9982962480010784,1.0,0.9982962480010784
dMRI_weighted_mean_L1_inferior_fronto_occipital_fasciculus_lef,25581.0,exploratory,primary,dMRI_weighted_mean,L1,inferior fronto-occipital fasciculus (left),basket,A,G,36334,-0.0014879029524954978,0.006795497864458766,-0.21895422265929934,0.8266869384231779,nonrobust,-0.0029758059049909955,ok,1.0,0.9982962480010784,1.0,0.9982962480010784
dMRI_TBSS_MD_cingulum_cingulate_gyrus_left,25139.0,exploratory,primary,dMRI_TBSS,MD,cingulum cingulate gyrus (left),basket,A,G,36343,-0.0015474645002488997,0.0072055762429689444,-0.2147592986416436,0.8299561934480618,nonrobust,-0.0030949290004977995,ok,1.0,0.9982962480010784,1.0,0.9982962480010784
dMRI_TBSS_OD_superior_cerebellar_peduncle_left,25405.0,exploratory,primary,dMRI_TBSS,OD,superior cerebellar peduncle (left),basket,A,G,36290,-0.0015037136333739386,0.007019961754790503,-0.21420538827690724,0.830388098916558,nonrobust,-0.0030074272667478773,ok,1.0,0.9982962480010784,1.0,0.9982962480010784
dMRI_weighted_mean_L3_anterior_thalamic_radiation_right,25626.0,exploratory,primary,dMRI_weighted_mean,L3,anterior thalamic radiation (right),basket,A,G,36323,0.0013849702800718406,0.006551207911852069,0.21140685789657687,0.8325709929347187,nonrobust,0.0027699405601436813,ok,1.0,0.9982962480010784,1.0,0.9982962480010784
dMRI_TBSS_L2_cingulum_cingulate_gyrus_left,25283.0,exploratory,primary,dMRI_TBSS,L2,cingulum cingulate gyrus (left),basket,A,G,36347,0.0014605293682556078,0.0070786484947014455,0.206328845025834,0.8365352048631496,nonrobust,0.0029210587365112155,ok,1.0,0.9982962480010784,1.0,0.9982962480010784
dMRI_TBSS_OD_splenium_of_corpus_callosum,25396.0,exploratory,primary,dMRI_TBSS,OD,splenium of corpus callosum,basket,A,G,36329,-0.0014181705970324754,0.0068882541745155885,-0.2058824429387737,0.8368838948167346,nonrobust,-0.0028363411940649508,ok,1.0,0.9982962480010784,1.0,0.9982962480010784
dMRI_weighted_mean_L3_acoustic_radiation_left,25623.0,exploratory,primary,dMRI_weighted_mean,L3,acoustic radiation (left),basket,A,G,36329,0.0015145139959240926,0.007369932767379045,0.20549902471670667,0.8371834124230245,nonrobust,0.0030290279918481853,ok,1.0,0.9982962480010784,1.0,0.9982962480010784
dMRI_weighted_mean_RD_posterior_thalamic_radiation_left,,exploratory,primary,dMRI_weighted_mean,RD,posterior thalamic radiation (left),derived,A,G,36313,0.0013406486366763118,0.006594282289333588,0.20330470820832822,0.8388980159047974,nonrobust,0.0026812972733526235,ok,1.0,0.9982962480010784,1.0,0.9982962480010784
dMRI_TBSS_MD_medial_lemniscus_left,25113.0,exploratory,primary,dMRI_TBSS,MD,medial lemniscus (left),basket,A,G,36281,0.0014466782137763938,0.0071909504456322305,0.20118038981274072,0.8405586534554785,nonrobust,0.0028933564275527876,ok,1.0,0.9982962480010784,1.0,0.9982962480010784
dMRI_weighted_mean_ICVF_forceps_major,25660.0,exploratory,primary,dMRI_weighted_mean,ICVF,forceps major,basket,A,G,36315,-0.0014441067898000395,0.007233526698906053,-0.19964076306215,0.8417626639450335,nonrobust,-0.002888213579600079,ok,1.0,0.9982962480010784,1.0,0.9982962480010784
dMRI_TBSS_RD_sagittal_stratum_right,,exploratory,primary,dMRI_TBSS,RD,sagittal stratum (right),derived,A,G,36333,-0.0014100084142769909,0.007142329434728407,-0.19741576290517432,0.8435033006384178,nonrobust,-0.0028200168285539818,ok,1.0,0.9982962480010784,1.0,0.9982962480010784
dMRI_TBSS_ICVF_inferior_cerebellar_peduncle_left,25355.0,exploratory,primary,dMRI_TBSS,ICVF,inferior cerebellar peduncle (left),basket,A,G,36320,0.0013977787812416574,0.007100830458308133,0.19684722645450922,0.8439481951161558,nonrobust,0.002795557562483315,ok,1.0,0.9982962480010784,1.0,0.9982962480010784
dMRI_TBSS_OD_sagittal_stratum_left,25423.0,exploratory,primary,dMRI_TBSS,OD,sagittal stratum (left),basket,A,G,36319,0.0014151414565907168,0.007248142336768999,0.1952419517773355,0.845204631314304,nonrobust,0.0028302829131814336,ok,1.0,0.9982962480010784,1.0,0.9982962480010784
dMRI_TBSS_ICVF_posterior_corona_radiata_right,25370.0,exploratory,primary,dMRI_TBSS,ICVF,posterior corona radiata (right),basket,A,G,36319,0.0013519015129680883,0.0069371309547848784,0.19487905328291602,0.8454887238752534,nonrobust,0.0027038030259361767,ok,1.0,0.9982962480010784,1.0,0.9982962480010784
dMRI_weighted_mean_RD_acoustic_radiation_right,,exploratory,primary,dMRI_weighted_mean,RD,acoustic radiation (right),derived,A,G,36325,-0.0013944702049954033,0.007302223989783874,-0.19096513705226342,0.8485539752518602,nonrobust,-0.0027889404099908067,ok,1.0,0.9982962480010784,1.0,0.9982962480010784
dMRI_TBSS_MD_external_capsule_left,25137.0,exploratory,primary,dMRI_TBSS,MD,external capsule (left),basket,A,G,36305,0.0012919339600936774,0.006788053684461601,0.19032465271319493,0.8490558017066958,nonrobust,0.002583867920187355,ok,1.0,0.9982962480010784,1.0,0.9982962480010784
dMRI_weighted_mean_L2_superior_longitudinal_fasciculus_left,25617.0,exploratory,primary,dMRI_weighted_mean,L2,superior longitudinal fasciculus (left),basket,A,G,36322,0.0013216369137481342,0.006998621187618195,0.18884247029777018,0.8502173401812272,nonrobust,0.0026432738274962684,ok,1.0,0.9982962480010784,1.0,0.9982962480010784
dMRI_weighted_mean_L3_acoustic_radiation_right,25624.0,exploratory,primary,dMRI_weighted_mean,L3,acoustic radiation (right),basket,A,G,36323,-0.0013548444029922505,0.007282806809804225,-0.18603327513347442,0.8524197067569328,nonrobust,-0.002709688805984501,ok,1.0,0.9982962480010784,1.0,0.9982962480010784
dMRI_TBSS_L1_anterior_corona_radiata_left,25223.0,exploratory,primary,dMRI_TBSS,L1,anterior corona radiata (left),basket,A,G,36332,0.001306828972925311,0.007025175116757466,0.18602083951018858,0.8524294584120208,nonrobust,0.002613657945850622,ok,1.0,0.9982962480010784,1.0,0.9982962480010784
dMRI_TBSS_FA_anterior_corona_radiata_right,25078.0,exploratory,primary,dMRI_TBSS,FA,anterior corona radiata (right),basket,A,G,36349,-0.0012593799880317904,0.006839430640765943,-0.18413520864227279,0.8539084142638871,nonrobust,-0.002518759976063581,ok,1.0,0.9982962480010784,1.0,0.9982962480010784
dMRI_weighted_mean_RD_uncinate_fasciculus_left,,exploratory,primary,dMRI_weighted_mean,RD,uncinate fasciculus (left),derived,A,G,36329,0.00124689913339501,0.0069241980419407385,0.18007849080028981,0.857091953694875,nonrobust,0.00249379826679002,ok,1.0,0.9982962480010784,1.0,0.9982962480010784
dMRI_TBSS_ISOVF_superior_longitudinal_fasciculus_left,25481.0,exploratory,primary,dMRI_TBSS,ISOVF,superior longitudinal fasciculus (left),basket,A,G,36332,0.0012999823124256898,0.00722476015479785,0.1799343209424595,0.8572051350682366,nonrobust,0.0025999646248513796,ok,1.0,0.9982962480010784,1.0,0.9982962480010784
dMRI_weighted_mean_OD_inferior_longitudinal_fasciculus_right,25692.0,exploratory,primary,dMRI_weighted_mean,OD,inferior longitudinal fasciculus (right),basket,A,G,36314,-0.001211734134929687,0.006956174533726275,-0.17419547612767944,0.86171281260378,nonrobust,-0.002423468269859374,ok,1.0,0.9982962480010784,1.0,0.9982962480010784
dMRI_TBSS_L3_cingulum_cingulate_gyrus_right,25330.0,exploratory,primary,dMRI_TBSS,L3,cingulum cingulate gyrus (right),basket,A,G,36343,-0.0012344874615621922,0.007156151506042773,-0.1725071723984282,0.8630397845683944,nonrobust,-0.0024689749231243843,ok,1.0,0.9982962480010784,1.0,0.9982962480010784
dMRI_TBSS_L2_posterior_corona_radiata_right,25274.0,exploratory,primary,dMRI_TBSS,L2,posterior corona radiata (right),basket,A,G,36286,-0.001219800096517479,0.007249370965175361,-0.16826288823915528,0.8663774070639642,nonrobust,-0.002439600193034958,ok,1.0,0.9982962480010784,1.0,0.9982962480010784
dMRI_TBSS_FA_pontine_crossing_tract,25057.0,exploratory,primary,dMRI_TBSS,FA,pontine crossing tract,basket,A,G,36348,-0.001221412874982941,0.00734688530032618,-0.16624907359431812,0.8679618671080687,nonrobust,-0.002442825749965882,ok,1.0,0.9982962480010784,1.0,0.9982962480010784
dMRI_TBSS_L2_tapetum_left,25295.0,exploratory,primary,dMRI_TBSS,L2,tapetum (left),basket,A,G,36328,-0.001182478770206008,0.007257316710731118,-0.16293608469057463,0.8705696660739648,nonrobust,-0.002364957540412016,ok,1.0,0.9982962480010784,1.0,0.9982962480010784
dMRI_TBSS_RD_external_capsule_left,,exploratory,primary,dMRI_TBSS,RD,external capsule (left),derived,A,G,36312,-0.0010834939121646204,0.006769502808750047,-0.160055168418592,0.8728385072729208,nonrobust,-0.0021669878243292407,ok,1.0,0.9982962480010784,1.0,0.9982962480010784
dMRI_TBSS_RD_superior_corona_radiata_right,,exploratory,primary,dMRI_TBSS,RD,superior corona radiata (right),derived,A,G,36296,-0.0010960561240482406,0.006875727646771449,-0.15940947349229317,0.8733471633460567,nonrobust,-0.0021921122480964813,ok,1.0,0.9982962480010784,1.0,0.9982962480010784
dMRI_weighted_mean_RD_inferior_longitudinal_fasciculus_left,,exploratory,primary,dMRI_weighted_mean,RD,inferior longitudinal fasciculus (left),derived,A,G,36328,0.0010834279757699536,0.006890173884820133,0.15724247223381016,0.8750546312511716,nonrobust,0.0021668559515399073,ok,1.0,0.9982962480010784,1.0,0.9982962480010784
dMRI_TBSS_ISOVF_body_of_corpus_callosum,25443.0,exploratory,primary,dMRI_TBSS,ISOVF,body of corpus callosum,basket,A,G,36342,0.0010460534570605237,0.006763752063053219,0.1546557956750895,0.8770935401220376,nonrobust,0.0020921069141210473,ok,1.0,0.9982962480010784,1.0,0.9982962480010784
dMRI_TBSS_RD_anterior_corona_radiata_right,,exploratory,primary,dMRI_TBSS,RD,anterior corona radiata (right),derived,A,G,36323,0.0010253594034823127,0.006634875758872281,0.15454085965531197,0.8771841562039089,nonrobust,0.0020507188069646253,ok,1.0,0.9982962480010784,1.0,0.9982962480010784
dMRI_TBSS_L3_anterior_corona_radiata_right,25318.0,exploratory,primary,dMRI_TBSS,L3,anterior corona radiata (right),basket,A,G,36326,-0.001021859664816628,0.006615111397389116,-0.1544735384531756,0.8772372329595011,nonrobust,-0.002043719329633256,ok,1.0,0.9982962480010784,1.0,0.9982962480010784
dMRI_TBSS_RD_sagittal_stratum_left,,exploratory,primary,dMRI_TBSS,RD,sagittal stratum (left),derived,A,G,36327,0.0010571800001417649,0.007050099773907394,0.1499524877725016,0.8808029337970498,nonrobust,0.0021143600002835297,ok,1.0,0.9982962480010784,1.0,0.9982962480010784
dMRI_TBSS_ICVF_posterior_corona_radiata_left,25371.0,exploratory,primary,dMRI_TBSS,ICVF,posterior corona radiata (left),basket,A,G,36320,0.0010167205784067988,0.006961058937910871,0.14605832064854396,0.8838761600861642,nonrobust,0.0020334411568135977,ok,1.0,0.9982962480010784,1.0,0.9982962480010784
dMRI_TBSS_ICVF_posterior_thalamic_radiation_right,25372.0,exploratory,primary,dMRI_TBSS,ICVF,posterior thalamic radiation (right),basket,A,G,36325,-0.0010268083025098457,0.007039549523437849,-0.14586278555057192,0.8840305202185024,nonrobust,-0.0020536166050196913,ok,1.0,0.9982962480010784,1.0,0.9982962480010784
dMRI_TBSS_FA_anterior_limb_of_internal_capsule_right,25072.0,exploratory,primary,dMRI_TBSS,FA,anterior limb of internal capsule (right),basket,A,G,36343,0.0010428651006051648,0.00715821958469261,0.14568777728406998,0.8841686794067989,nonrobust,0.0020857302012103297,ok,1.0,0.9982962480010784,1.0,0.9982962480010784
dMRI_TBSS_MD_posterior_corona_radiata_right,25130.0,exploratory,primary,dMRI_TBSS,MD,posterior corona radiata (right),basket,A,G,36276,0.0009295263949205047,0.006652652537933342,0.1397226729669642,0.8888798880601172,nonrobust,0.0018590527898410094,ok,1.0,0.9982962480010784,1.0,0.9982962480010784
dMRI_TBSS_L1_splenium_of_corpus_callosum,25204.0,exploratory,primary,dMRI_TBSS,L1,splenium of corpus callosum,basket,A,G,36336,0.0009459995728764116,0.006822898459013519,0.13865068908165867,0.8897269550465154,nonrobust,0.0018919991457528231,ok,1.0,0.9982962480010784,1.0,0.9982962480010784
dMRI_weighted_mean_RD_inferior_fronto_occipital_fasciculus_rig,,exploratory,primary,dMRI_weighted_mean,RD,inferior fronto-occipital fasciculus (right),derived,A,G,36327,0.0009335093670772165,0.00689068035458701,0.13547419398953764,0.8922377176337837,nonrobust,0.001867018734154433,ok,1.0,0.9982962480010784,1.0,0.9982962480010784
dMRI_TBSS_L3_tapetum_left,25343.0,exploratory,primary,dMRI_TBSS,L3,tapetum (left),basket,A,G,36336,0.0009414310114392505,0.007012249746574805,0.13425520274703576,0.8932015197121791,nonrobust,0.001882862022878501,ok,1.0,0.9982962480010784,1.0,0.9982962480010784
dMRI_weighted_mean_L1_uncinate_fasciculus_left,25594.0,exploratory,primary,dMRI_weighted_mean,L1,uncinate fasciculus (left),basket,A,G,36332,-0.0009331200953464132,0.0069909414139775455,-0.13347559936359243,0.8938180003765949,nonrobust,-0.0018662401906928265,ok,1.0,0.9982962480010784,1.0,0.9982962480010784
dMRI_TBSS_FA_superior_fronto_occipital_fasciculus_lef,25099.0,exploratory,primary,dMRI_TBSS,FA,superior fronto-occipital fasciculus (left),basket,A,G,36351,-0.0008914409912260838,0.006935525531745819,-0.12853258014056929,0.8977282285065479,nonrobust,-0.0017828819824521676,ok,1.0,0.9982962480010784,1.0,0.9982962480010784
dMRI_TBSS_OD_cingulum_hippocampus_left,25429.0,exploratory,primary,dMRI_TBSS,OD,cingulum hippocampus (left),basket,A,G,36319,0.0009314118632258509,0.007259877896981947,0.12829580282790354,0.8979155974940536,nonrobust,0.0018628237264517017,ok,1.0,0.9982962480010784,1.0,0.9982962480010784
dMRI_TBSS_FA_sagittal_stratum_left,25087.0,exploratory,primary,dMRI_TBSS,FA,sagittal stratum (left),basket,A,G,36341,0.0009024460153089057,0.007215590719601329,0.1250689029322837,0.9004696942210624,nonrobust,0.0018048920306178115,ok,1.0,0.9982962480010784,1.0,0.9982962480010784
dMRI_TBSS_ICVF_posterior_limb_of_internal_capsule_left,25363.0,exploratory,primary,dMRI_TBSS,ICVF,posterior limb of internal capsule (left),basket,A,G,36316,-0.0008935477261243574,0.007147273228107749,-0.12501938817874542,0.9005088938143325,nonrobust,-0.0017870954522487149,ok,1.0,0.9982962480010784,1.0,0.9982962480010784
dMRI_TBSS_ICVF_external_capsule_right,25376.0,exploratory,primary,dMRI_TBSS,ICVF,external capsule (right),basket,A,G,36319,0.0008398468575683828,0.006803988253719983,0.12343449551212976,0.9017637260895726,nonrobust,0.0016796937151367657,ok,1.0,0.9982962480010784,1.0,0.9982962480010784
dMRI_TBSS_RD_superior_longitudinal_fasciculus_left,,exploratory,primary,dMRI_TBSS,RD,superior longitudinal fasciculus (left),derived,A,G,36307,-0.0008705718189834033,0.0070612922840540765,-0.12328788895332128,0.9018798139161923,nonrobust,-0.0017411436379668067,ok,1.0,0.9982962480010784,1.0,0.9982962480010784
dMRI_TBSS_MD_genu_of_corpus_callosum,25106.0,exploratory,primary,dMRI_TBSS,MD,genu of corpus callosum,basket,A,G,36343,0.0008183860599840079,0.006675611121662933,0.12259342928593829,0.9024297363220344,nonrobust,0.0016367721199680159,ok,1.0,0.9982962480010784,1.0,0.9982962480010784
dMRI_weighted_mean_RD_parahippocampal_part_of_cingulum_right,,exploratory,primary,dMRI_weighted_mean,RD,parahippocampal part of cingulum (right),derived,A,G,36299,-0.0008548841496774424,0.007219966524895177,-0.11840555586091918,0.9057469795624116,nonrobust,-0.0017097682993548848,ok,1.0,0.9982962480010784,1.0,0.9982962480010784
dMRI_TBSS_MD_medial_lemniscus_right,25112.0,exploratory,primary,dMRI_TBSS,MD,medial lemniscus (right),basket,A,G,36296,0.0008399010302517532,0.007150514162994036,0.11746022888794239,0.906496009075445,nonrobust,0.0016798020605035065,ok,1.0,0.9982962480010784,1.0,0.9982962480010784
dMRI_weighted_mean_L3_cingulate_gyrus_part_of_cingulum_left,25627.0,exploratory,primary,dMRI_weighted_mean,L3,cingulate gyrus part of cingulum (left),basket,A,G,36334,0.000837747042550358,0.007208450191429251,0.11621735883622084,0.9074809224662596,nonrobust,0.001675494085100716,ok,1.0,0.9982962480010784,1.0,0.9982962480010784
dMRI_weighted_mean_RD_medial_lemniscus_right,,exploratory,primary,dMRI_weighted_mean,RD,medial lemniscus (right),derived,A,G,36332,-0.0007726568656135058,0.006690009951611082,-0.11549412799116021,0.9080541133543587,nonrobust,-0.0015453137312270116,ok,1.0,0.9982962480010784,1.0,0.9982962480010784
dMRI_TBSS_L3_medial_lemniscus_left,25305.0,exploratory,primary,dMRI_TBSS,L3,medial lemniscus (left),basket,A,G,36276,-0.0008171331437535586,0.007120918588441628,-0.11475108633876173,0.9086430559492267,nonrobust,-0.0016342662875071172,ok,1.0,0.9982962480010784,1.0,0.9982962480010784
dMRI_TBSS_OD_pontine_crossing_tract,25393.0,exploratory,primary,dMRI_TBSS,OD,pontine crossing tract,basket,A,G,36332,0.0008103187493892191,0.007152368745087113,0.11329376018900292,0.9097982905513462,nonrobust,0.0016206374987784381,ok,1.0,0.9982962480010784,1.0,0.9982962480010784
dMRI_weighted_mean_L3_medial_lemniscus_left,25640.0,exploratory,primary,dMRI_weighted_mean,L3,medial lemniscus (left),basket,A,G,36337,-0.000787300470567353,0.007003637936831228,-0.1124130741292381,0.9104965108741709,nonrobust,-0.001574600941134706,ok,1.0,0.9982962480010784,1.0,0.9982962480010784
dMRI_weighted_mean_L2_inferior_fronto_occipital_fasciculus_lef,25608.0,exploratory,primary,dMRI_weighted_mean,L2,inferior fronto-occipital fasciculus (left),basket,A,G,36326,0.0007332268453286307,0.00683080500586776,0.10734120571422816,0.9145188892449551,nonrobust,0.0014664536906572614,ok,1.0,0.9982962480010784,1.0,0.9982962480010784
dMRI_TBSS_ISOVF_inferior_cerebellar_peduncle_right,25450.0,exploratory,primary,dMRI_TBSS,ISOVF,inferior cerebellar peduncle (right),basket,A,G,36309,0.0007583475543683158,0.0072495365875528605,0.10460634900034378,0.9166887548792483,nonrobust,0.0015166951087366317,ok,1.0,0.9982962480010784,1.0,0.9982962480010784
dMRI_TBSS_MD_retrolenticular_part_of_internal_capsule_f25125,25125.0,exploratory,primary,dMRI_TBSS,MD,retrolenticular part of internal capsule (left),basket,A,G,36339,0.0007128783076230702,0.007127058351036789,0.10002419967830993,0.9203256654820822,nonrobust,0.0014257566152461403,ok,1.0,0.9982962480010784,1.0,0.9982962480010784
dMRI_TBSS_RD_cerebral_peduncle_right,,exploratory,primary,dMRI_TBSS,RD,cerebral peduncle (right),derived,A,G,36336,-0.0007134785549348826,0.007149311294100793,-0.09979682316023987,0.920506181250411,nonrobust,-0.0014269571098697652,ok,1.0,0.9982962480010784,1.0,0.9982962480010784
dMRI_TBSS_L2_sagittal_stratum_right,25278.0,exploratory,primary,dMRI_TBSS,L2,sagittal stratum (right),basket,A,G,36335,-0.0006644993253540244,0.007207832694224105,-0.0921912804505731,0.9265465744277606,nonrobust,-0.0013289986507080487,ok,1.0,0.9982962480010784,1.0,0.9982962480010784
dMRI_TBSS_FA_cingulum_cingulate_gyrus_right,25090.0,exploratory,primary,dMRI_TBSS,FA,cingulum cingulate gyrus (right),basket,A,G,36341,-0.0006384062523414115,0.007138815254630806,-0.08942747915031003,0.9287426789915969,nonrobust,-0.001276812504682823,ok,1.0,0.9982962480010784,1.0,0.9982962480010784
dMRI_weighted_mean_L1_cingulate_gyrus_part_of_cingulum_right,25574.0,exploratory,primary,dMRI_weighted_mean,L1,cingulate gyrus part of cingulum (right),basket,A,G,36333,-0.0006254130971450149,0.00733516155151208,-0.08526234804141314,0.9320532946055338,nonrobust,-0.0012508261942900298,ok,1.0,0.9982962480010784,1.0,0.9982962480010784
dMRI_TBSS_ICVF_genu_of_corpus_callosum,25346.0,exploratory,primary,dMRI_TBSS,ICVF,genu of corpus callosum,basket,A,G,36320,0.000578731993465136,0.007102237406243555,0.0814858699254934,0.935056011071083,nonrobust,0.001157463986930272,ok,1.0,0.9982962480010784,1.0,0.9982962480010784
dMRI_TBSS_ICVF_cerebral_peduncle_right,25358.0,exploratory,primary,dMRI_TBSS,ICVF,cerebral peduncle (right),basket,A,G,36316,0.0005317194710165911,0.007202324906567425,0.07382608781391461,0.9411491755485943,nonrobust,0.0010634389420331822,ok,1.0,0.9982962480010784,1.0,0.9982962480010784
dMRI_TBSS_L2_external_capsule_left,25281.0,exploratory,primary,dMRI_TBSS,L2,external capsule (left),basket,A,G,36321,0.0004905243743945646,0.0066896288245969346,0.07332609734503764,0.9415470290488961,nonrobust,0.0009810487487891292,ok,1.0,0.9982962480010784,1.0,0.9982962480010784
dMRI_TBSS_L2_anterior_limb_of_internal_capsule_left,25265.0,exploratory,primary,dMRI_TBSS,L2,anterior limb of internal capsule (left),basket,A,G,36324,0.000515198629042873,0.0070858333300738395,0.07270826239395957,0.9420386741907245,nonrobust,0.001030397258085746,ok,1.0,0.9982962480010784,1.0,0.9982962480010784
dMRI_TBSS_ISOVF_superior_corona_radiata_right,25464.0,exploratory,primary,dMRI_TBSS,ISOVF,superior corona radiata (right),basket,A,G,36339,0.0004955280265754466,0.00699728626046811,0.07081717227648428,0.943543654678802,nonrobust,0.0009910560531508931,ok,1.0,0.9982962480010784,1.0,0.9982962480010784
dMRI_weighted_mean_L2_cingulate_gyrus_part_of_cingulum_left,25600.0,exploratory,primary,dMRI_weighted_mean,L2,cingulate gyrus part of cingulum (left),basket,A,G,36334,-0.0004967587217791078,0.007038980014677422,-0.07057254328656777,0.9437383519350204,nonrobust,-0.0009935174435582155,ok,1.0,0.9982962480010784,1.0,0.9982962480010784
dMRI_TBSS_MD_uncinate_fasciculus_right,25148.0,exploratory,primary,dMRI_TBSS,MD,uncinate fasciculus (right),basket,A,G,36329,0.0004949090302821675,0.007126790943370149,0.06944346118957892,0.944637017912968,nonrobust,0.000989818060564335,ok,1.0,0.9982962480010784,1.0,0.9982962480010784
dMRI_TBSS_ICVF_retrolenticular_part_of_internal_capsule_f25365,25365.0,exploratory,primary,dMRI_TBSS,ICVF,retrolenticular part of internal capsule (left),basket,A,G,36322,-0.0004862871503550016,0.007237745185615521,-0.06718765829466627,0.94643268030948,nonrobust,-0.0009725743007100032,ok,1.0,0.9982962480010784,1.0,0.9982962480010784
dMRI_TBSS_MD_anterior_corona_radiata_right,25126.0,exploratory,primary,dMRI_TBSS,MD,anterior corona radiata (right),basket,A,G,36322,-0.00043671864123776417,0.006630438181942636,-0.0658657285165746,0.9474850888092261,nonrobust,-0.0008734372824755283,ok,1.0,0.9982962480010784,1.0,0.9982962480010784
dMRI_TBSS_RD_posterior_thalamic_radiation_left,,exploratory,primary,dMRI_TBSS,RD,posterior thalamic radiation (left),derived,A,G,36329,0.0004396713225237782,0.006751141890058067,0.06512547502093702,0.9480744560048973,nonrobust,0.0008793426450475564,ok,1.0,0.9982962480010784,1.0,0.9982962480010784
dMRI_weighted_mean_L2_parahippocampal_part_of_cingulum_left,25602.0,exploratory,primary,dMRI_weighted_mean,L2,parahippocampal part of cingulum (left),basket,A,G,36284,-0.00046052077481574007,0.007199729306843344,-0.06396362351818075,0.948999544362218,nonrobust,-0.0009210415496314801,ok,1.0,0.9982962480010784,1.0,0.9982962480010784
dMRI_TBSS_L3_sagittal_stratum_left,25327.0,exploratory,primary,dMRI_TBSS,L3,sagittal stratum (left),basket,A,G,36324,-0.0004098472784679762,0.0069284952433340576,-0.05915386589350587,0.9528298806324685,nonrobust,-0.0008196945569359524,ok,1.0,0.9982962480010784,1.0,0.9982962480010784
dMRI_TBSS_MD_sagittal_stratum_left,25135.0,exploratory,primary,dMRI_TBSS,MD,sagittal stratum (left),basket,A,G,36328,-0.0003984580384938113,0.0069477185723958845,-0.057350918051996616,0.9542659760244707,nonrobust,-0.0007969160769876226,ok,1.0,0.9982962480010784,1.0,0.9982962480010784
dMRI_TBSS_ICVF_fornix_cres_stria_terminalis_right,25382.0,exploratory,primary,dMRI_TBSS,ICVF,fornix cres+stria terminalis (right),basket,A,G,36314,0.0004124042200727116,0.007273706380648663,0.05669794716623325,0.9547861215236788,nonrobust,0.0008248084401454232,ok,1.0,0.9982962480010784,1.0,0.9982962480010784
dMRI_TBSS_L2_anterior_limb_of_internal_capsule_right,25264.0,exploratory,primary,dMRI_TBSS,L2,anterior limb of internal capsule (right),basket,A,G,36325,0.0003767990013684372,0.007206792449691394,0.05228387025140044,0.9583027931623367,nonrobust,0.0007535980027368744,ok,1.0,0.9982962480010784,1.0,0.9982962480010784
dMRI_weighted_mean_MD_uncinate_fasciculus_left,25540.0,exploratory,primary,dMRI_weighted_mean,MD,uncinate fasciculus (left),basket,A,G,36328,0.00035329049573244796,0.006911004174437898,0.05111999455002248,0.9592301847794192,nonrobust,0.0007065809914648959,ok,1.0,0.9982962480010784,1.0,0.9982962480010784
dMRI_TBSS_RD_posterior_corona_radiata_right,,exploratory,primary,dMRI_TBSS,RD,posterior corona radiata (right),derived,A,G,36271,-0.0003562116819790211,0.0070054979664024965,-0.05084744634676484,0.9594473632734117,nonrobust,-0.0007124233639580422,ok,1.0,0.9982962480010784,1.0,0.9982962480010784
dMRI_weighted_mean_L3_inferior_fronto_occipital_fasciculus_rig,25636.0,exploratory,primary,dMRI_weighted_mean,L3,inferior fronto-occipital fasciculus (right),basket,A,G,36327,-0.00033521002906965566,0.006914349029745966,-0.048480345384295895,0.9613336948832891,nonrobust,-0.0006704200581393113,ok,1.0,0.9982962480010784,1.0,0.9982962480010784
dMRI_weighted_mean_MD_parahippocampal_part_of_cingulum_left,25521.0,exploratory,primary,dMRI_weighted_mean,MD,parahippocampal part of cingulum (left),basket,A,G,36276,0.0003405142594486805,0.007155808607213967,0.04758571366838944,0.962046680158319,nonrobust,0.000681028518897361,ok,1.0,0.9982962480010784,1.0,0.9982962480010784
dMRI_TBSS_MD_sagittal_stratum_right,25134.0,exploratory,primary,dMRI_TBSS,MD,sagittal stratum (right),basket,A,G,36336,-0.0003290563227184202,0.007111039047994945,-0.04627401431738758,0.9630921052089527,nonrobust,-0.0006581126454368405,ok,1.0,0.9982962480010784,1.0,0.9982962480010784
dMRI_TBSS_RD_posterior_corona_radiata_left,,exploratory,primary,dMRI_TBSS,RD,posterior corona radiata (left),derived,A,G,36266,-0.00031793986454227554,0.0069844092198886,-0.045521368312286065,0.9636919939583237,nonrobust,-0.0006358797290845511,ok,1.0,0.9982962480010784,1.0,0.9982962480010784
dMRI_TBSS_L1_posterior_corona_radiata_right,25226.0,exploratory,primary,dMRI_TBSS,L1,posterior corona radiata (right),basket,A,G,36314,0.0002721711002316017,0.006357737858838872,0.042809424715933304,0.9658536866137493,nonrobust,0.0005443422004632034,ok,1.0,0.9982962480010784,1.0,0.9982962480010784
dMRI_TBSS_MD_corticospinal_tract_right,25110.0,exploratory,primary,dMRI_TBSS,MD,corticospinal tract (right),basket,A,G,36336,-0.00030176475120885895,0.007357814722234731,-0.04101282277426066,0.967285898900333,nonrobust,-0.0006035295024177179,ok,1.0,0.9982962480010784,1.0,0.9982962480010784
dMRI_TBSS_L2_medial_lemniscus_right,25256.0,exploratory,primary,dMRI_TBSS,L2,medial lemniscus (right),basket,A,G,36285,-0.0002671844084108855,0.006963445547749853,-0.03836956957281337,0.9693932343424984,nonrobust,-0.000534368816821771,ok,1.0,0.9982962480010784,1.0,0.9982962480010784
dMRI_weighted_mean_ISOVF_corticospinal_tract_left,25712.0,exploratory,primary,dMRI_weighted_mean,ISOVF,corticospinal tract (left),basket,A,G,36327,-0.00024819974148673627,0.007288009103005509,-0.034055904428601895,0.9728327585118991,nonrobust,-0.0004963994829734725,ok,1.0,0.9982962480010784,1.0,0.9982962480010784
dMRI_weighted_mean_L3_posterior_thalamic_radiation_left,25642.0,exploratory,primary,dMRI_weighted_mean,L3,posterior thalamic radiation (left),basket,A,G,36317,0.00022293953195798676,0.006634139878181782,0.033604888659520965,0.9731924087263039,nonrobust,0.0004458790639159735,ok,1.0,0.9982962480010784,1.0,0.9982962480010784
dMRI_weighted_mean_FA_uncinate_fasciculus_left,25513.0,exploratory,primary,dMRI_weighted_mean,FA,uncinate fasciculus (left),basket,A,G,36334,0.00023551141820213345,0.007070959069124036,0.033306856382540065,0.9734300693065405,nonrobust,0.0004710228364042669,ok,1.0,0.9982962480010784,1.0,0.9982962480010784
dMRI_TBSS_ISOVF_anterior_corona_radiata_right,25462.0,exploratory,primary,dMRI_TBSS,ISOVF,anterior corona radiata (right),basket,A,G,36328,-0.00021235369764110697,0.00723402662081281,-0.029354840501989617,0.976581750720668,nonrobust,-0.00042470739528221394,ok,1.0,0.9982962480010784,1.0,0.9982962480010784
dMRI_TBSS_L3_retrolenticular_part_of_internal_capsule_f25317,25317.0,exploratory,primary,dMRI_TBSS,L3,retrolenticular part of internal capsule (left),basket,A,G,36340,0.00020350179326799993,0.007185798918846018,0.028319995530946572,0.9774070885155439,nonrobust,0.00040700358653599986,ok,1.0,0.9982962480010784,1.0,0.9982962480010784
dMRI_weighted_mean_RD_cingulate_gyrus_part_of_cingulum_left,,exploratory,primary,dMRI_weighted_mean,RD,cingulate gyrus part of cingulum (left),derived,A,G,36334,0.00019939840901828259,0.007127819450652774,0.027974671692900615,0.9776825060738155,nonrobust,0.00039879681803656517,ok,1.0,0.9982962480010784,1.0,0.9982962480010784
dMRI_TBSS_MD_uncinate_fasciculus_left,25149.0,exploratory,primary,dMRI_TBSS,MD,uncinate fasciculus (left),basket,A,G,36332,0.0002011667955511805,0.007194749982477729,0.027960220444227676,0.9776940319224425,nonrobust,0.000402333591102361,ok,1.0,0.9982962480010784,1.0,0.9982962480010784
dMRI_weighted_mean_MD_medial_lemniscus_left,25532.0,exploratory,primary,dMRI_weighted_mean,MD,medial lemniscus (left),basket,A,G,36335,0.00018847495115943293,0.007074655024651565,0.02664086807097927,0.9787463232423874,nonrobust,0.00037694990231886585,ok,1.0,0.9982962480010784,1.0,0.9982962480010784
dMRI_weighted_mean_FA_forceps_major,25498.0,exploratory,primary,dMRI_weighted_mean,FA,forceps major,basket,A,G,36330,-0.00019266211070816637,0.007379766705303601,-0.026106802342370294,0.9791722949435632,nonrobust,-0.00038532422141633274,ok,1.0,0.9982962480010784,1.0,0.9982962480010784
dMRI_TBSS_ISOVF_medial_lemniscus_left,25449.0,exploratory,primary,dMRI_TBSS,ISOVF,medial lemniscus (left),basket,A,G,36294,-0.0001769118546244408,0.00713671033953197,-0.024788991875498028,0.9802234079740948,nonrobust,-0.0003538237092488816,ok,1.0,0.9982962480010784,1.0,0.9982962480010784
dMRI_weighted_mean_L3_inferior_longitudinal_fasciculus_left,25637.0,exploratory,primary,dMRI_weighted_mean,L3,inferior longitudinal fasciculus (left),basket,A,G,36329,0.00017041454744841375,0.006902057800611359,0.024690397033956896,0.9803020505314752,nonrobust,0.0003408290948968275,ok,1.0,0.9982962480010784,1.0,0.9982962480010784
dMRI_weighted_mean_L3_uncinate_fasciculus_left,25648.0,exploratory,primary,dMRI_weighted_mean,L3,uncinate fasciculus (left),basket,A,G,36328,-0.00016781942986068203,0.006935562232166859,-0.024196946728030536,0.9806956465937408,nonrobust,-0.00033563885972136406,ok,1.0,0.9982962480010784,1.0,0.9982962480010784
dMRI_TBSS_MD_inferior_cerebellar_peduncle_right,25114.0,exploratory,primary,dMRI_TBSS,MD,inferior cerebellar peduncle (right),basket,A,G,36314,-0.00017056027166656136,0.007135308041195237,-0.023903701239223692,0.9809295534204723,nonrobust,-0.00034112054333312273,ok,1.0,0.9982962480010784,1.0,0.9982962480010784
dMRI_TBSS_L2_cingulum_hippocampus_right,25284.0,exploratory,primary,dMRI_TBSS,L2,cingulum hippocampus (right),basket,A,G,36332,-0.000155540955117996,0.007231603736483121,-0.02150850085068942,0.9828401405520373,nonrobust,-0.000311081910235992,ok,1.0,0.9982962480010784,1.0,0.9982962480010784
dMRI_TBSS_L3_splenium_of_corpus_callosum,25300.0,exploratory,primary,dMRI_TBSS,L3,splenium of corpus callosum,basket,A,G,36308,-0.00011665593198233962,0.007028179533930689,-0.016598314174979083,0.9867571607488925,nonrobust,-0.00023331186396467925,ok,1.0,0.9982962480010784,1.0,0.9982962480010784
dMRI_TBSS_FA_body_of_corpus_callosum,25059.0,exploratory,primary,dMRI_TBSS,FA,body of corpus callosum,basket,A,G,36335,-9.568750325571884e-05,0.00709387185295324,-0.01348875553987958,0.9892379306890977,nonrobust,-0.0001913750065114377,ok,1.0,0.9982962480010784,1.0,0.9982962480010784
dMRI_TBSS_ICVF_anterior_corona_radiata_right,25366.0,exploratory,primary,dMRI_TBSS,ICVF,anterior corona radiata (right),basket,A,G,36322,-8.317941869126961e-05,0.006751083903501454,-0.012320898374278619,0.9901696618570683,nonrobust,-0.00016635883738253923,ok,1.0,0.9982962480010784,1.0,0.9982962480010784
dMRI_TBSS_RD_tapetum_left,,exploratory,primary,dMRI_TBSS,RD,tapetum (left),derived,A,G,36329,-8.338981319926124e-05,0.007147802138070294,-0.011666497139745133,0.990691757326243,nonrobust,-0.00016677962639852247,ok,1.0,0.9982962480010784,1.0,0.9982962480010784
dMRI_TBSS_L3_retrolenticular_part_of_internal_capsule_f25316,25316.0,exploratory,primary,dMRI_TBSS,L3,retrolenticular part of internal capsule (right),basket,A,G,36333,8.022840174789844e-05,0.007266329343245466,0.011041118281058379,0.9911907018495205,nonrobust,0.00016045680349579687,ok,1.0,0.9982962480010784,1.0,0.9982962480010784
dMRI_TBSS_RD_anterior_limb_of_internal_capsule_right,,exploratory,primary,dMRI_TBSS,RD,anterior limb of internal capsule (right),derived,A,G,36312,7.583950737468292e-05,0.00696457271892201,0.010889326658710157,0.9913118059609312,nonrobust,0.00015167901474936584,ok,1.0,0.9982962480010784,1.0,0.9982962480010784
dMRI_weighted_mean_ICVF_inferior_longitudinal_fasciculus_right,25665.0,exploratory,primary,dMRI_weighted_mean,ICVF,inferior longitudinal fasciculus (right),basket,A,G,36318,6.47095730195385e-05,0.007111601623659271,0.009099156061309606,0.9927400740653813,nonrobust,0.000129419146039077,ok,1.0,0.9982962480010784,1.0,0.9982962480010784
dMRI_TBSS_L3_middle_cerebellar_peduncle,25296.0,exploratory,primary,dMRI_TBSS,L3,middle cerebellar peduncle,basket,A,G,36326,-6.535188397442372e-05,0.00722889696016868,-0.009040367338822712,0.992786978415987,nonrobust,-0.00013070376794884744,ok,1.0,0.9982962480010784,1.0,0.9982962480010784
dMRI_TBSS_OD_posterior_corona_radiata_right,25418.0,exploratory,primary,dMRI_TBSS,OD,posterior corona radiata (right),basket,A,G,36329,5.941628175417971e-05,0.00679217062573323,0.008747760477198788,0.9930204340661802,nonrobust,0.00011883256350835942,ok,1.0,0.9982962480010784,1.0,0.9982962480010784
dMRI_TBSS_ICVF_inferior_cerebellar_peduncle_right,25354.0,exploratory,primary,dMRI_TBSS,ICVF,inferior cerebellar peduncle (right),basket,A,G,36317,5.858194560733693e-05,0.007113095741670148,0.0082357875860085,0.9934289118001852,nonrobust,0.00011716389121467387,ok,1.0,0.9982962480010784,1.0,0.9982962480010784
dMRI_weighted_mean_ICVF_anterior_thalamic_radiation_right,25653.0,exploratory,primary,dMRI_weighted_mean,ICVF,anterior thalamic radiation (right),basket,A,G,36316,-5.403735885847684e-05,0.006731096785843909,-0.008028016915775477,0.993594682187627,nonrobust,-0.00010807471771695368,ok,1.0,0.9982962480010784,1.0,0.9982962480010784
dMRI_weighted_mean_ISOVF_forceps_minor,25715.0,exploratory,primary,dMRI_weighted_mean,ISOVF,forceps minor,basket,A,G,36341,-5.184578365132022e-05,0.00731112797533846,-0.007091352227208153,0.9943420059225965,nonrobust,-0.00010369156730264045,ok,1.0,0.9982962480010784,1.0,0.9982962480010784
dMRI_TBSS_ISOVF_posterior_limb_of_internal_capsule_right,25458.0,exploratory,primary,dMRI_TBSS,ISOVF,posterior limb of internal capsule (right),basket,A,G,36346,-4.129902762198129e-05,0.0072141287983588116,-0.005724742207454998,0.9954323729733259,nonrobust,-8.259805524396259e-05,ok,1.0,0.9982962480010784,1.0,0.9982962480010784
dMRI_TBSS_ICVF_anterior_limb_of_internal_capsule_left,25361.0,exploratory,primary,dMRI_TBSS,ICVF,anterior limb of internal capsule (left),basket,A,G,36315,3.848196251848964e-05,0.0069636862688046705,0.005526090784830136,0.9955908703029777,nonrobust,7.696392503697928e-05,ok,1.0,0.9982962480010784,1.0,0.9982962480010784
dMRI_TBSS_ICVF_external_capsule_left,25377.0,exploratory,primary,dMRI_TBSS,ICVF,external capsule (left),basket,A,G,36317,-2.431976745017248e-05,0.006791225840370793,-0.003581057090695227,0.9971427556292558,nonrobust,-4.863953490034496e-05,ok,1.0,0.9982962480010784,1.0,0.9982962480010784
dMRI_weighted_mean_L2_parahippocampal_part_of_cingulum_right,25603.0,exploratory,primary,dMRI_weighted_mean,L2,parahippocampal part of cingulum (right),basket,A,G,36298,-2.3562246671202496e-05,0.007216671320834372,-0.0032649743384015294,0.9973949499704606,nonrobust,-4.712449334240499e-05,ok,1.0,0.9982962480010784,1.0,0.9982962480010784
dMRI_TBSS_L3_posterior_corona_radiata_right,25322.0,exploratory,primary,dMRI_TBSS,L3,posterior corona radiata (right),basket,A,G,36288,-1.4361531260026483e-05,0.006725601113057032,-0.002135352813616186,0.9982962480010785,nonrobust,-2.8723062520052967e-05,ok,1.0,0.9982962480010784,1.0,0.9982962480010784
