field_id,instance,array,basket_col,column_name,description,modality_guess,metric_guess,tract_or_region_guess,panel,transform,include,notes,source,region_priority
25000.0,2,0,f.25000.2.0,head_size_scaling,Volumetric scaling from T1 head image to standard space,T1,head_size_scaling,,exploratory,rank_inverse_normal,False,classified_by=range,basket,0
25056.0,2,0,f.25056.2.0,dMRI_TBSS_FA_middle_cerebellar_peduncle,Mean FA in middle cerebellar peduncle on FA skeleton,dMRI_TBSS,FA,middle cerebellar peduncle,primary,rank_inverse_normal,True,classified_by=dict,basket,0
25057.0,2,0,f.25057.2.0,dMRI_TBSS_FA_pontine_crossing_tract,Mean FA in pontine crossing tract on FA skeleton,dMRI_TBSS,FA,pontine crossing tract,primary,rank_inverse_normal,True,classified_by=dict,basket,0
25058.0,2,0,f.25058.2.0,dMRI_TBSS_FA_genu_of_corpus_callosum,Mean FA in genu of corpus callosum on FA skeleton,dMRI_TBSS,FA,genu of corpus callosum,primary,rank_inverse_normal,True,classified_by=dict,basket,1
25059.0,2,0,f.25059.2.0,dMRI_TBSS_FA_body_of_corpus_callosum,Mean FA in body of corpus callosum on FA skeleton,dMRI_TBSS,FA,body of corpus callosum,primary,rank_inverse_normal,True,classified_by=dict,basket,1
25060.0,2,0,f.25060.2.0,dMRI_TBSS_FA_splenium_of_corpus_callosum,Mean FA in splenium of corpus callosum on FA skeleton,dMRI_TBSS,FA,splenium of corpus callosum,primary,rank_inverse_normal,True,classified_by=dict,basket,1
25061.0,2,0,f.25061.2.0,dMRI_TBSS_FA_fornix,Mean FA in fornix on FA skeleton,dMRI_TBSS,FA,fornix,primary,rank_inverse_normal,True,classified_by=dict,basket,0
25062.0,2,0,f.25062.2.0,dMRI_TBSS_FA_corticospinal_tract_right,Mean FA in corticospinal tract on FA skeleton (right),dMRI_TBSS,FA,corticospinal tract (right),primary,rank_inverse_normal,True,classified_by=dict,basket,1
25063.0,2,0,f.25063.2.0,dMRI_TBSS_FA_corticospinal_tract_left,Mean FA in corticospinal tract on FA skeleton (left),dMRI_TBSS,FA,corticospinal tract (left),primary,rank_inverse_normal,True,classified_by=dict,basket,1
25064.0,2,0,f.25064.2.0,dMRI_TBSS_FA_medial_lemniscus_right,Mean FA in medial lemniscus on FA skeleton (right),dMRI_TBSS,FA,medial lemniscus (right),primary,rank_inverse_normal,True,classified_by=dict,basket,0
25065.0,2,0,f.25065.2.0,dMRI_TBSS_FA_medial_lemniscus_left,Mean FA in medial lemniscus on FA skeleton (left),dMRI_TBSS,FA,medial lemniscus (left),primary,rank_inverse_normal,True,classified_by=dict,basket,0
25066.0,2,0,f.25066.2.0,dMRI_TBSS_FA_inferior_cerebellar_peduncle_right,Mean FA in inferior cerebellar peduncle on FA skeleton (right),dMRI_TBSS,FA,inferior cerebellar peduncle (right),primary,rank_inverse_normal,True,classified_by=dict,basket,0
25067.0,2,0,f.25067.2.0,dMRI_TBSS_FA_inferior_cerebellar_peduncle_left,Mean FA in inferior cerebellar peduncle on FA skeleton (left),dMRI_TBSS,FA,inferior cerebellar peduncle (left),primary,rank_inverse_normal,True,classified_by=dict,basket,0
25068.0,2,0,f.25068.2.0,dMRI_TBSS_FA_superior_cerebellar_peduncle_right,Mean FA in superior cerebellar peduncle on FA skeleton (right),dMRI_TBSS,FA,superior cerebellar peduncle (right),primary,rank_inverse_normal,True,classified_by=dict,basket,0
25069.0,2,0,f.25069.2.0,dMRI_TBSS_FA_superior_cerebellar_peduncle_left,Mean FA in superior cerebellar peduncle on FA skeleton (left),dMRI_TBSS,FA,superior cerebellar peduncle (left),primary,rank_inverse_normal,True,classified_by=dict,basket,0
25070.0,2,0,f.25070.2.0,dMRI_TBSS_FA_cerebral_peduncle_right,Mean FA in cerebral peduncle on FA skeleton (right),dMRI_TBSS,FA,cerebral peduncle (right),primary,rank_inverse_normal,True,classified_by=dict,basket,0
25071.0,2,0,f.25071.2.0,dMRI_TBSS_FA_cerebral_peduncle_left,Mean FA in cerebral peduncle on FA skeleton (left),dMRI_TBSS,FA,cerebral peduncle (left),primary,rank_inverse_normal,True,classified_by=dict,basket,0
25072.0,2,0,f.25072.2.0,dMRI_TBSS_FA_anterior_limb_of_internal_capsule_right,Mean FA in anterior limb of internal capsule on FA skeleton (right),dMRI_TBSS,FA,anterior limb of internal capsule (right),primary,rank_inverse_normal,True,classified_by=dict,basket,1
25073.0,2,0,f.25073.2.0,dMRI_TBSS_FA_anterior_limb_of_internal_capsule_left,Mean FA in anterior limb of internal capsule on FA skeleton (left),dMRI_TBSS,FA,anterior limb of internal capsule (left),primary,rank_inverse_normal,True,classified_by=dict,basket,1
25074.0,2,0,f.25074.2.0,dMRI_TBSS_FA_posterior_limb_of_internal_capsule_right,Mean FA in posterior limb of internal capsule on FA skeleton (right),dMRI_TBSS,FA,posterior limb of internal capsule (right),primary,rank_inverse_normal,True,classified_by=dict,basket,1
25075.0,2,0,f.25075.2.0,dMRI_TBSS_FA_posterior_limb_of_internal_capsule_left,Mean FA in posterior limb of internal capsule on FA skeleton (left),dMRI_TBSS,FA,posterior limb of internal capsule (left),primary,rank_inverse_normal,True,classified_by=dict,basket,1
25076.0,2,0,f.25076.2.0,dMRI_TBSS_FA_retrolenticular_part_of_internal_capsule_f25076,Mean FA in retrolenticular part of internal capsule on FA skeleton (right),dMRI_TBSS,FA,retrolenticular part of internal capsule (right),primary,rank_inverse_normal,True,classified_by=dict,basket,1
25077.0,2,0,f.25077.2.0,dMRI_TBSS_FA_retrolenticular_part_of_internal_capsule_f25077,Mean FA in retrolenticular part of internal capsule on FA skeleton (left),dMRI_TBSS,FA,retrolenticular part of internal capsule (left),primary,rank_inverse_normal,True,classified_by=dict,basket,1
25078.0,2,0,f.25078.2.0,dMRI_TBSS_FA_anterior_corona_radiata_right,Mean FA in anterior corona radiata on FA skeleton (right),dMRI_TBSS,FA,anterior corona radiata (right),primary,rank_inverse_normal,True,classified_by=dict,basket,1
25079.0,2,0,f.25079.2.0,dMRI_TBSS_FA_anterior_corona_radiata_left,Mean FA in anterior corona radiata on FA skeleton (left),dMRI_TBSS,FA,anterior corona radiata (left),primary,rank_inverse_normal,True,classified_by=dict,basket,1
25080.0,2,0,f.25080.2.0,dMRI_TBSS_FA_superior_corona_radiata_right,Mean FA in superior corona radiata on FA skeleton (right),dMRI_TBSS,FA,superior corona radiata (right),primary,rank_inverse_normal,True,classified_by=dict,basket,1
25081.0,2,0,f.25081.2.0,dMRI_TBSS_FA_superior_corona_radiata_left,Mean FA in superior corona radiata on FA skeleton (left),dMRI_TBSS,FA,superior corona radiata (left),primary,rank_inverse_normal,True,classified_by=dict,basket,1
25082.0,2,0,f.25082.2.0,dMRI_TBSS_FA_posterior_corona_radiata_right,Mean FA in posterior corona radiata on FA skeleton (right),dMRI_TBSS,FA,posterior corona radiata (right),primary,rank_inverse_normal,True,classified_by=dict,basket,1
25083.0,2,0,f.25083.2.0,dMRI_TBSS_FA_posterior_corona_radiata_left,Mean FA in posterior corona radiata on FA skeleton (left),dMRI_TBSS,FA,posterior corona radiata (left),primary,rank_inverse_normal,True,classified_by=dict,basket,1
25084.0,2,0,f.25084.2.0,dMRI_TBSS_FA_posterior_thalamic_radiation_right,Mean FA in posterior thalamic radiation on FA skeleton (right),dMRI_TBSS,FA,posterior thalamic radiation (right),primary,rank_inverse_normal,True,classified_by=dict,basket,1
25085.0,2,0,f.25085.2.0,dMRI_TBSS_FA_posterior_thalamic_radiation_left,Mean FA in posterior thalamic radiation on FA skeleton (left),dMRI_TBSS,FA,posterior thalamic radiation (left),primary,rank_inverse_normal,True,classified_by=dict,basket,1
25086.0,2,0,f.25086.2.0,dMRI_TBSS_FA_sagittal_stratum_right,Mean FA in sagittal stratum on FA skeleton (right),dMRI_TBSS,FA,sagittal stratum (right),primary,rank_inverse_normal,True,classified_by=dict,basket,0
25087.0,2,0,f.25087.2.0,dMRI_TBSS_FA_sagittal_stratum_left,Mean FA in sagittal stratum on FA skeleton (left),dMRI_TBSS,FA,sagittal stratum (left),primary,rank_inverse_normal,True,classified_by=dict,basket,0
25088.0,2,0,f.25088.2.0,dMRI_TBSS_FA_external_capsule_right,Mean FA in external capsule on FA skeleton (right),dMRI_TBSS,FA,external capsule (right),primary,rank_inverse_normal,True,classified_by=dict,basket,0
25089.0,2,0,f.25089.2.0,dMRI_TBSS_FA_external_capsule_left,Mean FA in external capsule on FA skeleton (left),dMRI_TBSS,FA,external capsule (left),primary,rank_inverse_normal,True,classified_by=dict,basket,0
25090.0,2,0,f.25090.2.0,dMRI_TBSS_FA_cingulum_cingulate_gyrus_right,Mean FA in cingulum cingulate gyrus on FA skeleton (right),dMRI_TBSS,FA,cingulum cingulate gyrus (right),primary,rank_inverse_normal,True,classified_by=dict,basket,1
25091.0,2,0,f.25091.2.0,dMRI_TBSS_FA_cingulum_cingulate_gyrus_left,Mean FA in cingulum cingulate gyrus on FA skeleton (left),dMRI_TBSS,FA,cingulum cingulate gyrus (left),primary,rank_inverse_normal,True,classified_by=dict,basket,1
25092.0,2,0,f.25092.2.0,dMRI_TBSS_FA_cingulum_hippocampus_right,Mean FA in cingulum hippocampus on FA skeleton (right),dMRI_TBSS,FA,cingulum hippocampus (right),primary,rank_inverse_normal,True,classified_by=dict,basket,1
25093.0,2,0,f.25093.2.0,dMRI_TBSS_FA_cingulum_hippocampus_left,Mean FA in cingulum hippocampus on FA skeleton (left),dMRI_TBSS,FA,cingulum hippocampus (left),primary,rank_inverse_normal,True,classified_by=dict,basket,1
25094.0,2,0,f.25094.2.0,dMRI_TBSS_FA_fornix_cres_stria_terminalis_right,Mean FA in fornix cres+stria terminalis on FA skeleton (right),dMRI_TBSS,FA,fornix cres+stria terminalis (right),primary,rank_inverse_normal,True,classified_by=dict,basket,0
25095.0,2,0,f.25095.2.0,dMRI_TBSS_FA_fornix_cres_stria_terminalis_left,Mean FA in fornix cres+stria terminalis on FA skeleton (left),dMRI_TBSS,FA,fornix cres+stria terminalis (left),primary,rank_inverse_normal,True,classified_by=dict,basket,0
25096.0,2,0,f.25096.2.0,dMRI_TBSS_FA_superior_longitudinal_fasciculus_right,Mean FA in superior longitudinal fasciculus on FA skeleton (right),dMRI_TBSS,FA,superior longitudinal fasciculus (right),primary,rank_inverse_normal,True,classified_by=dict,basket,1
25097.0,2,0,f.25097.2.0,dMRI_TBSS_FA_superior_longitudinal_fasciculus_left,Mean FA in superior longitudinal fasciculus on FA skeleton (left),dMRI_TBSS,FA,superior longitudinal fasciculus (left),primary,rank_inverse_normal,True,classified_by=dict,basket,1
25098.0,2,0,f.25098.2.0,dMRI_TBSS_FA_superior_fronto_occipital_fasciculus_rig,Mean FA in superior fronto-occipital fasciculus on FA skeleton (right),dMRI_TBSS,FA,superior fronto-occipital fasciculus (right),primary,rank_inverse_normal,True,classified_by=dict,basket,0
25099.0,2,0,f.25099.2.0,dMRI_TBSS_FA_superior_fronto_occipital_fasciculus_lef,Mean FA in superior fronto-occipital fasciculus on FA skeleton (left),dMRI_TBSS,FA,superior fronto-occipital fasciculus (left),primary,rank_inverse_normal,True,classified_by=dict,basket,0
25100.0,2,0,f.25100.2.0,dMRI_TBSS_FA_uncinate_fasciculus_right,Mean FA in uncinate fasciculus on FA skeleton (right),dMRI_TBSS,FA,uncinate fasciculus (right),primary,rank_inverse_normal,True,classified_by=dict,basket,0
25101.0,2,0,f.25101.2.0,dMRI_TBSS_FA_uncinate_fasciculus_left,Mean FA in uncinate fasciculus on FA skeleton (left),dMRI_TBSS,FA,uncinate fasciculus (left),primary,rank_inverse_normal,True,classified_by=dict,basket,0
25102.0,2,0,f.25102.2.0,dMRI_TBSS_FA_tapetum_right,Mean FA in tapetum on FA skeleton (right),dMRI_TBSS,FA,tapetum (right),primary,rank_inverse_normal,True,classified_by=dict,basket,0
25103.0,2,0,f.25103.2.0,dMRI_TBSS_FA_tapetum_left,Mean FA in tapetum on FA skeleton (left),dMRI_TBSS,FA,tapetum (left),primary,rank_inverse_normal,True,classified_by=dict,basket,0
25104.0,2,0,f.25104.2.0,dMRI_TBSS_MD_middle_cerebellar_peduncle,Mean MD in middle cerebellar peduncle on FA skeleton,dMRI_TBSS,MD,middle cerebellar peduncle,primary,rank_inverse_normal,True,classified_by=dict,basket,0
25105.0,2,0,f.25105.2.0,dMRI_TBSS_MD_pontine_crossing_tract,Mean MD in pontine crossing tract on FA skeleton,dMRI_TBSS,MD,pontine crossing tract,primary,rank_inverse_normal,True,classified_by=dict,basket,0
25106.0,2,0,f.25106.2.0,dMRI_TBSS_MD_genu_of_corpus_callosum,Mean MD in genu of corpus callosum on FA skeleton,dMRI_TBSS,MD,genu of corpus callosum,primary,rank_inverse_normal,True,classified_by=dict,basket,1
25107.0,2,0,f.25107.2.0,dMRI_TBSS_MD_body_of_corpus_callosum,Mean MD in body of corpus callosum on FA skeleton,dMRI_TBSS,MD,body of corpus callosum,primary,rank_inverse_normal,True,classified_by=dict,basket,1
25108.0,2,0,f.25108.2.0,dMRI_TBSS_MD_splenium_of_corpus_callosum,Mean MD in splenium of corpus callosum on FA skeleton,dMRI_TBSS,MD,splenium of corpus callosum,primary,rank_inverse_normal,True,classified_by=dict,basket,1
25109.0,2,0,f.25109.2.0,dMRI_TBSS_MD_fornix,Mean MD in fornix on FA skeleton,dMRI_TBSS,MD,fornix,primary,rank_inverse_normal,True,classified_by=dict,basket,0
25110.0,2,0,f.25110.2.0,dMRI_TBSS_MD_corticospinal_tract_right,Mean MD in corticospinal tract on FA skeleton (right),dMRI_TBSS,MD,corticospinal tract (right),primary,rank_inverse_normal,True,classified_by=dict,basket,1
25111.0,2,0,f.25111.2.0,dMRI_TBSS_MD_corticospinal_tract_left,Mean MD in corticospinal tract on FA skeleton (left),dMRI_TBSS,MD,corticospinal tract (left),primary,rank_inverse_normal,True,classified_by=dict,basket,1
25112.0,2,0,f.25112.2.0,dMRI_TBSS_MD_medial_lemniscus_right,Mean MD in medial lemniscus on FA skeleton (right),dMRI_TBSS,MD,medial lemniscus (right),primary,rank_inverse_normal,True,classified_by=dict,basket,0
25113.0,2,0,f.25113.2.0,dMRI_TBSS_MD_medial_lemniscus_left,Mean MD in medial lemniscus on FA skeleton (left),dMRI_TBSS,MD,medial lemniscus (left),primary,rank_inverse_normal,True,classified_by=dict,basket,0
25114.0,2,0,f.25114.2.0,dMRI_TBSS_MD_inferior_cerebellar_peduncle_right,Mean MD in inferior cerebellar peduncle on FA skeleton (right),dMRI_TBSS,MD,inferior cerebellar peduncle (right),primary,rank_inverse_normal,True,classified_by=dict,basket,0
25115.0,2,0,f.25115.2.0,dMRI_TBSS_MD_inferior_cerebellar_peduncle_left,Mean MD in inferior cerebellar peduncle on FA skeleton (left),dMRI_TBSS,MD,inferior cerebellar peduncle (left),primary,rank_inverse_normal,True,classified_by=dict,basket,0
25116.0,2,0,f.25116.2.0,dMRI_TBSS_MD_superior_cerebellar_peduncle_right,Mean MD in superior cerebellar peduncle on FA skeleton (right),dMRI_TBSS,MD,superior cerebellar peduncle (right),primary,rank_inverse_normal,True,classified_by=dict,basket,0
25117.0,2,0,f.25117.2.0,dMRI_TBSS_MD_superior_cerebellar_peduncle_left,Mean MD in superior cerebellar peduncle on FA skeleton (left),dMRI_TBSS,MD,superior cerebellar peduncle (left),primary,rank_inverse_normal,True,classified_by=dict,basket,0
25118.0,2,0,f.25118.2.0,dMRI_TBSS_MD_cerebral_peduncle_right,Mean MD in cerebral peduncle on FA skeleton (right),dMRI_TBSS,MD,cerebral peduncle (right),primary,rank_inverse_normal,True,classified_by=dict,basket,0
25119.0,2,0,f.25119.2.0,dMRI_TBSS_MD_cerebral_peduncle_left,Mean MD in cerebral peduncle on FA skeleton (left),dMRI_TBSS,MD,cerebral peduncle (left),primary,rank_inverse_normal,True,classified_by=dict,basket,0
25120.0,2,0,f.25120.2.0,dMRI_TBSS_MD_anterior_limb_of_internal_capsule_right,Mean MD in anterior limb of internal capsule on FA skeleton (right),dMRI_TBSS,MD,anterior limb of internal capsule (right),primary,rank_inverse_normal,True,classified_by=dict,basket,1
25121.0,2,0,f.25121.2.0,dMRI_TBSS_MD_anterior_limb_of_internal_capsule_left,Mean MD in anterior limb of internal capsule on FA skeleton (left),dMRI_TBSS,MD,anterior limb of internal capsule (left),primary,rank_inverse_normal,True,classified_by=dict,basket,1
25122.0,2,0,f.25122.2.0,dMRI_TBSS_MD_posterior_limb_of_internal_capsule_right,Mean MD in posterior limb of internal capsule on FA skeleton (right),dMRI_TBSS,MD,posterior limb of internal capsule (right),primary,rank_inverse_normal,True,classified_by=dict,basket,1
25123.0,2,0,f.25123.2.0,dMRI_TBSS_MD_posterior_limb_of_internal_capsule_left,Mean MD in posterior limb of internal capsule on FA skeleton (left),dMRI_TBSS,MD,posterior limb of internal capsule (left),primary,rank_inverse_normal,True,classified_by=dict,basket,1
25124.0,2,0,f.25124.2.0,dMRI_TBSS_MD_retrolenticular_part_of_internal_capsule_f25124,Mean MD in retrolenticular part of internal capsule on FA skeleton (right),dMRI_TBSS,MD,retrolenticular part of internal capsule (right),primary,rank_inverse_normal,True,classified_by=dict,basket,1
25125.0,2,0,f.25125.2.0,dMRI_TBSS_MD_retrolenticular_part_of_internal_capsule_f25125,Mean MD in retrolenticular part of internal capsule on FA skeleton (left),dMRI_TBSS,MD,retrolenticular part of internal capsule (left),primary,rank_inverse_normal,True,classified_by=dict,basket,1
25126.0,2,0,f.25126.2.0,dMRI_TBSS_MD_anterior_corona_radiata_right,Mean MD in anterior corona radiata on FA skeleton (right),dMRI_TBSS,MD,anterior corona radiata (right),primary,rank_inverse_normal,True,classified_by=dict,basket,1
25127.0,2,0,f.25127.2.0,dMRI_TBSS_MD_anterior_corona_radiata_left,Mean MD in anterior corona radiata on FA skeleton (left),dMRI_TBSS,MD,anterior corona radiata (left),primary,rank_inverse_normal,True,classified_by=dict,basket,1
25128.0,2,0,f.25128.2.0,dMRI_TBSS_MD_superior_corona_radiata_right,Mean MD in superior corona radiata on FA skeleton (right),dMRI_TBSS,MD,superior corona radiata (right),primary,rank_inverse_normal,True,classified_by=dict,basket,1
25129.0,2,0,f.25129.2.0,dMRI_TBSS_MD_superior_corona_radiata_left,Mean MD in superior corona radiata on FA skeleton (left),dMRI_TBSS,MD,superior corona radiata (left),primary,rank_inverse_normal,True,classified_by=dict,basket,1
25130.0,2,0,f.25130.2.0,dMRI_TBSS_MD_posterior_corona_radiata_right,Mean MD in posterior corona radiata on FA skeleton (right),dMRI_TBSS,MD,posterior corona radiata (right),primary,rank_inverse_normal,True,classified_by=dict,basket,1
25131.0,2,0,f.25131.2.0,dMRI_TBSS_MD_posterior_corona_radiata_left,Mean MD in posterior corona radiata on FA skeleton (left),dMRI_TBSS,MD,posterior corona radiata (left),primary,rank_inverse_normal,True,classified_by=dict,basket,1
25132.0,2,0,f.25132.2.0,dMRI_TBSS_MD_posterior_thalamic_radiation_right,Mean MD in posterior thalamic radiation on FA skeleton (right),dMRI_TBSS,MD,posterior thalamic radiation (right),primary,rank_inverse_normal,True,classified_by=dict,basket,1
25133.0,2,0,f.25133.2.0,dMRI_TBSS_MD_posterior_thalamic_radiation_left,Mean MD in posterior thalamic radiation on FA skeleton (left),dMRI_TBSS,MD,posterior thalamic radiation (left),primary,rank_inverse_normal,True,classified_by=dict,basket,1
25134.0,2,0,f.25134.2.0,dMRI_TBSS_MD_sagittal_stratum_right,Mean MD in sagittal stratum on FA skeleton (right),dMRI_TBSS,MD,sagittal stratum (right),primary,rank_inverse_normal,True,classified_by=dict,basket,0
25135.0,2,0,f.25135.2.0,dMRI_TBSS_MD_sagittal_stratum_left,Mean MD in sagittal stratum on FA skeleton (left),dMRI_TBSS,MD,sagittal stratum (left),primary,rank_inverse_normal,True,classified_by=dict,basket,0
25136.0,2,0,f.25136.2.0,dMRI_TBSS_MD_external_capsule_right,Mean MD in external capsule on FA skeleton (right),dMRI_TBSS,MD,external capsule (right),primary,rank_inverse_normal,True,classified_by=dict,basket,0
25137.0,2,0,f.25137.2.0,dMRI_TBSS_MD_external_capsule_left,Mean MD in external capsule on FA skeleton (left),dMRI_TBSS,MD,external capsule (left),primary,rank_inverse_normal,True,classified_by=dict,basket,0
25138.0,2,0,f.25138.2.0,dMRI_TBSS_MD_cingulum_cingulate_gyrus_right,Mean MD in cingulum cingulate gyrus on FA skeleton (right),dMRI_TBSS,MD,cingulum cingulate gyrus (right),primary,rank_inverse_normal,True,classified_by=dict,basket,1
25139.0,2,0,f.25139.2.0,dMRI_TBSS_MD_cingulum_cingulate_gyrus_left,Mean MD in cingulum cingulate gyrus on FA skeleton (left),dMRI_TBSS,MD,cingulum cingulate gyrus (left),primary,rank_inverse_normal,True,classified_by=dict,basket,1
25140.0,2,0,f.25140.2.0,dMRI_TBSS_MD_cingulum_hippocampus_right,Mean MD in cingulum hippocampus on FA skeleton (right),dMRI_TBSS,MD,cingulum hippocampus (right),primary,rank_inverse_normal,True,classified_by=dict,basket,1
25141.0,2,0,f.25141.2.0,dMRI_TBSS_MD_cingulum_hippocampus_left,Mean MD in cingulum hippocampus on FA skeleton (left),dMRI_TBSS,MD,cingulum hippocampus (left),primary,rank_inverse_normal,True,classified_by=dict,basket,1
25142.0,2,0,f.25142.2.0,dMRI_TBSS_MD_fornix_cres_stria_terminalis_right,Mean MD in fornix cres+stria terminalis on FA skeleton (right),dMRI_TBSS,MD,fornix cres+stria terminalis (right),primary,rank_inverse_normal,True,classified_by=dict,basket,0
25143.0,2,0,f.25143.2.0,dMRI_TBSS_MD_fornix_cres_stria_terminalis_left,Mean MD in fornix cres+stria terminalis on FA skeleton (left),dMRI_TBSS,MD,fornix cres+stria terminalis (left),primary,rank_inverse_normal,True,classified_by=dict,basket,0
25144.0,2,0,f.25144.2.0,dMRI_TBSS_MD_superior_longitudinal_fasciculus_right,Mean MD in superior longitudinal fasciculus on FA skeleton (right),dMRI_TBSS,MD,superior longitudinal fasciculus (right),primary,rank_inverse_normal,True,classified_by=dict,basket,1
25145.0,2,0,f.25145.2.0,dMRI_TBSS_MD_superior_longitudinal_fasciculus_left,Mean MD in superior longitudinal fasciculus on FA skeleton (left),dMRI_TBSS,MD,superior longitudinal fasciculus (left),primary,rank_inverse_normal,True,classified_by=dict,basket,1
25146.0,2,0,f.25146.2.0,dMRI_TBSS_MD_superior_fronto_occipital_fasciculus_rig,Mean MD in superior fronto-occipital fasciculus on FA skeleton (right),dMRI_TBSS,MD,superior fronto-occipital fasciculus (right),primary,rank_inverse_normal,True,classified_by=dict,basket,0
25147.0,2,0,f.25147.2.0,dMRI_TBSS_MD_superior_fronto_occipital_fasciculus_lef,Mean MD in superior fronto-occipital fasciculus on FA skeleton (left),dMRI_TBSS,MD,superior fronto-occipital fasciculus (left),primary,rank_inverse_normal,True,classified_by=dict,basket,0
25148.0,2,0,f.25148.2.0,dMRI_TBSS_MD_uncinate_fasciculus_right,Mean MD in uncinate fasciculus on FA skeleton (right),dMRI_TBSS,MD,uncinate fasciculus (right),primary,rank_inverse_normal,True,classified_by=dict,basket,0
25149.0,2,0,f.25149.2.0,dMRI_TBSS_MD_uncinate_fasciculus_left,Mean MD in uncinate fasciculus on FA skeleton (left),dMRI_TBSS,MD,uncinate fasciculus (left),primary,rank_inverse_normal,True,classified_by=dict,basket,0
25150.0,2,0,f.25150.2.0,dMRI_TBSS_MD_tapetum_right,Mean MD in tapetum on FA skeleton (right),dMRI_TBSS,MD,tapetum (right),primary,rank_inverse_normal,True,classified_by=dict,basket,0
25151.0,2,0,f.25151.2.0,dMRI_TBSS_MD_tapetum_left,Mean MD in tapetum on FA skeleton (left),dMRI_TBSS,MD,tapetum (left),primary,rank_inverse_normal,True,classified_by=dict,basket,0
25152.0,2,0,f.25152.2.0,dMRI_TBSS_MO_middle_cerebellar_peduncle,Mean MO in middle cerebellar peduncle on FA skeleton,dMRI_TBSS,MO,middle cerebellar peduncle,exploratory,rank_inverse_normal,False,classified_by=dict,basket,0
25153.0,2,0,f.25153.2.0,dMRI_TBSS_MO_pontine_crossing_tract,Mean MO in pontine crossing tract on FA skeleton,dMRI_TBSS,MO,pontine crossing tract,exploratory,rank_inverse_normal,False,classified_by=dict,basket,0
25154.0,2,0,f.25154.2.0,dMRI_TBSS_MO_genu_of_corpus_callosum,Mean MO in genu of corpus callosum on FA skeleton,dMRI_TBSS,MO,genu of corpus callosum,exploratory,rank_inverse_normal,False,classified_by=dict,basket,1
25155.0,2,0,f.25155.2.0,dMRI_TBSS_MO_body_of_corpus_callosum,Mean MO in body of corpus callosum on FA skeleton,dMRI_TBSS,MO,body of corpus callosum,exploratory,rank_inverse_normal,False,classified_by=dict,basket,1
25156.0,2,0,f.25156.2.0,dMRI_TBSS_MO_splenium_of_corpus_callosum,Mean MO in splenium of corpus callosum on FA skeleton,dMRI_TBSS,MO,splenium of corpus callosum,exploratory,rank_inverse_normal,False,classified_by=dict,basket,1
25157.0,2,0,f.25157.2.0,dMRI_TBSS_MO_fornix,Mean MO in fornix on FA skeleton,dMRI_TBSS,MO,fornix,exploratory,rank_inverse_normal,False,classified_by=dict,basket,0
25158.0,2,0,f.25158.2.0,dMRI_TBSS_MO_corticospinal_tract_right,Mean MO in corticospinal tract on FA skeleton (right),dMRI_TBSS,MO,corticospinal tract (right),exploratory,rank_inverse_normal,False,classified_by=dict,basket,1
25159.0,2,0,f.25159.2.0,dMRI_TBSS_MO_corticospinal_tract_left,Mean MO in corticospinal tract on FA skeleton (left),dMRI_TBSS,MO,corticospinal tract (left),exploratory,rank_inverse_normal,False,classified_by=dict,basket,1
25160.0,2,0,f.25160.2.0,dMRI_TBSS_MO_medial_lemniscus_right,Mean MO in medial lemniscus on FA skeleton (right),dMRI_TBSS,MO,medial lemniscus (right),exploratory,rank_inverse_normal,False,classified_by=dict,basket,0
25161.0,2,0,f.25161.2.0,dMRI_TBSS_MO_medial_lemniscus_left,Mean MO in medial lemniscus on FA skeleton (left),dMRI_TBSS,MO,medial lemniscus (left),exploratory,rank_inverse_normal,False,classified_by=dict,basket,0
25162.0,2,0,f.25162.2.0,dMRI_TBSS_MO_inferior_cerebellar_peduncle_right,Mean MO in inferior cerebellar peduncle on FA skeleton (right),dMRI_TBSS,MO,inferior cerebellar peduncle (right),exploratory,rank_inverse_normal,False,classified_by=dict,basket,0
25163.0,2,0,f.25163.2.0,dMRI_TBSS_MO_inferior_cerebellar_peduncle_left,Mean MO in inferior cerebellar peduncle on FA skeleton (left),dMRI_TBSS,MO,inferior cerebellar peduncle (left),exploratory,rank_inverse_normal,False,classified_by=dict,basket,0
25164.0,2,0,f.25164.2.0,dMRI_TBSS_MO_superior_cerebellar_peduncle_right,Mean MO in superior cerebellar peduncle on FA skeleton (right),dMRI_TBSS,MO,superior cerebellar peduncle (right),exploratory,rank_inverse_normal,False,classified_by=dict,basket,0
25165.0,2,0,f.25165.2.0,dMRI_TBSS_MO_superior_cerebellar_peduncle_left,Mean MO in superior cerebellar peduncle on FA skeleton (left),dMRI_TBSS,MO,superior cerebellar peduncle (left),exploratory,rank_inverse_normal,False,classified_by=dict,basket,0
25166.0,2,0,f.25166.2.0,dMRI_TBSS_MO_cerebral_peduncle_right,Mean MO in cerebral peduncle on FA skeleton (right),dMRI_TBSS,MO,cerebral peduncle (right),exploratory,rank_inverse_normal,False,classified_by=dict,basket,0
25167.0,2,0,f.25167.2.0,dMRI_TBSS_MO_cerebral_peduncle_left,Mean MO in cerebral peduncle on FA skeleton (left),dMRI_TBSS,MO,cerebral peduncle (left),exploratory,rank_inverse_normal,False,classified_by=dict,basket,0
25168.0,2,0,f.25168.2.0,dMRI_TBSS_MO_anterior_limb_of_internal_capsule_right,Mean MO in anterior limb of internal capsule on FA skeleton (right),dMRI_TBSS,MO,anterior limb of internal capsule (right),exploratory,rank_inverse_normal,False,classified_by=dict,basket,1
25169.0,2,0,f.25169.2.0,dMRI_TBSS_MO_anterior_limb_of_internal_capsule_left,Mean MO in anterior limb of internal capsule on FA skeleton (left),dMRI_TBSS,MO,anterior limb of internal capsule (left),exploratory,rank_inverse_normal,False,classified_by=dict,basket,1
25170.0,2,0,f.25170.2.0,dMRI_TBSS_MO_posterior_limb_of_internal_capsule_right,Mean MO in posterior limb of internal capsule on FA skeleton (right),dMRI_TBSS,MO,posterior limb of internal capsule (right),exploratory,rank_inverse_normal,False,classified_by=dict,basket,1
25171.0,2,0,f.25171.2.0,dMRI_TBSS_MO_posterior_limb_of_internal_capsule_left,Mean MO in posterior limb of internal capsule on FA skeleton (left),dMRI_TBSS,MO,posterior limb of internal capsule (left),exploratory,rank_inverse_normal,False,classified_by=dict,basket,1
25172.0,2,0,f.25172.2.0,dMRI_TBSS_MO_retrolenticular_part_of_internal_capsule_f25172,Mean MO in retrolenticular part of internal capsule on FA skeleton (right),dMRI_TBSS,MO,retrolenticular part of internal capsule (right),exploratory,rank_inverse_normal,False,classified_by=dict,basket,1
25173.0,2,0,f.25173.2.0,dMRI_TBSS_MO_retrolenticular_part_of_internal_capsule_f25173,Mean MO in retrolenticular part of internal capsule on FA skeleton (left),dMRI_TBSS,MO,retrolenticular part of internal capsule (left),exploratory,rank_inverse_normal,False,classified_by=dict,basket,1
25174.0,2,0,f.25174.2.0,dMRI_TBSS_MO_anterior_corona_radiata_right,Mean MO in anterior corona radiata on FA skeleton (right),dMRI_TBSS,MO,anterior corona radiata (right),exploratory,rank_inverse_normal,False,classified_by=dict,basket,1
25175.0,2,0,f.25175.2.0,dMRI_TBSS_MO_anterior_corona_radiata_left,Mean MO in anterior corona radiata on FA skeleton (left),dMRI_TBSS,MO,anterior corona radiata (left),exploratory,rank_inverse_normal,False,classified_by=dict,basket,1
25176.0,2,0,f.25176.2.0,dMRI_TBSS_MO_superior_corona_radiata_right,Mean MO in superior corona radiata on FA skeleton (right),dMRI_TBSS,MO,superior corona radiata (right),exploratory,rank_inverse_normal,False,classified_by=dict,basket,1
25177.0,2,0,f.25177.2.0,dMRI_TBSS_MO_superior_corona_radiata_left,Mean MO in superior corona radiata on FA skeleton (left),dMRI_TBSS,MO,superior corona radiata (left),exploratory,rank_inverse_normal,False,classified_by=dict,basket,1
25178.0,2,0,f.25178.2.0,dMRI_TBSS_MO_posterior_corona_radiata_right,Mean MO in posterior corona radiata on FA skeleton (right),dMRI_TBSS,MO,posterior corona radiata (right),exploratory,rank_inverse_normal,False,classified_by=dict,basket,1
25179.0,2,0,f.25179.2.0,dMRI_TBSS_MO_posterior_corona_radiata_left,Mean MO in posterior corona radiata on FA skeleton (left),dMRI_TBSS,MO,posterior corona radiata (left),exploratory,rank_inverse_normal,False,classified_by=dict,basket,1
25180.0,2,0,f.25180.2.0,dMRI_TBSS_MO_posterior_thalamic_radiation_right,Mean MO in posterior thalamic radiation on FA skeleton (right),dMRI_TBSS,MO,posterior thalamic radiation (right),exploratory,rank_inverse_normal,False,classified_by=dict,basket,1
25181.0,2,0,f.25181.2.0,dMRI_TBSS_MO_posterior_thalamic_radiation_left,Mean MO in posterior thalamic radiation on FA skeleton (left),dMRI_TBSS,MO,posterior thalamic radiation (left),exploratory,rank_inverse_normal,False,classified_by=dict,basket,1
25182.0,2,0,f.25182.2.0,dMRI_TBSS_MO_sagittal_stratum_right,Mean MO in sagittal stratum on FA skeleton (right),dMRI_TBSS,MO,sagittal stratum (right),exploratory,rank_inverse_normal,False,classified_by=dict,basket,0
25183.0,2,0,f.25183.2.0,dMRI_TBSS_MO_sagittal_stratum_left,Mean MO in sagittal stratum on FA skeleton (left),dMRI_TBSS,MO,sagittal stratum (left),exploratory,rank_inverse_normal,False,classified_by=dict,basket,0
25184.0,2,0,f.25184.2.0,dMRI_TBSS_MO_external_capsule_right,Mean MO in external capsule on FA skeleton (right),dMRI_TBSS,MO,external capsule (right),exploratory,rank_inverse_normal,False,classified_by=dict,basket,0
25185.0,2,0,f.25185.2.0,dMRI_TBSS_MO_external_capsule_left,Mean MO in external capsule on FA skeleton (left),dMRI_TBSS,MO,external capsule (left),exploratory,rank_inverse_normal,False,classified_by=dict,basket,0
25186.0,2,0,f.25186.2.0,dMRI_TBSS_MO_cingulum_cingulate_gyrus_right,Mean MO in cingulum cingulate gyrus on FA skeleton (right),dMRI_TBSS,MO,cingulum cingulate gyrus (right),exploratory,rank_inverse_normal,False,classified_by=dict,basket,1
25187.0,2,0,f.25187.2.0,dMRI_TBSS_MO_cingulum_cingulate_gyrus_left,Mean MO in cingulum cingulate gyrus on FA skeleton (left),dMRI_TBSS,MO,cingulum cingulate gyrus (left),exploratory,rank_inverse_normal,False,classified_by=dict,basket,1
25188.0,2,0,f.25188.2.0,dMRI_TBSS_MO_cingulum_hippocampus_right,Mean MO in cingulum hippocampus on FA skeleton (right),dMRI_TBSS,MO,cingulum hippocampus (right),exploratory,rank_inverse_normal,False,classified_by=dict,basket,1
25189.0,2,0,f.25189.2.0,dMRI_TBSS_MO_cingulum_hippocampus_left,Mean MO in cingulum hippocampus on FA skeleton (left),dMRI_TBSS,MO,cingulum hippocampus (left),exploratory,rank_inverse_normal,False,classified_by=dict,basket,1
25190.0,2,0,f.25190.2.0,dMRI_TBSS_MO_fornix_cres_stria_terminalis_right,Mean MO in fornix cres+stria terminalis on FA skeleton (right),dMRI_TBSS,MO,fornix cres+stria terminalis (right),exploratory,rank_inverse_normal,False,classified_by=dict,basket,0
25191.0,2,0,f.25191.2.0,dMRI_TBSS_MO_fornix_cres_stria_terminalis_left,Mean MO in fornix cres+stria terminalis on FA skeleton (left),dMRI_TBSS,MO,fornix cres+stria terminalis (left),exploratory,rank_inverse_normal,False,classified_by=dict,basket,0
25192.0,2,0,f.25192.2.0,dMRI_TBSS_MO_superior_longitudinal_fasciculus_right,Mean MO in superior longitudinal fasciculus on FA skeleton (right),dMRI_TBSS,MO,superior longitudinal fasciculus (right),exploratory,rank_inverse_normal,False,classified_by=dict,basket,1
25193.0,2,0,f.25193.2.0,dMRI_TBSS_MO_superior_longitudinal_fasciculus_left,Mean MO in superior longitudinal fasciculus on FA skeleton (left),dMRI_TBSS,MO,superior longitudinal fasciculus (left),exploratory,rank_inverse_normal,False,classified_by=dict,basket,1
25194.0,2,0,f.25194.2.0,dMRI_TBSS_MO_superior_fronto_occipital_fasciculus_rig,Mean MO in superior fronto-occipital fasciculus on FA skeleton (right),dMRI_TBSS,MO,superior fronto-occipital fasciculus (right),exploratory,rank_inverse_normal,False,classified_by=dict,basket,0
25195.0,2,0,f.25195.2.0,dMRI_TBSS_MO_superior_fronto_occipital_fasciculus_lef,Mean MO in superior fronto-occipital fasciculus on FA skeleton (left),dMRI_TBSS,MO,superior fronto-occipital fasciculus (left),exploratory,rank_inverse_normal,False,classified_by=dict,basket,0
25196.0,2,0,f.25196.2.0,dMRI_TBSS_MO_uncinate_fasciculus_right,Mean MO in uncinate fasciculus on FA skeleton (right),dMRI_TBSS,MO,uncinate fasciculus (right),exploratory,rank_inverse_normal,False,classified_by=dict,basket,0
25197.0,2,0,f.25197.2.0,dMRI_TBSS_MO_uncinate_fasciculus_left,Mean MO in uncinate fasciculus on FA skeleton (left),dMRI_TBSS,MO,uncinate fasciculus (left),exploratory,rank_inverse_normal,False,classified_by=dict,basket,0
25198.0,2,0,f.25198.2.0,dMRI_TBSS_MO_tapetum_right,Mean MO in tapetum on FA skeleton (right),dMRI_TBSS,MO,tapetum (right),exploratory,rank_inverse_normal,False,classified_by=dict,basket,0
25199.0,2,0,f.25199.2.0,dMRI_TBSS_MO_tapetum_left,Mean MO in tapetum on FA skeleton (left),dMRI_TBSS,MO,tapetum (left),exploratory,rank_inverse_normal,False,classified_by=dict,basket,0
25200.0,2,0,f.25200.2.0,dMRI_TBSS_L1_middle_cerebellar_peduncle,Mean L1 in middle cerebellar peduncle on FA skeleton,dMRI_TBSS,L1,middle cerebellar peduncle,primary,rank_inverse_normal,True,classified_by=dict,basket,0
25201.0,2,0,f.25201.2.0,dMRI_TBSS_L1_pontine_crossing_tract,Mean L1 in pontine crossing tract on FA skeleton,dMRI_TBSS,L1,pontine crossing tract,primary,rank_inverse_normal,True,classified_by=dict,basket,0
25202.0,2,0,f.25202.2.0,dMRI_TBSS_L1_genu_of_corpus_callosum,Mean L1 in genu of corpus callosum on FA skeleton,dMRI_TBSS,L1,genu of corpus callosum,primary,rank_inverse_normal,True,classified_by=dict,basket,1
25203.0,2,0,f.25203.2.0,dMRI_TBSS_L1_body_of_corpus_callosum,Mean L1 in body of corpus callosum on FA skeleton,dMRI_TBSS,L1,body of corpus callosum,primary,rank_inverse_normal,True,classified_by=dict,basket,1
25204.0,2,0,f.25204.2.0,dMRI_TBSS_L1_splenium_of_corpus_callosum,Mean L1 in splenium of corpus callosum on FA skeleton,dMRI_TBSS,L1,splenium of corpus callosum,primary,rank_inverse_normal,True,classified_by=dict,basket,1
25205.0,2,0,f.25205.2.0,dMRI_TBSS_L1_fornix,Mean L1 in fornix on FA skeleton,dMRI_TBSS,L1,fornix,primary,rank_inverse_normal,True,classified_by=dict,basket,0
25206.0,2,0,f.25206.2.0,dMRI_TBSS_L1_corticospinal_tract_right,Mean L1 in corticospinal tract on FA skeleton (right),dMRI_TBSS,L1,corticospinal tract (right),primary,rank_inverse_normal,True,classified_by=dict,basket,1
25207.0,2,0,f.25207.2.0,dMRI_TBSS_L1_corticospinal_tract_left,Mean L1 in corticospinal tract on FA skeleton (left),dMRI_TBSS,L1,corticospinal tract (left),primary,rank_inverse_normal,True,classified_by=dict,basket,1
25208.0,2,0,f.25208.2.0,dMRI_TBSS_L1_medial_lemniscus_right,Mean L1 in medial lemniscus on FA skeleton (right),dMRI_TBSS,L1,medial lemniscus (right),primary,rank_inverse_normal,True,classified_by=dict,basket,0
25209.0,2,0,f.25209.2.0,dMRI_TBSS_L1_medial_lemniscus_left,Mean L1 in medial lemniscus on FA skeleton (left),dMRI_TBSS,L1,medial lemniscus (left),primary,rank_inverse_normal,True,classified_by=dict,basket,0
25210.0,2,0,f.25210.2.0,dMRI_TBSS_L1_inferior_cerebellar_peduncle_right,Mean L1 in inferior cerebellar peduncle on FA skeleton (right),dMRI_TBSS,L1,inferior cerebellar peduncle (right),primary,rank_inverse_normal,True,classified_by=dict,basket,0
25211.0,2,0,f.25211.2.0,dMRI_TBSS_L1_inferior_cerebellar_peduncle_left,Mean L1 in inferior cerebellar peduncle on FA skeleton (left),dMRI_TBSS,L1,inferior cerebellar peduncle (left),primary,rank_inverse_normal,True,classified_by=dict,basket,0
25212.0,2,0,f.25212.2.0,dMRI_TBSS_L1_superior_cerebellar_peduncle_right,Mean L1 in superior cerebellar peduncle on FA skeleton (right),dMRI_TBSS,L1,superior cerebellar peduncle (right),primary,rank_inverse_normal,True,classified_by=dict,basket,0
25213.0,2,0,f.25213.2.0,dMRI_TBSS_L1_superior_cerebellar_peduncle_left,Mean L1 in superior cerebellar peduncle on FA skeleton (left),dMRI_TBSS,L1,superior cerebellar peduncle (left),primary,rank_inverse_normal,True,classified_by=dict,basket,0
25214.0,2,0,f.25214.2.0,dMRI_TBSS_L1_cerebral_peduncle_right,Mean L1 in cerebral peduncle on FA skeleton (right),dMRI_TBSS,L1,cerebral peduncle (right),primary,rank_inverse_normal,True,classified_by=dict,basket,0
25215.0,2,0,f.25215.2.0,dMRI_TBSS_L1_cerebral_peduncle_left,Mean L1 in cerebral peduncle on FA skeleton (left),dMRI_TBSS,L1,cerebral peduncle (left),primary,rank_inverse_normal,True,classified_by=dict,basket,0
25216.0,2,0,f.25216.2.0,dMRI_TBSS_L1_anterior_limb_of_internal_capsule_right,Mean L1 in anterior limb of internal capsule on FA skeleton (right),dMRI_TBSS,L1,anterior limb of internal capsule (right),primary,rank_inverse_normal,True,classified_by=dict,basket,1
25217.0,2,0,f.25217.2.0,dMRI_TBSS_L1_anterior_limb_of_internal_capsule_left,Mean L1 in anterior limb of internal capsule on FA skeleton (left),dMRI_TBSS,L1,anterior limb of internal capsule (left),primary,rank_inverse_normal,True,classified_by=dict,basket,1
25218.0,2,0,f.25218.2.0,dMRI_TBSS_L1_posterior_limb_of_internal_capsule_right,Mean L1 in posterior limb of internal capsule on FA skeleton (right),dMRI_TBSS,L1,posterior limb of internal capsule (right),primary,rank_inverse_normal,True,classified_by=dict,basket,1
25219.0,2,0,f.25219.2.0,dMRI_TBSS_L1_posterior_limb_of_internal_capsule_left,Mean L1 in posterior limb of internal capsule on FA skeleton (left),dMRI_TBSS,L1,posterior limb of internal capsule (left),primary,rank_inverse_normal,True,classified_by=dict,basket,1
25220.0,2,0,f.25220.2.0,dMRI_TBSS_L1_retrolenticular_part_of_internal_capsule_f25220,Mean L1 in retrolenticular part of internal capsule on FA skeleton (right),dMRI_TBSS,L1,retrolenticular part of internal capsule (right),primary,rank_inverse_normal,True,classified_by=dict,basket,1
25221.0,2,0,f.25221.2.0,dMRI_TBSS_L1_retrolenticular_part_of_internal_capsule_f25221,Mean L1 in retrolenticular part of internal capsule on FA skeleton (left),dMRI_TBSS,L1,retrolenticular part of internal capsule (left),primary,rank_inverse_normal,True,classified_by=dict,basket,1
25222.0,2,0,f.25222.2.0,dMRI_TBSS_L1_anterior_corona_radiata_right,Mean L1 in anterior corona radiata on FA skeleton (right),dMRI_TBSS,L1,anterior corona radiata (right),primary,rank_inverse_normal,True,classified_by=dict,basket,1
25223.0,2,0,f.25223.2.0,dMRI_TBSS_L1_anterior_corona_radiata_left,Mean L1 in anterior corona radiata on FA skeleton (left),dMRI_TBSS,L1,anterior corona radiata (left),primary,rank_inverse_normal,True,classified_by=dict,basket,1
25224.0,2,0,f.25224.2.0,dMRI_TBSS_L1_superior_corona_radiata_right,Mean L1 in superior corona radiata on FA skeleton (right),dMRI_TBSS,L1,superior corona radiata (right),primary,rank_inverse_normal,True,classified_by=dict,basket,1
25225.0,2,0,f.25225.2.0,dMRI_TBSS_L1_superior_corona_radiata_left,Mean L1 in superior corona radiata on FA skeleton (left),dMRI_TBSS,L1,superior corona radiata (left),primary,rank_inverse_normal,True,classified_by=dict,basket,1
25226.0,2,0,f.25226.2.0,dMRI_TBSS_L1_posterior_corona_radiata_right,Mean L1 in posterior corona radiata on FA skeleton (right),dMRI_TBSS,L1,posterior corona radiata (right),primary,rank_inverse_normal,True,classified_by=dict,basket,1
25227.0,2,0,f.25227.2.0,dMRI_TBSS_L1_posterior_corona_radiata_left,Mean L1 in posterior corona radiata on FA skeleton (left),dMRI_TBSS,L1,posterior corona radiata (left),primary,rank_inverse_normal,True,classified_by=dict,basket,1
25228.0,2,0,f.25228.2.0,dMRI_TBSS_L1_posterior_thalamic_radiation_right,Mean L1 in posterior thalamic radiation on FA skeleton (right),dMRI_TBSS,L1,posterior thalamic radiation (right),primary,rank_inverse_normal,True,classified_by=dict,basket,1
25229.0,2,0,f.25229.2.0,dMRI_TBSS_L1_posterior_thalamic_radiation_left,Mean L1 in posterior thalamic radiation on FA skeleton (left),dMRI_TBSS,L1,posterior thalamic radiation (left),primary,rank_inverse_normal,True,classified_by=dict,basket,1
25230.0,2,0,f.25230.2.0,dMRI_TBSS_L1_sagittal_stratum_right,Mean L1 in sagittal stratum on FA skeleton (right),dMRI_TBSS,L1,sagittal stratum (right),primary,rank_inverse_normal,True,classified_by=dict,basket,0
25231.0,2,0,f.25231.2.0,dMRI_TBSS_L1_sagittal_stratum_left,Mean L1 in sagittal stratum on FA skeleton (left),dMRI_TBSS,L1,sagittal stratum (left),primary,rank_inverse_normal,True,classified_by=dict,basket,0
25232.0,2,0,f.25232.2.0,dMRI_TBSS_L1_external_capsule_right,Mean L1 in external capsule on FA skeleton (right),dMRI_TBSS,L1,external capsule (right),primary,rank_inverse_normal,True,classified_by=dict,basket,0
25233.0,2,0,f.25233.2.0,dMRI_TBSS_L1_external_capsule_left,Mean L1 in external capsule on FA skeleton (left),dMRI_TBSS,L1,external capsule (left),primary,rank_inverse_normal,True,classified_by=dict,basket,0
25234.0,2,0,f.25234.2.0,dMRI_TBSS_L1_cingulum_cingulate_gyrus_right,Mean L1 in cingulum cingulate gyrus on FA skeleton (right),dMRI_TBSS,L1,cingulum cingulate gyrus (right),primary,rank_inverse_normal,True,classified_by=dict,basket,1
25235.0,2,0,f.25235.2.0,dMRI_TBSS_L1_cingulum_cingulate_gyrus_left,Mean L1 in cingulum cingulate gyrus on FA skeleton (left),dMRI_TBSS,L1,cingulum cingulate gyrus (left),primary,rank_inverse_normal,True,classified_by=dict,basket,1
25236.0,2,0,f.25236.2.0,dMRI_TBSS_L1_cingulum_hippocampus_right,Mean L1 in cingulum hippocampus on FA skeleton (right),dMRI_TBSS,L1,cingulum hippocampus (right),primary,rank_inverse_normal,True,classified_by=dict,basket,1
25237.0,2,0,f.25237.2.0,dMRI_TBSS_L1_cingulum_hippocampus_left,Mean L1 in cingulum hippocampus on FA skeleton (left),dMRI_TBSS,L1,cingulum hippocampus (left),primary,rank_inverse_normal,True,classified_by=dict,basket,1
25238.0,2,0,f.25238.2.0,dMRI_TBSS_L1_fornix_cres_stria_terminalis_right,Mean L1 in fornix cres+stria terminalis on FA skeleton (right),dMRI_TBSS,L1,fornix cres+stria terminalis (right),primary,rank_inverse_normal,True,classified_by=dict,basket,0
25239.0,2,0,f.25239.2.0,dMRI_TBSS_L1_fornix_cres_stria_terminalis_left,Mean L1 in fornix cres+stria terminalis on FA skeleton (left),dMRI_TBSS,L1,fornix cres+stria terminalis (left),primary,rank_inverse_normal,True,classified_by=dict,basket,0
25240.0,2,0,f.25240.2.0,dMRI_TBSS_L1_superior_longitudinal_fasciculus_right,Mean L1 in superior longitudinal fasciculus on FA skeleton (right),dMRI_TBSS,L1,superior longitudinal fasciculus (right),primary,rank_inverse_normal,True,classified_by=dict,basket,1
25241.0,2,0,f.25241.2.0,dMRI_TBSS_L1_superior_longitudinal_fasciculus_left,Mean L1 in superior longitudinal fasciculus on FA skeleton (left),dMRI_TBSS,L1,superior longitudinal fasciculus (left),primary,rank_inverse_normal,True,classified_by=dict,basket,1
25242.0,2,0,f.25242.2.0,dMRI_TBSS_L1_superior_fronto_occipital_fasciculus_rig,Mean L1 in superior fronto-occipital fasciculus on FA skeleton (right),dMRI_TBSS,L1,superior fronto-occipital fasciculus (right),primary,rank_inverse_normal,True,classified_by=dict,basket,0
25243.0,2,0,f.25243.2.0,dMRI_TBSS_L1_superior_fronto_occipital_fasciculus_lef,Mean L1 in superior fronto-occipital fasciculus on FA skeleton (left),dMRI_TBSS,L1,superior fronto-occipital fasciculus (left),primary,rank_inverse_normal,True,classified_by=dict,basket,0
25244.0,2,0,f.25244.2.0,dMRI_TBSS_L1_uncinate_fasciculus_right,Mean L1 in uncinate fasciculus on FA skeleton (right),dMRI_TBSS,L1,uncinate fasciculus (right),primary,rank_inverse_normal,True,classified_by=dict,basket,0
25245.0,2,0,f.25245.2.0,dMRI_TBSS_L1_uncinate_fasciculus_left,Mean L1 in uncinate fasciculus on FA skeleton (left),dMRI_TBSS,L1,uncinate fasciculus (left),primary,rank_inverse_normal,True,classified_by=dict,basket,0
25246.0,2,0,f.25246.2.0,dMRI_TBSS_L1_tapetum_right,Mean L1 in tapetum on FA skeleton (right),dMRI_TBSS,L1,tapetum (right),primary,rank_inverse_normal,True,classified_by=dict,basket,0
25247.0,2,0,f.25247.2.0,dMRI_TBSS_L1_tapetum_left,Mean L1 in tapetum on FA skeleton (left),dMRI_TBSS,L1,tapetum (left),primary,rank_inverse_normal,True,classified_by=dict,basket,0
25248.0,2,0,f.25248.2.0,dMRI_TBSS_L2_middle_cerebellar_peduncle,Mean L2 in middle cerebellar peduncle on FA skeleton,dMRI_TBSS,L2,middle cerebellar peduncle,primary,rank_inverse_normal,True,classified_by=dict,basket,0
25249.0,2,0,f.25249.2.0,dMRI_TBSS_L2_pontine_crossing_tract,Mean L2 in pontine crossing tract on FA skeleton,dMRI_TBSS,L2,pontine crossing tract,primary,rank_inverse_normal,True,classified_by=dict,basket,0
25250.0,2,0,f.25250.2.0,dMRI_TBSS_L2_genu_of_corpus_callosum,Mean L2 in genu of corpus callosum on FA skeleton,dMRI_TBSS,L2,genu of corpus callosum,primary,rank_inverse_normal,True,classified_by=dict,basket,1
25251.0,2,0,f.25251.2.0,dMRI_TBSS_L2_body_of_corpus_callosum,Mean L2 in body of corpus callosum on FA skeleton,dMRI_TBSS,L2,body of corpus callosum,primary,rank_inverse_normal,True,classified_by=dict,basket,1
25252.0,2,0,f.25252.2.0,dMRI_TBSS_L2_splenium_of_corpus_callosum,Mean L2 in splenium of corpus callosum on FA skeleton,dMRI_TBSS,L2,splenium of corpus callosum,primary,rank_inverse_normal,True,classified_by=dict,basket,1
25253.0,2,0,f.25253.2.0,dMRI_TBSS_L2_fornix,Mean L2 in fornix on FA skeleton,dMRI_TBSS,L2,fornix,primary,rank_inverse_normal,True,classified_by=dict,basket,0
25254.0,2,0,f.25254.2.0,dMRI_TBSS_L2_corticospinal_tract_right,Mean L2 in corticospinal tract on FA skeleton (right),dMRI_TBSS,L2,corticospinal tract (right),primary,rank_inverse_normal,True,classified_by=dict,basket,1
25255.0,2,0,f.25255.2.0,dMRI_TBSS_L2_corticospinal_tract_left,Mean L2 in corticospinal tract on FA skeleton (left),dMRI_TBSS,L2,corticospinal tract (left),primary,rank_inverse_normal,True,classified_by=dict,basket,1
25256.0,2,0,f.25256.2.0,dMRI_TBSS_L2_medial_lemniscus_right,Mean L2 in medial lemniscus on FA skeleton (right),dMRI_TBSS,L2,medial lemniscus (right),primary,rank_inverse_normal,True,classified_by=dict,basket,0
25257.0,2,0,f.25257.2.0,dMRI_TBSS_L2_medial_lemniscus_left,Mean L2 in medial lemniscus on FA skeleton (left),dMRI_TBSS,L2,medial lemniscus (left),primary,rank_inverse_normal,True,classified_by=dict,basket,0
25258.0,2,0,f.25258.2.0,dMRI_TBSS_L2_inferior_cerebellar_peduncle_right,Mean L2 in inferior cerebellar peduncle on FA skeleton (right),dMRI_TBSS,L2,inferior cerebellar peduncle (right),primary,rank_inverse_normal,True,classified_by=dict,basket,0
25259.0,2,0,f.25259.2.0,dMRI_TBSS_L2_inferior_cerebellar_peduncle_left,Mean L2 in inferior cerebellar peduncle on FA skeleton (left),dMRI_TBSS,L2,inferior cerebellar peduncle (left),primary,rank_inverse_normal,True,classified_by=dict,basket,0
25260.0,2,0,f.25260.2.0,dMRI_TBSS_L2_superior_cerebellar_peduncle_right,Mean L2 in superior cerebellar peduncle on FA skeleton (right),dMRI_TBSS,L2,superior cerebellar peduncle (right),primary,rank_inverse_normal,True,classified_by=dict,basket,0
25261.0,2,0,f.25261.2.0,dMRI_TBSS_L2_superior_cerebellar_peduncle_left,Mean L2 in superior cerebellar peduncle on FA skeleton (left),dMRI_TBSS,L2,superior cerebellar peduncle (left),primary,rank_inverse_normal,True,classified_by=dict,basket,0
25262.0,2,0,f.25262.2.0,dMRI_TBSS_L2_cerebral_peduncle_right,Mean L2 in cerebral peduncle on FA skeleton (right),dMRI_TBSS,L2,cerebral peduncle (right),primary,rank_inverse_normal,True,classified_by=dict,basket,0
25263.0,2,0,f.25263.2.0,dMRI_TBSS_L2_cerebral_peduncle_left,Mean L2 in cerebral peduncle on FA skeleton (left),dMRI_TBSS,L2,cerebral peduncle (left),primary,rank_inverse_normal,True,classified_by=dict,basket,0
25264.0,2,0,f.25264.2.0,dMRI_TBSS_L2_anterior_limb_of_internal_capsule_right,Mean L2 in anterior limb of internal capsule on FA skeleton (right),dMRI_TBSS,L2,anterior limb of internal capsule (right),primary,rank_inverse_normal,True,classified_by=dict,basket,1
25265.0,2,0,f.25265.2.0,dMRI_TBSS_L2_anterior_limb_of_internal_capsule_left,Mean L2 in anterior limb of internal capsule on FA skeleton (left),dMRI_TBSS,L2,anterior limb of internal capsule (left),primary,rank_inverse_normal,True,classified_by=dict,basket,1
25266.0,2,0,f.25266.2.0,dMRI_TBSS_L2_posterior_limb_of_internal_capsule_right,Mean L2 in posterior limb of internal capsule on FA skeleton (right),dMRI_TBSS,L2,posterior limb of internal capsule (right),primary,rank_inverse_normal,True,classified_by=dict,basket,1
25267.0,2,0,f.25267.2.0,dMRI_TBSS_L2_posterior_limb_of_internal_capsule_left,Mean L2 in posterior limb of internal capsule on FA skeleton (left),dMRI_TBSS,L2,posterior limb of internal capsule (left),primary,rank_inverse_normal,True,classified_by=dict,basket,1
25268.0,2,0,f.25268.2.0,dMRI_TBSS_L2_retrolenticular_part_of_internal_capsule_f25268,Mean L2 in retrolenticular part of internal capsule on FA skeleton (right),dMRI_TBSS,L2,retrolenticular part of internal capsule (right),primary,rank_inverse_normal,True,classified_by=dict,basket,1
25269.0,2,0,f.25269.2.0,dMRI_TBSS_L2_retrolenticular_part_of_internal_capsule_f25269,Mean L2 in retrolenticular part of internal capsule on FA skeleton (left),dMRI_TBSS,L2,retrolenticular part of internal capsule (left),primary,rank_inverse_normal,True,classified_by=dict,basket,1
25270.0,2,0,f.25270.2.0,dMRI_TBSS_L2_anterior_corona_radiata_right,Mean L2 in anterior corona radiata on FA skeleton (right),dMRI_TBSS,L2,anterior corona radiata (right),primary,rank_inverse_normal,True,classified_by=dict,basket,1
25271.0,2,0,f.25271.2.0,dMRI_TBSS_L2_anterior_corona_radiata_left,Mean L2 in anterior corona radiata on FA skeleton (left),dMRI_TBSS,L2,anterior corona radiata (left),primary,rank_inverse_normal,True,classified_by=dict,basket,1
25272.0,2,0,f.25272.2.0,dMRI_TBSS_L2_superior_corona_radiata_right,Mean L2 in superior corona radiata on FA skeleton (right),dMRI_TBSS,L2,superior corona radiata (right),primary,rank_inverse_normal,True,classified_by=dict,basket,1
25273.0,2,0,f.25273.2.0,dMRI_TBSS_L2_superior_corona_radiata_left,Mean L2 in superior corona radiata on FA skeleton (left),dMRI_TBSS,L2,superior corona radiata (left),primary,rank_inverse_normal,True,classified_by=dict,basket,1
25274.0,2,0,f.25274.2.0,dMRI_TBSS_L2_posterior_corona_radiata_right,Mean L2 in posterior corona radiata on FA skeleton (right),dMRI_TBSS,L2,posterior corona radiata (right),primary,rank_inverse_normal,True,classified_by=dict,basket,1
25275.0,2,0,f.25275.2.0,dMRI_TBSS_L2_posterior_corona_radiata_left,Mean L2 in posterior corona radiata on FA skeleton (left),dMRI_TBSS,L2,posterior corona radiata (left),primary,rank_inverse_normal,True,classified_by=dict,basket,1
25276.0,2,0,f.25276.2.0,dMRI_TBSS_L2_posterior_thalamic_radiation_right,Mean L2 in posterior thalamic radiation on FA skeleton (right),dMRI_TBSS,L2,posterior thalamic radiation (right),primary,rank_inverse_normal,True,classified_by=dict,basket,1
25277.0,2,0,f.25277.2.0,dMRI_TBSS_L2_posterior_thalamic_radiation_left,Mean L2 in posterior thalamic radiation on FA skeleton (left),dMRI_TBSS,L2,posterior thalamic radiation (left),primary,rank_inverse_normal,True,classified_by=dict,basket,1
25278.0,2,0,f.25278.2.0,dMRI_TBSS_L2_sagittal_stratum_right,Mean L2 in sagittal stratum on FA skeleton (right),dMRI_TBSS,L2,sagittal stratum (right),primary,rank_inverse_normal,True,classified_by=dict,basket,0
25279.0,2,0,f.25279.2.0,dMRI_TBSS_L2_sagittal_stratum_left,Mean L2 in sagittal stratum on FA skeleton (left),dMRI_TBSS,L2,sagittal stratum (left),primary,rank_inverse_normal,True,classified_by=dict,basket,0
25280.0,2,0,f.25280.2.0,dMRI_TBSS_L2_external_capsule_right,Mean L2 in external capsule on FA skeleton (right),dMRI_TBSS,L2,external capsule (right),primary,rank_inverse_normal,True,classified_by=dict,basket,0
25281.0,2,0,f.25281.2.0,dMRI_TBSS_L2_external_capsule_left,Mean L2 in external capsule on FA skeleton (left),dMRI_TBSS,L2,external capsule (left),primary,rank_inverse_normal,True,classified_by=dict,basket,0
25282.0,2,0,f.25282.2.0,dMRI_TBSS_L2_cingulum_cingulate_gyrus_right,Mean L2 in cingulum cingulate gyrus on FA skeleton (right),dMRI_TBSS,L2,cingulum cingulate gyrus (right),primary,rank_inverse_normal,True,classified_by=dict,basket,1
25283.0,2,0,f.25283.2.0,dMRI_TBSS_L2_cingulum_cingulate_gyrus_left,Mean L2 in cingulum cingulate gyrus on FA skeleton (left),dMRI_TBSS,L2,cingulum cingulate gyrus (left),primary,rank_inverse_normal,True,classified_by=dict,basket,1
25284.0,2,0,f.25284.2.0,dMRI_TBSS_L2_cingulum_hippocampus_right,Mean L2 in cingulum hippocampus on FA skeleton (right),dMRI_TBSS,L2,cingulum hippocampus (right),primary,rank_inverse_normal,True,classified_by=dict,basket,1
25285.0,2,0,f.25285.2.0,dMRI_TBSS_L2_cingulum_hippocampus_left,Mean L2 in cingulum hippocampus on FA skeleton (left),dMRI_TBSS,L2,cingulum hippocampus (left),primary,rank_inverse_normal,True,classified_by=dict,basket,1
25286.0,2,0,f.25286.2.0,dMRI_TBSS_L2_fornix_cres_stria_terminalis_right,Mean L2 in fornix cres+stria terminalis on FA skeleton (right),dMRI_TBSS,L2,fornix cres+stria terminalis (right),primary,rank_inverse_normal,True,classified_by=dict,basket,0
25287.0,2,0,f.25287.2.0,dMRI_TBSS_L2_fornix_cres_stria_terminalis_left,Mean L2 in fornix cres+stria terminalis on FA skeleton (left),dMRI_TBSS,L2,fornix cres+stria terminalis (left),primary,rank_inverse_normal,True,classified_by=dict,basket,0
25288.0,2,0,f.25288.2.0,dMRI_TBSS_L2_superior_longitudinal_fasciculus_right,Mean L2 in superior longitudinal fasciculus on FA skeleton (right),dMRI_TBSS,L2,superior longitudinal fasciculus (right),primary,rank_inverse_normal,True,classified_by=dict,basket,1
25289.0,2,0,f.25289.2.0,dMRI_TBSS_L2_superior_longitudinal_fasciculus_left,Mean L2 in superior longitudinal fasciculus on FA skeleton (left),dMRI_TBSS,L2,superior longitudinal fasciculus (left),primary,rank_inverse_normal,True,classified_by=dict,basket,1
25290.0,2,0,f.25290.2.0,dMRI_TBSS_L2_superior_fronto_occipital_fasciculus_rig,Mean L2 in superior fronto-occipital fasciculus on FA skeleton (right),dMRI_TBSS,L2,superior fronto-occipital fasciculus (right),primary,rank_inverse_normal,True,classified_by=dict,basket,0
25291.0,2,0,f.25291.2.0,dMRI_TBSS_L2_superior_fronto_occipital_fasciculus_lef,Mean L2 in superior fronto-occipital fasciculus on FA skeleton (left),dMRI_TBSS,L2,superior fronto-occipital fasciculus (left),primary,rank_inverse_normal,True,classified_by=dict,basket,0
25292.0,2,0,f.25292.2.0,dMRI_TBSS_L2_uncinate_fasciculus_right,Mean L2 in uncinate fasciculus on FA skeleton (right),dMRI_TBSS,L2,uncinate fasciculus (right),primary,rank_inverse_normal,True,classified_by=dict,basket,0
25293.0,2,0,f.25293.2.0,dMRI_TBSS_L2_uncinate_fasciculus_left,Mean L2 in uncinate fasciculus on FA skeleton (left),dMRI_TBSS,L2,uncinate fasciculus (left),primary,rank_inverse_normal,True,classified_by=dict,basket,0
25294.0,2,0,f.25294.2.0,dMRI_TBSS_L2_tapetum_right,Mean L2 in tapetum on FA skeleton (right),dMRI_TBSS,L2,tapetum (right),primary,rank_inverse_normal,True,classified_by=dict,basket,0
25295.0,2,0,f.25295.2.0,dMRI_TBSS_L2_tapetum_left,Mean L2 in tapetum on FA skeleton (left),dMRI_TBSS,L2,tapetum (left),primary,rank_inverse_normal,True,classified_by=dict,basket,0
25296.0,2,0,f.25296.2.0,dMRI_TBSS_L3_middle_cerebellar_peduncle,Mean L3 in middle cerebellar peduncle on FA skeleton,dMRI_TBSS,L3,middle cerebellar peduncle,primary,rank_inverse_normal,True,classified_by=dict,basket,0
25297.0,2,0,f.25297.2.0,dMRI_TBSS_L3_pontine_crossing_tract,Mean L3 in pontine crossing tract on FA skeleton,dMRI_TBSS,L3,pontine crossing tract,primary,rank_inverse_normal,True,classified_by=dict,basket,0
25298.0,2,0,f.25298.2.0,dMRI_TBSS_L3_genu_of_corpus_callosum,Mean L3 in genu of corpus callosum on FA skeleton,dMRI_TBSS,L3,genu of corpus callosum,primary,rank_inverse_normal,True,classified_by=dict,basket,1
25299.0,2,0,f.25299.2.0,dMRI_TBSS_L3_body_of_corpus_callosum,Mean L3 in body of corpus callosum on FA skeleton,dMRI_TBSS,L3,body of corpus callosum,primary,rank_inverse_normal,True,classified_by=dict,basket,1
25300.0,2,0,f.25300.2.0,dMRI_TBSS_L3_splenium_of_corpus_callosum,Mean L3 in splenium of corpus callosum on FA skeleton,dMRI_TBSS,L3,splenium of corpus callosum,primary,rank_inverse_normal,True,classified_by=dict,basket,1
25301.0,2,0,f.25301.2.0,dMRI_TBSS_L3_fornix,Mean L3 in fornix on FA skeleton,dMRI_TBSS,L3,fornix,primary,rank_inverse_normal,True,classified_by=dict,basket,0
25302.0,2,0,f.25302.2.0,dMRI_TBSS_L3_corticospinal_tract_right,Mean L3 in corticospinal tract on FA skeleton (right),dMRI_TBSS,L3,corticospinal tract (right),primary,rank_inverse_normal,True,classified_by=dict,basket,1
25303.0,2,0,f.25303.2.0,dMRI_TBSS_L3_corticospinal_tract_left,Mean L3 in corticospinal tract on FA skeleton (left),dMRI_TBSS,L3,corticospinal tract (left),primary,rank_inverse_normal,True,classified_by=dict,basket,1
25304.0,2,0,f.25304.2.0,dMRI_TBSS_L3_medial_lemniscus_right,Mean L3 in medial lemniscus on FA skeleton (right),dMRI_TBSS,L3,medial lemniscus (right),primary,rank_inverse_normal,True,classified_by=dict,basket,0
25305.0,2,0,f.25305.2.0,dMRI_TBSS_L3_medial_lemniscus_left,Mean L3 in medial lemniscus on FA skeleton (left),dMRI_TBSS,L3,medial lemniscus (left),primary,rank_inverse_normal,True,classified_by=dict,basket,0
25306.0,2,0,f.25306.2.0,dMRI_TBSS_L3_inferior_cerebellar_peduncle_right,Mean L3 in inferior cerebellar peduncle on FA skeleton (right),dMRI_TBSS,L3,inferior cerebellar peduncle (right),primary,rank_inverse_normal,True,classified_by=dict,basket,0
25307.0,2,0,f.25307.2.0,dMRI_TBSS_L3_inferior_cerebellar_peduncle_left,Mean L3 in inferior cerebellar peduncle on FA skeleton (left),dMRI_TBSS,L3,inferior cerebellar peduncle (left),primary,rank_inverse_normal,True,classified_by=dict,basket,0
25308.0,2,0,f.25308.2.0,dMRI_TBSS_L3_superior_cerebellar_peduncle_right,Mean L3 in superior cerebellar peduncle on FA skeleton (right),dMRI_TBSS,L3,superior cerebellar peduncle (right),primary,rank_inverse_normal,True,classified_by=dict,basket,0
25309.0,2,0,f.25309.2.0,dMRI_TBSS_L3_superior_cerebellar_peduncle_left,Mean L3 in superior cerebellar peduncle on FA skeleton (left),dMRI_TBSS,L3,superior cerebellar peduncle (left),primary,rank_inverse_normal,True,classified_by=dict,basket,0
25310.0,2,0,f.25310.2.0,dMRI_TBSS_L3_cerebral_peduncle_right,Mean L3 in cerebral peduncle on FA skeleton (right),dMRI_TBSS,L3,cerebral peduncle (right),primary,rank_inverse_normal,True,classified_by=dict,basket,0
25311.0,2,0,f.25311.2.0,dMRI_TBSS_L3_cerebral_peduncle_left,Mean L3 in cerebral peduncle on FA skeleton (left),dMRI_TBSS,L3,cerebral peduncle (left),primary,rank_inverse_normal,True,classified_by=dict,basket,0
25312.0,2,0,f.25312.2.0,dMRI_TBSS_L3_anterior_limb_of_internal_capsule_right,Mean L3 in anterior limb of internal capsule on FA skeleton (right),dMRI_TBSS,L3,anterior limb of internal capsule (right),primary,rank_inverse_normal,True,classified_by=dict,basket,1
25313.0,2,0,f.25313.2.0,dMRI_TBSS_L3_anterior_limb_of_internal_capsule_left,Mean L3 in anterior limb of internal capsule on FA skeleton (left),dMRI_TBSS,L3,anterior limb of internal capsule (left),primary,rank_inverse_normal,True,classified_by=dict,basket,1
25314.0,2,0,f.25314.2.0,dMRI_TBSS_L3_posterior_limb_of_internal_capsule_right,Mean L3 in posterior limb of internal capsule on FA skeleton (right),dMRI_TBSS,L3,posterior limb of internal capsule (right),primary,rank_inverse_normal,True,classified_by=dict,basket,1
25315.0,2,0,f.25315.2.0,dMRI_TBSS_L3_posterior_limb_of_internal_capsule_left,Mean L3 in posterior limb of internal capsule on FA skeleton (left),dMRI_TBSS,L3,posterior limb of internal capsule (left),primary,rank_inverse_normal,True,classified_by=dict,basket,1
25316.0,2,0,f.25316.2.0,dMRI_TBSS_L3_retrolenticular_part_of_internal_capsule_f25316,Mean L3 in retrolenticular part of internal capsule on FA skeleton (right),dMRI_TBSS,L3,retrolenticular part of internal capsule (right),primary,rank_inverse_normal,True,classified_by=dict,basket,1
25317.0,2,0,f.25317.2.0,dMRI_TBSS_L3_retrolenticular_part_of_internal_capsule_f25317,Mean L3 in retrolenticular part of internal capsule on FA skeleton (left),dMRI_TBSS,L3,retrolenticular part of internal capsule (left),primary,rank_inverse_normal,True,classified_by=dict,basket,1
25318.0,2,0,f.25318.2.0,dMRI_TBSS_L3_anterior_corona_radiata_right,Mean L3 in anterior corona radiata on FA skeleton (right),dMRI_TBSS,L3,anterior corona radiata (right),primary,rank_inverse_normal,True,classified_by=dict,basket,1
25319.0,2,0,f.25319.2.0,dMRI_TBSS_L3_anterior_corona_radiata_left,Mean L3 in anterior corona radiata on FA skeleton (left),dMRI_TBSS,L3,anterior corona radiata (left),primary,rank_inverse_normal,True,classified_by=dict,basket,1
25320.0,2,0,f.25320.2.0,dMRI_TBSS_L3_superior_corona_radiata_right,Mean L3 in superior corona radiata on FA skeleton (right),dMRI_TBSS,L3,superior corona radiata (right),primary,rank_inverse_normal,True,classified_by=dict,basket,1
25321.0,2,0,f.25321.2.0,dMRI_TBSS_L3_superior_corona_radiata_left,Mean L3 in superior corona radiata on FA skeleton (left),dMRI_TBSS,L3,superior corona radiata (left),primary,rank_inverse_normal,True,classified_by=dict,basket,1
25322.0,2,0,f.25322.2.0,dMRI_TBSS_L3_posterior_corona_radiata_right,Mean L3 in posterior corona radiata on FA skeleton (right),dMRI_TBSS,L3,posterior corona radiata (right),primary,rank_inverse_normal,True,classified_by=dict,basket,1
25323.0,2,0,f.25323.2.0,dMRI_TBSS_L3_posterior_corona_radiata_left,Mean L3 in posterior corona radiata on FA skeleton (left),dMRI_TBSS,L3,posterior corona radiata (left),primary,rank_inverse_normal,True,classified_by=dict,basket,1
25324.0,2,0,f.25324.2.0,dMRI_TBSS_L3_posterior_thalamic_radiation_right,Mean L3 in posterior thalamic radiation on FA skeleton (right),dMRI_TBSS,L3,posterior thalamic radiation (right),primary,rank_inverse_normal,True,classified_by=dict,basket,1
25325.0,2,0,f.25325.2.0,dMRI_TBSS_L3_posterior_thalamic_radiation_left,Mean L3 in posterior thalamic radiation on FA skeleton (left),dMRI_TBSS,L3,posterior thalamic radiation (left),primary,rank_inverse_normal,True,classified_by=dict,basket,1
25326.0,2,0,f.25326.2.0,dMRI_TBSS_L3_sagittal_stratum_right,Mean L3 in sagittal stratum on FA skeleton (right),dMRI_TBSS,L3,sagittal stratum (right),primary,rank_inverse_normal,True,classified_by=dict,basket,0
25327.0,2,0,f.25327.2.0,dMRI_TBSS_L3_sagittal_stratum_left,Mean L3 in sagittal stratum on FA skeleton (left),dMRI_TBSS,L3,sagittal stratum (left),primary,rank_inverse_normal,True,classified_by=dict,basket,0
25328.0,2,0,f.25328.2.0,dMRI_TBSS_L3_external_capsule_right,Mean L3 in external capsule on FA skeleton (right),dMRI_TBSS,L3,external capsule (right),primary,rank_inverse_normal,True,classified_by=dict,basket,0
25329.0,2,0,f.25329.2.0,dMRI_TBSS_L3_external_capsule_left,Mean L3 in external capsule on FA skeleton (left),dMRI_TBSS,L3,external capsule (left),primary,rank_inverse_normal,True,classified_by=dict,basket,0
25330.0,2,0,f.25330.2.0,dMRI_TBSS_L3_cingulum_cingulate_gyrus_right,Mean L3 in cingulum cingulate gyrus on FA skeleton (right),dMRI_TBSS,L3,cingulum cingulate gyrus (right),primary,rank_inverse_normal,True,classified_by=dict,basket,1
25331.0,2,0,f.25331.2.0,dMRI_TBSS_L3_cingulum_cingulate_gyrus_left,Mean L3 in cingulum cingulate gyrus on FA skeleton (left),dMRI_TBSS,L3,cingulum cingulate gyrus (left),primary,rank_inverse_normal,True,classified_by=dict,basket,1
25332.0,2,0,f.25332.2.0,dMRI_TBSS_L3_cingulum_hippocampus_right,Mean L3 in cingulum hippocampus on FA skeleton (right),dMRI_TBSS,L3,cingulum hippocampus (right),primary,rank_inverse_normal,True,classified_by=dict,basket,1
25333.0,2,0,f.25333.2.0,dMRI_TBSS_L3_cingulum_hippocampus_left,Mean L3 in cingulum hippocampus on FA skeleton (left),dMRI_TBSS,L3,cingulum hippocampus (left),primary,rank_inverse_normal,True,classified_by=dict,basket,1
25334.0,2,0,f.25334.2.0,dMRI_TBSS_L3_fornix_cres_stria_terminalis_right,Mean L3 in fornix cres+stria terminalis on FA skeleton (right),dMRI_TBSS,L3,fornix cres+stria terminalis (right),primary,rank_inverse_normal,True,classified_by=dict,basket,0
25335.0,2,0,f.25335.2.0,dMRI_TBSS_L3_fornix_cres_stria_terminalis_left,Mean L3 in fornix cres+stria terminalis on FA skeleton (left),dMRI_TBSS,L3,fornix cres+stria terminalis (left),primary,rank_inverse_normal,True,classified_by=dict,basket,0
25336.0,2,0,f.25336.2.0,dMRI_TBSS_L3_superior_longitudinal_fasciculus_right,Mean L3 in superior longitudinal fasciculus on FA skeleton (right),dMRI_TBSS,L3,superior longitudinal fasciculus (right),primary,rank_inverse_normal,True,classified_by=dict,basket,1
25337.0,2,0,f.25337.2.0,dMRI_TBSS_L3_superior_longitudinal_fasciculus_left,Mean L3 in superior longitudinal fasciculus on FA skeleton (left),dMRI_TBSS,L3,superior longitudinal fasciculus (left),primary,rank_inverse_normal,True,classified_by=dict,basket,1
25338.0,2,0,f.25338.2.0,dMRI_TBSS_L3_superior_fronto_occipital_fasciculus_rig,Mean L3 in superior fronto-occipital fasciculus on FA skeleton (right),dMRI_TBSS,L3,superior fronto-occipital fasciculus (right),primary,rank_inverse_normal,True,classified_by=dict,basket,0
25339.0,2,0,f.25339.2.0,dMRI_TBSS_L3_superior_fronto_occipital_fasciculus_lef,Mean L3 in superior fronto-occipital fasciculus on FA skeleton (left),dMRI_TBSS,L3,superior fronto-occipital fasciculus (left),primary,rank_inverse_normal,True,classified_by=dict,basket,0
25340.0,2,0,f.25340.2.0,dMRI_TBSS_L3_uncinate_fasciculus_right,Mean L3 in uncinate fasciculus on FA skeleton (right),dMRI_TBSS,L3,uncinate fasciculus (right),primary,rank_inverse_normal,True,classified_by=dict,basket,0
25341.0,2,0,f.25341.2.0,dMRI_TBSS_L3_uncinate_fasciculus_left,Mean L3 in uncinate fasciculus on FA skeleton (left),dMRI_TBSS,L3,uncinate fasciculus (left),primary,rank_inverse_normal,True,classified_by=dict,basket,0
25342.0,2,0,f.25342.2.0,dMRI_TBSS_L3_tapetum_right,Mean L3 in tapetum on FA skeleton (right),dMRI_TBSS,L3,tapetum (right),primary,rank_inverse_normal,True,classified_by=dict,basket,0
25343.0,2,0,f.25343.2.0,dMRI_TBSS_L3_tapetum_left,Mean L3 in tapetum on FA skeleton (left),dMRI_TBSS,L3,tapetum (left),primary,rank_inverse_normal,True,classified_by=dict,basket,0
25344.0,2,0,f.25344.2.0,dMRI_TBSS_ICVF_middle_cerebellar_peduncle,Mean ICVF in middle cerebellar peduncle on FA skeleton,dMRI_TBSS,ICVF,middle cerebellar peduncle,primary,rank_inverse_normal,True,classified_by=dict,basket,0
25345.0,2,0,f.25345.2.0,dMRI_TBSS_ICVF_pontine_crossing_tract,Mean ICVF in pontine crossing tract on FA skeleton,dMRI_TBSS,ICVF,pontine crossing tract,primary,rank_inverse_normal,True,classified_by=dict,basket,0
25346.0,2,0,f.25346.2.0,dMRI_TBSS_ICVF_genu_of_corpus_callosum,Mean ICVF in genu of corpus callosum on FA skeleton,dMRI_TBSS,ICVF,genu of corpus callosum,primary,rank_inverse_normal,True,classified_by=dict,basket,1
25347.0,2,0,f.25347.2.0,dMRI_TBSS_ICVF_body_of_corpus_callosum,Mean ICVF in body of corpus callosum on FA skeleton,dMRI_TBSS,ICVF,body of corpus callosum,primary,rank_inverse_normal,True,classified_by=dict,basket,1
25348.0,2,0,f.25348.2.0,dMRI_TBSS_ICVF_splenium_of_corpus_callosum,Mean ICVF in splenium of corpus callosum on FA skeleton,dMRI_TBSS,ICVF,splenium of corpus callosum,primary,rank_inverse_normal,True,classified_by=dict,basket,1
25349.0,2,0,f.25349.2.0,dMRI_TBSS_ICVF_fornix,Mean ICVF in fornix on FA skeleton,dMRI_TBSS,ICVF,fornix,primary,rank_inverse_normal,True,classified_by=dict,basket,0
25350.0,2,0,f.25350.2.0,dMRI_TBSS_ICVF_corticospinal_tract_right,Mean ICVF in corticospinal tract on FA skeleton (right),dMRI_TBSS,ICVF,corticospinal tract (right),primary,rank_inverse_normal,True,classified_by=dict,basket,1
25351.0,2,0,f.25351.2.0,dMRI_TBSS_ICVF_corticospinal_tract_left,Mean ICVF in corticospinal tract on FA skeleton (left),dMRI_TBSS,ICVF,corticospinal tract (left),primary,rank_inverse_normal,True,classified_by=dict,basket,1
25352.0,2,0,f.25352.2.0,dMRI_TBSS_ICVF_medial_lemniscus_right,Mean ICVF in medial lemniscus on FA skeleton (right),dMRI_TBSS,ICVF,medial lemniscus (right),primary,rank_inverse_normal,True,classified_by=dict,basket,0
25353.0,2,0,f.25353.2.0,dMRI_TBSS_ICVF_medial_lemniscus_left,Mean ICVF in medial lemniscus on FA skeleton (left),dMRI_TBSS,ICVF,medial lemniscus (left),primary,rank_inverse_normal,True,classified_by=dict,basket,0
25354.0,2,0,f.25354.2.0,dMRI_TBSS_ICVF_inferior_cerebellar_peduncle_right,Mean ICVF in inferior cerebellar peduncle on FA skeleton (right),dMRI_TBSS,ICVF,inferior cerebellar peduncle (right),primary,rank_inverse_normal,True,classified_by=dict,basket,0
25355.0,2,0,f.25355.2.0,dMRI_TBSS_ICVF_inferior_cerebellar_peduncle_left,Mean ICVF in inferior cerebellar peduncle on FA skeleton (left),dMRI_TBSS,ICVF,inferior cerebellar peduncle (left),primary,rank_inverse_normal,True,classified_by=dict,basket,0
25356.0,2,0,f.25356.2.0,dMRI_TBSS_ICVF_superior_cerebellar_peduncle_right,Mean ICVF in superior cerebellar peduncle on FA skeleton (right),dMRI_TBSS,ICVF,superior cerebellar peduncle (right),primary,rank_inverse_normal,True,classified_by=dict,basket,0
25357.0,2,0,f.25357.2.0,dMRI_TBSS_ICVF_superior_cerebellar_peduncle_left,Mean ICVF in superior cerebellar peduncle on FA skeleton (left),dMRI_TBSS,ICVF,superior cerebellar peduncle (left),primary,rank_inverse_normal,True,classified_by=dict,basket,0
25358.0,2,0,f.25358.2.0,dMRI_TBSS_ICVF_cerebral_peduncle_right,Mean ICVF in cerebral peduncle on FA skeleton (right),dMRI_TBSS,ICVF,cerebral peduncle (right),primary,rank_inverse_normal,True,classified_by=dict,basket,0
25359.0,2,0,f.25359.2.0,dMRI_TBSS_ICVF_cerebral_peduncle_left,Mean ICVF in cerebral peduncle on FA skeleton (left),dMRI_TBSS,ICVF,cerebral peduncle (left),primary,rank_inverse_normal,True,classified_by=dict,basket,0
25360.0,2,0,f.25360.2.0,dMRI_TBSS_ICVF_anterior_limb_of_internal_capsule_right,Mean ICVF in anterior limb of internal capsule on FA skeleton (right),dMRI_TBSS,ICVF,anterior limb of internal capsule (right),primary,rank_inverse_normal,True,classified_by=dict,basket,1
25361.0,2,0,f.25361.2.0,dMRI_TBSS_ICVF_anterior_limb_of_internal_capsule_left,Mean ICVF in anterior limb of internal capsule on FA skeleton (left),dMRI_TBSS,ICVF,anterior limb of internal capsule (left),primary,rank_inverse_normal,True,classified_by=dict,basket,1
25362.0,2,0,f.25362.2.0,dMRI_TBSS_ICVF_posterior_limb_of_internal_capsule_right,Mean ICVF in posterior limb of internal capsule on FA skeleton (right),dMRI_TBSS,ICVF,posterior limb of internal capsule (right),primary,rank_inverse_normal,True,classified_by=dict,basket,1
25363.0,2,0,f.25363.2.0,dMRI_TBSS_ICVF_posterior_limb_of_internal_capsule_left,Mean ICVF in posterior limb of internal capsule on FA skeleton (left),dMRI_TBSS,ICVF,posterior limb of internal capsule (left),primary,rank_inverse_normal,True,classified_by=dict,basket,1
25364.0,2,0,f.25364.2.0,dMRI_TBSS_ICVF_retrolenticular_part_of_internal_capsule_f25364,Mean ICVF in retrolenticular part of internal capsule on FA skeleton (right),dMRI_TBSS,ICVF,retrolenticular part of internal capsule (right),primary,rank_inverse_normal,True,classified_by=dict,basket,1
25365.0,2,0,f.25365.2.0,dMRI_TBSS_ICVF_retrolenticular_part_of_internal_capsule_f25365,Mean ICVF in retrolenticular part of internal capsule on FA skeleton (left),dMRI_TBSS,ICVF,retrolenticular part of internal capsule (left),primary,rank_inverse_normal,True,classified_by=dict,basket,1
25366.0,2,0,f.25366.2.0,dMRI_TBSS_ICVF_anterior_corona_radiata_right,Mean ICVF in anterior corona radiata on FA skeleton (right),dMRI_TBSS,ICVF,anterior corona radiata (right),primary,rank_inverse_normal,True,classified_by=dict,basket,1
25367.0,2,0,f.25367.2.0,dMRI_TBSS_ICVF_anterior_corona_radiata_left,Mean ICVF in anterior corona radiata on FA skeleton (left),dMRI_TBSS,ICVF,anterior corona radiata (left),primary,rank_inverse_normal,True,classified_by=dict,basket,1
25368.0,2,0,f.25368.2.0,dMRI_TBSS_ICVF_superior_corona_radiata_right,Mean ICVF in superior corona radiata on FA skeleton (right),dMRI_TBSS,ICVF,superior corona radiata (right),primary,rank_inverse_normal,True,classified_by=dict,basket,1
25369.0,2,0,f.25369.2.0,dMRI_TBSS_ICVF_superior_corona_radiata_left,Mean ICVF in superior corona radiata on FA skeleton (left),dMRI_TBSS,ICVF,superior corona radiata (left),primary,rank_inverse_normal,True,classified_by=dict,basket,1
25370.0,2,0,f.25370.2.0,dMRI_TBSS_ICVF_posterior_corona_radiata_right,Mean ICVF in posterior corona radiata on FA skeleton (right),dMRI_TBSS,ICVF,posterior corona radiata (right),primary,rank_inverse_normal,True,classified_by=dict,basket,1
25371.0,2,0,f.25371.2.0,dMRI_TBSS_ICVF_posterior_corona_radiata_left,Mean ICVF in posterior corona radiata on FA skeleton (left),dMRI_TBSS,ICVF,posterior corona radiata (left),primary,rank_inverse_normal,True,classified_by=dict,basket,1
25372.0,2,0,f.25372.2.0,dMRI_TBSS_ICVF_posterior_thalamic_radiation_right,Mean ICVF in posterior thalamic radiation on FA skeleton (right),dMRI_TBSS,ICVF,posterior thalamic radiation (right),primary,rank_inverse_normal,True,classified_by=dict,basket,1
25373.0,2,0,f.25373.2.0,dMRI_TBSS_ICVF_posterior_thalamic_radiation_left,Mean ICVF in posterior thalamic radiation on FA skeleton (left),dMRI_TBSS,ICVF,posterior thalamic radiation (left),primary,rank_inverse_normal,True,classified_by=dict,basket,1
25374.0,2,0,f.25374.2.0,dMRI_TBSS_ICVF_sagittal_stratum_right,Mean ICVF in sagittal stratum on FA skeleton (right),dMRI_TBSS,ICVF,sagittal stratum (right),primary,rank_inverse_normal,True,classified_by=dict,basket,0
25375.0,2,0,f.25375.2.0,dMRI_TBSS_ICVF_sagittal_stratum_left,Mean ICVF in sagittal stratum on FA skeleton (left),dMRI_TBSS,ICVF,sagittal stratum (left),primary,rank_inverse_normal,True,classified_by=dict,basket,0
25376.0,2,0,f.25376.2.0,dMRI_TBSS_ICVF_external_capsule_right,Mean ICVF in external capsule on FA skeleton (right),dMRI_TBSS,ICVF,external capsule (right),primary,rank_inverse_normal,True,classified_by=dict,basket,0
25377.0,2,0,f.25377.2.0,dMRI_TBSS_ICVF_external_capsule_left,Mean ICVF in external capsule on FA skeleton (left),dMRI_TBSS,ICVF,external capsule (left),primary,rank_inverse_normal,True,classified_by=dict,basket,0
25378.0,2,0,f.25378.2.0,dMRI_TBSS_ICVF_cingulum_cingulate_gyrus_right,Mean ICVF in cingulum cingulate gyrus on FA skeleton (right),dMRI_TBSS,ICVF,cingulum cingulate gyrus (right),primary,rank_inverse_normal,True,classified_by=dict,basket,1
25379.0,2,0,f.25379.2.0,dMRI_TBSS_ICVF_cingulum_cingulate_gyrus_left,Mean ICVF in cingulum cingulate gyrus on FA skeleton (left),dMRI_TBSS,ICVF,cingulum cingulate gyrus (left),primary,rank_inverse_normal,True,classified_by=dict,basket,1
25380.0,2,0,f.25380.2.0,dMRI_TBSS_ICVF_cingulum_hippocampus_right,Mean ICVF in cingulum hippocampus on FA skeleton (right),dMRI_TBSS,ICVF,cingulum hippocampus (right),primary,rank_inverse_normal,True,classified_by=dict,basket,1
25381.0,2,0,f.25381.2.0,dMRI_TBSS_ICVF_cingulum_hippocampus_left,Mean ICVF in cingulum hippocampus on FA skeleton (left),dMRI_TBSS,ICVF,cingulum hippocampus (left),primary,rank_inverse_normal,True,classified_by=dict,basket,1
25382.0,2,0,f.25382.2.0,dMRI_TBSS_ICVF_fornix_cres_stria_terminalis_right,Mean ICVF in fornix cres+stria terminalis on FA skeleton (right),dMRI_TBSS,ICVF,fornix cres+stria terminalis (right),primary,rank_inverse_normal,True,classified_by=dict,basket,0
25383.0,2,0,f.25383.2.0,dMRI_TBSS_ICVF_fornix_cres_stria_terminalis_left,Mean ICVF in fornix cres+stria terminalis on FA skeleton (left),dMRI_TBSS,ICVF,fornix cres+stria terminalis (left),primary,rank_inverse_normal,True,classified_by=dict,basket,0
25384.0,2,0,f.25384.2.0,dMRI_TBSS_ICVF_superior_longitudinal_fasciculus_right,Mean ICVF in superior longitudinal fasciculus on FA skeleton (right),dMRI_TBSS,ICVF,superior longitudinal fasciculus (right),primary,rank_inverse_normal,True,classified_by=dict,basket,1
25385.0,2,0,f.25385.2.0,dMRI_TBSS_ICVF_superior_longitudinal_fasciculus_left,Mean ICVF in superior longitudinal fasciculus on FA skeleton (left),dMRI_TBSS,ICVF,superior longitudinal fasciculus (left),primary,rank_inverse_normal,True,classified_by=dict,basket,1
25386.0,2,0,f.25386.2.0,dMRI_TBSS_ICVF_superior_fronto_occipital_fasciculus_rig,Mean ICVF in superior fronto-occipital fasciculus on FA skeleton (right),dMRI_TBSS,ICVF,superior fronto-occipital fasciculus (right),primary,rank_inverse_normal,True,classified_by=dict,basket,0
25387.0,2,0,f.25387.2.0,dMRI_TBSS_ICVF_superior_fronto_occipital_fasciculus_lef,Mean ICVF in superior fronto-occipital fasciculus on FA skeleton (left),dMRI_TBSS,ICVF,superior fronto-occipital fasciculus (left),primary,rank_inverse_normal,True,classified_by=dict,basket,0
25388.0,2,0,f.25388.2.0,dMRI_TBSS_ICVF_uncinate_fasciculus_right,Mean ICVF in uncinate fasciculus on FA skeleton (right),dMRI_TBSS,ICVF,uncinate fasciculus (right),primary,rank_inverse_normal,True,classified_by=dict,basket,0
25389.0,2,0,f.25389.2.0,dMRI_TBSS_ICVF_uncinate_fasciculus_left,Mean ICVF in uncinate fasciculus on FA skeleton (left),dMRI_TBSS,ICVF,uncinate fasciculus (left),primary,rank_inverse_normal,True,classified_by=dict,basket,0
25390.0,2,0,f.25390.2.0,dMRI_TBSS_ICVF_tapetum_right,Mean ICVF in tapetum on FA skeleton (right),dMRI_TBSS,ICVF,tapetum (right),primary,rank_inverse_normal,True,classified_by=dict,basket,0
25391.0,2,0,f.25391.2.0,dMRI_TBSS_ICVF_tapetum_left,Mean ICVF in tapetum on FA skeleton (left),dMRI_TBSS,ICVF,tapetum (left),primary,rank_inverse_normal,True,classified_by=dict,basket,0
25392.0,2,0,f.25392.2.0,dMRI_TBSS_OD_middle_cerebellar_peduncle,Mean OD in middle cerebellar peduncle on FA skeleton,dMRI_TBSS,OD,middle cerebellar peduncle,primary,rank_inverse_normal,True,classified_by=dict,basket,0
25393.0,2,0,f.25393.2.0,dMRI_TBSS_OD_pontine_crossing_tract,Mean OD in pontine crossing tract on FA skeleton,dMRI_TBSS,OD,pontine crossing tract,primary,rank_inverse_normal,True,classified_by=dict,basket,0
25394.0,2,0,f.25394.2.0,dMRI_TBSS_OD_genu_of_corpus_callosum,Mean OD in genu of corpus callosum on FA skeleton,dMRI_TBSS,OD,genu of corpus callosum,primary,rank_inverse_normal,True,classified_by=dict,basket,1
25395.0,2,0,f.25395.2.0,dMRI_TBSS_OD_body_of_corpus_callosum,Mean OD in body of corpus callosum on FA skeleton,dMRI_TBSS,OD,body of corpus callosum,primary,rank_inverse_normal,True,classified_by=dict,basket,1
25396.0,2,0,f.25396.2.0,dMRI_TBSS_OD_splenium_of_corpus_callosum,Mean OD in splenium of corpus callosum on FA skeleton,dMRI_TBSS,OD,splenium of corpus callosum,primary,rank_inverse_normal,True,classified_by=dict,basket,1
25397.0,2,0,f.25397.2.0,dMRI_TBSS_OD_fornix,Mean OD in fornix on FA skeleton,dMRI_TBSS,OD,fornix,primary,rank_inverse_normal,True,classified_by=dict,basket,0
25398.0,2,0,f.25398.2.0,dMRI_TBSS_OD_corticospinal_tract_right,Mean OD in corticospinal tract on FA skeleton (right),dMRI_TBSS,OD,corticospinal tract (right),primary,rank_inverse_normal,True,classified_by=dict,basket,1
25399.0,2,0,f.25399.2.0,dMRI_TBSS_OD_corticospinal_tract_left,Mean OD in corticospinal tract on FA skeleton (left),dMRI_TBSS,OD,corticospinal tract (left),primary,rank_inverse_normal,True,classified_by=dict,basket,1
25400.0,2,0,f.25400.2.0,dMRI_TBSS_OD_medial_lemniscus_right,Mean OD in medial lemniscus on FA skeleton (right),dMRI_TBSS,OD,medial lemniscus (right),primary,rank_inverse_normal,True,classified_by=dict,basket,0
25401.0,2,0,f.25401.2.0,dMRI_TBSS_OD_medial_lemniscus_left,Mean OD in medial lemniscus on FA skeleton (left),dMRI_TBSS,OD,medial lemniscus (left),primary,rank_inverse_normal,True,classified_by=dict,basket,0
25402.0,2,0,f.25402.2.0,dMRI_TBSS_OD_inferior_cerebellar_peduncle_right,Mean OD in inferior cerebellar peduncle on FA skeleton (right),dMRI_TBSS,OD,inferior cerebellar peduncle (right),primary,rank_inverse_normal,True,classified_by=dict,basket,0
25403.0,2,0,f.25403.2.0,dMRI_TBSS_OD_inferior_cerebellar_peduncle_left,Mean OD in inferior cerebellar peduncle on FA skeleton (left),dMRI_TBSS,OD,inferior cerebellar peduncle (left),primary,rank_inverse_normal,True,classified_by=dict,basket,0
25404.0,2,0,f.25404.2.0,dMRI_TBSS_OD_superior_cerebellar_peduncle_right,Mean OD in superior cerebellar peduncle on FA skeleton (right),dMRI_TBSS,OD,superior cerebellar peduncle (right),primary,rank_inverse_normal,True,classified_by=dict,basket,0
25405.0,2,0,f.25405.2.0,dMRI_TBSS_OD_superior_cerebellar_peduncle_left,Mean OD in superior cerebellar peduncle on FA skeleton (left),dMRI_TBSS,OD,superior cerebellar peduncle (left),primary,rank_inverse_normal,True,classified_by=dict,basket,0
25406.0,2,0,f.25406.2.0,dMRI_TBSS_OD_cerebral_peduncle_right,Mean OD in cerebral peduncle on FA skeleton (right),dMRI_TBSS,OD,cerebral peduncle (right),primary,rank_inverse_normal,True,classified_by=dict,basket,0
25407.0,2,0,f.25407.2.0,dMRI_TBSS_OD_cerebral_peduncle_left,Mean OD in cerebral peduncle on FA skeleton (left),dMRI_TBSS,OD,cerebral peduncle (left),primary,rank_inverse_normal,True,classified_by=dict,basket,0
25408.0,2,0,f.25408.2.0,dMRI_TBSS_OD_anterior_limb_of_internal_capsule_right,Mean OD in anterior limb of internal capsule on FA skeleton (right),dMRI_TBSS,OD,anterior limb of internal capsule (right),primary,rank_inverse_normal,True,classified_by=dict,basket,1
25409.0,2,0,f.25409.2.0,dMRI_TBSS_OD_anterior_limb_of_internal_capsule_left,Mean OD in anterior limb of internal capsule on FA skeleton (left),dMRI_TBSS,OD,anterior limb of internal capsule (left),primary,rank_inverse_normal,True,classified_by=dict,basket,1
25410.0,2,0,f.25410.2.0,dMRI_TBSS_OD_posterior_limb_of_internal_capsule_right,Mean OD in posterior limb of internal capsule on FA skeleton (right),dMRI_TBSS,OD,posterior limb of internal capsule (right),primary,rank_inverse_normal,True,classified_by=dict,basket,1
25411.0,2,0,f.25411.2.0,dMRI_TBSS_OD_posterior_limb_of_internal_capsule_left,Mean OD in posterior limb of internal capsule on FA skeleton (left),dMRI_TBSS,OD,posterior limb of internal capsule (left),primary,rank_inverse_normal,True,classified_by=dict,basket,1
25412.0,2,0,f.25412.2.0,dMRI_TBSS_OD_retrolenticular_part_of_internal_capsule_f25412,Mean OD in retrolenticular part of internal capsule on FA skeleton (right),dMRI_TBSS,OD,retrolenticular part of internal capsule (right),primary,rank_inverse_normal,True,classified_by=dict,basket,1
25413.0,2,0,f.25413.2.0,dMRI_TBSS_OD_retrolenticular_part_of_internal_capsule_f25413,Mean OD in retrolenticular part of internal capsule on FA skeleton (left),dMRI_TBSS,OD,retrolenticular part of internal capsule (left),primary,rank_inverse_normal,True,classified_by=dict,basket,1
25414.0,2,0,f.25414.2.0,dMRI_TBSS_OD_anterior_corona_radiata_right,Mean OD in anterior corona radiata on FA skeleton (right),dMRI_TBSS,OD,anterior corona radiata (right),primary,rank_inverse_normal,True,classified_by=dict,basket,1
25415.0,2,0,f.25415.2.0,dMRI_TBSS_OD_anterior_corona_radiata_left,Mean OD in anterior corona radiata on FA skeleton (left),dMRI_TBSS,OD,anterior corona radiata (left),primary,rank_inverse_normal,True,classified_by=dict,basket,1
25416.0,2,0,f.25416.2.0,dMRI_TBSS_OD_superior_corona_radiata_right,Mean OD in superior corona radiata on FA skeleton (right),dMRI_TBSS,OD,superior corona radiata (right),primary,rank_inverse_normal,True,classified_by=dict,basket,1
25417.0,2,0,f.25417.2.0,dMRI_TBSS_OD_superior_corona_radiata_left,Mean OD in superior corona radiata on FA skeleton (left),dMRI_TBSS,OD,superior corona radiata (left),primary,rank_inverse_normal,True,classified_by=dict,basket,1
25418.0,2,0,f.25418.2.0,dMRI_TBSS_OD_posterior_corona_radiata_right,Mean OD in posterior corona radiata on FA skeleton (right),dMRI_TBSS,OD,posterior corona radiata (right),primary,rank_inverse_normal,True,classified_by=dict,basket,1
25419.0,2,0,f.25419.2.0,dMRI_TBSS_OD_posterior_corona_radiata_left,Mean OD in posterior corona radiata on FA skeleton (left),dMRI_TBSS,OD,posterior corona radiata (left),primary,rank_inverse_normal,True,classified_by=dict,basket,1
25420.0,2,0,f.25420.2.0,dMRI_TBSS_OD_posterior_thalamic_radiation_right,Mean OD in posterior thalamic radiation on FA skeleton (right),dMRI_TBSS,OD,posterior thalamic radiation (right),primary,rank_inverse_normal,True,classified_by=dict,basket,1
25421.0,2,0,f.25421.2.0,dMRI_TBSS_OD_posterior_thalamic_radiation_left,Mean OD in posterior thalamic radiation on FA skeleton (left),dMRI_TBSS,OD,posterior thalamic radiation (left),primary,rank_inverse_normal,True,classified_by=dict,basket,1
25422.0,2,0,f.25422.2.0,dMRI_TBSS_OD_sagittal_stratum_right,Mean OD in sagittal stratum on FA skeleton (right),dMRI_TBSS,OD,sagittal stratum (right),primary,rank_inverse_normal,True,classified_by=dict,basket,0
25423.0,2,0,f.25423.2.0,dMRI_TBSS_OD_sagittal_stratum_left,Mean OD in sagittal stratum on FA skeleton (left),dMRI_TBSS,OD,sagittal stratum (left),primary,rank_inverse_normal,True,classified_by=dict,basket,0
25424.0,2,0,f.25424.2.0,dMRI_TBSS_OD_external_capsule_right,Mean OD in external capsule on FA skeleton (right),dMRI_TBSS,OD,external capsule (right),primary,rank_inverse_normal,True,classified_by=dict,basket,0
25425.0,2,0,f.25425.2.0,dMRI_TBSS_OD_external_capsule_left,Mean OD in external capsule on FA skeleton (left),dMRI_TBSS,OD,external capsule (left),primary,rank_inverse_normal,True,classified_by=dict,basket,0
25426.0,2,0,f.25426.2.0,dMRI_TBSS_OD_cingulum_cingulate_gyrus_right,Mean OD in cingulum cingulate gyrus on FA skeleton (right),dMRI_TBSS,OD,cingulum cingulate gyrus (right),primary,rank_inverse_normal,True,classified_by=dict,basket,1
25427.0,2,0,f.25427.2.0,dMRI_TBSS_OD_cingulum_cingulate_gyrus_left,Mean OD in cingulum cingulate gyrus on FA skeleton (left),dMRI_TBSS,OD,cingulum cingulate gyrus (left),primary,rank_inverse_normal,True,classified_by=dict,basket,1
25428.0,2,0,f.25428.2.0,dMRI_TBSS_OD_cingulum_hippocampus_right,Mean OD in cingulum hippocampus on FA skeleton (right),dMRI_TBSS,OD,cingulum hippocampus (right),primary,rank_inverse_normal,True,classified_by=dict,basket,1
25429.0,2,0,f.25429.2.0,dMRI_TBSS_OD_cingulum_hippocampus_left,Mean OD in cingulum hippocampus on FA skeleton (left),dMRI_TBSS,OD,cingulum hippocampus (left),primary,rank_inverse_normal,True,classified_by=dict,basket,1
25430.0,2,0,f.25430.2.0,dMRI_TBSS_OD_fornix_cres_stria_terminalis_right,Mean OD in fornix cres+stria terminalis on FA skeleton (right),dMRI_TBSS,OD,fornix cres+stria terminalis (right),primary,rank_inverse_normal,True,classified_by=dict,basket,0
25431.0,2,0,f.25431.2.0,dMRI_TBSS_OD_fornix_cres_stria_terminalis_left,Mean OD in fornix cres+stria terminalis on FA skeleton (left),dMRI_TBSS,OD,fornix cres+stria terminalis (left),primary,rank_inverse_normal,True,classified_by=dict,basket,0
25432.0,2,0,f.25432.2.0,dMRI_TBSS_OD_superior_longitudinal_fasciculus_right,Mean OD in superior longitudinal fasciculus on FA skeleton (right),dMRI_TBSS,OD,superior longitudinal fasciculus (right),primary,rank_inverse_normal,True,classified_by=dict,basket,1
25433.0,2,0,f.25433.2.0,dMRI_TBSS_OD_superior_longitudinal_fasciculus_left,Mean OD in superior longitudinal fasciculus on FA skeleton (left),dMRI_TBSS,OD,superior longitudinal fasciculus (left),primary,rank_inverse_normal,True,classified_by=dict,basket,1
25434.0,2,0,f.25434.2.0,dMRI_TBSS_OD_superior_fronto_occipital_fasciculus_rig,Mean OD in superior fronto-occipital fasciculus on FA skeleton (right),dMRI_TBSS,OD,superior fronto-occipital fasciculus (right),primary,rank_inverse_normal,True,classified_by=dict,basket,0
25435.0,2,0,f.25435.2.0,dMRI_TBSS_OD_superior_fronto_occipital_fasciculus_lef,Mean OD in superior fronto-occipital fasciculus on FA skeleton (left),dMRI_TBSS,OD,superior fronto-occipital fasciculus (left),primary,rank_inverse_normal,True,classified_by=dict,basket,0
25436.0,2,0,f.25436.2.0,dMRI_TBSS_OD_uncinate_fasciculus_right,Mean OD in uncinate fasciculus on FA skeleton (right),dMRI_TBSS,OD,uncinate fasciculus (right),primary,rank_inverse_normal,True,classified_by=dict,basket,0
25437.0,2,0,f.25437.2.0,dMRI_TBSS_OD_uncinate_fasciculus_left,Mean OD in uncinate fasciculus on FA skeleton (left),dMRI_TBSS,OD,uncinate fasciculus (left),primary,rank_inverse_normal,True,classified_by=dict,basket,0
25438.0,2,0,f.25438.2.0,dMRI_TBSS_OD_tapetum_right,Mean OD in tapetum on FA skeleton (right),dMRI_TBSS,OD,tapetum (right),primary,rank_inverse_normal,True,classified_by=dict,basket,0
25439.0,2,0,f.25439.2.0,dMRI_TBSS_OD_tapetum_left,Mean OD in tapetum on FA skeleton (left),dMRI_TBSS,OD,tapetum (left),primary,rank_inverse_normal,True,classified_by=dict,basket,0
25440.0,2,0,f.25440.2.0,dMRI_TBSS_ISOVF_middle_cerebellar_peduncle,Mean ISOVF in middle cerebellar peduncle on FA skeleton,dMRI_TBSS,ISOVF,middle cerebellar peduncle,primary,rank_inverse_normal,True,classified_by=dict,basket,0
25441.0,2,0,f.25441.2.0,dMRI_TBSS_ISOVF_pontine_crossing_tract,Mean ISOVF in pontine crossing tract on FA skeleton,dMRI_TBSS,ISOVF,pontine crossing tract,primary,rank_inverse_normal,True,classified_by=dict,basket,0
25442.0,2,0,f.25442.2.0,dMRI_TBSS_ISOVF_genu_of_corpus_callosum,Mean ISOVF in genu of corpus callosum on FA skeleton,dMRI_TBSS,ISOVF,genu of corpus callosum,primary,rank_inverse_normal,True,classified_by=dict,basket,1
25443.0,2,0,f.25443.2.0,dMRI_TBSS_ISOVF_body_of_corpus_callosum,Mean ISOVF in body of corpus callosum on FA skeleton,dMRI_TBSS,ISOVF,body of corpus callosum,primary,rank_inverse_normal,True,classified_by=dict,basket,1
25444.0,2,0,f.25444.2.0,dMRI_TBSS_ISOVF_splenium_of_corpus_callosum,Mean ISOVF in splenium of corpus callosum on FA skeleton,dMRI_TBSS,ISOVF,splenium of corpus callosum,primary,rank_inverse_normal,True,classified_by=dict,basket,1
25445.0,2,0,f.25445.2.0,dMRI_TBSS_ISOVF_fornix,Mean ISOVF in fornix on FA skeleton,dMRI_TBSS,ISOVF,fornix,primary,rank_inverse_normal,True,classified_by=dict,basket,0
25446.0,2,0,f.25446.2.0,dMRI_TBSS_ISOVF_corticospinal_tract_right,Mean ISOVF in corticospinal tract on FA skeleton (right),dMRI_TBSS,ISOVF,corticospinal tract (right),primary,rank_inverse_normal,True,classified_by=dict,basket,1
25447.0,2,0,f.25447.2.0,dMRI_TBSS_ISOVF_corticospinal_tract_left,Mean ISOVF in corticospinal tract on FA skeleton (left),dMRI_TBSS,ISOVF,corticospinal tract (left),primary,rank_inverse_normal,True,classified_by=dict,basket,1
25448.0,2,0,f.25448.2.0,dMRI_TBSS_ISOVF_medial_lemniscus_right,Mean ISOVF in medial lemniscus on FA skeleton (right),dMRI_TBSS,ISOVF,medial lemniscus (right),primary,rank_inverse_normal,True,classified_by=dict,basket,0
25449.0,2,0,f.25449.2.0,dMRI_TBSS_ISOVF_medial_lemniscus_left,Mean ISOVF in medial lemniscus on FA skeleton (left),dMRI_TBSS,ISOVF,medial lemniscus (left),primary,rank_inverse_normal,True,classified_by=dict,basket,0
25450.0,2,0,f.25450.2.0,dMRI_TBSS_ISOVF_inferior_cerebellar_peduncle_right,Mean ISOVF in inferior cerebellar peduncle on FA skeleton (right),dMRI_TBSS,ISOVF,inferior cerebellar peduncle (right),primary,rank_inverse_normal,True,classified_by=dict,basket,0
25451.0,2,0,f.25451.2.0,dMRI_TBSS_ISOVF_inferior_cerebellar_peduncle_left,Mean ISOVF in inferior cerebellar peduncle on FA skeleton (left),dMRI_TBSS,ISOVF,inferior cerebellar peduncle (left),primary,rank_inverse_normal,True,classified_by=dict,basket,0
25452.0,2,0,f.25452.2.0,dMRI_TBSS_ISOVF_superior_cerebellar_peduncle_right,Mean ISOVF in superior cerebellar peduncle on FA skeleton (right),dMRI_TBSS,ISOVF,superior cerebellar peduncle (right),primary,rank_inverse_normal,True,classified_by=dict,basket,0
25453.0,2,0,f.25453.2.0,dMRI_TBSS_ISOVF_superior_cerebellar_peduncle_left,Mean ISOVF in superior cerebellar peduncle on FA skeleton (left),dMRI_TBSS,ISOVF,superior cerebellar peduncle (left),primary,rank_inverse_normal,True,classified_by=dict,basket,0
25454.0,2,0,f.25454.2.0,dMRI_TBSS_ISOVF_cerebral_peduncle_right,Mean ISOVF in cerebral peduncle on FA skeleton (right),dMRI_TBSS,ISOVF,cerebral peduncle (right),primary,rank_inverse_normal,True,classified_by=dict,basket,0
25455.0,2,0,f.25455.2.0,dMRI_TBSS_ISOVF_cerebral_peduncle_left,Mean ISOVF in cerebral peduncle on FA skeleton (left),dMRI_TBSS,ISOVF,cerebral peduncle (left),primary,rank_inverse_normal,True,classified_by=dict,basket,0
25456.0,2,0,f.25456.2.0,dMRI_TBSS_ISOVF_anterior_limb_of_internal_capsule_right,Mean ISOVF in anterior limb of internal capsule on FA skeleton (right),dMRI_TBSS,ISOVF,anterior limb of internal capsule (right),primary,rank_inverse_normal,True,classified_by=dict,basket,1
25457.0,2,0,f.25457.2.0,dMRI_TBSS_ISOVF_anterior_limb_of_internal_capsule_left,Mean ISOVF in anterior limb of internal capsule on FA skeleton (left),dMRI_TBSS,ISOVF,anterior limb of internal capsule (left),primary,rank_inverse_normal,True,classified_by=dict,basket,1
25458.0,2,0,f.25458.2.0,dMRI_TBSS_ISOVF_posterior_limb_of_internal_capsule_right,Mean ISOVF in posterior limb of internal capsule on FA skeleton (right),dMRI_TBSS,ISOVF,posterior limb of internal capsule (right),primary,rank_inverse_normal,True,classified_by=dict,basket,1
25459.0,2,0,f.25459.2.0,dMRI_TBSS_ISOVF_posterior_limb_of_internal_capsule_left,Mean ISOVF in posterior limb of internal capsule on FA skeleton (left),dMRI_TBSS,ISOVF,posterior limb of internal capsule (left),primary,rank_inverse_normal,True,classified_by=dict,basket,1
25460.0,2,0,f.25460.2.0,dMRI_TBSS_ISOVF_retrolenticular_part_of_internal_capsule_f25460,Mean ISOVF in retrolenticular part of internal capsule on FA skeleton (right),dMRI_TBSS,ISOVF,retrolenticular part of internal capsule (right),primary,rank_inverse_normal,True,classified_by=dict,basket,1
25461.0,2,0,f.25461.2.0,dMRI_TBSS_ISOVF_retrolenticular_part_of_internal_capsule_f25461,Mean ISOVF in retrolenticular part of internal capsule on FA skeleton (left),dMRI_TBSS,ISOVF,retrolenticular part of internal capsule (left),primary,rank_inverse_normal,True,classified_by=dict,basket,1
25462.0,2,0,f.25462.2.0,dMRI_TBSS_ISOVF_anterior_corona_radiata_right,Mean ISOVF in anterior corona radiata on FA skeleton (right),dMRI_TBSS,ISOVF,anterior corona radiata (right),primary,rank_inverse_normal,True,classified_by=dict,basket,1
25463.0,2,0,f.25463.2.0,dMRI_TBSS_ISOVF_anterior_corona_radiata_left,Mean ISOVF in anterior corona radiata on FA skeleton (left),dMRI_TBSS,ISOVF,anterior corona radiata (left),primary,rank_inverse_normal,True,classified_by=dict,basket,1
25464.0,2,0,f.25464.2.0,dMRI_TBSS_ISOVF_superior_corona_radiata_right,Mean ISOVF in superior corona radiata on FA skeleton (right),dMRI_TBSS,ISOVF,superior corona radiata (right),primary,rank_inverse_normal,True,classified_by=dict,basket,1
25465.0,2,0,f.25465.2.0,dMRI_TBSS_ISOVF_superior_corona_radiata_left,Mean ISOVF in superior corona radiata on FA skeleton (left),dMRI_TBSS,ISOVF,superior corona radiata (left),primary,rank_inverse_normal,True,classified_by=dict,basket,1
25466.0,2,0,f.25466.2.0,dMRI_TBSS_ISOVF_posterior_corona_radiata_right,Mean ISOVF in posterior corona radiata on FA skeleton (right),dMRI_TBSS,ISOVF,posterior corona radiata (right),primary,rank_inverse_normal,True,classified_by=dict,basket,1
25467.0,2,0,f.25467.2.0,dMRI_TBSS_ISOVF_posterior_corona_radiata_left,Mean ISOVF in posterior corona radiata on FA skeleton (left),dMRI_TBSS,ISOVF,posterior corona radiata (left),primary,rank_inverse_normal,True,classified_by=dict,basket,1
25468.0,2,0,f.25468.2.0,dMRI_TBSS_ISOVF_posterior_thalamic_radiation_right,Mean ISOVF in posterior thalamic radiation on FA skeleton (right),dMRI_TBSS,ISOVF,posterior thalamic radiation (right),primary,rank_inverse_normal,True,classified_by=dict,basket,1
25469.0,2,0,f.25469.2.0,dMRI_TBSS_ISOVF_posterior_thalamic_radiation_left,Mean ISOVF in posterior thalamic radiation on FA skeleton (left),dMRI_TBSS,ISOVF,posterior thalamic radiation (left),primary,rank_inverse_normal,True,classified_by=dict,basket,1
25470.0,2,0,f.25470.2.0,dMRI_TBSS_ISOVF_sagittal_stratum_right,Mean ISOVF in sagittal stratum on FA skeleton (right),dMRI_TBSS,ISOVF,sagittal stratum (right),primary,rank_inverse_normal,True,classified_by=dict,basket,0
25471.0,2,0,f.25471.2.0,dMRI_TBSS_ISOVF_sagittal_stratum_left,Mean ISOVF in sagittal stratum on FA skeleton (left),dMRI_TBSS,ISOVF,sagittal stratum (left),primary,rank_inverse_normal,True,classified_by=dict,basket,0
25472.0,2,0,f.25472.2.0,dMRI_TBSS_ISOVF_external_capsule_right,Mean ISOVF in external capsule on FA skeleton (right),dMRI_TBSS,ISOVF,external capsule (right),primary,rank_inverse_normal,True,classified_by=dict,basket,0
25473.0,2,0,f.25473.2.0,dMRI_TBSS_ISOVF_external_capsule_left,Mean ISOVF in external capsule on FA skeleton (left),dMRI_TBSS,ISOVF,external capsule (left),primary,rank_inverse_normal,True,classified_by=dict,basket,0
25474.0,2,0,f.25474.2.0,dMRI_TBSS_ISOVF_cingulum_cingulate_gyrus_right,Mean ISOVF in cingulum cingulate gyrus on FA skeleton (right),dMRI_TBSS,ISOVF,cingulum cingulate gyrus (right),primary,rank_inverse_normal,True,classified_by=dict,basket,1
25475.0,2,0,f.25475.2.0,dMRI_TBSS_ISOVF_cingulum_cingulate_gyrus_left,Mean ISOVF in cingulum cingulate gyrus on FA skeleton (left),dMRI_TBSS,ISOVF,cingulum cingulate gyrus (left),primary,rank_inverse_normal,True,classified_by=dict,basket,1
25476.0,2,0,f.25476.2.0,dMRI_TBSS_ISOVF_cingulum_hippocampus_right,Mean ISOVF in cingulum hippocampus on FA skeleton (right),dMRI_TBSS,ISOVF,cingulum hippocampus (right),primary,rank_inverse_normal,True,classified_by=dict,basket,1
25477.0,2,0,f.25477.2.0,dMRI_TBSS_ISOVF_cingulum_hippocampus_left,Mean ISOVF in cingulum hippocampus on FA skeleton (left),dMRI_TBSS,ISOVF,cingulum hippocampus (left),primary,rank_inverse_normal,True,classified_by=dict,basket,1
25478.0,2,0,f.25478.2.0,dMRI_TBSS_ISOVF_fornix_cres_stria_terminalis_right,Mean ISOVF in fornix cres+stria terminalis on FA skeleton (right),dMRI_TBSS,ISOVF,fornix cres+stria terminalis (right),primary,rank_inverse_normal,True,classified_by=dict,basket,0
25479.0,2,0,f.25479.2.0,dMRI_TBSS_ISOVF_fornix_cres_stria_terminalis_left,Mean ISOVF in fornix cres+stria terminalis on FA skeleton (left),dMRI_TBSS,ISOVF,fornix cres+stria terminalis (left),primary,rank_inverse_normal,True,classified_by=dict,basket,0
25480.0,2,0,f.25480.2.0,dMRI_TBSS_ISOVF_superior_longitudinal_fasciculus_right,Mean ISOVF in superior longitudinal fasciculus on FA skeleton (right),dMRI_TBSS,ISOVF,superior longitudinal fasciculus (right),primary,rank_inverse_normal,True,classified_by=dict,basket,1
25481.0,2,0,f.25481.2.0,dMRI_TBSS_ISOVF_superior_longitudinal_fasciculus_left,Mean ISOVF in superior longitudinal fasciculus on FA skeleton (left),dMRI_TBSS,ISOVF,superior longitudinal fasciculus (left),primary,rank_inverse_normal,True,classified_by=dict,basket,1
25482.0,2,0,f.25482.2.0,dMRI_TBSS_ISOVF_superior_fronto_occipital_fasciculus_rig,Mean ISOVF in superior fronto-occipital fasciculus on FA skeleton (right),dMRI_TBSS,ISOVF,superior fronto-occipital fasciculus (right),primary,rank_inverse_normal,True,classified_by=dict,basket,0
25483.0,2,0,f.25483.2.0,dMRI_TBSS_ISOVF_superior_fronto_occipital_fasciculus_lef,Mean ISOVF in superior fronto-occipital fasciculus on FA skeleton (left),dMRI_TBSS,ISOVF,superior fronto-occipital fasciculus (left),primary,rank_inverse_normal,True,classified_by=dict,basket,0
25484.0,2,0,f.25484.2.0,dMRI_TBSS_ISOVF_uncinate_fasciculus_right,Mean ISOVF in uncinate fasciculus on FA skeleton (right),dMRI_TBSS,ISOVF,uncinate fasciculus (right),primary,rank_inverse_normal,True,classified_by=dict,basket,0
25485.0,2,0,f.25485.2.0,dMRI_TBSS_ISOVF_uncinate_fasciculus_left,Mean ISOVF in uncinate fasciculus on FA skeleton (left),dMRI_TBSS,ISOVF,uncinate fasciculus (left),primary,rank_inverse_normal,True,classified_by=dict,basket,0
25486.0,2,0,f.25486.2.0,dMRI_TBSS_ISOVF_tapetum_right,Mean ISOVF in tapetum on FA skeleton (right),dMRI_TBSS,ISOVF,tapetum (right),primary,rank_inverse_normal,True,classified_by=dict,basket,0
25487.0,2,0,f.25487.2.0,dMRI_TBSS_ISOVF_tapetum_left,Mean ISOVF in tapetum on FA skeleton (left),dMRI_TBSS,ISOVF,tapetum (left),primary,rank_inverse_normal,True,classified_by=dict,basket,0
25488.0,2,0,f.25488.2.0,dMRI_weighted_mean_FA_acoustic_radiation_left,Weighted-mean FA in tract acoustic radiation (left),dMRI_weighted_mean,FA,acoustic radiation (left),primary,rank_inverse_normal,True,classified_by=dict,basket,0
25489.0,2,0,f.25489.2.0,dMRI_weighted_mean_FA_acoustic_radiation_right,Weighted-mean FA in tract acoustic radiation (right),dMRI_weighted_mean,FA,acoustic radiation (right),primary,rank_inverse_normal,True,classified_by=dict,basket,0
25490.0,2,0,f.25490.2.0,dMRI_weighted_mean_FA_anterior_thalamic_radiation_left,Weighted-mean FA in tract anterior thalamic radiation (left),dMRI_weighted_mean,FA,anterior thalamic radiation (left),primary,rank_inverse_normal,True,classified_by=dict,basket,0
25491.0,2,0,f.25491.2.0,dMRI_weighted_mean_FA_anterior_thalamic_radiation_right,Weighted-mean FA in tract anterior thalamic radiation (right),dMRI_weighted_mean,FA,anterior thalamic radiation (right),primary,rank_inverse_normal,True,classified_by=dict,basket,0
25492.0,2,0,f.25492.2.0,dMRI_weighted_mean_FA_cingulate_gyrus_part_of_cingulum_left,Weighted-mean FA in tract cingulate gyrus part of cingulum (left),dMRI_weighted_mean,FA,cingulate gyrus part of cingulum (left),primary,rank_inverse_normal,True,classified_by=dict,basket,1
25493.0,2,0,f.25493.2.0,dMRI_weighted_mean_FA_cingulate_gyrus_part_of_cingulum_right,Weighted-mean FA in tract cingulate gyrus part of cingulum (right),dMRI_weighted_mean,FA,cingulate gyrus part of cingulum (right),primary,rank_inverse_normal,True,classified_by=dict,basket,1
25494.0,2,0,f.25494.2.0,dMRI_weighted_mean_FA_parahippocampal_part_of_cingulum_left,Weighted-mean FA in tract parahippocampal part of cingulum (left),dMRI_weighted_mean,FA,parahippocampal part of cingulum (left),primary,rank_inverse_normal,True,classified_by=dict,basket,1
25495.0,2,0,f.25495.2.0,dMRI_weighted_mean_FA_parahippocampal_part_of_cingulum_right,Weighted-mean FA in tract parahippocampal part of cingulum (right),dMRI_weighted_mean,FA,parahippocampal part of cingulum (right),primary,rank_inverse_normal,True,classified_by=dict,basket,1
25496.0,2,0,f.25496.2.0,dMRI_weighted_mean_FA_corticospinal_tract_left,Weighted-mean FA in tract corticospinal tract (left),dMRI_weighted_mean,FA,corticospinal tract (left),primary,rank_inverse_normal,True,classified_by=dict,basket,1
25497.0,2,0,f.25497.2.0,dMRI_weighted_mean_FA_corticospinal_tract_right,Weighted-mean FA in tract corticospinal tract (right),dMRI_weighted_mean,FA,corticospinal tract (right),primary,rank_inverse_normal,True,classified_by=dict,basket,1
25498.0,2,0,f.25498.2.0,dMRI_weighted_mean_FA_forceps_major,Weighted-mean FA in tract forceps major,dMRI_weighted_mean,FA,forceps major,primary,rank_inverse_normal,True,classified_by=dict,basket,0
25499.0,2,0,f.25499.2.0,dMRI_weighted_mean_FA_forceps_minor,Weighted-mean FA in tract forceps minor,dMRI_weighted_mean,FA,forceps minor,primary,rank_inverse_normal,True,classified_by=dict,basket,0
25500.0,2,0,f.25500.2.0,dMRI_weighted_mean_FA_inferior_fronto_occipital_fasciculus_lef,Weighted-mean FA in tract inferior fronto-occipital fasciculus (left),dMRI_weighted_mean,FA,inferior fronto-occipital fasciculus (left),primary,rank_inverse_normal,True,classified_by=dict,basket,0
25501.0,2,0,f.25501.2.0,dMRI_weighted_mean_FA_inferior_fronto_occipital_fasciculus_rig,Weighted-mean FA in tract inferior fronto-occipital fasciculus (right),dMRI_weighted_mean,FA,inferior fronto-occipital fasciculus (right),primary,rank_inverse_normal,True,classified_by=dict,basket,0
25502.0,2,0,f.25502.2.0,dMRI_weighted_mean_FA_inferior_longitudinal_fasciculus_left,Weighted-mean FA in tract inferior longitudinal fasciculus (left),dMRI_weighted_mean,FA,inferior longitudinal fasciculus (left),primary,rank_inverse_normal,True,classified_by=dict,basket,0
25503.0,2,0,f.25503.2.0,dMRI_weighted_mean_FA_inferior_longitudinal_fasciculus_right,Weighted-mean FA in tract inferior longitudinal fasciculus (right),dMRI_weighted_mean,FA,inferior longitudinal fasciculus (right),primary,rank_inverse_normal,True,classified_by=dict,basket,0
25504.0,2,0,f.25504.2.0,dMRI_weighted_mean_FA_middle_cerebellar_peduncle,Weighted-mean FA in tract middle cerebellar peduncle,dMRI_weighted_mean,FA,middle cerebellar peduncle,primary,rank_inverse_normal,True,classified_by=dict,basket,0
25505.0,2,0,f.25505.2.0,dMRI_weighted_mean_FA_medial_lemniscus_left,Weighted-mean FA in tract medial lemniscus (left),dMRI_weighted_mean,FA,medial lemniscus (left),primary,rank_inverse_normal,True,classified_by=dict,basket,0
25506.0,2,0,f.25506.2.0,dMRI_weighted_mean_FA_medial_lemniscus_right,Weighted-mean FA in tract medial lemniscus (right),dMRI_weighted_mean,FA,medial lemniscus (right),primary,rank_inverse_normal,True,classified_by=dict,basket,0
25507.0,2,0,f.25507.2.0,dMRI_weighted_mean_FA_posterior_thalamic_radiation_left,Weighted-mean FA in tract posterior thalamic radiation (left),dMRI_weighted_mean,FA,posterior thalamic radiation (left),primary,rank_inverse_normal,True,classified_by=dict,basket,1
25508.0,2,0,f.25508.2.0,dMRI_weighted_mean_FA_posterior_thalamic_radiation_right,Weighted-mean FA in tract posterior thalamic radiation (right),dMRI_weighted_mean,FA,posterior thalamic radiation (right),primary,rank_inverse_normal,True,classified_by=dict,basket,1
25509.0,2,0,f.25509.2.0,dMRI_weighted_mean_FA_superior_longitudinal_fasciculus_left,Weighted-mean FA in tract superior longitudinal fasciculus (left),dMRI_weighted_mean,FA,superior longitudinal fasciculus (left),primary,rank_inverse_normal,True,classified_by=dict,basket,1
25510.0,2,0,f.25510.2.0,dMRI_weighted_mean_FA_superior_longitudinal_fasciculus_right,Weighted-mean FA in tract superior longitudinal fasciculus (right),dMRI_weighted_mean,FA,superior longitudinal fasciculus (right),primary,rank_inverse_normal,True,classified_by=dict,basket,1
25511.0,2,0,f.25511.2.0,dMRI_weighted_mean_FA_superior_thalamic_radiation_left,Weighted-mean FA in tract superior thalamic radiation (left),dMRI_weighted_mean,FA,superior thalamic radiation (left),primary,rank_inverse_normal,True,classified_by=dict,basket,0
25512.0,2,0,f.25512.2.0,dMRI_weighted_mean_FA_superior_thalamic_radiation_right,Weighted-mean FA in tract superior thalamic radiation (right),dMRI_weighted_mean,FA,superior thalamic radiation (right),primary,rank_inverse_normal,True,classified_by=dict,basket,0
25513.0,2,0,f.25513.2.0,dMRI_weighted_mean_FA_uncinate_fasciculus_left,Weighted-mean FA in tract uncinate fasciculus (left),dMRI_weighted_mean,FA,uncinate fasciculus (left),primary,rank_inverse_normal,True,classified_by=dict,basket,0
25514.0,2,0,f.25514.2.0,dMRI_weighted_mean_FA_uncinate_fasciculus_right,Weighted-mean FA in tract uncinate fasciculus (right),dMRI_weighted_mean,FA,uncinate fasciculus (right),primary,rank_inverse_normal,True,classified_by=dict,basket,0
25515.0,2,0,f.25515.2.0,dMRI_weighted_mean_MD_acoustic_radiation_left,Weighted-mean MD in tract acoustic radiation (left),dMRI_weighted_mean,MD,acoustic radiation (left),primary,rank_inverse_normal,True,classified_by=dict,basket,0
25516.0,2,0,f.25516.2.0,dMRI_weighted_mean_MD_acoustic_radiation_right,Weighted-mean MD in tract acoustic radiation (right),dMRI_weighted_mean,MD,acoustic radiation (right),primary,rank_inverse_normal,True,classified_by=dict,basket,0
25517.0,2,0,f.25517.2.0,dMRI_weighted_mean_MD_anterior_thalamic_radiation_left,Weighted-mean MD in tract anterior thalamic radiation (left),dMRI_weighted_mean,MD,anterior thalamic radiation (left),primary,rank_inverse_normal,True,classified_by=dict,basket,0
25518.0,2,0,f.25518.2.0,dMRI_weighted_mean_MD_anterior_thalamic_radiation_right,Weighted-mean MD in tract anterior thalamic radiation (right),dMRI_weighted_mean,MD,anterior thalamic radiation (right),primary,rank_inverse_normal,True,classified_by=dict,basket,0
25519.0,2,0,f.25519.2.0,dMRI_weighted_mean_MD_cingulate_gyrus_part_of_cingulum_left,Weighted-mean MD in tract cingulate gyrus part of cingulum (left),dMRI_weighted_mean,MD,cingulate gyrus part of cingulum (left),primary,rank_inverse_normal,True,classified_by=dict,basket,1
25520.0,2,0,f.25520.2.0,dMRI_weighted_mean_MD_cingulate_gyrus_part_of_cingulum_right,Weighted-mean MD in tract cingulate gyrus part of cingulum (right),dMRI_weighted_mean,MD,cingulate gyrus part of cingulum (right),primary,rank_inverse_normal,True,classified_by=dict,basket,1
25521.0,2,0,f.25521.2.0,dMRI_weighted_mean_MD_parahippocampal_part_of_cingulum_left,Weighted-mean MD in tract parahippocampal part of cingulum (left),dMRI_weighted_mean,MD,parahippocampal part of cingulum (left),primary,rank_inverse_normal,True,classified_by=dict,basket,1
25522.0,2,0,f.25522.2.0,dMRI_weighted_mean_MD_parahippocampal_part_of_cingulum_right,Weighted-mean MD in tract parahippocampal part of cingulum (right),dMRI_weighted_mean,MD,parahippocampal part of cingulum (right),primary,rank_inverse_normal,True,classified_by=dict,basket,1
25523.0,2,0,f.25523.2.0,dMRI_weighted_mean_MD_corticospinal_tract_left,Weighted-mean MD in tract corticospinal tract (left),dMRI_weighted_mean,MD,corticospinal tract (left),primary,rank_inverse_normal,True,classified_by=dict,basket,1
25524.0,2,0,f.25524.2.0,dMRI_weighted_mean_MD_corticospinal_tract_right,Weighted-mean MD in tract corticospinal tract (right),dMRI_weighted_mean,MD,corticospinal tract (right),primary,rank_inverse_normal,True,classified_by=dict,basket,1
25525.0,2,0,f.25525.2.0,dMRI_weighted_mean_MD_forceps_major,Weighted-mean MD in tract forceps major,dMRI_weighted_mean,MD,forceps major,primary,rank_inverse_normal,True,classified_by=dict,basket,0
25526.0,2,0,f.25526.2.0,dMRI_weighted_mean_MD_forceps_minor,Weighted-mean MD in tract forceps minor,dMRI_weighted_mean,MD,forceps minor,primary,rank_inverse_normal,True,classified_by=dict,basket,0
25527.0,2,0,f.25527.2.0,dMRI_weighted_mean_MD_inferior_fronto_occipital_fasciculus_lef,Weighted-mean MD in tract inferior fronto-occipital fasciculus (left),dMRI_weighted_mean,MD,inferior fronto-occipital fasciculus (left),primary,rank_inverse_normal,True,classified_by=dict,basket,0
25528.0,2,0,f.25528.2.0,dMRI_weighted_mean_MD_inferior_fronto_occipital_fasciculus_rig,Weighted-mean MD in tract inferior fronto-occipital fasciculus (right),dMRI_weighted_mean,MD,inferior fronto-occipital fasciculus (right),primary,rank_inverse_normal,True,classified_by=dict,basket,0
25529.0,2,0,f.25529.2.0,dMRI_weighted_mean_MD_inferior_longitudinal_fasciculus_left,Weighted-mean MD in tract inferior longitudinal fasciculus (left),dMRI_weighted_mean,MD,inferior longitudinal fasciculus (left),primary,rank_inverse_normal,True,classified_by=dict,basket,0
25530.0,2,0,f.25530.2.0,dMRI_weighted_mean_MD_inferior_longitudinal_fasciculus_right,Weighted-mean MD in tract inferior longitudinal fasciculus (right),dMRI_weighted_mean,MD,inferior longitudinal fasciculus (right),primary,rank_inverse_normal,True,classified_by=dict,basket,0
25531.0,2,0,f.25531.2.0,dMRI_weighted_mean_MD_middle_cerebellar_peduncle,Weighted-mean MD in tract middle cerebellar peduncle,dMRI_weighted_mean,MD,middle cerebellar peduncle,primary,rank_inverse_normal,True,classified_by=dict,basket,0
25532.0,2,0,f.25532.2.0,dMRI_weighted_mean_MD_medial_lemniscus_left,Weighted-mean MD in tract medial lemniscus (left),dMRI_weighted_mean,MD,medial lemniscus (left),primary,rank_inverse_normal,True,classified_by=dict,basket,0
25533.0,2,0,f.25533.2.0,dMRI_weighted_mean_MD_medial_lemniscus_right,Weighted-mean MD in tract medial lemniscus (right),dMRI_weighted_mean,MD,medial lemniscus (right),primary,rank_inverse_normal,True,classified_by=dict,basket,0
25534.0,2,0,f.25534.2.0,dMRI_weighted_mean_MD_posterior_thalamic_radiation_left,Weighted-mean MD in tract posterior thalamic radiation (left),dMRI_weighted_mean,MD,posterior thalamic radiation (left),primary,rank_inverse_normal,True,classified_by=dict,basket,1
25535.0,2,0,f.25535.2.0,dMRI_weighted_mean_MD_posterior_thalamic_radiation_right,Weighted-mean MD in tract posterior thalamic radiation (right),dMRI_weighted_mean,MD,posterior thalamic radiation (right),primary,rank_inverse_normal,True,classified_by=dict,basket,1
25536.0,2,0,f.25536.2.0,dMRI_weighted_mean_MD_superior_longitudinal_fasciculus_left,Weighted-mean MD in tract superior longitudinal fasciculus (left),dMRI_weighted_mean,MD,superior longitudinal fasciculus (left),primary,rank_inverse_normal,True,classified_by=dict,basket,1
25537.0,2,0,f.25537.2.0,dMRI_weighted_mean_MD_superior_longitudinal_fasciculus_right,Weighted-mean MD in tract superior longitudinal fasciculus (right),dMRI_weighted_mean,MD,superior longitudinal fasciculus (right),primary,rank_inverse_normal,True,classified_by=dict,basket,1
25538.0,2,0,f.25538.2.0,dMRI_weighted_mean_MD_superior_thalamic_radiation_left,Weighted-mean MD in tract superior thalamic radiation (left),dMRI_weighted_mean,MD,superior thalamic radiation (left),primary,rank_inverse_normal,True,classified_by=dict,basket,0
25539.0,2,0,f.25539.2.0,dMRI_weighted_mean_MD_superior_thalamic_radiation_right,Weighted-mean MD in tract superior thalamic radiation (right),dMRI_weighted_mean,MD,superior thalamic radiation (right),primary,rank_inverse_normal,True,classified_by=dict,basket,0
25540.0,2,0,f.25540.2.0,dMRI_weighted_mean_MD_uncinate_fasciculus_left,Weighted-mean MD in tract uncinate fasciculus (left),dMRI_weighted_mean,MD,uncinate fasciculus (left),primary,rank_inverse_normal,True,classified_by=dict,basket,0
25541.0,2,0,f.25541.2.0,dMRI_weighted_mean_MD_uncinate_fasciculus_right,Weighted-mean MD in tract uncinate fasciculus (right),dMRI_weighted_mean,MD,uncinate fasciculus (right),primary,rank_inverse_normal,True,classified_by=dict,basket,0
25542.0,2,0,f.25542.2.0,dMRI_weighted_mean_MO_acoustic_radiation_left,Weighted-mean MO in tract acoustic radiation (left),dMRI_weighted_mean,MO,acoustic radiation (left),exploratory,rank_inverse_normal,False,classified_by=dict,basket,0
25543.0,2,0,f.25543.2.0,dMRI_weighted_mean_MO_acoustic_radiation_right,Weighted-mean MO in tract acoustic radiation (right),dMRI_weighted_mean,MO,acoustic radiation (right),exploratory,rank_inverse_normal,False,classified_by=dict,basket,0
25544.0,2,0,f.25544.2.0,dMRI_weighted_mean_MO_anterior_thalamic_radiation_left,Weighted-mean MO in tract anterior thalamic radiation (left),dMRI_weighted_mean,MO,anterior thalamic radiation (left),exploratory,rank_inverse_normal,False,classified_by=dict,basket,0
25545.0,2,0,f.25545.2.0,dMRI_weighted_mean_MO_anterior_thalamic_radiation_right,Weighted-mean MO in tract anterior thalamic radiation (right),dMRI_weighted_mean,MO,anterior thalamic radiation (right),exploratory,rank_inverse_normal,False,classified_by=dict,basket,0
25546.0,2,0,f.25546.2.0,dMRI_weighted_mean_MO_cingulate_gyrus_part_of_cingulum_left,Weighted-mean MO in tract cingulate gyrus part of cingulum (left),dMRI_weighted_mean,MO,cingulate gyrus part of cingulum (left),exploratory,rank_inverse_normal,False,classified_by=dict,basket,1
25547.0,2,0,f.25547.2.0,dMRI_weighted_mean_MO_cingulate_gyrus_part_of_cingulum_right,Weighted-mean MO in tract cingulate gyrus part of cingulum (right),dMRI_weighted_mean,MO,cingulate gyrus part of cingulum (right),exploratory,rank_inverse_normal,False,classified_by=dict,basket,1
25548.0,2,0,f.25548.2.0,dMRI_weighted_mean_MO_parahippocampal_part_of_cingulum_left,Weighted-mean MO in tract parahippocampal part of cingulum (left),dMRI_weighted_mean,MO,parahippocampal part of cingulum (left),exploratory,rank_inverse_normal,False,classified_by=dict,basket,1
25549.0,2,0,f.25549.2.0,dMRI_weighted_mean_MO_parahippocampal_part_of_cingulum_right,Weighted-mean MO in tract parahippocampal part of cingulum (right),dMRI_weighted_mean,MO,parahippocampal part of cingulum (right),exploratory,rank_inverse_normal,False,classified_by=dict,basket,1
25550.0,2,0,f.25550.2.0,dMRI_weighted_mean_MO_corticospinal_tract_left,Weighted-mean MO in tract corticospinal tract (left),dMRI_weighted_mean,MO,corticospinal tract (left),exploratory,rank_inverse_normal,False,classified_by=dict,basket,1
25551.0,2,0,f.25551.2.0,dMRI_weighted_mean_MO_corticospinal_tract_right,Weighted-mean MO in tract corticospinal tract (right),dMRI_weighted_mean,MO,corticospinal tract (right),exploratory,rank_inverse_normal,False,classified_by=dict,basket,1
25552.0,2,0,f.25552.2.0,dMRI_weighted_mean_MO_forceps_major,Weighted-mean MO in tract forceps major,dMRI_weighted_mean,MO,forceps major,exploratory,rank_inverse_normal,False,classified_by=dict,basket,0
25553.0,2,0,f.25553.2.0,dMRI_weighted_mean_MO_forceps_minor,Weighted-mean MO in tract forceps minor,dMRI_weighted_mean,MO,forceps minor,exploratory,rank_inverse_normal,False,classified_by=dict,basket,0
25554.0,2,0,f.25554.2.0,dMRI_weighted_mean_MO_inferior_fronto_occipital_fasciculus_lef,Weighted-mean MO in tract inferior fronto-occipital fasciculus (left),dMRI_weighted_mean,MO,inferior fronto-occipital fasciculus (left),exploratory,rank_inverse_normal,False,classified_by=dict,basket,0
25555.0,2,0,f.25555.2.0,dMRI_weighted_mean_MO_inferior_fronto_occipital_fasciculus_rig,Weighted-mean MO in tract inferior fronto-occipital fasciculus (right),dMRI_weighted_mean,MO,inferior fronto-occipital fasciculus (right),exploratory,rank_inverse_normal,False,classified_by=dict,basket,0
25556.0,2,0,f.25556.2.0,dMRI_weighted_mean_MO_inferior_longitudinal_fasciculus_left,Weighted-mean MO in tract inferior longitudinal fasciculus (left),dMRI_weighted_mean,MO,inferior longitudinal fasciculus (left),exploratory,rank_inverse_normal,False,classified_by=dict,basket,0
25557.0,2,0,f.25557.2.0,dMRI_weighted_mean_MO_inferior_longitudinal_fasciculus_right,Weighted-mean MO in tract inferior longitudinal fasciculus (right),dMRI_weighted_mean,MO,inferior longitudinal fasciculus (right),exploratory,rank_inverse_normal,False,classified_by=dict,basket,0
25558.0,2,0,f.25558.2.0,dMRI_weighted_mean_MO_middle_cerebellar_peduncle,Weighted-mean MO in tract middle cerebellar peduncle,dMRI_weighted_mean,MO,middle cerebellar peduncle,exploratory,rank_inverse_normal,False,classified_by=dict,basket,0
25559.0,2,0,f.25559.2.0,dMRI_weighted_mean_MO_medial_lemniscus_left,Weighted-mean MO in tract medial lemniscus (left),dMRI_weighted_mean,MO,medial lemniscus (left),exploratory,rank_inverse_normal,False,classified_by=dict,basket,0
25560.0,2,0,f.25560.2.0,dMRI_weighted_mean_MO_medial_lemniscus_right,Weighted-mean MO in tract medial lemniscus (right),dMRI_weighted_mean,MO,medial lemniscus (right),exploratory,rank_inverse_normal,False,classified_by=dict,basket,0
25561.0,2,0,f.25561.2.0,dMRI_weighted_mean_MO_posterior_thalamic_radiation_left,Weighted-mean MO in tract posterior thalamic radiation (left),dMRI_weighted_mean,MO,posterior thalamic radiation (left),exploratory,rank_inverse_normal,False,classified_by=dict,basket,1
25562.0,2,0,f.25562.2.0,dMRI_weighted_mean_MO_posterior_thalamic_radiation_right,Weighted-mean MO in tract posterior thalamic radiation (right),dMRI_weighted_mean,MO,posterior thalamic radiation (right),exploratory,rank_inverse_normal,False,classified_by=dict,basket,1
25563.0,2,0,f.25563.2.0,dMRI_weighted_mean_MO_superior_longitudinal_fasciculus_left,Weighted-mean MO in tract superior longitudinal fasciculus (left),dMRI_weighted_mean,MO,superior longitudinal fasciculus (left),exploratory,rank_inverse_normal,False,classified_by=dict,basket,1
25564.0,2,0,f.25564.2.0,dMRI_weighted_mean_MO_superior_longitudinal_fasciculus_right,Weighted-mean MO in tract superior longitudinal fasciculus (right),dMRI_weighted_mean,MO,superior longitudinal fasciculus (right),exploratory,rank_inverse_normal,False,classified_by=dict,basket,1
25565.0,2,0,f.25565.2.0,dMRI_weighted_mean_MO_superior_thalamic_radiation_left,Weighted-mean MO in tract superior thalamic radiation (left),dMRI_weighted_mean,MO,superior thalamic radiation (left),exploratory,rank_inverse_normal,False,classified_by=dict,basket,0
25566.0,2,0,f.25566.2.0,dMRI_weighted_mean_MO_superior_thalamic_radiation_right,Weighted-mean MO in tract superior thalamic radiation (right),dMRI_weighted_mean,MO,superior thalamic radiation (right),exploratory,rank_inverse_normal,False,classified_by=dict,basket,0
25567.0,2,0,f.25567.2.0,dMRI_weighted_mean_MO_uncinate_fasciculus_left,Weighted-mean MO in tract uncinate fasciculus (left),dMRI_weighted_mean,MO,uncinate fasciculus (left),exploratory,rank_inverse_normal,False,classified_by=dict,basket,0
25568.0,2,0,f.25568.2.0,dMRI_weighted_mean_MO_uncinate_fasciculus_right,Weighted-mean MO in tract uncinate fasciculus (right),dMRI_weighted_mean,MO,uncinate fasciculus (right),exploratory,rank_inverse_normal,False,classified_by=dict,basket,0
25569.0,2,0,f.25569.2.0,dMRI_weighted_mean_L1_acoustic_radiation_left,Weighted-mean L1 in tract acoustic radiation (left),dMRI_weighted_mean,L1,acoustic radiation (left),primary,rank_inverse_normal,True,classified_by=dict,basket,0
25570.0,2,0,f.25570.2.0,dMRI_weighted_mean_L1_acoustic_radiation_right,Weighted-mean L1 in tract acoustic radiation (right),dMRI_weighted_mean,L1,acoustic radiation (right),primary,rank_inverse_normal,True,classified_by=dict,basket,0
25571.0,2,0,f.25571.2.0,dMRI_weighted_mean_L1_anterior_thalamic_radiation_left,Weighted-mean L1 in tract anterior thalamic radiation (left),dMRI_weighted_mean,L1,anterior thalamic radiation (left),primary,rank_inverse_normal,True,classified_by=dict,basket,0
25572.0,2,0,f.25572.2.0,dMRI_weighted_mean_L1_anterior_thalamic_radiation_right,Weighted-mean L1 in tract anterior thalamic radiation (right),dMRI_weighted_mean,L1,anterior thalamic radiation (right),primary,rank_inverse_normal,True,classified_by=dict,basket,0
25573.0,2,0,f.25573.2.0,dMRI_weighted_mean_L1_cingulate_gyrus_part_of_cingulum_left,Weighted-mean L1 in tract cingulate gyrus part of cingulum (left),dMRI_weighted_mean,L1,cingulate gyrus part of cingulum (left),primary,rank_inverse_normal,True,classified_by=dict,basket,1
25574.0,2,0,f.25574.2.0,dMRI_weighted_mean_L1_cingulate_gyrus_part_of_cingulum_right,Weighted-mean L1 in tract cingulate gyrus part of cingulum (right),dMRI_weighted_mean,L1,cingulate gyrus part of cingulum (right),primary,rank_inverse_normal,True,classified_by=dict,basket,1
25575.0,2,0,f.25575.2.0,dMRI_weighted_mean_L1_parahippocampal_part_of_cingulum_left,Weighted-mean L1 in tract parahippocampal part of cingulum (left),dMRI_weighted_mean,L1,parahippocampal part of cingulum (left),primary,rank_inverse_normal,True,classified_by=dict,basket,1
25576.0,2,0,f.25576.2.0,dMRI_weighted_mean_L1_parahippocampal_part_of_cingulum_right,Weighted-mean L1 in tract parahippocampal part of cingulum (right),dMRI_weighted_mean,L1,parahippocampal part of cingulum (right),primary,rank_inverse_normal,True,classified_by=dict,basket,1
25577.0,2,0,f.25577.2.0,dMRI_weighted_mean_L1_corticospinal_tract_left,Weighted-mean L1 in tract corticospinal tract (left),dMRI_weighted_mean,L1,corticospinal tract (left),primary,rank_inverse_normal,True,classified_by=dict,basket,1
25578.0,2,0,f.25578.2.0,dMRI_weighted_mean_L1_corticospinal_tract_right,Weighted-mean L1 in tract corticospinal tract (right),dMRI_weighted_mean,L1,corticospinal tract (right),primary,rank_inverse_normal,True,classified_by=dict,basket,1
25579.0,2,0,f.25579.2.0,dMRI_weighted_mean_L1_forceps_major,Weighted-mean L1 in tract forceps major,dMRI_weighted_mean,L1,forceps major,primary,rank_inverse_normal,True,classified_by=dict,basket,0
25580.0,2,0,f.25580.2.0,dMRI_weighted_mean_L1_forceps_minor,Weighted-mean L1 in tract forceps minor,dMRI_weighted_mean,L1,forceps minor,primary,rank_inverse_normal,True,classified_by=dict,basket,0
25581.0,2,0,f.25581.2.0,dMRI_weighted_mean_L1_inferior_fronto_occipital_fasciculus_lef,Weighted-mean L1 in tract inferior fronto-occipital fasciculus (left),dMRI_weighted_mean,L1,inferior fronto-occipital fasciculus (left),primary,rank_inverse_normal,True,classified_by=dict,basket,0
25582.0,2,0,f.25582.2.0,dMRI_weighted_mean_L1_inferior_fronto_occipital_fasciculus_rig,Weighted-mean L1 in tract inferior fronto-occipital fasciculus (right),dMRI_weighted_mean,L1,inferior fronto-occipital fasciculus (right),primary,rank_inverse_normal,True,classified_by=dict,basket,0
25583.0,2,0,f.25583.2.0,dMRI_weighted_mean_L1_inferior_longitudinal_fasciculus_left,Weighted-mean L1 in tract inferior longitudinal fasciculus (left),dMRI_weighted_mean,L1,inferior longitudinal fasciculus (left),primary,rank_inverse_normal,True,classified_by=dict,basket,0
25584.0,2,0,f.25584.2.0,dMRI_weighted_mean_L1_inferior_longitudinal_fasciculus_right,Weighted-mean L1 in tract inferior longitudinal fasciculus (right),dMRI_weighted_mean,L1,inferior longitudinal fasciculus (right),primary,rank_inverse_normal,True,classified_by=dict,basket,0
25585.0,2,0,f.25585.2.0,dMRI_weighted_mean_L1_middle_cerebellar_peduncle,Weighted-mean L1 in tract middle cerebellar peduncle,dMRI_weighted_mean,L1,middle cerebellar peduncle,primary,rank_inverse_normal,True,classified_by=dict,basket,0
25586.0,2,0,f.25586.2.0,dMRI_weighted_mean_L1_medial_lemniscus_left,Weighted-mean L1 in tract medial lemniscus (left),dMRI_weighted_mean,L1,medial lemniscus (left),primary,rank_inverse_normal,True,classified_by=dict,basket,0
25587.0,2,0,f.25587.2.0,dMRI_weighted_mean_L1_medial_lemniscus_right,Weighted-mean L1 in tract medial lemniscus (right),dMRI_weighted_mean,L1,medial lemniscus (right),primary,rank_inverse_normal,True,classified_by=dict,basket,0
25588.0,2,0,f.25588.2.0,dMRI_weighted_mean_L1_posterior_thalamic_radiation_left,Weighted-mean L1 in tract posterior thalamic radiation (left),dMRI_weighted_mean,L1,posterior thalamic radiation (left),primary,rank_inverse_normal,True,classified_by=dict,basket,1
25589.0,2,0,f.25589.2.0,dMRI_weighted_mean_L1_posterior_thalamic_radiation_right,Weighted-mean L1 in tract posterior thalamic radiation (right),dMRI_weighted_mean,L1,posterior thalamic radiation (right),primary,rank_inverse_normal,True,classified_by=dict,basket,1
25590.0,2,0,f.25590.2.0,dMRI_weighted_mean_L1_superior_longitudinal_fasciculus_left,Weighted-mean L1 in tract superior longitudinal fasciculus (left),dMRI_weighted_mean,L1,superior longitudinal fasciculus (left),primary,rank_inverse_normal,True,classified_by=dict,basket,1
25591.0,2,0,f.25591.2.0,dMRI_weighted_mean_L1_superior_longitudinal_fasciculus_right,Weighted-mean L1 in tract superior longitudinal fasciculus (right),dMRI_weighted_mean,L1,superior longitudinal fasciculus (right),primary,rank_inverse_normal,True,classified_by=dict,basket,1
25592.0,2,0,f.25592.2.0,dMRI_weighted_mean_L1_superior_thalamic_radiation_left,Weighted-mean L1 in tract superior thalamic radiation (left),dMRI_weighted_mean,L1,superior thalamic radiation (left),primary,rank_inverse_normal,True,classified_by=dict,basket,0
25593.0,2,0,f.25593.2.0,dMRI_weighted_mean_L1_superior_thalamic_radiation_right,Weighted-mean L1 in tract superior thalamic radiation (right),dMRI_weighted_mean,L1,superior thalamic radiation (right),primary,rank_inverse_normal,True,classified_by=dict,basket,0
25594.0,2,0,f.25594.2.0,dMRI_weighted_mean_L1_uncinate_fasciculus_left,Weighted-mean L1 in tract uncinate fasciculus (left),dMRI_weighted_mean,L1,uncinate fasciculus (left),primary,rank_inverse_normal,True,classified_by=dict,basket,0
25595.0,2,0,f.25595.2.0,dMRI_weighted_mean_L1_uncinate_fasciculus_right,Weighted-mean L1 in tract uncinate fasciculus (right),dMRI_weighted_mean,L1,uncinate fasciculus (right),primary,rank_inverse_normal,True,classified_by=dict,basket,0
25596.0,2,0,f.25596.2.0,dMRI_weighted_mean_L2_acoustic_radiation_left,Weighted-mean L2 in tract acoustic radiation (left),dMRI_weighted_mean,L2,acoustic radiation (left),primary,rank_inverse_normal,True,classified_by=dict,basket,0
25597.0,2,0,f.25597.2.0,dMRI_weighted_mean_L2_acoustic_radiation_right,Weighted-mean L2 in tract acoustic radiation (right),dMRI_weighted_mean,L2,acoustic radiation (right),primary,rank_inverse_normal,True,classified_by=dict,basket,0
25598.0,2,0,f.25598.2.0,dMRI_weighted_mean_L2_anterior_thalamic_radiation_left,Weighted-mean L2 in tract anterior thalamic radiation (left),dMRI_weighted_mean,L2,anterior thalamic radiation (left),primary,rank_inverse_normal,True,classified_by=dict,basket,0
25599.0,2,0,f.25599.2.0,dMRI_weighted_mean_L2_anterior_thalamic_radiation_right,Weighted-mean L2 in tract anterior thalamic radiation (right),dMRI_weighted_mean,L2,anterior thalamic radiation (right),primary,rank_inverse_normal,True,classified_by=dict,basket,0
25600.0,2,0,f.25600.2.0,dMRI_weighted_mean_L2_cingulate_gyrus_part_of_cingulum_left,Weighted-mean L2 in tract cingulate gyrus part of cingulum (left),dMRI_weighted_mean,L2,cingulate gyrus part of cingulum (left),primary,rank_inverse_normal,True,classified_by=dict,basket,1
25601.0,2,0,f.25601.2.0,dMRI_weighted_mean_L2_cingulate_gyrus_part_of_cingulum_right,Weighted-mean L2 in tract cingulate gyrus part of cingulum (right),dMRI_weighted_mean,L2,cingulate gyrus part of cingulum (right),primary,rank_inverse_normal,True,classified_by=dict,basket,1
25602.0,2,0,f.25602.2.0,dMRI_weighted_mean_L2_parahippocampal_part_of_cingulum_left,Weighted-mean L2 in tract parahippocampal part of cingulum (left),dMRI_weighted_mean,L2,parahippocampal part of cingulum (left),primary,rank_inverse_normal,True,classified_by=dict,basket,1
25603.0,2,0,f.25603.2.0,dMRI_weighted_mean_L2_parahippocampal_part_of_cingulum_right,Weighted-mean L2 in tract parahippocampal part of cingulum (right),dMRI_weighted_mean,L2,parahippocampal part of cingulum (right),primary,rank_inverse_normal,True,classified_by=dict,basket,1
25604.0,2,0,f.25604.2.0,dMRI_weighted_mean_L2_corticospinal_tract_left,Weighted-mean L2 in tract corticospinal tract (left),dMRI_weighted_mean,L2,corticospinal tract (left),primary,rank_inverse_normal,True,classified_by=dict,basket,1
25605.0,2,0,f.25605.2.0,dMRI_weighted_mean_L2_corticospinal_tract_right,Weighted-mean L2 in tract corticospinal tract (right),dMRI_weighted_mean,L2,corticospinal tract (right),primary,rank_inverse_normal,True,classified_by=dict,basket,1
25606.0,2,0,f.25606.2.0,dMRI_weighted_mean_L2_forceps_major,Weighted-mean L2 in tract forceps major,dMRI_weighted_mean,L2,forceps major,primary,rank_inverse_normal,True,classified_by=dict,basket,0
25607.0,2,0,f.25607.2.0,dMRI_weighted_mean_L2_forceps_minor,Weighted-mean L2 in tract forceps minor,dMRI_weighted_mean,L2,forceps minor,primary,rank_inverse_normal,True,classified_by=dict,basket,0
25608.0,2,0,f.25608.2.0,dMRI_weighted_mean_L2_inferior_fronto_occipital_fasciculus_lef,Weighted-mean L2 in tract inferior fronto-occipital fasciculus (left),dMRI_weighted_mean,L2,inferior fronto-occipital fasciculus (left),primary,rank_inverse_normal,True,classified_by=dict,basket,0
25609.0,2,0,f.25609.2.0,dMRI_weighted_mean_L2_inferior_fronto_occipital_fasciculus_rig,Weighted-mean L2 in tract inferior fronto-occipital fasciculus (right),dMRI_weighted_mean,L2,inferior fronto-occipital fasciculus (right),primary,rank_inverse_normal,True,classified_by=dict,basket,0
25610.0,2,0,f.25610.2.0,dMRI_weighted_mean_L2_inferior_longitudinal_fasciculus_left,Weighted-mean L2 in tract inferior longitudinal fasciculus (left),dMRI_weighted_mean,L2,inferior longitudinal fasciculus (left),primary,rank_inverse_normal,True,classified_by=dict,basket,0
25611.0,2,0,f.25611.2.0,dMRI_weighted_mean_L2_inferior_longitudinal_fasciculus_right,Weighted-mean L2 in tract inferior longitudinal fasciculus (right),dMRI_weighted_mean,L2,inferior longitudinal fasciculus (right),primary,rank_inverse_normal,True,classified_by=dict,basket,0
25612.0,2,0,f.25612.2.0,dMRI_weighted_mean_L2_middle_cerebellar_peduncle,Weighted-mean L2 in tract middle cerebellar peduncle,dMRI_weighted_mean,L2,middle cerebellar peduncle,primary,rank_inverse_normal,True,classified_by=dict,basket,0
25613.0,2,0,f.25613.2.0,dMRI_weighted_mean_L2_medial_lemniscus_left,Weighted-mean L2 in tract medial lemniscus (left),dMRI_weighted_mean,L2,medial lemniscus (left),primary,rank_inverse_normal,True,classified_by=dict,basket,0
25614.0,2,0,f.25614.2.0,dMRI_weighted_mean_L2_medial_lemniscus_right,Weighted-mean L2 in tract medial lemniscus (right),dMRI_weighted_mean,L2,medial lemniscus (right),primary,rank_inverse_normal,True,classified_by=dict,basket,0
25615.0,2,0,f.25615.2.0,dMRI_weighted_mean_L2_posterior_thalamic_radiation_left,Weighted-mean L2 in tract posterior thalamic radiation (left),dMRI_weighted_mean,L2,posterior thalamic radiation (left),primary,rank_inverse_normal,True,classified_by=dict,basket,1
25616.0,2,0,f.25616.2.0,dMRI_weighted_mean_L2_posterior_thalamic_radiation_right,Weighted-mean L2 in tract posterior thalamic radiation (right),dMRI_weighted_mean,L2,posterior thalamic radiation (right),primary,rank_inverse_normal,True,classified_by=dict,basket,1
25617.0,2,0,f.25617.2.0,dMRI_weighted_mean_L2_superior_longitudinal_fasciculus_left,Weighted-mean L2 in tract superior longitudinal fasciculus (left),dMRI_weighted_mean,L2,superior longitudinal fasciculus (left),primary,rank_inverse_normal,True,classified_by=dict,basket,1
25618.0,2,0,f.25618.2.0,dMRI_weighted_mean_L2_superior_longitudinal_fasciculus_right,Weighted-mean L2 in tract superior longitudinal fasciculus (right),dMRI_weighted_mean,L2,superior longitudinal fasciculus (right),primary,rank_inverse_normal,True,classified_by=dict,basket,1
25619.0,2,0,f.25619.2.0,dMRI_weighted_mean_L2_superior_thalamic_radiation_left,Weighted-mean L2 in tract superior thalamic radiation (left),dMRI_weighted_mean,L2,superior thalamic radiation (left),primary,rank_inverse_normal,True,classified_by=dict,basket,0
25620.0,2,0,f.25620.2.0,dMRI_weighted_mean_L2_superior_thalamic_radiation_right,Weighted-mean L2 in tract superior thalamic radiation (right),dMRI_weighted_mean,L2,superior thalamic radiation (right),primary,rank_inverse_normal,True,classified_by=dict,basket,0
25621.0,2,0,f.25621.2.0,dMRI_weighted_mean_L2_uncinate_fasciculus_left,Weighted-mean L2 in tract uncinate fasciculus (left),dMRI_weighted_mean,L2,uncinate fasciculus (left),primary,rank_inverse_normal,True,classified_by=dict,basket,0
25622.0,2,0,f.25622.2.0,dMRI_weighted_mean_L2_uncinate_fasciculus_right,Weighted-mean L2 in tract uncinate fasciculus (right),dMRI_weighted_mean,L2,uncinate fasciculus (right),primary,rank_inverse_normal,True,classified_by=dict,basket,0
25623.0,2,0,f.25623.2.0,dMRI_weighted_mean_L3_acoustic_radiation_left,Weighted-mean L3 in tract acoustic radiation (left),dMRI_weighted_mean,L3,acoustic radiation (left),primary,rank_inverse_normal,True,classified_by=dict,basket,0
25624.0,2,0,f.25624.2.0,dMRI_weighted_mean_L3_acoustic_radiation_right,Weighted-mean L3 in tract acoustic radiation (right),dMRI_weighted_mean,L3,acoustic radiation (right),primary,rank_inverse_normal,True,classified_by=dict,basket,0
25625.0,2,0,f.25625.2.0,dMRI_weighted_mean_L3_anterior_thalamic_radiation_left,Weighted-mean L3 in tract anterior thalamic radiation (left),dMRI_weighted_mean,L3,anterior thalamic radiation (left),primary,rank_inverse_normal,True,classified_by=dict,basket,0
25626.0,2,0,f.25626.2.0,dMRI_weighted_mean_L3_anterior_thalamic_radiation_right,Weighted-mean L3 in tract anterior thalamic radiation (right),dMRI_weighted_mean,L3,anterior thalamic radiation (right),primary,rank_inverse_normal,True,classified_by=dict,basket,0
25627.0,2,0,f.25627.2.0,dMRI_weighted_mean_L3_cingulate_gyrus_part_of_cingulum_left,Weighted-mean L3 in tract cingulate gyrus part of cingulum (left),dMRI_weighted_mean,L3,cingulate gyrus part of cingulum (left),primary,rank_inverse_normal,True,classified_by=dict,basket,1
25628.0,2,0,f.25628.2.0,dMRI_weighted_mean_L3_cingulate_gyrus_part_of_cingulum_right,Weighted-mean L3 in tract cingulate gyrus part of cingulum (right),dMRI_weighted_mean,L3,cingulate gyrus part of cingulum (right),primary,rank_inverse_normal,True,classified_by=dict,basket,1
25629.0,2,0,f.25629.2.0,dMRI_weighted_mean_L3_parahippocampal_part_of_cingulum_left,Weighted-mean L3 in tract parahippocampal part of cingulum (left),dMRI_weighted_mean,L3,parahippocampal part of cingulum (left),primary,rank_inverse_normal,True,classified_by=dict,basket,1
25630.0,2,0,f.25630.2.0,dMRI_weighted_mean_L3_parahippocampal_part_of_cingulum_right,Weighted-mean L3 in tract parahippocampal part of cingulum (right),dMRI_weighted_mean,L3,parahippocampal part of cingulum (right),primary,rank_inverse_normal,True,classified_by=dict,basket,1
25631.0,2,0,f.25631.2.0,dMRI_weighted_mean_L3_corticospinal_tract_left,Weighted-mean L3 in tract corticospinal tract (left),dMRI_weighted_mean,L3,corticospinal tract (left),primary,rank_inverse_normal,True,classified_by=dict,basket,1
25632.0,2,0,f.25632.2.0,dMRI_weighted_mean_L3_corticospinal_tract_right,Weighted-mean L3 in tract corticospinal tract (right),dMRI_weighted_mean,L3,corticospinal tract (right),primary,rank_inverse_normal,True,classified_by=dict,basket,1
25633.0,2,0,f.25633.2.0,dMRI_weighted_mean_L3_forceps_major,Weighted-mean L3 in tract forceps major,dMRI_weighted_mean,L3,forceps major,primary,rank_inverse_normal,True,classified_by=dict,basket,0
25634.0,2,0,f.25634.2.0,dMRI_weighted_mean_L3_forceps_minor,Weighted-mean L3 in tract forceps minor,dMRI_weighted_mean,L3,forceps minor,primary,rank_inverse_normal,True,classified_by=dict,basket,0
25635.0,2,0,f.25635.2.0,dMRI_weighted_mean_L3_inferior_fronto_occipital_fasciculus_lef,Weighted-mean L3 in tract inferior fronto-occipital fasciculus (left),dMRI_weighted_mean,L3,inferior fronto-occipital fasciculus (left),primary,rank_inverse_normal,True,classified_by=dict,basket,0
25636.0,2,0,f.25636.2.0,dMRI_weighted_mean_L3_inferior_fronto_occipital_fasciculus_rig,Weighted-mean L3 in tract inferior fronto-occipital fasciculus (right),dMRI_weighted_mean,L3,inferior fronto-occipital fasciculus (right),primary,rank_inverse_normal,True,classified_by=dict,basket,0
25637.0,2,0,f.25637.2.0,dMRI_weighted_mean_L3_inferior_longitudinal_fasciculus_left,Weighted-mean L3 in tract inferior longitudinal fasciculus (left),dMRI_weighted_mean,L3,inferior longitudinal fasciculus (left),primary,rank_inverse_normal,True,classified_by=dict,basket,0
25638.0,2,0,f.25638.2.0,dMRI_weighted_mean_L3_inferior_longitudinal_fasciculus_right,Weighted-mean L3 in tract inferior longitudinal fasciculus (right),dMRI_weighted_mean,L3,inferior longitudinal fasciculus (right),primary,rank_inverse_normal,True,classified_by=dict,basket,0
25639.0,2,0,f.25639.2.0,dMRI_weighted_mean_L3_middle_cerebellar_peduncle,Weighted-mean L3 in tract middle cerebellar peduncle,dMRI_weighted_mean,L3,middle cerebellar peduncle,primary,rank_inverse_normal,True,classified_by=dict,basket,0
25640.0,2,0,f.25640.2.0,dMRI_weighted_mean_L3_medial_lemniscus_left,Weighted-mean L3 in tract medial lemniscus (left),dMRI_weighted_mean,L3,medial lemniscus (left),primary,rank_inverse_normal,True,classified_by=dict,basket,0
25641.0,2,0,f.25641.2.0,dMRI_weighted_mean_L3_medial_lemniscus_right,Weighted-mean L3 in tract medial lemniscus (right),dMRI_weighted_mean,L3,medial lemniscus (right),primary,rank_inverse_normal,True,classified_by=dict,basket,0
25642.0,2,0,f.25642.2.0,dMRI_weighted_mean_L3_posterior_thalamic_radiation_left,Weighted-mean L3 in tract posterior thalamic radiation (left),dMRI_weighted_mean,L3,posterior thalamic radiation (left),primary,rank_inverse_normal,True,classified_by=dict,basket,1
25643.0,2,0,f.25643.2.0,dMRI_weighted_mean_L3_posterior_thalamic_radiation_right,Weighted-mean L3 in tract posterior thalamic radiation (right),dMRI_weighted_mean,L3,posterior thalamic radiation (right),primary,rank_inverse_normal,True,classified_by=dict,basket,1
25644.0,2,0,f.25644.2.0,dMRI_weighted_mean_L3_superior_longitudinal_fasciculus_left,Weighted-mean L3 in tract superior longitudinal fasciculus (left),dMRI_weighted_mean,L3,superior longitudinal fasciculus (left),primary,rank_inverse_normal,True,classified_by=dict,basket,1
25645.0,2,0,f.25645.2.0,dMRI_weighted_mean_L3_superior_longitudinal_fasciculus_right,Weighted-mean L3 in tract superior longitudinal fasciculus (right),dMRI_weighted_mean,L3,superior longitudinal fasciculus (right),primary,rank_inverse_normal,True,classified_by=dict,basket,1
25646.0,2,0,f.25646.2.0,dMRI_weighted_mean_L3_superior_thalamic_radiation_left,Weighted-mean L3 in tract superior thalamic radiation (left),dMRI_weighted_mean,L3,superior thalamic radiation (left),primary,rank_inverse_normal,True,classified_by=dict,basket,0
25647.0,2,0,f.25647.2.0,dMRI_weighted_mean_L3_superior_thalamic_radiation_right,Weighted-mean L3 in tract superior thalamic radiation (right),dMRI_weighted_mean,L3,superior thalamic radiation (right),primary,rank_inverse_normal,True,classified_by=dict,basket,0
25648.0,2,0,f.25648.2.0,dMRI_weighted_mean_L3_uncinate_fasciculus_left,Weighted-mean L3 in tract uncinate fasciculus (left),dMRI_weighted_mean,L3,uncinate fasciculus (left),primary,rank_inverse_normal,True,classified_by=dict,basket,0
25649.0,2,0,f.25649.2.0,dMRI_weighted_mean_L3_uncinate_fasciculus_right,Weighted-mean L3 in tract uncinate fasciculus (right),dMRI_weighted_mean,L3,uncinate fasciculus (right),primary,rank_inverse_normal,True,classified_by=dict,basket,0
25650.0,2,0,f.25650.2.0,dMRI_weighted_mean_ICVF_acoustic_radiation_left,Weighted-mean ICVF in tract acoustic radiation (left),dMRI_weighted_mean,ICVF,acoustic radiation (left),primary,rank_inverse_normal,True,classified_by=dict,basket,0
25651.0,2,0,f.25651.2.0,dMRI_weighted_mean_ICVF_acoustic_radiation_right,Weighted-mean ICVF in tract acoustic radiation (right),dMRI_weighted_mean,ICVF,acoustic radiation (right),primary,rank_inverse_normal,True,classified_by=dict,basket,0
25652.0,2,0,f.25652.2.0,dMRI_weighted_mean_ICVF_anterior_thalamic_radiation_left,Weighted-mean ICVF in tract anterior thalamic radiation (left),dMRI_weighted_mean,ICVF,anterior thalamic radiation (left),primary,rank_inverse_normal,True,classified_by=dict,basket,0
25653.0,2,0,f.25653.2.0,dMRI_weighted_mean_ICVF_anterior_thalamic_radiation_right,Weighted-mean ICVF in tract anterior thalamic radiation (right),dMRI_weighted_mean,ICVF,anterior thalamic radiation (right),primary,rank_inverse_normal,True,classified_by=dict,basket,0
25654.0,2,0,f.25654.2.0,dMRI_weighted_mean_ICVF_cingulate_gyrus_part_of_cingulum_left,Weighted-mean ICVF in tract cingulate gyrus part of cingulum (left),dMRI_weighted_mean,ICVF,cingulate gyrus part of cingulum (left),primary,rank_inverse_normal,True,classified_by=dict,basket,1
25655.0,2,0,f.25655.2.0,dMRI_weighted_mean_ICVF_cingulate_gyrus_part_of_cingulum_right,Weighted-mean ICVF in tract cingulate gyrus part of cingulum (right),dMRI_weighted_mean,ICVF,cingulate gyrus part of cingulum (right),primary,rank_inverse_normal,True,classified_by=dict,basket,1
25656.0,2,0,f.25656.2.0,dMRI_weighted_mean_ICVF_parahippocampal_part_of_cingulum_left,Weighted-mean ICVF in tract parahippocampal part of cingulum (left),dMRI_weighted_mean,ICVF,parahippocampal part of cingulum (left),primary,rank_inverse_normal,True,classified_by=dict,basket,1
25657.0,2,0,f.25657.2.0,dMRI_weighted_mean_ICVF_parahippocampal_part_of_cingulum_right,Weighted-mean ICVF in tract parahippocampal part of cingulum (right),dMRI_weighted_mean,ICVF,parahippocampal part of cingulum (right),primary,rank_inverse_normal,True,classified_by=dict,basket,1
25658.0,2,0,f.25658.2.0,dMRI_weighted_mean_ICVF_corticospinal_tract_left,Weighted-mean ICVF in tract corticospinal tract (left),dMRI_weighted_mean,ICVF,corticospinal tract (left),primary,rank_inverse_normal,True,classified_by=dict,basket,1
25659.0,2,0,f.25659.2.0,dMRI_weighted_mean_ICVF_corticospinal_tract_right,Weighted-mean ICVF in tract corticospinal tract (right),dMRI_weighted_mean,ICVF,corticospinal tract (right),primary,rank_inverse_normal,True,classified_by=dict,basket,1
25660.0,2,0,f.25660.2.0,dMRI_weighted_mean_ICVF_forceps_major,Weighted-mean ICVF in tract forceps major,dMRI_weighted_mean,ICVF,forceps major,primary,rank_inverse_normal,True,classified_by=dict,basket,0
25661.0,2,0,f.25661.2.0,dMRI_weighted_mean_ICVF_forceps_minor,Weighted-mean ICVF in tract forceps minor,dMRI_weighted_mean,ICVF,forceps minor,primary,rank_inverse_normal,True,classified_by=dict,basket,0
25662.0,2,0,f.25662.2.0,dMRI_weighted_mean_ICVF_inferior_fronto_occipital_fasciculus_lef,Weighted-mean ICVF in tract inferior fronto-occipital fasciculus (left),dMRI_weighted_mean,ICVF,inferior fronto-occipital fasciculus (left),primary,rank_inverse_normal,True,classified_by=dict,basket,0
25663.0,2,0,f.25663.2.0,dMRI_weighted_mean_ICVF_inferior_fronto_occipital_fasciculus_rig,Weighted-mean ICVF in tract inferior fronto-occipital fasciculus (right),dMRI_weighted_mean,ICVF,inferior fronto-occipital fasciculus (right),primary,rank_inverse_normal,True,classified_by=dict,basket,0
25664.0,2,0,f.25664.2.0,dMRI_weighted_mean_ICVF_inferior_longitudinal_fasciculus_left,Weighted-mean ICVF in tract inferior longitudinal fasciculus (left),dMRI_weighted_mean,ICVF,inferior longitudinal fasciculus (left),primary,rank_inverse_normal,True,classified_by=dict,basket,0
25665.0,2,0,f.25665.2.0,dMRI_weighted_mean_ICVF_inferior_longitudinal_fasciculus_right,Weighted-mean ICVF in tract inferior longitudinal fasciculus (right),dMRI_weighted_mean,ICVF,inferior longitudinal fasciculus (right),primary,rank_inverse_normal,True,classified_by=dict,basket,0
25666.0,2,0,f.25666.2.0,dMRI_weighted_mean_ICVF_middle_cerebellar_peduncle,Weighted-mean ICVF in tract middle cerebellar peduncle,dMRI_weighted_mean,ICVF,middle cerebellar peduncle,primary,rank_inverse_normal,True,classified_by=dict,basket,0
25667.0,2,0,f.25667.2.0,dMRI_weighted_mean_ICVF_medial_lemniscus_left,Weighted-mean ICVF in tract medial lemniscus (left),dMRI_weighted_mean,ICVF,medial lemniscus (left),primary,rank_inverse_normal,True,classified_by=dict,basket,0
25668.0,2,0,f.25668.2.0,dMRI_weighted_mean_ICVF_medial_lemniscus_right,Weighted-mean ICVF in tract medial lemniscus (right),dMRI_weighted_mean,ICVF,medial lemniscus (right),primary,rank_inverse_normal,True,classified_by=dict,basket,0
25669.0,2,0,f.25669.2.0,dMRI_weighted_mean_ICVF_posterior_thalamic_radiation_left,Weighted-mean ICVF in tract posterior thalamic radiation (left),dMRI_weighted_mean,ICVF,posterior thalamic radiation (left),primary,rank_inverse_normal,True,classified_by=dict,basket,1
25670.0,2,0,f.25670.2.0,dMRI_weighted_mean_ICVF_posterior_thalamic_radiation_right,Weighted-mean ICVF in tract posterior thalamic radiation (right),dMRI_weighted_mean,ICVF,posterior thalamic radiation (right),primary,rank_inverse_normal,True,classified_by=dict,basket,1
25671.0,2,0,f.25671.2.0,dMRI_weighted_mean_ICVF_superior_longitudinal_fasciculus_left,Weighted-mean ICVF in tract superior longitudinal fasciculus (left),dMRI_weighted_mean,ICVF,superior longitudinal fasciculus (left),primary,rank_inverse_normal,True,classified_by=dict,basket,1
25672.0,2,0,f.25672.2.0,dMRI_weighted_mean_ICVF_superior_longitudinal_fasciculus_right,Weighted-mean ICVF in tract superior longitudinal fasciculus (right),dMRI_weighted_mean,ICVF,superior longitudinal fasciculus (right),primary,rank_inverse_normal,True,classified_by=dict,basket,1
25673.0,2,0,f.25673.2.0,dMRI_weighted_mean_ICVF_superior_thalamic_radiation_left,Weighted-mean ICVF in tract superior thalamic radiation (left),dMRI_weighted_mean,ICVF,superior thalamic radiation (left),primary,rank_inverse_normal,True,classified_by=dict,basket,0
25674.0,2,0,f.25674.2.0,dMRI_weighted_mean_ICVF_superior_thalamic_radiation_right,Weighted-mean ICVF in tract superior thalamic radiation (right),dMRI_weighted_mean,ICVF,superior thalamic radiation (right),primary,rank_inverse_normal,True,classified_by=dict,basket,0
25675.0,2,0,f.25675.2.0,dMRI_weighted_mean_ICVF_uncinate_fasciculus_left,Weighted-mean ICVF in tract uncinate fasciculus (left),dMRI_weighted_mean,ICVF,uncinate fasciculus (left),primary,rank_inverse_normal,True,classified_by=dict,basket,0
25676.0,2,0,f.25676.2.0,dMRI_weighted_mean_ICVF_uncinate_fasciculus_right,Weighted-mean ICVF in tract uncinate fasciculus (right),dMRI_weighted_mean,ICVF,uncinate fasciculus (right),primary,rank_inverse_normal,True,classified_by=dict,basket,0
25677.0,2,0,f.25677.2.0,dMRI_weighted_mean_OD_acoustic_radiation_left,Weighted-mean OD in tract acoustic radiation (left),dMRI_weighted_mean,OD,acoustic radiation (left),primary,rank_inverse_normal,True,classified_by=dict,basket,0
25678.0,2,0,f.25678.2.0,dMRI_weighted_mean_OD_acoustic_radiation_right,Weighted-mean OD in tract acoustic radiation (right),dMRI_weighted_mean,OD,acoustic radiation (right),primary,rank_inverse_normal,True,classified_by=dict,basket,0
25679.0,2,0,f.25679.2.0,dMRI_weighted_mean_OD_anterior_thalamic_radiation_left,Weighted-mean OD in tract anterior thalamic radiation (left),dMRI_weighted_mean,OD,anterior thalamic radiation (left),primary,rank_inverse_normal,True,classified_by=dict,basket,0
25680.0,2,0,f.25680.2.0,dMRI_weighted_mean_OD_anterior_thalamic_radiation_right,Weighted-mean OD in tract anterior thalamic radiation (right),dMRI_weighted_mean,OD,anterior thalamic radiation (right),primary,rank_inverse_normal,True,classified_by=dict,basket,0
25681.0,2,0,f.25681.2.0,dMRI_weighted_mean_OD_cingulate_gyrus_part_of_cingulum_left,Weighted-mean OD in tract cingulate gyrus part of cingulum (left),dMRI_weighted_mean,OD,cingulate gyrus part of cingulum (left),primary,rank_inverse_normal,True,classified_by=dict,basket,1
25682.0,2,0,f.25682.2.0,dMRI_weighted_mean_OD_cingulate_gyrus_part_of_cingulum_right,Weighted-mean OD in tract cingulate gyrus part of cingulum (right),dMRI_weighted_mean,OD,cingulate gyrus part of cingulum (right),primary,rank_inverse_normal,True,classified_by=dict,basket,1
25683.0,2,0,f.25683.2.0,dMRI_weighted_mean_OD_parahippocampal_part_of_cingulum_left,Weighted-mean OD in tract parahippocampal part of cingulum (left),dMRI_weighted_mean,OD,parahippocampal part of cingulum (left),primary,rank_inverse_normal,True,classified_by=dict,basket,1
25684.0,2,0,f.25684.2.0,dMRI_weighted_mean_OD_parahippocampal_part_of_cingulum_right,Weighted-mean OD in tract parahippocampal part of cingulum (right),dMRI_weighted_mean,OD,parahippocampal part of cingulum (right),primary,rank_inverse_normal,True,classified_by=dict,basket,1
25685.0,2,0,f.25685.2.0,dMRI_weighted_mean_OD_corticospinal_tract_left,Weighted-mean OD in tract corticospinal tract (left),dMRI_weighted_mean,OD,corticospinal tract (left),primary,rank_inverse_normal,True,classified_by=dict,basket,1
25686.0,2,0,f.25686.2.0,dMRI_weighted_mean_OD_corticospinal_tract_right,Weighted-mean OD in tract corticospinal tract (right),dMRI_weighted_mean,OD,corticospinal tract (right),primary,rank_inverse_normal,True,classified_by=dict,basket,1
25687.0,2,0,f.25687.2.0,dMRI_weighted_mean_OD_forceps_major,Weighted-mean OD in tract forceps major,dMRI_weighted_mean,OD,forceps major,primary,rank_inverse_normal,True,classified_by=dict,basket,0
25688.0,2,0,f.25688.2.0,dMRI_weighted_mean_OD_forceps_minor,Weighted-mean OD in tract forceps minor,dMRI_weighted_mean,OD,forceps minor,primary,rank_inverse_normal,True,classified_by=dict,basket,0
25689.0,2,0,f.25689.2.0,dMRI_weighted_mean_OD_inferior_fronto_occipital_fasciculus_lef,Weighted-mean OD in tract inferior fronto-occipital fasciculus (left),dMRI_weighted_mean,OD,inferior fronto-occipital fasciculus (left),primary,rank_inverse_normal,True,classified_by=dict,basket,0
25690.0,2,0,f.25690.2.0,dMRI_weighted_mean_OD_inferior_fronto_occipital_fasciculus_rig,Weighted-mean OD in tract inferior fronto-occipital fasciculus (right),dMRI_weighted_mean,OD,inferior fronto-occipital fasciculus (right),primary,rank_inverse_normal,True,classified_by=dict,basket,0
25691.0,2,0,f.25691.2.0,dMRI_weighted_mean_OD_inferior_longitudinal_fasciculus_left,Weighted-mean OD in tract inferior longitudinal fasciculus (left),dMRI_weighted_mean,OD,inferior longitudinal fasciculus (left),primary,rank_inverse_normal,True,classified_by=dict,basket,0
25692.0,2,0,f.25692.2.0,dMRI_weighted_mean_OD_inferior_longitudinal_fasciculus_right,Weighted-mean OD in tract inferior longitudinal fasciculus (right),dMRI_weighted_mean,OD,inferior longitudinal fasciculus (right),primary,rank_inverse_normal,True,classified_by=dict,basket,0
25693.0,2,0,f.25693.2.0,dMRI_weighted_mean_OD_middle_cerebellar_peduncle,Weighted-mean OD in tract middle cerebellar peduncle,dMRI_weighted_mean,OD,middle cerebellar peduncle,primary,rank_inverse_normal,True,classified_by=dict,basket,0
25694.0,2,0,f.25694.2.0,dMRI_weighted_mean_OD_medial_lemniscus_left,Weighted-mean OD in tract medial lemniscus (left),dMRI_weighted_mean,OD,medial lemniscus (left),primary,rank_inverse_normal,True,classified_by=dict,basket,0
25695.0,2,0,f.25695.2.0,dMRI_weighted_mean_OD_medial_lemniscus_right,Weighted-mean OD in tract medial lemniscus (right),dMRI_weighted_mean,OD,medial lemniscus (right),primary,rank_inverse_normal,True,classified_by=dict,basket,0
25696.0,2,0,f.25696.2.0,dMRI_weighted_mean_OD_posterior_thalamic_radiation_left,Weighted-mean OD in tract posterior thalamic radiation (left),dMRI_weighted_mean,OD,posterior thalamic radiation (left),primary,rank_inverse_normal,True,classified_by=dict,basket,1
25697.0,2,0,f.25697.2.0,dMRI_weighted_mean_OD_posterior_thalamic_radiation_right,Weighted-mean OD in tract posterior thalamic radiation (right),dMRI_weighted_mean,OD,posterior thalamic radiation (right),primary,rank_inverse_normal,True,classified_by=dict,basket,1
25698.0,2,0,f.25698.2.0,dMRI_weighted_mean_OD_superior_longitudinal_fasciculus_left,Weighted-mean OD in tract superior longitudinal fasciculus (left),dMRI_weighted_mean,OD,superior longitudinal fasciculus (left),primary,rank_inverse_normal,True,classified_by=dict,basket,1
25699.0,2,0,f.25699.2.0,dMRI_weighted_mean_OD_superior_longitudinal_fasciculus_right,Weighted-mean OD in tract superior longitudinal fasciculus (right),dMRI_weighted_mean,OD,superior longitudinal fasciculus (right),primary,rank_inverse_normal,True,classified_by=dict,basket,1
25700.0,2,0,f.25700.2.0,dMRI_weighted_mean_OD_superior_thalamic_radiation_left,Weighted-mean OD in tract superior thalamic radiation (left),dMRI_weighted_mean,OD,superior thalamic radiation (left),primary,rank_inverse_normal,True,classified_by=dict,basket,0
25701.0,2,0,f.25701.2.0,dMRI_weighted_mean_OD_superior_thalamic_radiation_right,Weighted-mean OD in tract superior thalamic radiation (right),dMRI_weighted_mean,OD,superior thalamic radiation (right),primary,rank_inverse_normal,True,classified_by=dict,basket,0
25702.0,2,0,f.25702.2.0,dMRI_weighted_mean_OD_uncinate_fasciculus_left,Weighted-mean OD in tract uncinate fasciculus (left),dMRI_weighted_mean,OD,uncinate fasciculus (left),primary,rank_inverse_normal,True,classified_by=dict,basket,0
25703.0,2,0,f.25703.2.0,dMRI_weighted_mean_OD_uncinate_fasciculus_right,Weighted-mean OD in tract uncinate fasciculus (right),dMRI_weighted_mean,OD,uncinate fasciculus (right),primary,rank_inverse_normal,True,classified_by=dict,basket,0
25704.0,2,0,f.25704.2.0,dMRI_weighted_mean_ISOVF_acoustic_radiation_left,Weighted-mean ISOVF in tract acoustic radiation (left),dMRI_weighted_mean,ISOVF,acoustic radiation (left),primary,rank_inverse_normal,True,classified_by=dict,basket,0
25705.0,2,0,f.25705.2.0,dMRI_weighted_mean_ISOVF_acoustic_radiation_right,Weighted-mean ISOVF in tract acoustic radiation (right),dMRI_weighted_mean,ISOVF,acoustic radiation (right),primary,rank_inverse_normal,True,classified_by=dict,basket,0
25706.0,2,0,f.25706.2.0,dMRI_weighted_mean_ISOVF_anterior_thalamic_radiation_left,Weighted-mean ISOVF in tract anterior thalamic radiation (left),dMRI_weighted_mean,ISOVF,anterior thalamic radiation (left),primary,rank_inverse_normal,True,classified_by=dict,basket,0
25707.0,2,0,f.25707.2.0,dMRI_weighted_mean_ISOVF_anterior_thalamic_radiation_right,Weighted-mean ISOVF in tract anterior thalamic radiation (right),dMRI_weighted_mean,ISOVF,anterior thalamic radiation (right),primary,rank_inverse_normal,True,classified_by=dict,basket,0
25708.0,2,0,f.25708.2.0,dMRI_weighted_mean_ISOVF_cingulate_gyrus_part_of_cingulum_left,Weighted-mean ISOVF in tract cingulate gyrus part of cingulum (left),dMRI_weighted_mean,ISOVF,cingulate gyrus part of cingulum (left),primary,rank_inverse_normal,True,classified_by=dict,basket,1
25709.0,2,0,f.25709.2.0,dMRI_weighted_mean_ISOVF_cingulate_gyrus_part_of_cingulum_right,Weighted-mean ISOVF in tract cingulate gyrus part of cingulum (right),dMRI_weighted_mean,ISOVF,cingulate gyrus part of cingulum (right),primary,rank_inverse_normal,True,classified_by=dict,basket,1
25710.0,2,0,f.25710.2.0,dMRI_weighted_mean_ISOVF_parahippocampal_part_of_cingulum_left,Weighted-mean ISOVF in tract parahippocampal part of cingulum (left),dMRI_weighted_mean,ISOVF,parahippocampal part of cingulum (left),primary,rank_inverse_normal,True,classified_by=dict,basket,1
25711.0,2,0,f.25711.2.0,dMRI_weighted_mean_ISOVF_parahippocampal_part_of_cingulum_right,Weighted-mean ISOVF in tract parahippocampal part of cingulum (right),dMRI_weighted_mean,ISOVF,parahippocampal part of cingulum (right),primary,rank_inverse_normal,True,classified_by=dict,basket,1
25712.0,2,0,f.25712.2.0,dMRI_weighted_mean_ISOVF_corticospinal_tract_left,Weighted-mean ISOVF in tract corticospinal tract (left),dMRI_weighted_mean,ISOVF,corticospinal tract (left),primary,rank_inverse_normal,True,classified_by=dict,basket,1
25713.0,2,0,f.25713.2.0,dMRI_weighted_mean_ISOVF_corticospinal_tract_right,Weighted-mean ISOVF in tract corticospinal tract (right),dMRI_weighted_mean,ISOVF,corticospinal tract (right),primary,rank_inverse_normal,True,classified_by=dict,basket,1
25714.0,2,0,f.25714.2.0,dMRI_weighted_mean_ISOVF_forceps_major,Weighted-mean ISOVF in tract forceps major,dMRI_weighted_mean,ISOVF,forceps major,primary,rank_inverse_normal,True,classified_by=dict,basket,0
25715.0,2,0,f.25715.2.0,dMRI_weighted_mean_ISOVF_forceps_minor,Weighted-mean ISOVF in tract forceps minor,dMRI_weighted_mean,ISOVF,forceps minor,primary,rank_inverse_normal,True,classified_by=dict,basket,0
25716.0,2,0,f.25716.2.0,dMRI_weighted_mean_ISOVF_inferior_fronto_occipital_fasciculus_lef,Weighted-mean ISOVF in tract inferior fronto-occipital fasciculus (left),dMRI_weighted_mean,ISOVF,inferior fronto-occipital fasciculus (left),primary,rank_inverse_normal,True,classified_by=dict,basket,0
25717.0,2,0,f.25717.2.0,dMRI_weighted_mean_ISOVF_inferior_fronto_occipital_fasciculus_rig,Weighted-mean ISOVF in tract inferior fronto-occipital fasciculus (right),dMRI_weighted_mean,ISOVF,inferior fronto-occipital fasciculus (right),primary,rank_inverse_normal,True,classified_by=dict,basket,0
25718.0,2,0,f.25718.2.0,dMRI_weighted_mean_ISOVF_inferior_longitudinal_fasciculus_left,Weighted-mean ISOVF in tract inferior longitudinal fasciculus (left),dMRI_weighted_mean,ISOVF,inferior longitudinal fasciculus (left),primary,rank_inverse_normal,True,classified_by=dict,basket,0
25719.0,2,0,f.25719.2.0,dMRI_weighted_mean_ISOVF_inferior_longitudinal_fasciculus_right,Weighted-mean ISOVF in tract inferior longitudinal fasciculus (right),dMRI_weighted_mean,ISOVF,inferior longitudinal fasciculus (right),primary,rank_inverse_normal,True,classified_by=dict,basket,0
25720.0,2,0,f.25720.2.0,dMRI_weighted_mean_ISOVF_middle_cerebellar_peduncle,Weighted-mean ISOVF in tract middle cerebellar peduncle,dMRI_weighted_mean,ISOVF,middle cerebellar peduncle,primary,rank_inverse_normal,True,classified_by=dict,basket,0
25721.0,2,0,f.25721.2.0,dMRI_weighted_mean_ISOVF_medial_lemniscus_left,Weighted-mean ISOVF in tract medial lemniscus (left),dMRI_weighted_mean,ISOVF,medial lemniscus (left),primary,rank_inverse_normal,True,classified_by=dict,basket,0
25722.0,2,0,f.25722.2.0,dMRI_weighted_mean_ISOVF_medial_lemniscus_right,Weighted-mean ISOVF in tract medial lemniscus (right),dMRI_weighted_mean,ISOVF,medial lemniscus (right),primary,rank_inverse_normal,True,classified_by=dict,basket,0
25723.0,2,0,f.25723.2.0,dMRI_weighted_mean_ISOVF_posterior_thalamic_radiation_left,Weighted-mean ISOVF in tract posterior thalamic radiation (left),dMRI_weighted_mean,ISOVF,posterior thalamic radiation (left),primary,rank_inverse_normal,True,classified_by=dict,basket,1
25724.0,2,0,f.25724.2.0,dMRI_weighted_mean_ISOVF_posterior_thalamic_radiation_right,Weighted-mean ISOVF in tract posterior thalamic radiation (right),dMRI_weighted_mean,ISOVF,posterior thalamic radiation (right),primary,rank_inverse_normal,True,classified_by=dict,basket,1
25725.0,2,0,f.25725.2.0,dMRI_weighted_mean_ISOVF_superior_longitudinal_fasciculus_left,Weighted-mean ISOVF in tract superior longitudinal fasciculus (left),dMRI_weighted_mean,ISOVF,superior longitudinal fasciculus (left),primary,rank_inverse_normal,True,classified_by=dict,basket,1
25726.0,2,0,f.25726.2.0,dMRI_weighted_mean_ISOVF_superior_longitudinal_fasciculus_right,Weighted-mean ISOVF in tract superior longitudinal fasciculus (right),dMRI_weighted_mean,ISOVF,superior longitudinal fasciculus (right),primary,rank_inverse_normal,True,classified_by=dict,basket,1
25727.0,2,0,f.25727.2.0,dMRI_weighted_mean_ISOVF_superior_thalamic_radiation_left,Weighted-mean ISOVF in tract superior thalamic radiation (left),dMRI_weighted_mean,ISOVF,superior thalamic radiation (left),primary,rank_inverse_normal,True,classified_by=dict,basket,0
25728.0,2,0,f.25728.2.0,dMRI_weighted_mean_ISOVF_superior_thalamic_radiation_right,Weighted-mean ISOVF in tract superior thalamic radiation (right),dMRI_weighted_mean,ISOVF,superior thalamic radiation (right),primary,rank_inverse_normal,True,classified_by=dict,basket,0
25729.0,2,0,f.25729.2.0,dMRI_weighted_mean_ISOVF_uncinate_fasciculus_left,Weighted-mean ISOVF in tract uncinate fasciculus (left),dMRI_weighted_mean,ISOVF,uncinate fasciculus (left),primary,rank_inverse_normal,True,classified_by=dict,basket,0
25730.0,2,0,f.25730.2.0,dMRI_weighted_mean_ISOVF_uncinate_fasciculus_right,Weighted-mean ISOVF in tract uncinate fasciculus (right),dMRI_weighted_mean,ISOVF,uncinate fasciculus (right),primary,rank_inverse_normal,True,classified_by=dict,basket,0
25741.0,2,0,f.25741.2.0,rfMRI_motion,"Mean rfMRI head motion, averaged across space and time points",rfMRI,rfMRI_motion,,exploratory,rank_inverse_normal,False,classified_by=range,basket,0
25742.0,2,0,f.25742.2.0,tfMRI_motion,"Mean tfMRI head motion, averaged across space and time points",tfMRI,tfMRI_motion,,exploratory,rank_inverse_normal,False,classified_by=range,basket,0
25746.0,2,0,f.25746.2.0,dMRI_outlier_slices,Number of dMRI outlier slices detected and corrected,dMRI,dMRI_outlier_slices,,exploratory,rank_inverse_normal,False,classified_by=range,basket,0
25781.0,2,0,f.25781.2.0,WMH_volume,Total volume of white matter hyperintensities (from T1 and T2_FLAIR images),T2_FLAIR,WMH_volume,,secondary,log1p_then_rank_inverse,True,classified_by=range,basket,0
,2,0,,dMRI_TBSS_RD_callosum,Derived RD=(L2+L3)/2 for dMRI_TBSS tract callosum,dMRI_TBSS,RD,callosum,primary,rank_inverse_normal,True,derived,derived,0
,2,0,,dMRI_TBSS_RD_fornix,Derived RD=(L2+L3)/2 for dMRI_TBSS tract fornix,dMRI_TBSS,RD,fornix,primary,rank_inverse_normal,True,derived,derived,0
,2,0,,dMRI_TBSS_RD_lef,Derived RD=(L2+L3)/2 for dMRI_TBSS tract lef,dMRI_TBSS,RD,lef,primary,rank_inverse_normal,True,derived,derived,0
,2,0,,dMRI_TBSS_RD_left,Derived RD=(L2+L3)/2 for dMRI_TBSS tract left,dMRI_TBSS,RD,left,primary,rank_inverse_normal,True,derived,derived,0
,2,0,,dMRI_TBSS_RD_peduncle,Derived RD=(L2+L3)/2 for dMRI_TBSS tract peduncle,dMRI_TBSS,RD,peduncle,primary,rank_inverse_normal,True,derived,derived,0
,2,0,,dMRI_TBSS_RD_rig,Derived RD=(L2+L3)/2 for dMRI_TBSS tract rig,dMRI_TBSS,RD,rig,primary,rank_inverse_normal,True,derived,derived,0
,2,0,,dMRI_TBSS_RD_right,Derived RD=(L2+L3)/2 for dMRI_TBSS tract right,dMRI_TBSS,RD,right,primary,rank_inverse_normal,True,derived,derived,0
,2,0,,dMRI_TBSS_RD_tract,Derived RD=(L2+L3)/2 for dMRI_TBSS tract tract,dMRI_TBSS,RD,tract,primary,rank_inverse_normal,True,derived,derived,0
,2,0,,dMRI_weighted_mean_RD_lef,Derived RD=(L2+L3)/2 for dMRI_weighted_mean tract lef,dMRI_weighted_mean,RD,lef,primary,rank_inverse_normal,True,derived,derived,0
,2,0,,dMRI_weighted_mean_RD_left,Derived RD=(L2+L3)/2 for dMRI_weighted_mean tract left,dMRI_weighted_mean,RD,left,primary,rank_inverse_normal,True,derived,derived,0
,2,0,,dMRI_weighted_mean_RD_major,Derived RD=(L2+L3)/2 for dMRI_weighted_mean tract major,dMRI_weighted_mean,RD,major,primary,rank_inverse_normal,True,derived,derived,0
,2,0,,dMRI_weighted_mean_RD_minor,Derived RD=(L2+L3)/2 for dMRI_weighted_mean tract minor,dMRI_weighted_mean,RD,minor,primary,rank_inverse_normal,True,derived,derived,0
,2,0,,dMRI_weighted_mean_RD_peduncle,Derived RD=(L2+L3)/2 for dMRI_weighted_mean tract peduncle,dMRI_weighted_mean,RD,peduncle,primary,rank_inverse_normal,True,derived,derived,0
,2,0,,dMRI_weighted_mean_RD_rig,Derived RD=(L2+L3)/2 for dMRI_weighted_mean tract rig,dMRI_weighted_mean,RD,rig,primary,rank_inverse_normal,True,derived,derived,0
,2,0,,dMRI_weighted_mean_RD_right,Derived RD=(L2+L3)/2 for dMRI_weighted_mean tract right,dMRI_weighted_mean,RD,right,primary,rank_inverse_normal,True,derived,derived,0
