column_name,family,analysis_tier,confirmatory_role,field_id,field_id_base,panel,modality,metric,region,tier_source,include,include_in_lmm
SWI_deep_gm_QSM_f24467,exploratory_context,exploratory_context,exploratory,24467.0,24467.0,exploratory,SWI_deep_gm,QSM,,basket,True,False
SWI_deep_gm_QSM_f24468,exploratory_context,exploratory_context,exploratory,24468.0,24468.0,exploratory,SWI_deep_gm,QSM,,basket,True,False
SWI_deep_gm_QSM_f24469,exploratory_context,exploratory_context,exploratory,24469.0,24469.0,exploratory,SWI_deep_gm,QSM,,basket,True,False
SWI_deep_gm_QSM_f24470,exploratory_context,exploratory_context,exploratory,24470.0,24470.0,exploratory,SWI_deep_gm,QSM,,basket,True,False
SWI_deep_gm_QSM_f24471,exploratory_context,exploratory_context,exploratory,24471.0,24471.0,exploratory,SWI_deep_gm,QSM,,basket,True,False
SWI_deep_gm_QSM_f24472,exploratory_context,exploratory_context,exploratory,24472.0,24472.0,exploratory,SWI_deep_gm,QSM,,basket,True,False
SWI_deep_gm_QSM_f24473,exploratory_context,exploratory_context,exploratory,24473.0,24473.0,exploratory,SWI_deep_gm,QSM,,basket,True,False
SWI_deep_gm_QSM_f24474,exploratory_context,exploratory_context,exploratory,24474.0,24474.0,exploratory,SWI_deep_gm,QSM,,basket,True,False
SWI_deep_gm_QSM_f24475,exploratory_context,exploratory_context,exploratory,24475.0,24475.0,exploratory,SWI_deep_gm,QSM,,basket,True,False
SWI_deep_gm_QSM_f24476,exploratory_context,exploratory_context,exploratory,24476.0,24476.0,exploratory,SWI_deep_gm,QSM,,basket,True,False
SWI_deep_gm_QSM_f24477,exploratory_context,exploratory_context,exploratory,24477.0,24477.0,exploratory,SWI_deep_gm,QSM,,basket,True,False
SWI_deep_gm_QSM_f24478,exploratory_context,exploratory_context,exploratory,24478.0,24478.0,exploratory,SWI_deep_gm,QSM,,basket,True,False
SWI_deep_gm_QSM_f24479,exploratory_context,exploratory_context,exploratory,24479.0,24479.0,exploratory,SWI_deep_gm,QSM,,basket,True,False
SWI_deep_gm_QSM_f24480,exploratory_context,exploratory_context,exploratory,24480.0,24480.0,exploratory,SWI_deep_gm,QSM,,basket,True,False
SWI_deep_gm_QSM_f24481,exploratory_context,exploratory_context,exploratory,24481.0,24481.0,exploratory,SWI_deep_gm,QSM,,basket,True,False
SWI_deep_gm_QSM_f24482,exploratory_context,exploratory_context,exploratory,24482.0,24482.0,exploratory,SWI_deep_gm,QSM,,basket,True,False
SWI_deep_gm_QSM_f24483,exploratory_context,exploratory_context,exploratory,24483.0,24483.0,exploratory,SWI_deep_gm,QSM,,basket,True,False
SWI_deep_gm_QSM_f24484,exploratory_context,exploratory_context,exploratory,24484.0,24484.0,exploratory,SWI_deep_gm,QSM,,basket,True,False
WMH_count,controls,controls_pathology,control,24485.0,24485.0,secondary,T2_FLAIR,WMH_count,,basket,True,True
WMH_mean_volume,controls,controls_pathology,control,24486.0,24486.0,secondary,T2_FLAIR,WMH_mean_volume,,basket,True,True
head_size_scaling,unfocused,unfocused,excluded,25000.0,25000.0,exploratory,T1,head_size_scaling,Volumetric scaling from T1 head image to standard space,basket,False,False
WM_volume_normalized,exploratory_structural,exploratory_structural,exploratory,25007.0,25007.0,exploratory,T1,WM_volume_normalized,Volume of white matter (normalised for head size),basket,True,False
WM_volume_raw,exploratory_structural,exploratory_structural,exploratory,25008.0,25008.0,exploratory,T1,WM_volume_raw,Volume of white matter,basket,True,False
SWI_T2star_T2star_median_t2star_in_thalamus_left,exploratory_context,exploratory_context,exploratory,25026.0,25026.0,exploratory,SWI_T2star,T2star,Median T2star in thalamus (left),basket,True,False
SWI_T2star_T2star_median_t2star_in_thalamus_right,exploratory_context,exploratory_context,exploratory,25027.0,25027.0,exploratory,SWI_T2star,T2star,Median T2star in thalamus (right),basket,True,False
SWI_T2star_T2star_median_t2star_in_caudate_left,exploratory_context,exploratory_context,exploratory,25028.0,25028.0,exploratory,SWI_T2star,T2star,Median T2star in caudate (left),basket,True,False
SWI_T2star_T2star_median_t2star_in_caudate_right,exploratory_context,exploratory_context,exploratory,25029.0,25029.0,exploratory,SWI_T2star,T2star,Median T2star in caudate (right),basket,True,False
SWI_T2star_T2star_median_t2star_in_putamen_left,exploratory_context,exploratory_context,exploratory,25030.0,25030.0,exploratory,SWI_T2star,T2star,Median T2star in putamen (left),basket,True,False
SWI_T2star_T2star_median_t2star_in_putamen_right,exploratory_context,exploratory_context,exploratory,25031.0,25031.0,exploratory,SWI_T2star,T2star,Median T2star in putamen (right),basket,True,False
SWI_T2star_T2star_median_t2star_in_pallidum_left,exploratory_context,exploratory_context,exploratory,25032.0,25032.0,exploratory,SWI_T2star,T2star,Median T2star in pallidum (left),basket,True,False
SWI_T2star_T2star_median_t2star_in_pallidum_right,exploratory_context,exploratory_context,exploratory,25033.0,25033.0,exploratory,SWI_T2star,T2star,Median T2star in pallidum (right),basket,True,False
SWI_T2star_T2star_median_t2star_in_hippocampus_left,exploratory_context,exploratory_context,exploratory,25034.0,25034.0,exploratory,SWI_T2star,T2star,Median T2star in hippocampus (left),basket,True,False
SWI_T2star_T2star_median_t2star_in_hippocampus_right,exploratory_context,exploratory_context,exploratory,25035.0,25035.0,exploratory,SWI_T2star,T2star,Median T2star in hippocampus (right),basket,True,False
SWI_T2star_T2star_median_t2star_in_amygdala_left,exploratory_context,exploratory_context,exploratory,25036.0,25036.0,exploratory,SWI_T2star,T2star,Median T2star in amygdala (left),basket,True,False
SWI_T2star_T2star_median_t2star_in_amygdala_right,exploratory_context,exploratory_context,exploratory,25037.0,25037.0,exploratory,SWI_T2star,T2star,Median T2star in amygdala (right),basket,True,False
SWI_T2star_T2star_median_t2star_in_accumbens_left,exploratory_context,exploratory_context,exploratory,25038.0,25038.0,exploratory,SWI_T2star,T2star,Median T2star in accumbens (left),basket,True,False
SWI_T2star_T2star_median_t2star_in_accumbens_right,exploratory_context,exploratory_context,exploratory,25039.0,25039.0,exploratory,SWI_T2star,T2star,Median T2star in accumbens (right),basket,True,False
dMRI_TBSS_FA_middle_cerebellar_peduncle,unfocused_dmri,unfocused_dmri,background,25056.0,25056.0,primary,dMRI_TBSS,FA,middle cerebellar peduncle,basket,False,False
dMRI_TBSS_FA_pontine_crossing_tract,unfocused_dmri,unfocused_dmri,background,25057.0,25057.0,primary,dMRI_TBSS,FA,pontine crossing tract,basket,False,False
dMRI_TBSS_FA_genu_of_corpus_callosum,primary_skeleton_tensor,primary_skeleton_tensor,primary,25058.0,25058.0,primary,dMRI_TBSS,FA,genu of corpus callosum,basket,True,True
dMRI_TBSS_FA_body_of_corpus_callosum,primary_skeleton_tensor,primary_skeleton_tensor,primary,25059.0,25059.0,primary,dMRI_TBSS,FA,body of corpus callosum,basket,True,True
dMRI_TBSS_FA_splenium_of_corpus_callosum,primary_skeleton_tensor,primary_skeleton_tensor,primary,25060.0,25060.0,primary,dMRI_TBSS,FA,splenium of corpus callosum,basket,True,True
dMRI_TBSS_FA_fornix,unfocused_dmri,unfocused_dmri,background,25061.0,25061.0,primary,dMRI_TBSS,FA,fornix,basket,False,False
dMRI_TBSS_FA_corticospinal_tract_right,primary_skeleton_tensor,primary_skeleton_tensor,primary,25062.0,25062.0,primary,dMRI_TBSS,FA,corticospinal tract (right),basket,True,True
dMRI_TBSS_FA_corticospinal_tract_left,primary_skeleton_tensor,primary_skeleton_tensor,primary,25063.0,25063.0,primary,dMRI_TBSS,FA,corticospinal tract (left),basket,True,True
dMRI_TBSS_FA_medial_lemniscus_right,unfocused_dmri,unfocused_dmri,background,25064.0,25064.0,primary,dMRI_TBSS,FA,medial lemniscus (right),basket,False,False
dMRI_TBSS_FA_medial_lemniscus_left,unfocused_dmri,unfocused_dmri,background,25065.0,25065.0,primary,dMRI_TBSS,FA,medial lemniscus (left),basket,False,False
dMRI_TBSS_FA_inferior_cerebellar_peduncle_right,unfocused_dmri,unfocused_dmri,background,25066.0,25066.0,primary,dMRI_TBSS,FA,inferior cerebellar peduncle (right),basket,False,False
dMRI_TBSS_FA_inferior_cerebellar_peduncle_left,unfocused_dmri,unfocused_dmri,background,25067.0,25067.0,primary,dMRI_TBSS,FA,inferior cerebellar peduncle (left),basket,False,False
dMRI_TBSS_FA_superior_cerebellar_peduncle_right,unfocused_dmri,unfocused_dmri,background,25068.0,25068.0,primary,dMRI_TBSS,FA,superior cerebellar peduncle (right),basket,False,False
dMRI_TBSS_FA_superior_cerebellar_peduncle_left,unfocused_dmri,unfocused_dmri,background,25069.0,25069.0,primary,dMRI_TBSS,FA,superior cerebellar peduncle (left),basket,False,False
dMRI_TBSS_FA_cerebral_peduncle_right,primary_skeleton_tensor,primary_skeleton_tensor,primary,25070.0,25070.0,primary,dMRI_TBSS,FA,cerebral peduncle (right),basket,True,True
dMRI_TBSS_FA_cerebral_peduncle_left,primary_skeleton_tensor,primary_skeleton_tensor,primary,25071.0,25071.0,primary,dMRI_TBSS,FA,cerebral peduncle (left),basket,True,True
dMRI_TBSS_FA_anterior_limb_of_internal_capsule_right,unfocused_dmri,unfocused_dmri,background,25072.0,25072.0,primary,dMRI_TBSS,FA,anterior limb of internal capsule (right),basket,False,False
dMRI_TBSS_FA_anterior_limb_of_internal_capsule_left,unfocused_dmri,unfocused_dmri,background,25073.0,25073.0,primary,dMRI_TBSS,FA,anterior limb of internal capsule (left),basket,False,False
dMRI_TBSS_FA_posterior_limb_of_internal_capsule_right,primary_skeleton_tensor,primary_skeleton_tensor,primary,25074.0,25074.0,primary,dMRI_TBSS,FA,posterior limb of internal capsule (right),basket,True,True
dMRI_TBSS_FA_posterior_limb_of_internal_capsule_left,primary_skeleton_tensor,primary_skeleton_tensor,primary,25075.0,25075.0,primary,dMRI_TBSS,FA,posterior limb of internal capsule (left),basket,True,True
dMRI_TBSS_FA_retrolenticular_part_of_internal_capsule_f25076,unfocused_dmri,unfocused_dmri,background,25076.0,25076.0,primary,dMRI_TBSS,FA,retrolenticular part of internal capsule (right),basket,False,False
dMRI_TBSS_FA_retrolenticular_part_of_internal_capsule_f25077,unfocused_dmri,unfocused_dmri,background,25077.0,25077.0,primary,dMRI_TBSS,FA,retrolenticular part of internal capsule (left),basket,False,False
dMRI_TBSS_FA_anterior_corona_radiata_right,primary_skeleton_tensor,primary_skeleton_tensor,primary,25078.0,25078.0,primary,dMRI_TBSS,FA,anterior corona radiata (right),basket,True,True
dMRI_TBSS_FA_anterior_corona_radiata_left,primary_skeleton_tensor,primary_skeleton_tensor,primary,25079.0,25079.0,primary,dMRI_TBSS,FA,anterior corona radiata (left),basket,True,True
dMRI_TBSS_FA_superior_corona_radiata_right,primary_skeleton_tensor,primary_skeleton_tensor,primary,25080.0,25080.0,primary,dMRI_TBSS,FA,superior corona radiata (right),basket,True,True
dMRI_TBSS_FA_superior_corona_radiata_left,primary_skeleton_tensor,primary_skeleton_tensor,primary,25081.0,25081.0,primary,dMRI_TBSS,FA,superior corona radiata (left),basket,True,True
dMRI_TBSS_FA_posterior_corona_radiata_right,primary_skeleton_tensor,primary_skeleton_tensor,primary,25082.0,25082.0,primary,dMRI_TBSS,FA,posterior corona radiata (right),basket,True,True
dMRI_TBSS_FA_posterior_corona_radiata_left,primary_skeleton_tensor,primary_skeleton_tensor,primary,25083.0,25083.0,primary,dMRI_TBSS,FA,posterior corona radiata (left),basket,True,True
dMRI_TBSS_FA_posterior_thalamic_radiation_right,primary_skeleton_tensor,primary_skeleton_tensor,primary,25084.0,25084.0,primary,dMRI_TBSS,FA,posterior thalamic radiation (right),basket,True,True
dMRI_TBSS_FA_posterior_thalamic_radiation_left,primary_skeleton_tensor,primary_skeleton_tensor,primary,25085.0,25085.0,primary,dMRI_TBSS,FA,posterior thalamic radiation (left),basket,True,True
dMRI_TBSS_FA_sagittal_stratum_right,unfocused_dmri,unfocused_dmri,background,25086.0,25086.0,primary,dMRI_TBSS,FA,sagittal stratum (right),basket,False,False
dMRI_TBSS_FA_sagittal_stratum_left,unfocused_dmri,unfocused_dmri,background,25087.0,25087.0,primary,dMRI_TBSS,FA,sagittal stratum (left),basket,False,False
dMRI_TBSS_FA_external_capsule_right,unfocused_dmri,unfocused_dmri,background,25088.0,25088.0,primary,dMRI_TBSS,FA,external capsule (right),basket,False,False
dMRI_TBSS_FA_external_capsule_left,unfocused_dmri,unfocused_dmri,background,25089.0,25089.0,primary,dMRI_TBSS,FA,external capsule (left),basket,False,False
dMRI_TBSS_FA_cingulum_cingulate_gyrus_right,unfocused_dmri,unfocused_dmri,background,25090.0,25090.0,primary,dMRI_TBSS,FA,cingulum cingulate gyrus (right),basket,False,False
dMRI_TBSS_FA_cingulum_cingulate_gyrus_left,unfocused_dmri,unfocused_dmri,background,25091.0,25091.0,primary,dMRI_TBSS,FA,cingulum cingulate gyrus (left),basket,False,False
dMRI_TBSS_FA_cingulum_hippocampus_right,unfocused_dmri,unfocused_dmri,background,25092.0,25092.0,primary,dMRI_TBSS,FA,cingulum hippocampus (right),basket,False,False
dMRI_TBSS_FA_cingulum_hippocampus_left,unfocused_dmri,unfocused_dmri,background,25093.0,25093.0,primary,dMRI_TBSS,FA,cingulum hippocampus (left),basket,False,False
dMRI_TBSS_FA_fornix_cres_stria_terminalis_right,unfocused_dmri,unfocused_dmri,background,25094.0,25094.0,primary,dMRI_TBSS,FA,fornix cres+stria terminalis (right),basket,False,False
dMRI_TBSS_FA_fornix_cres_stria_terminalis_left,unfocused_dmri,unfocused_dmri,background,25095.0,25095.0,primary,dMRI_TBSS,FA,fornix cres+stria terminalis (left),basket,False,False
dMRI_TBSS_FA_superior_longitudinal_fasciculus_right,unfocused_dmri,unfocused_dmri,background,25096.0,25096.0,primary,dMRI_TBSS,FA,superior longitudinal fasciculus (right),basket,False,False
dMRI_TBSS_FA_superior_longitudinal_fasciculus_left,unfocused_dmri,unfocused_dmri,background,25097.0,25097.0,primary,dMRI_TBSS,FA,superior longitudinal fasciculus (left),basket,False,False
dMRI_TBSS_FA_superior_fronto_occipital_fasciculus_rig,unfocused_dmri,unfocused_dmri,background,25098.0,25098.0,primary,dMRI_TBSS,FA,superior fronto-occipital fasciculus (right),basket,False,False
dMRI_TBSS_FA_superior_fronto_occipital_fasciculus_lef,unfocused_dmri,unfocused_dmri,background,25099.0,25099.0,primary,dMRI_TBSS,FA,superior fronto-occipital fasciculus (left),basket,False,False
dMRI_TBSS_FA_uncinate_fasciculus_right,unfocused_dmri,unfocused_dmri,background,25100.0,25100.0,primary,dMRI_TBSS,FA,uncinate fasciculus (right),basket,False,False
dMRI_TBSS_FA_uncinate_fasciculus_left,unfocused_dmri,unfocused_dmri,background,25101.0,25101.0,primary,dMRI_TBSS,FA,uncinate fasciculus (left),basket,False,False
dMRI_TBSS_FA_tapetum_right,unfocused_dmri,unfocused_dmri,background,25102.0,25102.0,primary,dMRI_TBSS,FA,tapetum (right),basket,False,False
dMRI_TBSS_FA_tapetum_left,unfocused_dmri,unfocused_dmri,background,25103.0,25103.0,primary,dMRI_TBSS,FA,tapetum (left),basket,False,False
dMRI_TBSS_MD_middle_cerebellar_peduncle,unfocused_dmri,unfocused_dmri,background,25104.0,25056.0,primary,dMRI_TBSS,MD,middle cerebellar peduncle,basket,False,False
dMRI_TBSS_MD_pontine_crossing_tract,unfocused_dmri,unfocused_dmri,background,25105.0,25057.0,primary,dMRI_TBSS,MD,pontine crossing tract,basket,False,False
dMRI_TBSS_MD_genu_of_corpus_callosum,primary_skeleton_tensor,primary_skeleton_tensor,primary,25106.0,25058.0,primary,dMRI_TBSS,MD,genu of corpus callosum,basket,True,True
dMRI_TBSS_MD_body_of_corpus_callosum,primary_skeleton_tensor,primary_skeleton_tensor,primary,25107.0,25059.0,primary,dMRI_TBSS,MD,body of corpus callosum,basket,True,True
dMRI_TBSS_MD_splenium_of_corpus_callosum,primary_skeleton_tensor,primary_skeleton_tensor,primary,25108.0,25060.0,primary,dMRI_TBSS,MD,splenium of corpus callosum,basket,True,True
dMRI_TBSS_MD_fornix,unfocused_dmri,unfocused_dmri,background,25109.0,25061.0,primary,dMRI_TBSS,MD,fornix,basket,False,False
dMRI_TBSS_MD_corticospinal_tract_right,primary_skeleton_tensor,primary_skeleton_tensor,primary,25110.0,25062.0,primary,dMRI_TBSS,MD,corticospinal tract (right),basket,True,True
dMRI_TBSS_MD_corticospinal_tract_left,primary_skeleton_tensor,primary_skeleton_tensor,primary,25111.0,25063.0,primary,dMRI_TBSS,MD,corticospinal tract (left),basket,True,True
dMRI_TBSS_MD_medial_lemniscus_right,unfocused_dmri,unfocused_dmri,background,25112.0,25064.0,primary,dMRI_TBSS,MD,medial lemniscus (right),basket,False,False
dMRI_TBSS_MD_medial_lemniscus_left,unfocused_dmri,unfocused_dmri,background,25113.0,25065.0,primary,dMRI_TBSS,MD,medial lemniscus (left),basket,False,False
dMRI_TBSS_MD_inferior_cerebellar_peduncle_right,unfocused_dmri,unfocused_dmri,background,25114.0,25066.0,primary,dMRI_TBSS,MD,inferior cerebellar peduncle (right),basket,False,False
dMRI_TBSS_MD_inferior_cerebellar_peduncle_left,unfocused_dmri,unfocused_dmri,background,25115.0,25067.0,primary,dMRI_TBSS,MD,inferior cerebellar peduncle (left),basket,False,False
dMRI_TBSS_MD_superior_cerebellar_peduncle_right,unfocused_dmri,unfocused_dmri,background,25116.0,25068.0,primary,dMRI_TBSS,MD,superior cerebellar peduncle (right),basket,False,False
dMRI_TBSS_MD_superior_cerebellar_peduncle_left,unfocused_dmri,unfocused_dmri,background,25117.0,25069.0,primary,dMRI_TBSS,MD,superior cerebellar peduncle (left),basket,False,False
dMRI_TBSS_MD_cerebral_peduncle_right,primary_skeleton_tensor,primary_skeleton_tensor,primary,25118.0,25070.0,primary,dMRI_TBSS,MD,cerebral peduncle (right),basket,True,True
dMRI_TBSS_MD_cerebral_peduncle_left,primary_skeleton_tensor,primary_skeleton_tensor,primary,25119.0,25071.0,primary,dMRI_TBSS,MD,cerebral peduncle (left),basket,True,True
dMRI_TBSS_MD_anterior_limb_of_internal_capsule_right,unfocused_dmri,unfocused_dmri,background,25120.0,25072.0,primary,dMRI_TBSS,MD,anterior limb of internal capsule (right),basket,False,False
dMRI_TBSS_MD_anterior_limb_of_internal_capsule_left,unfocused_dmri,unfocused_dmri,background,25121.0,25073.0,primary,dMRI_TBSS,MD,anterior limb of internal capsule (left),basket,False,False
dMRI_TBSS_MD_posterior_limb_of_internal_capsule_right,primary_skeleton_tensor,primary_skeleton_tensor,primary,25122.0,25074.0,primary,dMRI_TBSS,MD,posterior limb of internal capsule (right),basket,True,True
dMRI_TBSS_MD_posterior_limb_of_internal_capsule_left,primary_skeleton_tensor,primary_skeleton_tensor,primary,25123.0,25075.0,primary,dMRI_TBSS,MD,posterior limb of internal capsule (left),basket,True,True
dMRI_TBSS_MD_retrolenticular_part_of_internal_capsule_f25124,unfocused_dmri,unfocused_dmri,background,25124.0,25076.0,primary,dMRI_TBSS,MD,retrolenticular part of internal capsule (right),basket,False,False
dMRI_TBSS_MD_retrolenticular_part_of_internal_capsule_f25125,unfocused_dmri,unfocused_dmri,background,25125.0,25077.0,primary,dMRI_TBSS,MD,retrolenticular part of internal capsule (left),basket,False,False
dMRI_TBSS_MD_anterior_corona_radiata_right,primary_skeleton_tensor,primary_skeleton_tensor,primary,25126.0,25078.0,primary,dMRI_TBSS,MD,anterior corona radiata (right),basket,True,True
dMRI_TBSS_MD_anterior_corona_radiata_left,primary_skeleton_tensor,primary_skeleton_tensor,primary,25127.0,25079.0,primary,dMRI_TBSS,MD,anterior corona radiata (left),basket,True,True
dMRI_TBSS_MD_superior_corona_radiata_right,primary_skeleton_tensor,primary_skeleton_tensor,primary,25128.0,25080.0,primary,dMRI_TBSS,MD,superior corona radiata (right),basket,True,True
dMRI_TBSS_MD_superior_corona_radiata_left,primary_skeleton_tensor,primary_skeleton_tensor,primary,25129.0,25081.0,primary,dMRI_TBSS,MD,superior corona radiata (left),basket,True,True
dMRI_TBSS_MD_posterior_corona_radiata_right,primary_skeleton_tensor,primary_skeleton_tensor,primary,25130.0,25082.0,primary,dMRI_TBSS,MD,posterior corona radiata (right),basket,True,True
dMRI_TBSS_MD_posterior_corona_radiata_left,primary_skeleton_tensor,primary_skeleton_tensor,primary,25131.0,25083.0,primary,dMRI_TBSS,MD,posterior corona radiata (left),basket,True,True
dMRI_TBSS_MD_posterior_thalamic_radiation_right,primary_skeleton_tensor,primary_skeleton_tensor,primary,25132.0,25084.0,primary,dMRI_TBSS,MD,posterior thalamic radiation (right),basket,True,True
dMRI_TBSS_MD_posterior_thalamic_radiation_left,primary_skeleton_tensor,primary_skeleton_tensor,primary,25133.0,25085.0,primary,dMRI_TBSS,MD,posterior thalamic radiation (left),basket,True,True
dMRI_TBSS_MD_sagittal_stratum_right,unfocused_dmri,unfocused_dmri,background,25134.0,25086.0,primary,dMRI_TBSS,MD,sagittal stratum (right),basket,False,False
dMRI_TBSS_MD_sagittal_stratum_left,unfocused_dmri,unfocused_dmri,background,25135.0,25087.0,primary,dMRI_TBSS,MD,sagittal stratum (left),basket,False,False
dMRI_TBSS_MD_external_capsule_right,unfocused_dmri,unfocused_dmri,background,25136.0,25088.0,primary,dMRI_TBSS,MD,external capsule (right),basket,False,False
dMRI_TBSS_MD_external_capsule_left,unfocused_dmri,unfocused_dmri,background,25137.0,25089.0,primary,dMRI_TBSS,MD,external capsule (left),basket,False,False
dMRI_TBSS_MD_cingulum_cingulate_gyrus_right,unfocused_dmri,unfocused_dmri,background,25138.0,25090.0,primary,dMRI_TBSS,MD,cingulum cingulate gyrus (right),basket,False,False
dMRI_TBSS_MD_cingulum_cingulate_gyrus_left,unfocused_dmri,unfocused_dmri,background,25139.0,25091.0,primary,dMRI_TBSS,MD,cingulum cingulate gyrus (left),basket,False,False
dMRI_TBSS_MD_cingulum_hippocampus_right,unfocused_dmri,unfocused_dmri,background,25140.0,25092.0,primary,dMRI_TBSS,MD,cingulum hippocampus (right),basket,False,False
dMRI_TBSS_MD_cingulum_hippocampus_left,unfocused_dmri,unfocused_dmri,background,25141.0,25093.0,primary,dMRI_TBSS,MD,cingulum hippocampus (left),basket,False,False
dMRI_TBSS_MD_fornix_cres_stria_terminalis_right,unfocused_dmri,unfocused_dmri,background,25142.0,25094.0,primary,dMRI_TBSS,MD,fornix cres+stria terminalis (right),basket,False,False
dMRI_TBSS_MD_fornix_cres_stria_terminalis_left,unfocused_dmri,unfocused_dmri,background,25143.0,25095.0,primary,dMRI_TBSS,MD,fornix cres+stria terminalis (left),basket,False,False
dMRI_TBSS_MD_superior_longitudinal_fasciculus_right,unfocused_dmri,unfocused_dmri,background,25144.0,25096.0,primary,dMRI_TBSS,MD,superior longitudinal fasciculus (right),basket,False,False
dMRI_TBSS_MD_superior_longitudinal_fasciculus_left,unfocused_dmri,unfocused_dmri,background,25145.0,25097.0,primary,dMRI_TBSS,MD,superior longitudinal fasciculus (left),basket,False,False
dMRI_TBSS_MD_superior_fronto_occipital_fasciculus_rig,unfocused_dmri,unfocused_dmri,background,25146.0,25098.0,primary,dMRI_TBSS,MD,superior fronto-occipital fasciculus (right),basket,False,False
dMRI_TBSS_MD_superior_fronto_occipital_fasciculus_lef,unfocused_dmri,unfocused_dmri,background,25147.0,25099.0,primary,dMRI_TBSS,MD,superior fronto-occipital fasciculus (left),basket,False,False
dMRI_TBSS_MD_uncinate_fasciculus_right,unfocused_dmri,unfocused_dmri,background,25148.0,25100.0,primary,dMRI_TBSS,MD,uncinate fasciculus (right),basket,False,False
dMRI_TBSS_MD_uncinate_fasciculus_left,unfocused_dmri,unfocused_dmri,background,25149.0,25101.0,primary,dMRI_TBSS,MD,uncinate fasciculus (left),basket,False,False
dMRI_TBSS_MD_tapetum_right,unfocused_dmri,unfocused_dmri,background,25150.0,25102.0,primary,dMRI_TBSS,MD,tapetum (right),basket,False,False
dMRI_TBSS_MD_tapetum_left,unfocused_dmri,unfocused_dmri,background,25151.0,25103.0,primary,dMRI_TBSS,MD,tapetum (left),basket,False,False
dMRI_TBSS_MO_middle_cerebellar_peduncle,unfocused_dmri,unfocused_dmri,background,25152.0,25056.0,exploratory,dMRI_TBSS,MO,middle cerebellar peduncle,basket,False,False
dMRI_TBSS_MO_pontine_crossing_tract,unfocused_dmri,unfocused_dmri,background,25153.0,25057.0,exploratory,dMRI_TBSS,MO,pontine crossing tract,basket,False,False
dMRI_TBSS_MO_genu_of_corpus_callosum,exploratory_focused_dmri,exploratory_focused_dmri,exploratory,25154.0,25058.0,exploratory,dMRI_TBSS,MO,genu of corpus callosum,basket,False,False
dMRI_TBSS_MO_body_of_corpus_callosum,exploratory_focused_dmri,exploratory_focused_dmri,exploratory,25155.0,25059.0,exploratory,dMRI_TBSS,MO,body of corpus callosum,basket,False,False
dMRI_TBSS_MO_splenium_of_corpus_callosum,exploratory_focused_dmri,exploratory_focused_dmri,exploratory,25156.0,25060.0,exploratory,dMRI_TBSS,MO,splenium of corpus callosum,basket,False,False
dMRI_TBSS_MO_fornix,unfocused_dmri,unfocused_dmri,background,25157.0,25061.0,exploratory,dMRI_TBSS,MO,fornix,basket,False,False
dMRI_TBSS_MO_corticospinal_tract_right,exploratory_focused_dmri,exploratory_focused_dmri,exploratory,25158.0,25062.0,exploratory,dMRI_TBSS,MO,corticospinal tract (right),basket,False,False
dMRI_TBSS_MO_corticospinal_tract_left,exploratory_focused_dmri,exploratory_focused_dmri,exploratory,25159.0,25063.0,exploratory,dMRI_TBSS,MO,corticospinal tract (left),basket,False,False
dMRI_TBSS_MO_medial_lemniscus_right,unfocused_dmri,unfocused_dmri,background,25160.0,25064.0,exploratory,dMRI_TBSS,MO,medial lemniscus (right),basket,False,False
dMRI_TBSS_MO_medial_lemniscus_left,unfocused_dmri,unfocused_dmri,background,25161.0,25065.0,exploratory,dMRI_TBSS,MO,medial lemniscus (left),basket,False,False
dMRI_TBSS_MO_inferior_cerebellar_peduncle_right,unfocused_dmri,unfocused_dmri,background,25162.0,25066.0,exploratory,dMRI_TBSS,MO,inferior cerebellar peduncle (right),basket,False,False
dMRI_TBSS_MO_inferior_cerebellar_peduncle_left,unfocused_dmri,unfocused_dmri,background,25163.0,25067.0,exploratory,dMRI_TBSS,MO,inferior cerebellar peduncle (left),basket,False,False
dMRI_TBSS_MO_superior_cerebellar_peduncle_right,unfocused_dmri,unfocused_dmri,background,25164.0,25068.0,exploratory,dMRI_TBSS,MO,superior cerebellar peduncle (right),basket,False,False
dMRI_TBSS_MO_superior_cerebellar_peduncle_left,unfocused_dmri,unfocused_dmri,background,25165.0,25069.0,exploratory,dMRI_TBSS,MO,superior cerebellar peduncle (left),basket,False,False
dMRI_TBSS_MO_cerebral_peduncle_right,exploratory_focused_dmri,exploratory_focused_dmri,exploratory,25166.0,25070.0,exploratory,dMRI_TBSS,MO,cerebral peduncle (right),basket,False,False
dMRI_TBSS_MO_cerebral_peduncle_left,exploratory_focused_dmri,exploratory_focused_dmri,exploratory,25167.0,25071.0,exploratory,dMRI_TBSS,MO,cerebral peduncle (left),basket,False,False
dMRI_TBSS_MO_anterior_limb_of_internal_capsule_right,unfocused_dmri,unfocused_dmri,background,25168.0,25072.0,exploratory,dMRI_TBSS,MO,anterior limb of internal capsule (right),basket,False,False
dMRI_TBSS_MO_anterior_limb_of_internal_capsule_left,unfocused_dmri,unfocused_dmri,background,25169.0,25073.0,exploratory,dMRI_TBSS,MO,anterior limb of internal capsule (left),basket,False,False
dMRI_TBSS_MO_posterior_limb_of_internal_capsule_right,exploratory_focused_dmri,exploratory_focused_dmri,exploratory,25170.0,25074.0,exploratory,dMRI_TBSS,MO,posterior limb of internal capsule (right),basket,False,False
dMRI_TBSS_MO_posterior_limb_of_internal_capsule_left,exploratory_focused_dmri,exploratory_focused_dmri,exploratory,25171.0,25075.0,exploratory,dMRI_TBSS,MO,posterior limb of internal capsule (left),basket,False,False
dMRI_TBSS_MO_retrolenticular_part_of_internal_capsule_f25172,unfocused_dmri,unfocused_dmri,background,25172.0,25076.0,exploratory,dMRI_TBSS,MO,retrolenticular part of internal capsule (right),basket,False,False
dMRI_TBSS_MO_retrolenticular_part_of_internal_capsule_f25173,unfocused_dmri,unfocused_dmri,background,25173.0,25077.0,exploratory,dMRI_TBSS,MO,retrolenticular part of internal capsule (left),basket,False,False
dMRI_TBSS_MO_anterior_corona_radiata_right,exploratory_focused_dmri,exploratory_focused_dmri,exploratory,25174.0,25078.0,exploratory,dMRI_TBSS,MO,anterior corona radiata (right),basket,False,False
dMRI_TBSS_MO_anterior_corona_radiata_left,exploratory_focused_dmri,exploratory_focused_dmri,exploratory,25175.0,25079.0,exploratory,dMRI_TBSS,MO,anterior corona radiata (left),basket,False,False
dMRI_TBSS_MO_superior_corona_radiata_right,exploratory_focused_dmri,exploratory_focused_dmri,exploratory,25176.0,25080.0,exploratory,dMRI_TBSS,MO,superior corona radiata (right),basket,False,False
dMRI_TBSS_MO_superior_corona_radiata_left,exploratory_focused_dmri,exploratory_focused_dmri,exploratory,25177.0,25081.0,exploratory,dMRI_TBSS,MO,superior corona radiata (left),basket,False,False
dMRI_TBSS_MO_posterior_corona_radiata_right,exploratory_focused_dmri,exploratory_focused_dmri,exploratory,25178.0,25082.0,exploratory,dMRI_TBSS,MO,posterior corona radiata (right),basket,False,False
dMRI_TBSS_MO_posterior_corona_radiata_left,exploratory_focused_dmri,exploratory_focused_dmri,exploratory,25179.0,25083.0,exploratory,dMRI_TBSS,MO,posterior corona radiata (left),basket,False,False
dMRI_TBSS_MO_posterior_thalamic_radiation_right,exploratory_focused_dmri,exploratory_focused_dmri,exploratory,25180.0,25084.0,exploratory,dMRI_TBSS,MO,posterior thalamic radiation (right),basket,False,False
dMRI_TBSS_MO_posterior_thalamic_radiation_left,exploratory_focused_dmri,exploratory_focused_dmri,exploratory,25181.0,25085.0,exploratory,dMRI_TBSS,MO,posterior thalamic radiation (left),basket,False,False
dMRI_TBSS_MO_sagittal_stratum_right,unfocused_dmri,unfocused_dmri,background,25182.0,25086.0,exploratory,dMRI_TBSS,MO,sagittal stratum (right),basket,False,False
dMRI_TBSS_MO_sagittal_stratum_left,unfocused_dmri,unfocused_dmri,background,25183.0,25087.0,exploratory,dMRI_TBSS,MO,sagittal stratum (left),basket,False,False
dMRI_TBSS_MO_external_capsule_right,unfocused_dmri,unfocused_dmri,background,25184.0,25088.0,exploratory,dMRI_TBSS,MO,external capsule (right),basket,False,False
dMRI_TBSS_MO_external_capsule_left,unfocused_dmri,unfocused_dmri,background,25185.0,25089.0,exploratory,dMRI_TBSS,MO,external capsule (left),basket,False,False
dMRI_TBSS_MO_cingulum_cingulate_gyrus_right,unfocused_dmri,unfocused_dmri,background,25186.0,25090.0,exploratory,dMRI_TBSS,MO,cingulum cingulate gyrus (right),basket,False,False
dMRI_TBSS_MO_cingulum_cingulate_gyrus_left,unfocused_dmri,unfocused_dmri,background,25187.0,25091.0,exploratory,dMRI_TBSS,MO,cingulum cingulate gyrus (left),basket,False,False
dMRI_TBSS_MO_cingulum_hippocampus_right,unfocused_dmri,unfocused_dmri,background,25188.0,25092.0,exploratory,dMRI_TBSS,MO,cingulum hippocampus (right),basket,False,False
dMRI_TBSS_MO_cingulum_hippocampus_left,unfocused_dmri,unfocused_dmri,background,25189.0,25093.0,exploratory,dMRI_TBSS,MO,cingulum hippocampus (left),basket,False,False
dMRI_TBSS_MO_fornix_cres_stria_terminalis_right,unfocused_dmri,unfocused_dmri,background,25190.0,25094.0,exploratory,dMRI_TBSS,MO,fornix cres+stria terminalis (right),basket,False,False
dMRI_TBSS_MO_fornix_cres_stria_terminalis_left,unfocused_dmri,unfocused_dmri,background,25191.0,25095.0,exploratory,dMRI_TBSS,MO,fornix cres+stria terminalis (left),basket,False,False
dMRI_TBSS_MO_superior_longitudinal_fasciculus_right,unfocused_dmri,unfocused_dmri,background,25192.0,25096.0,exploratory,dMRI_TBSS,MO,superior longitudinal fasciculus (right),basket,False,False
dMRI_TBSS_MO_superior_longitudinal_fasciculus_left,unfocused_dmri,unfocused_dmri,background,25193.0,25097.0,exploratory,dMRI_TBSS,MO,superior longitudinal fasciculus (left),basket,False,False
dMRI_TBSS_MO_superior_fronto_occipital_fasciculus_rig,unfocused_dmri,unfocused_dmri,background,25194.0,25098.0,exploratory,dMRI_TBSS,MO,superior fronto-occipital fasciculus (right),basket,False,False
dMRI_TBSS_MO_superior_fronto_occipital_fasciculus_lef,unfocused_dmri,unfocused_dmri,background,25195.0,25099.0,exploratory,dMRI_TBSS,MO,superior fronto-occipital fasciculus (left),basket,False,False
dMRI_TBSS_MO_uncinate_fasciculus_right,unfocused_dmri,unfocused_dmri,background,25196.0,25100.0,exploratory,dMRI_TBSS,MO,uncinate fasciculus (right),basket,False,False
dMRI_TBSS_MO_uncinate_fasciculus_left,unfocused_dmri,unfocused_dmri,background,25197.0,25101.0,exploratory,dMRI_TBSS,MO,uncinate fasciculus (left),basket,False,False
dMRI_TBSS_MO_tapetum_right,unfocused_dmri,unfocused_dmri,background,25198.0,25102.0,exploratory,dMRI_TBSS,MO,tapetum (right),basket,False,False
dMRI_TBSS_MO_tapetum_left,unfocused_dmri,unfocused_dmri,background,25199.0,25103.0,exploratory,dMRI_TBSS,MO,tapetum (left),basket,False,False
dMRI_TBSS_L1_middle_cerebellar_peduncle,unfocused_dmri,unfocused_dmri,background,25200.0,25056.0,primary,dMRI_TBSS,L1,middle cerebellar peduncle,basket,False,False
dMRI_TBSS_L1_pontine_crossing_tract,unfocused_dmri,unfocused_dmri,background,25201.0,25057.0,primary,dMRI_TBSS,L1,pontine crossing tract,basket,False,False
dMRI_TBSS_L1_genu_of_corpus_callosum,directional_tensor_context,directional_tensor_context,directional_context,25202.0,25058.0,primary,dMRI_TBSS,L1,genu of corpus callosum,basket,True,True
dMRI_TBSS_L1_body_of_corpus_callosum,directional_tensor_context,directional_tensor_context,directional_context,25203.0,25059.0,primary,dMRI_TBSS,L1,body of corpus callosum,basket,True,True
dMRI_TBSS_L1_splenium_of_corpus_callosum,directional_tensor_context,directional_tensor_context,directional_context,25204.0,25060.0,primary,dMRI_TBSS,L1,splenium of corpus callosum,basket,True,True
dMRI_TBSS_L1_fornix,unfocused_dmri,unfocused_dmri,background,25205.0,25061.0,primary,dMRI_TBSS,L1,fornix,basket,False,False
dMRI_TBSS_L1_corticospinal_tract_right,directional_tensor_context,directional_tensor_context,directional_context,25206.0,25062.0,primary,dMRI_TBSS,L1,corticospinal tract (right),basket,True,True
dMRI_TBSS_L1_corticospinal_tract_left,directional_tensor_context,directional_tensor_context,directional_context,25207.0,25063.0,primary,dMRI_TBSS,L1,corticospinal tract (left),basket,True,True
dMRI_TBSS_L1_medial_lemniscus_right,unfocused_dmri,unfocused_dmri,background,25208.0,25064.0,primary,dMRI_TBSS,L1,medial lemniscus (right),basket,False,False
dMRI_TBSS_L1_medial_lemniscus_left,unfocused_dmri,unfocused_dmri,background,25209.0,25065.0,primary,dMRI_TBSS,L1,medial lemniscus (left),basket,False,False
dMRI_TBSS_L1_inferior_cerebellar_peduncle_right,unfocused_dmri,unfocused_dmri,background,25210.0,25066.0,primary,dMRI_TBSS,L1,inferior cerebellar peduncle (right),basket,False,False
dMRI_TBSS_L1_inferior_cerebellar_peduncle_left,unfocused_dmri,unfocused_dmri,background,25211.0,25067.0,primary,dMRI_TBSS,L1,inferior cerebellar peduncle (left),basket,False,False
dMRI_TBSS_L1_superior_cerebellar_peduncle_right,unfocused_dmri,unfocused_dmri,background,25212.0,25068.0,primary,dMRI_TBSS,L1,superior cerebellar peduncle (right),basket,False,False
dMRI_TBSS_L1_superior_cerebellar_peduncle_left,unfocused_dmri,unfocused_dmri,background,25213.0,25069.0,primary,dMRI_TBSS,L1,superior cerebellar peduncle (left),basket,False,False
dMRI_TBSS_L1_cerebral_peduncle_right,directional_tensor_context,directional_tensor_context,directional_context,25214.0,25070.0,primary,dMRI_TBSS,L1,cerebral peduncle (right),basket,True,True
dMRI_TBSS_L1_cerebral_peduncle_left,directional_tensor_context,directional_tensor_context,directional_context,25215.0,25071.0,primary,dMRI_TBSS,L1,cerebral peduncle (left),basket,True,True
dMRI_TBSS_L1_anterior_limb_of_internal_capsule_right,unfocused_dmri,unfocused_dmri,background,25216.0,25072.0,primary,dMRI_TBSS,L1,anterior limb of internal capsule (right),basket,False,False
dMRI_TBSS_L1_anterior_limb_of_internal_capsule_left,unfocused_dmri,unfocused_dmri,background,25217.0,25073.0,primary,dMRI_TBSS,L1,anterior limb of internal capsule (left),basket,False,False
dMRI_TBSS_L1_posterior_limb_of_internal_capsule_right,directional_tensor_context,directional_tensor_context,directional_context,25218.0,25074.0,primary,dMRI_TBSS,L1,posterior limb of internal capsule (right),basket,True,True
dMRI_TBSS_L1_posterior_limb_of_internal_capsule_left,directional_tensor_context,directional_tensor_context,directional_context,25219.0,25075.0,primary,dMRI_TBSS,L1,posterior limb of internal capsule (left),basket,True,True
dMRI_TBSS_L1_retrolenticular_part_of_internal_capsule_f25220,unfocused_dmri,unfocused_dmri,background,25220.0,25076.0,primary,dMRI_TBSS,L1,retrolenticular part of internal capsule (right),basket,False,False
dMRI_TBSS_L1_retrolenticular_part_of_internal_capsule_f25221,unfocused_dmri,unfocused_dmri,background,25221.0,25077.0,primary,dMRI_TBSS,L1,retrolenticular part of internal capsule (left),basket,False,False
dMRI_TBSS_L1_anterior_corona_radiata_right,directional_tensor_context,directional_tensor_context,directional_context,25222.0,25078.0,primary,dMRI_TBSS,L1,anterior corona radiata (right),basket,True,True
dMRI_TBSS_L1_anterior_corona_radiata_left,directional_tensor_context,directional_tensor_context,directional_context,25223.0,25079.0,primary,dMRI_TBSS,L1,anterior corona radiata (left),basket,True,True
dMRI_TBSS_L1_superior_corona_radiata_right,directional_tensor_context,directional_tensor_context,directional_context,25224.0,25080.0,primary,dMRI_TBSS,L1,superior corona radiata (right),basket,True,True
dMRI_TBSS_L1_superior_corona_radiata_left,directional_tensor_context,directional_tensor_context,directional_context,25225.0,25081.0,primary,dMRI_TBSS,L1,superior corona radiata (left),basket,True,True
dMRI_TBSS_L1_posterior_corona_radiata_right,directional_tensor_context,directional_tensor_context,directional_context,25226.0,25082.0,primary,dMRI_TBSS,L1,posterior corona radiata (right),basket,True,True
dMRI_TBSS_L1_posterior_corona_radiata_left,directional_tensor_context,directional_tensor_context,directional_context,25227.0,25083.0,primary,dMRI_TBSS,L1,posterior corona radiata (left),basket,True,True
dMRI_TBSS_L1_posterior_thalamic_radiation_right,directional_tensor_context,directional_tensor_context,directional_context,25228.0,25084.0,primary,dMRI_TBSS,L1,posterior thalamic radiation (right),basket,True,True
dMRI_TBSS_L1_posterior_thalamic_radiation_left,directional_tensor_context,directional_tensor_context,directional_context,25229.0,25085.0,primary,dMRI_TBSS,L1,posterior thalamic radiation (left),basket,True,True
dMRI_TBSS_L1_sagittal_stratum_right,unfocused_dmri,unfocused_dmri,background,25230.0,25086.0,primary,dMRI_TBSS,L1,sagittal stratum (right),basket,False,False
dMRI_TBSS_L1_sagittal_stratum_left,unfocused_dmri,unfocused_dmri,background,25231.0,25087.0,primary,dMRI_TBSS,L1,sagittal stratum (left),basket,False,False
dMRI_TBSS_L1_external_capsule_right,unfocused_dmri,unfocused_dmri,background,25232.0,25088.0,primary,dMRI_TBSS,L1,external capsule (right),basket,False,False
dMRI_TBSS_L1_external_capsule_left,unfocused_dmri,unfocused_dmri,background,25233.0,25089.0,primary,dMRI_TBSS,L1,external capsule (left),basket,False,False
dMRI_TBSS_L1_cingulum_cingulate_gyrus_right,unfocused_dmri,unfocused_dmri,background,25234.0,25090.0,primary,dMRI_TBSS,L1,cingulum cingulate gyrus (right),basket,False,False
dMRI_TBSS_L1_cingulum_cingulate_gyrus_left,unfocused_dmri,unfocused_dmri,background,25235.0,25091.0,primary,dMRI_TBSS,L1,cingulum cingulate gyrus (left),basket,False,False
dMRI_TBSS_L1_cingulum_hippocampus_right,unfocused_dmri,unfocused_dmri,background,25236.0,25092.0,primary,dMRI_TBSS,L1,cingulum hippocampus (right),basket,False,False
dMRI_TBSS_L1_cingulum_hippocampus_left,unfocused_dmri,unfocused_dmri,background,25237.0,25093.0,primary,dMRI_TBSS,L1,cingulum hippocampus (left),basket,False,False
dMRI_TBSS_L1_fornix_cres_stria_terminalis_right,unfocused_dmri,unfocused_dmri,background,25238.0,25094.0,primary,dMRI_TBSS,L1,fornix cres+stria terminalis (right),basket,False,False
dMRI_TBSS_L1_fornix_cres_stria_terminalis_left,unfocused_dmri,unfocused_dmri,background,25239.0,25095.0,primary,dMRI_TBSS,L1,fornix cres+stria terminalis (left),basket,False,False
dMRI_TBSS_L1_superior_longitudinal_fasciculus_right,unfocused_dmri,unfocused_dmri,background,25240.0,25096.0,primary,dMRI_TBSS,L1,superior longitudinal fasciculus (right),basket,False,False
dMRI_TBSS_L1_superior_longitudinal_fasciculus_left,unfocused_dmri,unfocused_dmri,background,25241.0,25097.0,primary,dMRI_TBSS,L1,superior longitudinal fasciculus (left),basket,False,False
dMRI_TBSS_L1_superior_fronto_occipital_fasciculus_rig,unfocused_dmri,unfocused_dmri,background,25242.0,25098.0,primary,dMRI_TBSS,L1,superior fronto-occipital fasciculus (right),basket,False,False
dMRI_TBSS_L1_superior_fronto_occipital_fasciculus_lef,unfocused_dmri,unfocused_dmri,background,25243.0,25099.0,primary,dMRI_TBSS,L1,superior fronto-occipital fasciculus (left),basket,False,False
dMRI_TBSS_L1_uncinate_fasciculus_right,unfocused_dmri,unfocused_dmri,background,25244.0,25100.0,primary,dMRI_TBSS,L1,uncinate fasciculus (right),basket,False,False
dMRI_TBSS_L1_uncinate_fasciculus_left,unfocused_dmri,unfocused_dmri,background,25245.0,25101.0,primary,dMRI_TBSS,L1,uncinate fasciculus (left),basket,False,False
dMRI_TBSS_L1_tapetum_right,unfocused_dmri,unfocused_dmri,background,25246.0,25102.0,primary,dMRI_TBSS,L1,tapetum (right),basket,False,False
dMRI_TBSS_L1_tapetum_left,unfocused_dmri,unfocused_dmri,background,25247.0,25103.0,primary,dMRI_TBSS,L1,tapetum (left),basket,False,False
dMRI_TBSS_L2_middle_cerebellar_peduncle,unfocused_dmri,unfocused_dmri,background,25248.0,25056.0,primary,dMRI_TBSS,L2,middle cerebellar peduncle,basket,False,False
dMRI_TBSS_L2_pontine_crossing_tract,unfocused_dmri,unfocused_dmri,background,25249.0,25057.0,primary,dMRI_TBSS,L2,pontine crossing tract,basket,False,False
dMRI_TBSS_L2_genu_of_corpus_callosum,exploratory_focused_dmri,exploratory_focused_dmri,exploratory,25250.0,25058.0,primary,dMRI_TBSS,L2,genu of corpus callosum,basket,False,False
dMRI_TBSS_L2_body_of_corpus_callosum,exploratory_focused_dmri,exploratory_focused_dmri,exploratory,25251.0,25059.0,primary,dMRI_TBSS,L2,body of corpus callosum,basket,False,False
dMRI_TBSS_L2_splenium_of_corpus_callosum,exploratory_focused_dmri,exploratory_focused_dmri,exploratory,25252.0,25060.0,primary,dMRI_TBSS,L2,splenium of corpus callosum,basket,False,False
dMRI_TBSS_L2_fornix,unfocused_dmri,unfocused_dmri,background,25253.0,25061.0,primary,dMRI_TBSS,L2,fornix,basket,False,False
dMRI_TBSS_L2_corticospinal_tract_right,exploratory_focused_dmri,exploratory_focused_dmri,exploratory,25254.0,25062.0,primary,dMRI_TBSS,L2,corticospinal tract (right),basket,False,False
dMRI_TBSS_L2_corticospinal_tract_left,exploratory_focused_dmri,exploratory_focused_dmri,exploratory,25255.0,25063.0,primary,dMRI_TBSS,L2,corticospinal tract (left),basket,False,False
dMRI_TBSS_L2_medial_lemniscus_right,unfocused_dmri,unfocused_dmri,background,25256.0,25064.0,primary,dMRI_TBSS,L2,medial lemniscus (right),basket,False,False
dMRI_TBSS_L2_medial_lemniscus_left,unfocused_dmri,unfocused_dmri,background,25257.0,25065.0,primary,dMRI_TBSS,L2,medial lemniscus (left),basket,False,False
dMRI_TBSS_L2_inferior_cerebellar_peduncle_right,unfocused_dmri,unfocused_dmri,background,25258.0,25066.0,primary,dMRI_TBSS,L2,inferior cerebellar peduncle (right),basket,False,False
dMRI_TBSS_L2_inferior_cerebellar_peduncle_left,unfocused_dmri,unfocused_dmri,background,25259.0,25067.0,primary,dMRI_TBSS,L2,inferior cerebellar peduncle (left),basket,False,False
dMRI_TBSS_L2_superior_cerebellar_peduncle_right,unfocused_dmri,unfocused_dmri,background,25260.0,25068.0,primary,dMRI_TBSS,L2,superior cerebellar peduncle (right),basket,False,False
dMRI_TBSS_L2_superior_cerebellar_peduncle_left,unfocused_dmri,unfocused_dmri,background,25261.0,25069.0,primary,dMRI_TBSS,L2,superior cerebellar peduncle (left),basket,False,False
dMRI_TBSS_L2_cerebral_peduncle_right,exploratory_focused_dmri,exploratory_focused_dmri,exploratory,25262.0,25070.0,primary,dMRI_TBSS,L2,cerebral peduncle (right),basket,False,False
dMRI_TBSS_L2_cerebral_peduncle_left,exploratory_focused_dmri,exploratory_focused_dmri,exploratory,25263.0,25071.0,primary,dMRI_TBSS,L2,cerebral peduncle (left),basket,False,False
dMRI_TBSS_L2_anterior_limb_of_internal_capsule_right,unfocused_dmri,unfocused_dmri,background,25264.0,25072.0,primary,dMRI_TBSS,L2,anterior limb of internal capsule (right),basket,False,False
dMRI_TBSS_L2_anterior_limb_of_internal_capsule_left,unfocused_dmri,unfocused_dmri,background,25265.0,25073.0,primary,dMRI_TBSS,L2,anterior limb of internal capsule (left),basket,False,False
dMRI_TBSS_L2_posterior_limb_of_internal_capsule_right,exploratory_focused_dmri,exploratory_focused_dmri,exploratory,25266.0,25074.0,primary,dMRI_TBSS,L2,posterior limb of internal capsule (right),basket,False,False
dMRI_TBSS_L2_posterior_limb_of_internal_capsule_left,exploratory_focused_dmri,exploratory_focused_dmri,exploratory,25267.0,25075.0,primary,dMRI_TBSS,L2,posterior limb of internal capsule (left),basket,False,False
dMRI_TBSS_L2_retrolenticular_part_of_internal_capsule_f25268,unfocused_dmri,unfocused_dmri,background,25268.0,25076.0,primary,dMRI_TBSS,L2,retrolenticular part of internal capsule (right),basket,False,False
dMRI_TBSS_L2_retrolenticular_part_of_internal_capsule_f25269,unfocused_dmri,unfocused_dmri,background,25269.0,25077.0,primary,dMRI_TBSS,L2,retrolenticular part of internal capsule (left),basket,False,False
dMRI_TBSS_L2_anterior_corona_radiata_right,exploratory_focused_dmri,exploratory_focused_dmri,exploratory,25270.0,25078.0,primary,dMRI_TBSS,L2,anterior corona radiata (right),basket,False,False
dMRI_TBSS_L2_anterior_corona_radiata_left,exploratory_focused_dmri,exploratory_focused_dmri,exploratory,25271.0,25079.0,primary,dMRI_TBSS,L2,anterior corona radiata (left),basket,False,False
dMRI_TBSS_L2_superior_corona_radiata_right,exploratory_focused_dmri,exploratory_focused_dmri,exploratory,25272.0,25080.0,primary,dMRI_TBSS,L2,superior corona radiata (right),basket,False,False
dMRI_TBSS_L2_superior_corona_radiata_left,exploratory_focused_dmri,exploratory_focused_dmri,exploratory,25273.0,25081.0,primary,dMRI_TBSS,L2,superior corona radiata (left),basket,False,False
dMRI_TBSS_L2_posterior_corona_radiata_right,exploratory_focused_dmri,exploratory_focused_dmri,exploratory,25274.0,25082.0,primary,dMRI_TBSS,L2,posterior corona radiata (right),basket,False,False
dMRI_TBSS_L2_posterior_corona_radiata_left,exploratory_focused_dmri,exploratory_focused_dmri,exploratory,25275.0,25083.0,primary,dMRI_TBSS,L2,posterior corona radiata (left),basket,False,False
dMRI_TBSS_L2_posterior_thalamic_radiation_right,exploratory_focused_dmri,exploratory_focused_dmri,exploratory,25276.0,25084.0,primary,dMRI_TBSS,L2,posterior thalamic radiation (right),basket,False,False
dMRI_TBSS_L2_posterior_thalamic_radiation_left,exploratory_focused_dmri,exploratory_focused_dmri,exploratory,25277.0,25085.0,primary,dMRI_TBSS,L2,posterior thalamic radiation (left),basket,False,False
dMRI_TBSS_L2_sagittal_stratum_right,unfocused_dmri,unfocused_dmri,background,25278.0,25086.0,primary,dMRI_TBSS,L2,sagittal stratum (right),basket,False,False
dMRI_TBSS_L2_sagittal_stratum_left,unfocused_dmri,unfocused_dmri,background,25279.0,25087.0,primary,dMRI_TBSS,L2,sagittal stratum (left),basket,False,False
dMRI_TBSS_L2_external_capsule_right,unfocused_dmri,unfocused_dmri,background,25280.0,25088.0,primary,dMRI_TBSS,L2,external capsule (right),basket,False,False
dMRI_TBSS_L2_external_capsule_left,unfocused_dmri,unfocused_dmri,background,25281.0,25089.0,primary,dMRI_TBSS,L2,external capsule (left),basket,False,False
dMRI_TBSS_L2_cingulum_cingulate_gyrus_right,unfocused_dmri,unfocused_dmri,background,25282.0,25090.0,primary,dMRI_TBSS,L2,cingulum cingulate gyrus (right),basket,False,False
dMRI_TBSS_L2_cingulum_cingulate_gyrus_left,unfocused_dmri,unfocused_dmri,background,25283.0,25091.0,primary,dMRI_TBSS,L2,cingulum cingulate gyrus (left),basket,False,False
dMRI_TBSS_L2_cingulum_hippocampus_right,unfocused_dmri,unfocused_dmri,background,25284.0,25092.0,primary,dMRI_TBSS,L2,cingulum hippocampus (right),basket,False,False
dMRI_TBSS_L2_cingulum_hippocampus_left,unfocused_dmri,unfocused_dmri,background,25285.0,25093.0,primary,dMRI_TBSS,L2,cingulum hippocampus (left),basket,False,False
dMRI_TBSS_L2_fornix_cres_stria_terminalis_right,unfocused_dmri,unfocused_dmri,background,25286.0,25094.0,primary,dMRI_TBSS,L2,fornix cres+stria terminalis (right),basket,False,False
dMRI_TBSS_L2_fornix_cres_stria_terminalis_left,unfocused_dmri,unfocused_dmri,background,25287.0,25095.0,primary,dMRI_TBSS,L2,fornix cres+stria terminalis (left),basket,False,False
dMRI_TBSS_L2_superior_longitudinal_fasciculus_right,unfocused_dmri,unfocused_dmri,background,25288.0,25096.0,primary,dMRI_TBSS,L2,superior longitudinal fasciculus (right),basket,False,False
dMRI_TBSS_L2_superior_longitudinal_fasciculus_left,unfocused_dmri,unfocused_dmri,background,25289.0,25097.0,primary,dMRI_TBSS,L2,superior longitudinal fasciculus (left),basket,False,False
dMRI_TBSS_L2_superior_fronto_occipital_fasciculus_rig,unfocused_dmri,unfocused_dmri,background,25290.0,25098.0,primary,dMRI_TBSS,L2,superior fronto-occipital fasciculus (right),basket,False,False
dMRI_TBSS_L2_superior_fronto_occipital_fasciculus_lef,unfocused_dmri,unfocused_dmri,background,25291.0,25099.0,primary,dMRI_TBSS,L2,superior fronto-occipital fasciculus (left),basket,False,False
dMRI_TBSS_L2_uncinate_fasciculus_right,unfocused_dmri,unfocused_dmri,background,25292.0,25100.0,primary,dMRI_TBSS,L2,uncinate fasciculus (right),basket,False,False
dMRI_TBSS_L2_uncinate_fasciculus_left,unfocused_dmri,unfocused_dmri,background,25293.0,25101.0,primary,dMRI_TBSS,L2,uncinate fasciculus (left),basket,False,False
dMRI_TBSS_L2_tapetum_right,unfocused_dmri,unfocused_dmri,background,25294.0,25102.0,primary,dMRI_TBSS,L2,tapetum (right),basket,False,False
dMRI_TBSS_L2_tapetum_left,unfocused_dmri,unfocused_dmri,background,25295.0,25103.0,primary,dMRI_TBSS,L2,tapetum (left),basket,False,False
dMRI_TBSS_L3_middle_cerebellar_peduncle,unfocused_dmri,unfocused_dmri,background,25296.0,25056.0,primary,dMRI_TBSS,L3,middle cerebellar peduncle,basket,False,False
dMRI_TBSS_L3_pontine_crossing_tract,unfocused_dmri,unfocused_dmri,background,25297.0,25057.0,primary,dMRI_TBSS,L3,pontine crossing tract,basket,False,False
dMRI_TBSS_L3_genu_of_corpus_callosum,exploratory_focused_dmri,exploratory_focused_dmri,exploratory,25298.0,25058.0,primary,dMRI_TBSS,L3,genu of corpus callosum,basket,False,False
dMRI_TBSS_L3_body_of_corpus_callosum,exploratory_focused_dmri,exploratory_focused_dmri,exploratory,25299.0,25059.0,primary,dMRI_TBSS,L3,body of corpus callosum,basket,False,False
dMRI_TBSS_L3_splenium_of_corpus_callosum,exploratory_focused_dmri,exploratory_focused_dmri,exploratory,25300.0,25060.0,primary,dMRI_TBSS,L3,splenium of corpus callosum,basket,False,False
dMRI_TBSS_L3_fornix,unfocused_dmri,unfocused_dmri,background,25301.0,25061.0,primary,dMRI_TBSS,L3,fornix,basket,False,False
dMRI_TBSS_L3_corticospinal_tract_right,exploratory_focused_dmri,exploratory_focused_dmri,exploratory,25302.0,25062.0,primary,dMRI_TBSS,L3,corticospinal tract (right),basket,False,False
dMRI_TBSS_L3_corticospinal_tract_left,exploratory_focused_dmri,exploratory_focused_dmri,exploratory,25303.0,25063.0,primary,dMRI_TBSS,L3,corticospinal tract (left),basket,False,False
dMRI_TBSS_L3_medial_lemniscus_right,unfocused_dmri,unfocused_dmri,background,25304.0,25064.0,primary,dMRI_TBSS,L3,medial lemniscus (right),basket,False,False
dMRI_TBSS_L3_medial_lemniscus_left,unfocused_dmri,unfocused_dmri,background,25305.0,25065.0,primary,dMRI_TBSS,L3,medial lemniscus (left),basket,False,False
dMRI_TBSS_L3_inferior_cerebellar_peduncle_right,unfocused_dmri,unfocused_dmri,background,25306.0,25066.0,primary,dMRI_TBSS,L3,inferior cerebellar peduncle (right),basket,False,False
dMRI_TBSS_L3_inferior_cerebellar_peduncle_left,unfocused_dmri,unfocused_dmri,background,25307.0,25067.0,primary,dMRI_TBSS,L3,inferior cerebellar peduncle (left),basket,False,False
dMRI_TBSS_L3_superior_cerebellar_peduncle_right,unfocused_dmri,unfocused_dmri,background,25308.0,25068.0,primary,dMRI_TBSS,L3,superior cerebellar peduncle (right),basket,False,False
dMRI_TBSS_L3_superior_cerebellar_peduncle_left,unfocused_dmri,unfocused_dmri,background,25309.0,25069.0,primary,dMRI_TBSS,L3,superior cerebellar peduncle (left),basket,False,False
dMRI_TBSS_L3_cerebral_peduncle_right,exploratory_focused_dmri,exploratory_focused_dmri,exploratory,25310.0,25070.0,primary,dMRI_TBSS,L3,cerebral peduncle (right),basket,False,False
dMRI_TBSS_L3_cerebral_peduncle_left,exploratory_focused_dmri,exploratory_focused_dmri,exploratory,25311.0,25071.0,primary,dMRI_TBSS,L3,cerebral peduncle (left),basket,False,False
dMRI_TBSS_L3_anterior_limb_of_internal_capsule_right,unfocused_dmri,unfocused_dmri,background,25312.0,25072.0,primary,dMRI_TBSS,L3,anterior limb of internal capsule (right),basket,False,False
dMRI_TBSS_L3_anterior_limb_of_internal_capsule_left,unfocused_dmri,unfocused_dmri,background,25313.0,25073.0,primary,dMRI_TBSS,L3,anterior limb of internal capsule (left),basket,False,False
dMRI_TBSS_L3_posterior_limb_of_internal_capsule_right,exploratory_focused_dmri,exploratory_focused_dmri,exploratory,25314.0,25074.0,primary,dMRI_TBSS,L3,posterior limb of internal capsule (right),basket,False,False
dMRI_TBSS_L3_posterior_limb_of_internal_capsule_left,exploratory_focused_dmri,exploratory_focused_dmri,exploratory,25315.0,25075.0,primary,dMRI_TBSS,L3,posterior limb of internal capsule (left),basket,False,False
dMRI_TBSS_L3_retrolenticular_part_of_internal_capsule_f25316,unfocused_dmri,unfocused_dmri,background,25316.0,25076.0,primary,dMRI_TBSS,L3,retrolenticular part of internal capsule (right),basket,False,False
dMRI_TBSS_L3_retrolenticular_part_of_internal_capsule_f25317,unfocused_dmri,unfocused_dmri,background,25317.0,25077.0,primary,dMRI_TBSS,L3,retrolenticular part of internal capsule (left),basket,False,False
dMRI_TBSS_L3_anterior_corona_radiata_right,exploratory_focused_dmri,exploratory_focused_dmri,exploratory,25318.0,25078.0,primary,dMRI_TBSS,L3,anterior corona radiata (right),basket,False,False
dMRI_TBSS_L3_anterior_corona_radiata_left,exploratory_focused_dmri,exploratory_focused_dmri,exploratory,25319.0,25079.0,primary,dMRI_TBSS,L3,anterior corona radiata (left),basket,False,False
dMRI_TBSS_L3_superior_corona_radiata_right,exploratory_focused_dmri,exploratory_focused_dmri,exploratory,25320.0,25080.0,primary,dMRI_TBSS,L3,superior corona radiata (right),basket,False,False
dMRI_TBSS_L3_superior_corona_radiata_left,exploratory_focused_dmri,exploratory_focused_dmri,exploratory,25321.0,25081.0,primary,dMRI_TBSS,L3,superior corona radiata (left),basket,False,False
dMRI_TBSS_L3_posterior_corona_radiata_right,exploratory_focused_dmri,exploratory_focused_dmri,exploratory,25322.0,25082.0,primary,dMRI_TBSS,L3,posterior corona radiata (right),basket,False,False
dMRI_TBSS_L3_posterior_corona_radiata_left,exploratory_focused_dmri,exploratory_focused_dmri,exploratory,25323.0,25083.0,primary,dMRI_TBSS,L3,posterior corona radiata (left),basket,False,False
dMRI_TBSS_L3_posterior_thalamic_radiation_right,exploratory_focused_dmri,exploratory_focused_dmri,exploratory,25324.0,25084.0,primary,dMRI_TBSS,L3,posterior thalamic radiation (right),basket,False,False
dMRI_TBSS_L3_posterior_thalamic_radiation_left,exploratory_focused_dmri,exploratory_focused_dmri,exploratory,25325.0,25085.0,primary,dMRI_TBSS,L3,posterior thalamic radiation (left),basket,False,False
dMRI_TBSS_L3_sagittal_stratum_right,unfocused_dmri,unfocused_dmri,background,25326.0,25086.0,primary,dMRI_TBSS,L3,sagittal stratum (right),basket,False,False
dMRI_TBSS_L3_sagittal_stratum_left,unfocused_dmri,unfocused_dmri,background,25327.0,25087.0,primary,dMRI_TBSS,L3,sagittal stratum (left),basket,False,False
dMRI_TBSS_L3_external_capsule_right,unfocused_dmri,unfocused_dmri,background,25328.0,25088.0,primary,dMRI_TBSS,L3,external capsule (right),basket,False,False
dMRI_TBSS_L3_external_capsule_left,unfocused_dmri,unfocused_dmri,background,25329.0,25089.0,primary,dMRI_TBSS,L3,external capsule (left),basket,False,False
dMRI_TBSS_L3_cingulum_cingulate_gyrus_right,unfocused_dmri,unfocused_dmri,background,25330.0,25090.0,primary,dMRI_TBSS,L3,cingulum cingulate gyrus (right),basket,False,False
dMRI_TBSS_L3_cingulum_cingulate_gyrus_left,unfocused_dmri,unfocused_dmri,background,25331.0,25091.0,primary,dMRI_TBSS,L3,cingulum cingulate gyrus (left),basket,False,False
dMRI_TBSS_L3_cingulum_hippocampus_right,unfocused_dmri,unfocused_dmri,background,25332.0,25092.0,primary,dMRI_TBSS,L3,cingulum hippocampus (right),basket,False,False
dMRI_TBSS_L3_cingulum_hippocampus_left,unfocused_dmri,unfocused_dmri,background,25333.0,25093.0,primary,dMRI_TBSS,L3,cingulum hippocampus (left),basket,False,False
dMRI_TBSS_L3_fornix_cres_stria_terminalis_right,unfocused_dmri,unfocused_dmri,background,25334.0,25094.0,primary,dMRI_TBSS,L3,fornix cres+stria terminalis (right),basket,False,False
dMRI_TBSS_L3_fornix_cres_stria_terminalis_left,unfocused_dmri,unfocused_dmri,background,25335.0,25095.0,primary,dMRI_TBSS,L3,fornix cres+stria terminalis (left),basket,False,False
dMRI_TBSS_L3_superior_longitudinal_fasciculus_right,unfocused_dmri,unfocused_dmri,background,25336.0,25096.0,primary,dMRI_TBSS,L3,superior longitudinal fasciculus (right),basket,False,False
dMRI_TBSS_L3_superior_longitudinal_fasciculus_left,unfocused_dmri,unfocused_dmri,background,25337.0,25097.0,primary,dMRI_TBSS,L3,superior longitudinal fasciculus (left),basket,False,False
dMRI_TBSS_L3_superior_fronto_occipital_fasciculus_rig,unfocused_dmri,unfocused_dmri,background,25338.0,25098.0,primary,dMRI_TBSS,L3,superior fronto-occipital fasciculus (right),basket,False,False
dMRI_TBSS_L3_superior_fronto_occipital_fasciculus_lef,unfocused_dmri,unfocused_dmri,background,25339.0,25099.0,primary,dMRI_TBSS,L3,superior fronto-occipital fasciculus (left),basket,False,False
dMRI_TBSS_L3_uncinate_fasciculus_right,unfocused_dmri,unfocused_dmri,background,25340.0,25100.0,primary,dMRI_TBSS,L3,uncinate fasciculus (right),basket,False,False
dMRI_TBSS_L3_uncinate_fasciculus_left,unfocused_dmri,unfocused_dmri,background,25341.0,25101.0,primary,dMRI_TBSS,L3,uncinate fasciculus (left),basket,False,False
dMRI_TBSS_L3_tapetum_right,unfocused_dmri,unfocused_dmri,background,25342.0,25102.0,primary,dMRI_TBSS,L3,tapetum (right),basket,False,False
dMRI_TBSS_L3_tapetum_left,unfocused_dmri,unfocused_dmri,background,25343.0,25103.0,primary,dMRI_TBSS,L3,tapetum (left),basket,False,False
dMRI_TBSS_ICVF_middle_cerebellar_peduncle,unfocused_dmri,unfocused_dmri,background,25344.0,25056.0,primary,dMRI_TBSS,ICVF,middle cerebellar peduncle,basket,False,False
dMRI_TBSS_ICVF_pontine_crossing_tract,unfocused_dmri,unfocused_dmri,background,25345.0,25057.0,primary,dMRI_TBSS,ICVF,pontine crossing tract,basket,False,False
dMRI_TBSS_ICVF_genu_of_corpus_callosum,secondary_mechanistic,secondary_mechanistic,mechanistic_support,25346.0,25058.0,primary,dMRI_TBSS,ICVF,genu of corpus callosum,basket,True,True
dMRI_TBSS_ICVF_body_of_corpus_callosum,secondary_mechanistic,secondary_mechanistic,mechanistic_support,25347.0,25059.0,primary,dMRI_TBSS,ICVF,body of corpus callosum,basket,True,True
dMRI_TBSS_ICVF_splenium_of_corpus_callosum,secondary_mechanistic,secondary_mechanistic,mechanistic_support,25348.0,25060.0,primary,dMRI_TBSS,ICVF,splenium of corpus callosum,basket,True,True
dMRI_TBSS_ICVF_fornix,unfocused_dmri,unfocused_dmri,background,25349.0,25061.0,primary,dMRI_TBSS,ICVF,fornix,basket,False,False
dMRI_TBSS_ICVF_corticospinal_tract_right,secondary_mechanistic,secondary_mechanistic,mechanistic_support,25350.0,25062.0,primary,dMRI_TBSS,ICVF,corticospinal tract (right),basket,True,True
dMRI_TBSS_ICVF_corticospinal_tract_left,secondary_mechanistic,secondary_mechanistic,mechanistic_support,25351.0,25063.0,primary,dMRI_TBSS,ICVF,corticospinal tract (left),basket,True,True
dMRI_TBSS_ICVF_medial_lemniscus_right,unfocused_dmri,unfocused_dmri,background,25352.0,25064.0,primary,dMRI_TBSS,ICVF,medial lemniscus (right),basket,False,False
dMRI_TBSS_ICVF_medial_lemniscus_left,unfocused_dmri,unfocused_dmri,background,25353.0,25065.0,primary,dMRI_TBSS,ICVF,medial lemniscus (left),basket,False,False
dMRI_TBSS_ICVF_inferior_cerebellar_peduncle_right,unfocused_dmri,unfocused_dmri,background,25354.0,25066.0,primary,dMRI_TBSS,ICVF,inferior cerebellar peduncle (right),basket,False,False
dMRI_TBSS_ICVF_inferior_cerebellar_peduncle_left,unfocused_dmri,unfocused_dmri,background,25355.0,25067.0,primary,dMRI_TBSS,ICVF,inferior cerebellar peduncle (left),basket,False,False
dMRI_TBSS_ICVF_superior_cerebellar_peduncle_right,unfocused_dmri,unfocused_dmri,background,25356.0,25068.0,primary,dMRI_TBSS,ICVF,superior cerebellar peduncle (right),basket,False,False
dMRI_TBSS_ICVF_superior_cerebellar_peduncle_left,unfocused_dmri,unfocused_dmri,background,25357.0,25069.0,primary,dMRI_TBSS,ICVF,superior cerebellar peduncle (left),basket,False,False
dMRI_TBSS_ICVF_cerebral_peduncle_right,secondary_mechanistic,secondary_mechanistic,mechanistic_support,25358.0,25070.0,primary,dMRI_TBSS,ICVF,cerebral peduncle (right),basket,True,True
dMRI_TBSS_ICVF_cerebral_peduncle_left,secondary_mechanistic,secondary_mechanistic,mechanistic_support,25359.0,25071.0,primary,dMRI_TBSS,ICVF,cerebral peduncle (left),basket,True,True
dMRI_TBSS_ICVF_anterior_limb_of_internal_capsule_right,unfocused_dmri,unfocused_dmri,background,25360.0,25072.0,primary,dMRI_TBSS,ICVF,anterior limb of internal capsule (right),basket,False,False
dMRI_TBSS_ICVF_anterior_limb_of_internal_capsule_left,unfocused_dmri,unfocused_dmri,background,25361.0,25073.0,primary,dMRI_TBSS,ICVF,anterior limb of internal capsule (left),basket,False,False
dMRI_TBSS_ICVF_posterior_limb_of_internal_capsule_right,secondary_mechanistic,secondary_mechanistic,mechanistic_support,25362.0,25074.0,primary,dMRI_TBSS,ICVF,posterior limb of internal capsule (right),basket,True,True
dMRI_TBSS_ICVF_posterior_limb_of_internal_capsule_left,secondary_mechanistic,secondary_mechanistic,mechanistic_support,25363.0,25075.0,primary,dMRI_TBSS,ICVF,posterior limb of internal capsule (left),basket,True,True
dMRI_TBSS_ICVF_retrolenticular_part_of_internal_capsule_f25364,unfocused_dmri,unfocused_dmri,background,25364.0,25076.0,primary,dMRI_TBSS,ICVF,retrolenticular part of internal capsule (right),basket,False,False
dMRI_TBSS_ICVF_retrolenticular_part_of_internal_capsule_f25365,unfocused_dmri,unfocused_dmri,background,25365.0,25077.0,primary,dMRI_TBSS,ICVF,retrolenticular part of internal capsule (left),basket,False,False
dMRI_TBSS_ICVF_anterior_corona_radiata_right,secondary_mechanistic,secondary_mechanistic,mechanistic_support,25366.0,25078.0,primary,dMRI_TBSS,ICVF,anterior corona radiata (right),basket,True,True
dMRI_TBSS_ICVF_anterior_corona_radiata_left,secondary_mechanistic,secondary_mechanistic,mechanistic_support,25367.0,25079.0,primary,dMRI_TBSS,ICVF,anterior corona radiata (left),basket,True,True
dMRI_TBSS_ICVF_superior_corona_radiata_right,secondary_mechanistic,secondary_mechanistic,mechanistic_support,25368.0,25080.0,primary,dMRI_TBSS,ICVF,superior corona radiata (right),basket,True,True
dMRI_TBSS_ICVF_superior_corona_radiata_left,secondary_mechanistic,secondary_mechanistic,mechanistic_support,25369.0,25081.0,primary,dMRI_TBSS,ICVF,superior corona radiata (left),basket,True,True
dMRI_TBSS_ICVF_posterior_corona_radiata_right,secondary_mechanistic,secondary_mechanistic,mechanistic_support,25370.0,25082.0,primary,dMRI_TBSS,ICVF,posterior corona radiata (right),basket,True,True
dMRI_TBSS_ICVF_posterior_corona_radiata_left,secondary_mechanistic,secondary_mechanistic,mechanistic_support,25371.0,25083.0,primary,dMRI_TBSS,ICVF,posterior corona radiata (left),basket,True,True
dMRI_TBSS_ICVF_posterior_thalamic_radiation_right,secondary_mechanistic,secondary_mechanistic,mechanistic_support,25372.0,25084.0,primary,dMRI_TBSS,ICVF,posterior thalamic radiation (right),basket,True,True
dMRI_TBSS_ICVF_posterior_thalamic_radiation_left,secondary_mechanistic,secondary_mechanistic,mechanistic_support,25373.0,25085.0,primary,dMRI_TBSS,ICVF,posterior thalamic radiation (left),basket,True,True
dMRI_TBSS_ICVF_sagittal_stratum_right,unfocused_dmri,unfocused_dmri,background,25374.0,25086.0,primary,dMRI_TBSS,ICVF,sagittal stratum (right),basket,False,False
dMRI_TBSS_ICVF_sagittal_stratum_left,unfocused_dmri,unfocused_dmri,background,25375.0,25087.0,primary,dMRI_TBSS,ICVF,sagittal stratum (left),basket,False,False
dMRI_TBSS_ICVF_external_capsule_right,unfocused_dmri,unfocused_dmri,background,25376.0,25088.0,primary,dMRI_TBSS,ICVF,external capsule (right),basket,False,False
dMRI_TBSS_ICVF_external_capsule_left,unfocused_dmri,unfocused_dmri,background,25377.0,25089.0,primary,dMRI_TBSS,ICVF,external capsule (left),basket,False,False
dMRI_TBSS_ICVF_cingulum_cingulate_gyrus_right,unfocused_dmri,unfocused_dmri,background,25378.0,25090.0,primary,dMRI_TBSS,ICVF,cingulum cingulate gyrus (right),basket,False,False
dMRI_TBSS_ICVF_cingulum_cingulate_gyrus_left,unfocused_dmri,unfocused_dmri,background,25379.0,25091.0,primary,dMRI_TBSS,ICVF,cingulum cingulate gyrus (left),basket,False,False
dMRI_TBSS_ICVF_cingulum_hippocampus_right,unfocused_dmri,unfocused_dmri,background,25380.0,25092.0,primary,dMRI_TBSS,ICVF,cingulum hippocampus (right),basket,False,False
dMRI_TBSS_ICVF_cingulum_hippocampus_left,unfocused_dmri,unfocused_dmri,background,25381.0,25093.0,primary,dMRI_TBSS,ICVF,cingulum hippocampus (left),basket,False,False
dMRI_TBSS_ICVF_fornix_cres_stria_terminalis_right,unfocused_dmri,unfocused_dmri,background,25382.0,25094.0,primary,dMRI_TBSS,ICVF,fornix cres+stria terminalis (right),basket,False,False
dMRI_TBSS_ICVF_fornix_cres_stria_terminalis_left,unfocused_dmri,unfocused_dmri,background,25383.0,25095.0,primary,dMRI_TBSS,ICVF,fornix cres+stria terminalis (left),basket,False,False
dMRI_TBSS_ICVF_superior_longitudinal_fasciculus_right,unfocused_dmri,unfocused_dmri,background,25384.0,25096.0,primary,dMRI_TBSS,ICVF,superior longitudinal fasciculus (right),basket,False,False
dMRI_TBSS_ICVF_superior_longitudinal_fasciculus_left,unfocused_dmri,unfocused_dmri,background,25385.0,25097.0,primary,dMRI_TBSS,ICVF,superior longitudinal fasciculus (left),basket,False,False
dMRI_TBSS_ICVF_superior_fronto_occipital_fasciculus_rig,unfocused_dmri,unfocused_dmri,background,25386.0,25098.0,primary,dMRI_TBSS,ICVF,superior fronto-occipital fasciculus (right),basket,False,False
dMRI_TBSS_ICVF_superior_fronto_occipital_fasciculus_lef,unfocused_dmri,unfocused_dmri,background,25387.0,25099.0,primary,dMRI_TBSS,ICVF,superior fronto-occipital fasciculus (left),basket,False,False
dMRI_TBSS_ICVF_uncinate_fasciculus_right,unfocused_dmri,unfocused_dmri,background,25388.0,25100.0,primary,dMRI_TBSS,ICVF,uncinate fasciculus (right),basket,False,False
dMRI_TBSS_ICVF_uncinate_fasciculus_left,unfocused_dmri,unfocused_dmri,background,25389.0,25101.0,primary,dMRI_TBSS,ICVF,uncinate fasciculus (left),basket,False,False
dMRI_TBSS_ICVF_tapetum_right,unfocused_dmri,unfocused_dmri,background,25390.0,25102.0,primary,dMRI_TBSS,ICVF,tapetum (right),basket,False,False
dMRI_TBSS_ICVF_tapetum_left,unfocused_dmri,unfocused_dmri,background,25391.0,25103.0,primary,dMRI_TBSS,ICVF,tapetum (left),basket,False,False
dMRI_TBSS_OD_middle_cerebellar_peduncle,unfocused_dmri,unfocused_dmri,background,25392.0,25056.0,primary,dMRI_TBSS,OD,middle cerebellar peduncle,basket,False,False
dMRI_TBSS_OD_pontine_crossing_tract,unfocused_dmri,unfocused_dmri,background,25393.0,25057.0,primary,dMRI_TBSS,OD,pontine crossing tract,basket,False,False
dMRI_TBSS_OD_genu_of_corpus_callosum,exploratory_focused_dmri,exploratory_focused_dmri,exploratory,25394.0,25058.0,primary,dMRI_TBSS,OD,genu of corpus callosum,basket,False,False
dMRI_TBSS_OD_body_of_corpus_callosum,exploratory_focused_dmri,exploratory_focused_dmri,exploratory,25395.0,25059.0,primary,dMRI_TBSS,OD,body of corpus callosum,basket,False,False
dMRI_TBSS_OD_splenium_of_corpus_callosum,exploratory_focused_dmri,exploratory_focused_dmri,exploratory,25396.0,25060.0,primary,dMRI_TBSS,OD,splenium of corpus callosum,basket,False,False
dMRI_TBSS_OD_fornix,unfocused_dmri,unfocused_dmri,background,25397.0,25061.0,primary,dMRI_TBSS,OD,fornix,basket,False,False
dMRI_TBSS_OD_corticospinal_tract_right,exploratory_focused_dmri,exploratory_focused_dmri,exploratory,25398.0,25062.0,primary,dMRI_TBSS,OD,corticospinal tract (right),basket,False,False
dMRI_TBSS_OD_corticospinal_tract_left,exploratory_focused_dmri,exploratory_focused_dmri,exploratory,25399.0,25063.0,primary,dMRI_TBSS,OD,corticospinal tract (left),basket,False,False
dMRI_TBSS_OD_medial_lemniscus_right,unfocused_dmri,unfocused_dmri,background,25400.0,25064.0,primary,dMRI_TBSS,OD,medial lemniscus (right),basket,False,False
dMRI_TBSS_OD_medial_lemniscus_left,unfocused_dmri,unfocused_dmri,background,25401.0,25065.0,primary,dMRI_TBSS,OD,medial lemniscus (left),basket,False,False
dMRI_TBSS_OD_inferior_cerebellar_peduncle_right,unfocused_dmri,unfocused_dmri,background,25402.0,25066.0,primary,dMRI_TBSS,OD,inferior cerebellar peduncle (right),basket,False,False
dMRI_TBSS_OD_inferior_cerebellar_peduncle_left,unfocused_dmri,unfocused_dmri,background,25403.0,25067.0,primary,dMRI_TBSS,OD,inferior cerebellar peduncle (left),basket,False,False
dMRI_TBSS_OD_superior_cerebellar_peduncle_right,unfocused_dmri,unfocused_dmri,background,25404.0,25068.0,primary,dMRI_TBSS,OD,superior cerebellar peduncle (right),basket,False,False
dMRI_TBSS_OD_superior_cerebellar_peduncle_left,unfocused_dmri,unfocused_dmri,background,25405.0,25069.0,primary,dMRI_TBSS,OD,superior cerebellar peduncle (left),basket,False,False
dMRI_TBSS_OD_cerebral_peduncle_right,exploratory_focused_dmri,exploratory_focused_dmri,exploratory,25406.0,25070.0,primary,dMRI_TBSS,OD,cerebral peduncle (right),basket,False,False
dMRI_TBSS_OD_cerebral_peduncle_left,exploratory_focused_dmri,exploratory_focused_dmri,exploratory,25407.0,25071.0,primary,dMRI_TBSS,OD,cerebral peduncle (left),basket,False,False
dMRI_TBSS_OD_anterior_limb_of_internal_capsule_right,unfocused_dmri,unfocused_dmri,background,25408.0,25072.0,primary,dMRI_TBSS,OD,anterior limb of internal capsule (right),basket,False,False
dMRI_TBSS_OD_anterior_limb_of_internal_capsule_left,unfocused_dmri,unfocused_dmri,background,25409.0,25073.0,primary,dMRI_TBSS,OD,anterior limb of internal capsule (left),basket,False,False
dMRI_TBSS_OD_posterior_limb_of_internal_capsule_right,exploratory_focused_dmri,exploratory_focused_dmri,exploratory,25410.0,25074.0,primary,dMRI_TBSS,OD,posterior limb of internal capsule (right),basket,False,False
dMRI_TBSS_OD_posterior_limb_of_internal_capsule_left,exploratory_focused_dmri,exploratory_focused_dmri,exploratory,25411.0,25075.0,primary,dMRI_TBSS,OD,posterior limb of internal capsule (left),basket,False,False
dMRI_TBSS_OD_retrolenticular_part_of_internal_capsule_f25412,unfocused_dmri,unfocused_dmri,background,25412.0,25076.0,primary,dMRI_TBSS,OD,retrolenticular part of internal capsule (right),basket,False,False
dMRI_TBSS_OD_retrolenticular_part_of_internal_capsule_f25413,unfocused_dmri,unfocused_dmri,background,25413.0,25077.0,primary,dMRI_TBSS,OD,retrolenticular part of internal capsule (left),basket,False,False
dMRI_TBSS_OD_anterior_corona_radiata_right,exploratory_focused_dmri,exploratory_focused_dmri,exploratory,25414.0,25078.0,primary,dMRI_TBSS,OD,anterior corona radiata (right),basket,False,False
dMRI_TBSS_OD_anterior_corona_radiata_left,exploratory_focused_dmri,exploratory_focused_dmri,exploratory,25415.0,25079.0,primary,dMRI_TBSS,OD,anterior corona radiata (left),basket,False,False
dMRI_TBSS_OD_superior_corona_radiata_right,exploratory_focused_dmri,exploratory_focused_dmri,exploratory,25416.0,25080.0,primary,dMRI_TBSS,OD,superior corona radiata (right),basket,False,False
dMRI_TBSS_OD_superior_corona_radiata_left,exploratory_focused_dmri,exploratory_focused_dmri,exploratory,25417.0,25081.0,primary,dMRI_TBSS,OD,superior corona radiata (left),basket,False,False
dMRI_TBSS_OD_posterior_corona_radiata_right,exploratory_focused_dmri,exploratory_focused_dmri,exploratory,25418.0,25082.0,primary,dMRI_TBSS,OD,posterior corona radiata (right),basket,False,False
dMRI_TBSS_OD_posterior_corona_radiata_left,exploratory_focused_dmri,exploratory_focused_dmri,exploratory,25419.0,25083.0,primary,dMRI_TBSS,OD,posterior corona radiata (left),basket,False,False
dMRI_TBSS_OD_posterior_thalamic_radiation_right,exploratory_focused_dmri,exploratory_focused_dmri,exploratory,25420.0,25084.0,primary,dMRI_TBSS,OD,posterior thalamic radiation (right),basket,False,False
dMRI_TBSS_OD_posterior_thalamic_radiation_left,exploratory_focused_dmri,exploratory_focused_dmri,exploratory,25421.0,25085.0,primary,dMRI_TBSS,OD,posterior thalamic radiation (left),basket,False,False
dMRI_TBSS_OD_sagittal_stratum_right,unfocused_dmri,unfocused_dmri,background,25422.0,25086.0,primary,dMRI_TBSS,OD,sagittal stratum (right),basket,False,False
dMRI_TBSS_OD_sagittal_stratum_left,unfocused_dmri,unfocused_dmri,background,25423.0,25087.0,primary,dMRI_TBSS,OD,sagittal stratum (left),basket,False,False
dMRI_TBSS_OD_external_capsule_right,unfocused_dmri,unfocused_dmri,background,25424.0,25088.0,primary,dMRI_TBSS,OD,external capsule (right),basket,False,False
dMRI_TBSS_OD_external_capsule_left,unfocused_dmri,unfocused_dmri,background,25425.0,25089.0,primary,dMRI_TBSS,OD,external capsule (left),basket,False,False
dMRI_TBSS_OD_cingulum_cingulate_gyrus_right,unfocused_dmri,unfocused_dmri,background,25426.0,25090.0,primary,dMRI_TBSS,OD,cingulum cingulate gyrus (right),basket,False,False
dMRI_TBSS_OD_cingulum_cingulate_gyrus_left,unfocused_dmri,unfocused_dmri,background,25427.0,25091.0,primary,dMRI_TBSS,OD,cingulum cingulate gyrus (left),basket,False,False
dMRI_TBSS_OD_cingulum_hippocampus_right,unfocused_dmri,unfocused_dmri,background,25428.0,25092.0,primary,dMRI_TBSS,OD,cingulum hippocampus (right),basket,False,False
dMRI_TBSS_OD_cingulum_hippocampus_left,unfocused_dmri,unfocused_dmri,background,25429.0,25093.0,primary,dMRI_TBSS,OD,cingulum hippocampus (left),basket,False,False
dMRI_TBSS_OD_fornix_cres_stria_terminalis_right,unfocused_dmri,unfocused_dmri,background,25430.0,25094.0,primary,dMRI_TBSS,OD,fornix cres+stria terminalis (right),basket,False,False
dMRI_TBSS_OD_fornix_cres_stria_terminalis_left,unfocused_dmri,unfocused_dmri,background,25431.0,25095.0,primary,dMRI_TBSS,OD,fornix cres+stria terminalis (left),basket,False,False
dMRI_TBSS_OD_superior_longitudinal_fasciculus_right,unfocused_dmri,unfocused_dmri,background,25432.0,25096.0,primary,dMRI_TBSS,OD,superior longitudinal fasciculus (right),basket,False,False
dMRI_TBSS_OD_superior_longitudinal_fasciculus_left,unfocused_dmri,unfocused_dmri,background,25433.0,25097.0,primary,dMRI_TBSS,OD,superior longitudinal fasciculus (left),basket,False,False
dMRI_TBSS_OD_superior_fronto_occipital_fasciculus_rig,unfocused_dmri,unfocused_dmri,background,25434.0,25098.0,primary,dMRI_TBSS,OD,superior fronto-occipital fasciculus (right),basket,False,False
dMRI_TBSS_OD_superior_fronto_occipital_fasciculus_lef,unfocused_dmri,unfocused_dmri,background,25435.0,25099.0,primary,dMRI_TBSS,OD,superior fronto-occipital fasciculus (left),basket,False,False
dMRI_TBSS_OD_uncinate_fasciculus_right,unfocused_dmri,unfocused_dmri,background,25436.0,25100.0,primary,dMRI_TBSS,OD,uncinate fasciculus (right),basket,False,False
dMRI_TBSS_OD_uncinate_fasciculus_left,unfocused_dmri,unfocused_dmri,background,25437.0,25101.0,primary,dMRI_TBSS,OD,uncinate fasciculus (left),basket,False,False
dMRI_TBSS_OD_tapetum_right,unfocused_dmri,unfocused_dmri,background,25438.0,25102.0,primary,dMRI_TBSS,OD,tapetum (right),basket,False,False
dMRI_TBSS_OD_tapetum_left,unfocused_dmri,unfocused_dmri,background,25439.0,25103.0,primary,dMRI_TBSS,OD,tapetum (left),basket,False,False
dMRI_TBSS_ISOVF_middle_cerebellar_peduncle,unfocused_dmri,unfocused_dmri,background,25440.0,25056.0,primary,dMRI_TBSS,ISOVF,middle cerebellar peduncle,basket,False,False
dMRI_TBSS_ISOVF_pontine_crossing_tract,unfocused_dmri,unfocused_dmri,background,25441.0,25057.0,primary,dMRI_TBSS,ISOVF,pontine crossing tract,basket,False,False
dMRI_TBSS_ISOVF_genu_of_corpus_callosum,secondary_mechanistic,secondary_mechanistic,mechanistic_support,25442.0,25058.0,primary,dMRI_TBSS,ISOVF,genu of corpus callosum,basket,True,True
dMRI_TBSS_ISOVF_body_of_corpus_callosum,secondary_mechanistic,secondary_mechanistic,mechanistic_support,25443.0,25059.0,primary,dMRI_TBSS,ISOVF,body of corpus callosum,basket,True,True
dMRI_TBSS_ISOVF_splenium_of_corpus_callosum,secondary_mechanistic,secondary_mechanistic,mechanistic_support,25444.0,25060.0,primary,dMRI_TBSS,ISOVF,splenium of corpus callosum,basket,True,True
dMRI_TBSS_ISOVF_fornix,unfocused_dmri,unfocused_dmri,background,25445.0,25061.0,primary,dMRI_TBSS,ISOVF,fornix,basket,False,False
dMRI_TBSS_ISOVF_corticospinal_tract_right,secondary_mechanistic,secondary_mechanistic,mechanistic_support,25446.0,25062.0,primary,dMRI_TBSS,ISOVF,corticospinal tract (right),basket,True,True
dMRI_TBSS_ISOVF_corticospinal_tract_left,secondary_mechanistic,secondary_mechanistic,mechanistic_support,25447.0,25063.0,primary,dMRI_TBSS,ISOVF,corticospinal tract (left),basket,True,True
dMRI_TBSS_ISOVF_medial_lemniscus_right,unfocused_dmri,unfocused_dmri,background,25448.0,25064.0,primary,dMRI_TBSS,ISOVF,medial lemniscus (right),basket,False,False
dMRI_TBSS_ISOVF_medial_lemniscus_left,unfocused_dmri,unfocused_dmri,background,25449.0,25065.0,primary,dMRI_TBSS,ISOVF,medial lemniscus (left),basket,False,False
dMRI_TBSS_ISOVF_inferior_cerebellar_peduncle_right,unfocused_dmri,unfocused_dmri,background,25450.0,25066.0,primary,dMRI_TBSS,ISOVF,inferior cerebellar peduncle (right),basket,False,False
dMRI_TBSS_ISOVF_inferior_cerebellar_peduncle_left,unfocused_dmri,unfocused_dmri,background,25451.0,25067.0,primary,dMRI_TBSS,ISOVF,inferior cerebellar peduncle (left),basket,False,False
dMRI_TBSS_ISOVF_superior_cerebellar_peduncle_right,unfocused_dmri,unfocused_dmri,background,25452.0,25068.0,primary,dMRI_TBSS,ISOVF,superior cerebellar peduncle (right),basket,False,False
dMRI_TBSS_ISOVF_superior_cerebellar_peduncle_left,unfocused_dmri,unfocused_dmri,background,25453.0,25069.0,primary,dMRI_TBSS,ISOVF,superior cerebellar peduncle (left),basket,False,False
dMRI_TBSS_ISOVF_cerebral_peduncle_right,secondary_mechanistic,secondary_mechanistic,mechanistic_support,25454.0,25070.0,primary,dMRI_TBSS,ISOVF,cerebral peduncle (right),basket,True,True
dMRI_TBSS_ISOVF_cerebral_peduncle_left,secondary_mechanistic,secondary_mechanistic,mechanistic_support,25455.0,25071.0,primary,dMRI_TBSS,ISOVF,cerebral peduncle (left),basket,True,True
dMRI_TBSS_ISOVF_anterior_limb_of_internal_capsule_right,unfocused_dmri,unfocused_dmri,background,25456.0,25072.0,primary,dMRI_TBSS,ISOVF,anterior limb of internal capsule (right),basket,False,False
dMRI_TBSS_ISOVF_anterior_limb_of_internal_capsule_left,unfocused_dmri,unfocused_dmri,background,25457.0,25073.0,primary,dMRI_TBSS,ISOVF,anterior limb of internal capsule (left),basket,False,False
dMRI_TBSS_ISOVF_posterior_limb_of_internal_capsule_right,secondary_mechanistic,secondary_mechanistic,mechanistic_support,25458.0,25074.0,primary,dMRI_TBSS,ISOVF,posterior limb of internal capsule (right),basket,True,True
dMRI_TBSS_ISOVF_posterior_limb_of_internal_capsule_left,secondary_mechanistic,secondary_mechanistic,mechanistic_support,25459.0,25075.0,primary,dMRI_TBSS,ISOVF,posterior limb of internal capsule (left),basket,True,True
dMRI_TBSS_ISOVF_retrolenticular_part_of_internal_capsule_f25460,unfocused_dmri,unfocused_dmri,background,25460.0,25076.0,primary,dMRI_TBSS,ISOVF,retrolenticular part of internal capsule (right),basket,False,False
dMRI_TBSS_ISOVF_retrolenticular_part_of_internal_capsule_f25461,unfocused_dmri,unfocused_dmri,background,25461.0,25077.0,primary,dMRI_TBSS,ISOVF,retrolenticular part of internal capsule (left),basket,False,False
dMRI_TBSS_ISOVF_anterior_corona_radiata_right,secondary_mechanistic,secondary_mechanistic,mechanistic_support,25462.0,25078.0,primary,dMRI_TBSS,ISOVF,anterior corona radiata (right),basket,True,True
dMRI_TBSS_ISOVF_anterior_corona_radiata_left,secondary_mechanistic,secondary_mechanistic,mechanistic_support,25463.0,25079.0,primary,dMRI_TBSS,ISOVF,anterior corona radiata (left),basket,True,True
dMRI_TBSS_ISOVF_superior_corona_radiata_right,secondary_mechanistic,secondary_mechanistic,mechanistic_support,25464.0,25080.0,primary,dMRI_TBSS,ISOVF,superior corona radiata (right),basket,True,True
dMRI_TBSS_ISOVF_superior_corona_radiata_left,secondary_mechanistic,secondary_mechanistic,mechanistic_support,25465.0,25081.0,primary,dMRI_TBSS,ISOVF,superior corona radiata (left),basket,True,True
dMRI_TBSS_ISOVF_posterior_corona_radiata_right,secondary_mechanistic,secondary_mechanistic,mechanistic_support,25466.0,25082.0,primary,dMRI_TBSS,ISOVF,posterior corona radiata (right),basket,True,True
dMRI_TBSS_ISOVF_posterior_corona_radiata_left,secondary_mechanistic,secondary_mechanistic,mechanistic_support,25467.0,25083.0,primary,dMRI_TBSS,ISOVF,posterior corona radiata (left),basket,True,True
dMRI_TBSS_ISOVF_posterior_thalamic_radiation_right,secondary_mechanistic,secondary_mechanistic,mechanistic_support,25468.0,25084.0,primary,dMRI_TBSS,ISOVF,posterior thalamic radiation (right),basket,True,True
dMRI_TBSS_ISOVF_posterior_thalamic_radiation_left,secondary_mechanistic,secondary_mechanistic,mechanistic_support,25469.0,25085.0,primary,dMRI_TBSS,ISOVF,posterior thalamic radiation (left),basket,True,True
dMRI_TBSS_ISOVF_sagittal_stratum_right,unfocused_dmri,unfocused_dmri,background,25470.0,25086.0,primary,dMRI_TBSS,ISOVF,sagittal stratum (right),basket,False,False
dMRI_TBSS_ISOVF_sagittal_stratum_left,unfocused_dmri,unfocused_dmri,background,25471.0,25087.0,primary,dMRI_TBSS,ISOVF,sagittal stratum (left),basket,False,False
dMRI_TBSS_ISOVF_external_capsule_right,unfocused_dmri,unfocused_dmri,background,25472.0,25088.0,primary,dMRI_TBSS,ISOVF,external capsule (right),basket,False,False
dMRI_TBSS_ISOVF_external_capsule_left,unfocused_dmri,unfocused_dmri,background,25473.0,25089.0,primary,dMRI_TBSS,ISOVF,external capsule (left),basket,False,False
dMRI_TBSS_ISOVF_cingulum_cingulate_gyrus_right,unfocused_dmri,unfocused_dmri,background,25474.0,25090.0,primary,dMRI_TBSS,ISOVF,cingulum cingulate gyrus (right),basket,False,False
dMRI_TBSS_ISOVF_cingulum_cingulate_gyrus_left,unfocused_dmri,unfocused_dmri,background,25475.0,25091.0,primary,dMRI_TBSS,ISOVF,cingulum cingulate gyrus (left),basket,False,False
dMRI_TBSS_ISOVF_cingulum_hippocampus_right,unfocused_dmri,unfocused_dmri,background,25476.0,25092.0,primary,dMRI_TBSS,ISOVF,cingulum hippocampus (right),basket,False,False
dMRI_TBSS_ISOVF_cingulum_hippocampus_left,unfocused_dmri,unfocused_dmri,background,25477.0,25093.0,primary,dMRI_TBSS,ISOVF,cingulum hippocampus (left),basket,False,False
dMRI_TBSS_ISOVF_fornix_cres_stria_terminalis_right,unfocused_dmri,unfocused_dmri,background,25478.0,25094.0,primary,dMRI_TBSS,ISOVF,fornix cres+stria terminalis (right),basket,False,False
dMRI_TBSS_ISOVF_fornix_cres_stria_terminalis_left,unfocused_dmri,unfocused_dmri,background,25479.0,25095.0,primary,dMRI_TBSS,ISOVF,fornix cres+stria terminalis (left),basket,False,False
dMRI_TBSS_ISOVF_superior_longitudinal_fasciculus_right,unfocused_dmri,unfocused_dmri,background,25480.0,25096.0,primary,dMRI_TBSS,ISOVF,superior longitudinal fasciculus (right),basket,False,False
dMRI_TBSS_ISOVF_superior_longitudinal_fasciculus_left,unfocused_dmri,unfocused_dmri,background,25481.0,25097.0,primary,dMRI_TBSS,ISOVF,superior longitudinal fasciculus (left),basket,False,False
dMRI_TBSS_ISOVF_superior_fronto_occipital_fasciculus_rig,unfocused_dmri,unfocused_dmri,background,25482.0,25098.0,primary,dMRI_TBSS,ISOVF,superior fronto-occipital fasciculus (right),basket,False,False
dMRI_TBSS_ISOVF_superior_fronto_occipital_fasciculus_lef,unfocused_dmri,unfocused_dmri,background,25483.0,25099.0,primary,dMRI_TBSS,ISOVF,superior fronto-occipital fasciculus (left),basket,False,False
dMRI_TBSS_ISOVF_uncinate_fasciculus_right,unfocused_dmri,unfocused_dmri,background,25484.0,25100.0,primary,dMRI_TBSS,ISOVF,uncinate fasciculus (right),basket,False,False
dMRI_TBSS_ISOVF_uncinate_fasciculus_left,unfocused_dmri,unfocused_dmri,background,25485.0,25101.0,primary,dMRI_TBSS,ISOVF,uncinate fasciculus (left),basket,False,False
dMRI_TBSS_ISOVF_tapetum_right,unfocused_dmri,unfocused_dmri,background,25486.0,25102.0,primary,dMRI_TBSS,ISOVF,tapetum (right),basket,False,False
dMRI_TBSS_ISOVF_tapetum_left,unfocused_dmri,unfocused_dmri,background,25487.0,25103.0,primary,dMRI_TBSS,ISOVF,tapetum (left),basket,False,False
dMRI_weighted_mean_FA_acoustic_radiation_left,unfocused_dmri,unfocused_dmri,background,25488.0,25488.0,primary,dMRI_weighted_mean,FA,acoustic radiation (left),basket,False,False
dMRI_weighted_mean_FA_acoustic_radiation_right,unfocused_dmri,unfocused_dmri,background,25489.0,25489.0,primary,dMRI_weighted_mean,FA,acoustic radiation (right),basket,False,False
dMRI_weighted_mean_FA_anterior_thalamic_radiation_left,unfocused_dmri,unfocused_dmri,background,25490.0,25490.0,primary,dMRI_weighted_mean,FA,anterior thalamic radiation (left),basket,False,False
dMRI_weighted_mean_FA_anterior_thalamic_radiation_right,unfocused_dmri,unfocused_dmri,background,25491.0,25491.0,primary,dMRI_weighted_mean,FA,anterior thalamic radiation (right),basket,False,False
dMRI_weighted_mean_FA_cingulate_gyrus_part_of_cingulum_left,replication_weighted_tensor,replication_weighted_tensor,replication,25492.0,25492.0,primary,dMRI_weighted_mean,FA,cingulate gyrus part of cingulum (left),basket,True,True
dMRI_weighted_mean_FA_cingulate_gyrus_part_of_cingulum_right,replication_weighted_tensor,replication_weighted_tensor,replication,25493.0,25493.0,primary,dMRI_weighted_mean,FA,cingulate gyrus part of cingulum (right),basket,True,True
dMRI_weighted_mean_FA_parahippocampal_part_of_cingulum_left,replication_weighted_tensor,replication_weighted_tensor,replication,25494.0,25494.0,primary,dMRI_weighted_mean,FA,parahippocampal part of cingulum (left),basket,True,True
dMRI_weighted_mean_FA_parahippocampal_part_of_cingulum_right,replication_weighted_tensor,replication_weighted_tensor,replication,25495.0,25495.0,primary,dMRI_weighted_mean,FA,parahippocampal part of cingulum (right),basket,True,True
dMRI_weighted_mean_FA_corticospinal_tract_left,replication_weighted_tensor,replication_weighted_tensor,replication,25496.0,25496.0,primary,dMRI_weighted_mean,FA,corticospinal tract (left),basket,True,True
dMRI_weighted_mean_FA_corticospinal_tract_right,replication_weighted_tensor,replication_weighted_tensor,replication,25497.0,25497.0,primary,dMRI_weighted_mean,FA,corticospinal tract (right),basket,True,True
dMRI_weighted_mean_FA_forceps_major,replication_weighted_tensor,replication_weighted_tensor,replication,25498.0,25498.0,primary,dMRI_weighted_mean,FA,forceps major,basket,True,True
dMRI_weighted_mean_FA_forceps_minor,replication_weighted_tensor,replication_weighted_tensor,replication,25499.0,25499.0,primary,dMRI_weighted_mean,FA,forceps minor,basket,True,True
dMRI_weighted_mean_FA_inferior_fronto_occipital_fasciculus_lef,unfocused_dmri,unfocused_dmri,background,25500.0,25500.0,primary,dMRI_weighted_mean,FA,inferior fronto-occipital fasciculus (left),basket,False,False
dMRI_weighted_mean_FA_inferior_fronto_occipital_fasciculus_rig,unfocused_dmri,unfocused_dmri,background,25501.0,25501.0,primary,dMRI_weighted_mean,FA,inferior fronto-occipital fasciculus (right),basket,False,False
dMRI_weighted_mean_FA_inferior_longitudinal_fasciculus_left,unfocused_dmri,unfocused_dmri,background,25502.0,25502.0,primary,dMRI_weighted_mean,FA,inferior longitudinal fasciculus (left),basket,False,False
dMRI_weighted_mean_FA_inferior_longitudinal_fasciculus_right,unfocused_dmri,unfocused_dmri,background,25503.0,25503.0,primary,dMRI_weighted_mean,FA,inferior longitudinal fasciculus (right),basket,False,False
dMRI_weighted_mean_FA_middle_cerebellar_peduncle,unfocused_dmri,unfocused_dmri,background,25504.0,25504.0,primary,dMRI_weighted_mean,FA,middle cerebellar peduncle,basket,False,False
dMRI_weighted_mean_FA_medial_lemniscus_left,unfocused_dmri,unfocused_dmri,background,25505.0,25505.0,primary,dMRI_weighted_mean,FA,medial lemniscus (left),basket,False,False
dMRI_weighted_mean_FA_medial_lemniscus_right,unfocused_dmri,unfocused_dmri,background,25506.0,25506.0,primary,dMRI_weighted_mean,FA,medial lemniscus (right),basket,False,False
dMRI_weighted_mean_FA_posterior_thalamic_radiation_left,replication_weighted_tensor,replication_weighted_tensor,replication,25507.0,25507.0,primary,dMRI_weighted_mean,FA,posterior thalamic radiation (left),basket,True,True
dMRI_weighted_mean_FA_posterior_thalamic_radiation_right,replication_weighted_tensor,replication_weighted_tensor,replication,25508.0,25508.0,primary,dMRI_weighted_mean,FA,posterior thalamic radiation (right),basket,True,True
dMRI_weighted_mean_FA_superior_longitudinal_fasciculus_left,replication_weighted_tensor,replication_weighted_tensor,replication,25509.0,25509.0,primary,dMRI_weighted_mean,FA,superior longitudinal fasciculus (left),basket,True,True
dMRI_weighted_mean_FA_superior_longitudinal_fasciculus_right,replication_weighted_tensor,replication_weighted_tensor,replication,25510.0,25510.0,primary,dMRI_weighted_mean,FA,superior longitudinal fasciculus (right),basket,True,True
dMRI_weighted_mean_FA_superior_thalamic_radiation_left,replication_weighted_tensor,replication_weighted_tensor,replication,25511.0,25511.0,primary,dMRI_weighted_mean,FA,superior thalamic radiation (left),basket,True,True
dMRI_weighted_mean_FA_superior_thalamic_radiation_right,replication_weighted_tensor,replication_weighted_tensor,replication,25512.0,25512.0,primary,dMRI_weighted_mean,FA,superior thalamic radiation (right),basket,True,True
dMRI_weighted_mean_FA_uncinate_fasciculus_left,replication_weighted_tensor,replication_weighted_tensor,replication,25513.0,25513.0,primary,dMRI_weighted_mean,FA,uncinate fasciculus (left),basket,True,True
dMRI_weighted_mean_FA_uncinate_fasciculus_right,replication_weighted_tensor,replication_weighted_tensor,replication,25514.0,25514.0,primary,dMRI_weighted_mean,FA,uncinate fasciculus (right),basket,True,True
dMRI_weighted_mean_MD_acoustic_radiation_left,unfocused_dmri,unfocused_dmri,background,25515.0,25488.0,primary,dMRI_weighted_mean,MD,acoustic radiation (left),basket,False,False
dMRI_weighted_mean_MD_acoustic_radiation_right,unfocused_dmri,unfocused_dmri,background,25516.0,25489.0,primary,dMRI_weighted_mean,MD,acoustic radiation (right),basket,False,False
dMRI_weighted_mean_MD_anterior_thalamic_radiation_left,unfocused_dmri,unfocused_dmri,background,25517.0,25490.0,primary,dMRI_weighted_mean,MD,anterior thalamic radiation (left),basket,False,False
dMRI_weighted_mean_MD_anterior_thalamic_radiation_right,unfocused_dmri,unfocused_dmri,background,25518.0,25491.0,primary,dMRI_weighted_mean,MD,anterior thalamic radiation (right),basket,False,False
dMRI_weighted_mean_MD_cingulate_gyrus_part_of_cingulum_left,replication_weighted_tensor,replication_weighted_tensor,replication,25519.0,25492.0,primary,dMRI_weighted_mean,MD,cingulate gyrus part of cingulum (left),basket,True,True
dMRI_weighted_mean_MD_cingulate_gyrus_part_of_cingulum_right,replication_weighted_tensor,replication_weighted_tensor,replication,25520.0,25493.0,primary,dMRI_weighted_mean,MD,cingulate gyrus part of cingulum (right),basket,True,True
dMRI_weighted_mean_MD_parahippocampal_part_of_cingulum_left,replication_weighted_tensor,replication_weighted_tensor,replication,25521.0,25494.0,primary,dMRI_weighted_mean,MD,parahippocampal part of cingulum (left),basket,True,True
dMRI_weighted_mean_MD_parahippocampal_part_of_cingulum_right,replication_weighted_tensor,replication_weighted_tensor,replication,25522.0,25495.0,primary,dMRI_weighted_mean,MD,parahippocampal part of cingulum (right),basket,True,True
dMRI_weighted_mean_MD_corticospinal_tract_left,replication_weighted_tensor,replication_weighted_tensor,replication,25523.0,25496.0,primary,dMRI_weighted_mean,MD,corticospinal tract (left),basket,True,True
dMRI_weighted_mean_MD_corticospinal_tract_right,replication_weighted_tensor,replication_weighted_tensor,replication,25524.0,25497.0,primary,dMRI_weighted_mean,MD,corticospinal tract (right),basket,True,True
dMRI_weighted_mean_MD_forceps_major,replication_weighted_tensor,replication_weighted_tensor,replication,25525.0,25498.0,primary,dMRI_weighted_mean,MD,forceps major,basket,True,True
dMRI_weighted_mean_MD_forceps_minor,replication_weighted_tensor,replication_weighted_tensor,replication,25526.0,25499.0,primary,dMRI_weighted_mean,MD,forceps minor,basket,True,True
dMRI_weighted_mean_MD_inferior_fronto_occipital_fasciculus_lef,unfocused_dmri,unfocused_dmri,background,25527.0,25500.0,primary,dMRI_weighted_mean,MD,inferior fronto-occipital fasciculus (left),basket,False,False
dMRI_weighted_mean_MD_inferior_fronto_occipital_fasciculus_rig,unfocused_dmri,unfocused_dmri,background,25528.0,25501.0,primary,dMRI_weighted_mean,MD,inferior fronto-occipital fasciculus (right),basket,False,False
dMRI_weighted_mean_MD_inferior_longitudinal_fasciculus_left,unfocused_dmri,unfocused_dmri,background,25529.0,25502.0,primary,dMRI_weighted_mean,MD,inferior longitudinal fasciculus (left),basket,False,False
dMRI_weighted_mean_MD_inferior_longitudinal_fasciculus_right,unfocused_dmri,unfocused_dmri,background,25530.0,25503.0,primary,dMRI_weighted_mean,MD,inferior longitudinal fasciculus (right),basket,False,False
dMRI_weighted_mean_MD_middle_cerebellar_peduncle,unfocused_dmri,unfocused_dmri,background,25531.0,25504.0,primary,dMRI_weighted_mean,MD,middle cerebellar peduncle,basket,False,False
dMRI_weighted_mean_MD_medial_lemniscus_left,unfocused_dmri,unfocused_dmri,background,25532.0,25505.0,primary,dMRI_weighted_mean,MD,medial lemniscus (left),basket,False,False
dMRI_weighted_mean_MD_medial_lemniscus_right,unfocused_dmri,unfocused_dmri,background,25533.0,25506.0,primary,dMRI_weighted_mean,MD,medial lemniscus (right),basket,False,False
dMRI_weighted_mean_MD_posterior_thalamic_radiation_left,replication_weighted_tensor,replication_weighted_tensor,replication,25534.0,25507.0,primary,dMRI_weighted_mean,MD,posterior thalamic radiation (left),basket,True,True
dMRI_weighted_mean_MD_posterior_thalamic_radiation_right,replication_weighted_tensor,replication_weighted_tensor,replication,25535.0,25508.0,primary,dMRI_weighted_mean,MD,posterior thalamic radiation (right),basket,True,True
dMRI_weighted_mean_MD_superior_longitudinal_fasciculus_left,replication_weighted_tensor,replication_weighted_tensor,replication,25536.0,25509.0,primary,dMRI_weighted_mean,MD,superior longitudinal fasciculus (left),basket,True,True
dMRI_weighted_mean_MD_superior_longitudinal_fasciculus_right,replication_weighted_tensor,replication_weighted_tensor,replication,25537.0,25510.0,primary,dMRI_weighted_mean,MD,superior longitudinal fasciculus (right),basket,True,True
dMRI_weighted_mean_MD_superior_thalamic_radiation_left,replication_weighted_tensor,replication_weighted_tensor,replication,25538.0,25511.0,primary,dMRI_weighted_mean,MD,superior thalamic radiation (left),basket,True,True
dMRI_weighted_mean_MD_superior_thalamic_radiation_right,replication_weighted_tensor,replication_weighted_tensor,replication,25539.0,25512.0,primary,dMRI_weighted_mean,MD,superior thalamic radiation (right),basket,True,True
dMRI_weighted_mean_MD_uncinate_fasciculus_left,replication_weighted_tensor,replication_weighted_tensor,replication,25540.0,25513.0,primary,dMRI_weighted_mean,MD,uncinate fasciculus (left),basket,True,True
dMRI_weighted_mean_MD_uncinate_fasciculus_right,replication_weighted_tensor,replication_weighted_tensor,replication,25541.0,25514.0,primary,dMRI_weighted_mean,MD,uncinate fasciculus (right),basket,True,True
dMRI_weighted_mean_MO_acoustic_radiation_left,unfocused_dmri,unfocused_dmri,background,25542.0,25488.0,exploratory,dMRI_weighted_mean,MO,acoustic radiation (left),basket,False,False
dMRI_weighted_mean_MO_acoustic_radiation_right,unfocused_dmri,unfocused_dmri,background,25543.0,25489.0,exploratory,dMRI_weighted_mean,MO,acoustic radiation (right),basket,False,False
dMRI_weighted_mean_MO_anterior_thalamic_radiation_left,unfocused_dmri,unfocused_dmri,background,25544.0,25490.0,exploratory,dMRI_weighted_mean,MO,anterior thalamic radiation (left),basket,False,False
dMRI_weighted_mean_MO_anterior_thalamic_radiation_right,unfocused_dmri,unfocused_dmri,background,25545.0,25491.0,exploratory,dMRI_weighted_mean,MO,anterior thalamic radiation (right),basket,False,False
dMRI_weighted_mean_MO_cingulate_gyrus_part_of_cingulum_left,exploratory_focused_dmri,exploratory_focused_dmri,exploratory,25546.0,25492.0,exploratory,dMRI_weighted_mean,MO,cingulate gyrus part of cingulum (left),basket,False,False
dMRI_weighted_mean_MO_cingulate_gyrus_part_of_cingulum_right,exploratory_focused_dmri,exploratory_focused_dmri,exploratory,25547.0,25493.0,exploratory,dMRI_weighted_mean,MO,cingulate gyrus part of cingulum (right),basket,False,False
dMRI_weighted_mean_MO_parahippocampal_part_of_cingulum_left,exploratory_focused_dmri,exploratory_focused_dmri,exploratory,25548.0,25494.0,exploratory,dMRI_weighted_mean,MO,parahippocampal part of cingulum (left),basket,False,False
dMRI_weighted_mean_MO_parahippocampal_part_of_cingulum_right,exploratory_focused_dmri,exploratory_focused_dmri,exploratory,25549.0,25495.0,exploratory,dMRI_weighted_mean,MO,parahippocampal part of cingulum (right),basket,False,False
dMRI_weighted_mean_MO_corticospinal_tract_left,exploratory_focused_dmri,exploratory_focused_dmri,exploratory,25550.0,25496.0,exploratory,dMRI_weighted_mean,MO,corticospinal tract (left),basket,False,False
dMRI_weighted_mean_MO_corticospinal_tract_right,exploratory_focused_dmri,exploratory_focused_dmri,exploratory,25551.0,25497.0,exploratory,dMRI_weighted_mean,MO,corticospinal tract (right),basket,False,False
dMRI_weighted_mean_MO_forceps_major,exploratory_focused_dmri,exploratory_focused_dmri,exploratory,25552.0,25498.0,exploratory,dMRI_weighted_mean,MO,forceps major,basket,False,False
dMRI_weighted_mean_MO_forceps_minor,exploratory_focused_dmri,exploratory_focused_dmri,exploratory,25553.0,25499.0,exploratory,dMRI_weighted_mean,MO,forceps minor,basket,False,False
dMRI_weighted_mean_MO_inferior_fronto_occipital_fasciculus_lef,unfocused_dmri,unfocused_dmri,background,25554.0,25500.0,exploratory,dMRI_weighted_mean,MO,inferior fronto-occipital fasciculus (left),basket,False,False
dMRI_weighted_mean_MO_inferior_fronto_occipital_fasciculus_rig,unfocused_dmri,unfocused_dmri,background,25555.0,25501.0,exploratory,dMRI_weighted_mean,MO,inferior fronto-occipital fasciculus (right),basket,False,False
dMRI_weighted_mean_MO_inferior_longitudinal_fasciculus_left,unfocused_dmri,unfocused_dmri,background,25556.0,25502.0,exploratory,dMRI_weighted_mean,MO,inferior longitudinal fasciculus (left),basket,False,False
dMRI_weighted_mean_MO_inferior_longitudinal_fasciculus_right,unfocused_dmri,unfocused_dmri,background,25557.0,25503.0,exploratory,dMRI_weighted_mean,MO,inferior longitudinal fasciculus (right),basket,False,False
dMRI_weighted_mean_MO_middle_cerebellar_peduncle,unfocused_dmri,unfocused_dmri,background,25558.0,25504.0,exploratory,dMRI_weighted_mean,MO,middle cerebellar peduncle,basket,False,False
dMRI_weighted_mean_MO_medial_lemniscus_left,unfocused_dmri,unfocused_dmri,background,25559.0,25505.0,exploratory,dMRI_weighted_mean,MO,medial lemniscus (left),basket,False,False
dMRI_weighted_mean_MO_medial_lemniscus_right,unfocused_dmri,unfocused_dmri,background,25560.0,25506.0,exploratory,dMRI_weighted_mean,MO,medial lemniscus (right),basket,False,False
dMRI_weighted_mean_MO_posterior_thalamic_radiation_left,exploratory_focused_dmri,exploratory_focused_dmri,exploratory,25561.0,25507.0,exploratory,dMRI_weighted_mean,MO,posterior thalamic radiation (left),basket,False,False
dMRI_weighted_mean_MO_posterior_thalamic_radiation_right,exploratory_focused_dmri,exploratory_focused_dmri,exploratory,25562.0,25508.0,exploratory,dMRI_weighted_mean,MO,posterior thalamic radiation (right),basket,False,False
dMRI_weighted_mean_MO_superior_longitudinal_fasciculus_left,exploratory_focused_dmri,exploratory_focused_dmri,exploratory,25563.0,25509.0,exploratory,dMRI_weighted_mean,MO,superior longitudinal fasciculus (left),basket,False,False
dMRI_weighted_mean_MO_superior_longitudinal_fasciculus_right,exploratory_focused_dmri,exploratory_focused_dmri,exploratory,25564.0,25510.0,exploratory,dMRI_weighted_mean,MO,superior longitudinal fasciculus (right),basket,False,False
dMRI_weighted_mean_MO_superior_thalamic_radiation_left,exploratory_focused_dmri,exploratory_focused_dmri,exploratory,25565.0,25511.0,exploratory,dMRI_weighted_mean,MO,superior thalamic radiation (left),basket,False,False
dMRI_weighted_mean_MO_superior_thalamic_radiation_right,exploratory_focused_dmri,exploratory_focused_dmri,exploratory,25566.0,25512.0,exploratory,dMRI_weighted_mean,MO,superior thalamic radiation (right),basket,False,False
dMRI_weighted_mean_MO_uncinate_fasciculus_left,exploratory_focused_dmri,exploratory_focused_dmri,exploratory,25567.0,25513.0,exploratory,dMRI_weighted_mean,MO,uncinate fasciculus (left),basket,False,False
dMRI_weighted_mean_MO_uncinate_fasciculus_right,exploratory_focused_dmri,exploratory_focused_dmri,exploratory,25568.0,25514.0,exploratory,dMRI_weighted_mean,MO,uncinate fasciculus (right),basket,False,False
dMRI_weighted_mean_L1_acoustic_radiation_left,unfocused_dmri,unfocused_dmri,background,25569.0,25488.0,primary,dMRI_weighted_mean,L1,acoustic radiation (left),basket,False,False
dMRI_weighted_mean_L1_acoustic_radiation_right,unfocused_dmri,unfocused_dmri,background,25570.0,25489.0,primary,dMRI_weighted_mean,L1,acoustic radiation (right),basket,False,False
dMRI_weighted_mean_L1_anterior_thalamic_radiation_left,unfocused_dmri,unfocused_dmri,background,25571.0,25490.0,primary,dMRI_weighted_mean,L1,anterior thalamic radiation (left),basket,False,False
dMRI_weighted_mean_L1_anterior_thalamic_radiation_right,unfocused_dmri,unfocused_dmri,background,25572.0,25491.0,primary,dMRI_weighted_mean,L1,anterior thalamic radiation (right),basket,False,False
dMRI_weighted_mean_L1_cingulate_gyrus_part_of_cingulum_left,replication_directional_context,replication_directional_context,replication_context,25573.0,25492.0,primary,dMRI_weighted_mean,L1,cingulate gyrus part of cingulum (left),basket,True,True
dMRI_weighted_mean_L1_cingulate_gyrus_part_of_cingulum_right,replication_directional_context,replication_directional_context,replication_context,25574.0,25493.0,primary,dMRI_weighted_mean,L1,cingulate gyrus part of cingulum (right),basket,True,True
dMRI_weighted_mean_L1_parahippocampal_part_of_cingulum_left,replication_directional_context,replication_directional_context,replication_context,25575.0,25494.0,primary,dMRI_weighted_mean,L1,parahippocampal part of cingulum (left),basket,True,True
dMRI_weighted_mean_L1_parahippocampal_part_of_cingulum_right,replication_directional_context,replication_directional_context,replication_context,25576.0,25495.0,primary,dMRI_weighted_mean,L1,parahippocampal part of cingulum (right),basket,True,True
dMRI_weighted_mean_L1_corticospinal_tract_left,replication_directional_context,replication_directional_context,replication_context,25577.0,25496.0,primary,dMRI_weighted_mean,L1,corticospinal tract (left),basket,True,True
dMRI_weighted_mean_L1_corticospinal_tract_right,replication_directional_context,replication_directional_context,replication_context,25578.0,25497.0,primary,dMRI_weighted_mean,L1,corticospinal tract (right),basket,True,True
dMRI_weighted_mean_L1_forceps_major,replication_directional_context,replication_directional_context,replication_context,25579.0,25498.0,primary,dMRI_weighted_mean,L1,forceps major,basket,True,True
dMRI_weighted_mean_L1_forceps_minor,replication_directional_context,replication_directional_context,replication_context,25580.0,25499.0,primary,dMRI_weighted_mean,L1,forceps minor,basket,True,True
dMRI_weighted_mean_L1_inferior_fronto_occipital_fasciculus_lef,unfocused_dmri,unfocused_dmri,background,25581.0,25500.0,primary,dMRI_weighted_mean,L1,inferior fronto-occipital fasciculus (left),basket,False,False
dMRI_weighted_mean_L1_inferior_fronto_occipital_fasciculus_rig,unfocused_dmri,unfocused_dmri,background,25582.0,25501.0,primary,dMRI_weighted_mean,L1,inferior fronto-occipital fasciculus (right),basket,False,False
dMRI_weighted_mean_L1_inferior_longitudinal_fasciculus_left,unfocused_dmri,unfocused_dmri,background,25583.0,25502.0,primary,dMRI_weighted_mean,L1,inferior longitudinal fasciculus (left),basket,False,False
dMRI_weighted_mean_L1_inferior_longitudinal_fasciculus_right,unfocused_dmri,unfocused_dmri,background,25584.0,25503.0,primary,dMRI_weighted_mean,L1,inferior longitudinal fasciculus (right),basket,False,False
dMRI_weighted_mean_L1_middle_cerebellar_peduncle,unfocused_dmri,unfocused_dmri,background,25585.0,25504.0,primary,dMRI_weighted_mean,L1,middle cerebellar peduncle,basket,False,False
dMRI_weighted_mean_L1_medial_lemniscus_left,unfocused_dmri,unfocused_dmri,background,25586.0,25505.0,primary,dMRI_weighted_mean,L1,medial lemniscus (left),basket,False,False
dMRI_weighted_mean_L1_medial_lemniscus_right,unfocused_dmri,unfocused_dmri,background,25587.0,25506.0,primary,dMRI_weighted_mean,L1,medial lemniscus (right),basket,False,False
dMRI_weighted_mean_L1_posterior_thalamic_radiation_left,replication_directional_context,replication_directional_context,replication_context,25588.0,25507.0,primary,dMRI_weighted_mean,L1,posterior thalamic radiation (left),basket,True,True
dMRI_weighted_mean_L1_posterior_thalamic_radiation_right,replication_directional_context,replication_directional_context,replication_context,25589.0,25508.0,primary,dMRI_weighted_mean,L1,posterior thalamic radiation (right),basket,True,True
dMRI_weighted_mean_L1_superior_longitudinal_fasciculus_left,replication_directional_context,replication_directional_context,replication_context,25590.0,25509.0,primary,dMRI_weighted_mean,L1,superior longitudinal fasciculus (left),basket,True,True
dMRI_weighted_mean_L1_superior_longitudinal_fasciculus_right,replication_directional_context,replication_directional_context,replication_context,25591.0,25510.0,primary,dMRI_weighted_mean,L1,superior longitudinal fasciculus (right),basket,True,True
dMRI_weighted_mean_L1_superior_thalamic_radiation_left,replication_directional_context,replication_directional_context,replication_context,25592.0,25511.0,primary,dMRI_weighted_mean,L1,superior thalamic radiation (left),basket,True,True
dMRI_weighted_mean_L1_superior_thalamic_radiation_right,replication_directional_context,replication_directional_context,replication_context,25593.0,25512.0,primary,dMRI_weighted_mean,L1,superior thalamic radiation (right),basket,True,True
dMRI_weighted_mean_L1_uncinate_fasciculus_left,replication_directional_context,replication_directional_context,replication_context,25594.0,25513.0,primary,dMRI_weighted_mean,L1,uncinate fasciculus (left),basket,True,True
dMRI_weighted_mean_L1_uncinate_fasciculus_right,replication_directional_context,replication_directional_context,replication_context,25595.0,25514.0,primary,dMRI_weighted_mean,L1,uncinate fasciculus (right),basket,True,True
dMRI_weighted_mean_L2_acoustic_radiation_left,unfocused_dmri,unfocused_dmri,background,25596.0,25488.0,primary,dMRI_weighted_mean,L2,acoustic radiation (left),basket,False,False
dMRI_weighted_mean_L2_acoustic_radiation_right,unfocused_dmri,unfocused_dmri,background,25597.0,25489.0,primary,dMRI_weighted_mean,L2,acoustic radiation (right),basket,False,False
dMRI_weighted_mean_L2_anterior_thalamic_radiation_left,unfocused_dmri,unfocused_dmri,background,25598.0,25490.0,primary,dMRI_weighted_mean,L2,anterior thalamic radiation (left),basket,False,False
dMRI_weighted_mean_L2_anterior_thalamic_radiation_right,unfocused_dmri,unfocused_dmri,background,25599.0,25491.0,primary,dMRI_weighted_mean,L2,anterior thalamic radiation (right),basket,False,False
dMRI_weighted_mean_L2_cingulate_gyrus_part_of_cingulum_left,exploratory_focused_dmri,exploratory_focused_dmri,exploratory,25600.0,25492.0,primary,dMRI_weighted_mean,L2,cingulate gyrus part of cingulum (left),basket,False,False
dMRI_weighted_mean_L2_cingulate_gyrus_part_of_cingulum_right,exploratory_focused_dmri,exploratory_focused_dmri,exploratory,25601.0,25493.0,primary,dMRI_weighted_mean,L2,cingulate gyrus part of cingulum (right),basket,False,False
dMRI_weighted_mean_L2_parahippocampal_part_of_cingulum_left,exploratory_focused_dmri,exploratory_focused_dmri,exploratory,25602.0,25494.0,primary,dMRI_weighted_mean,L2,parahippocampal part of cingulum (left),basket,False,False
dMRI_weighted_mean_L2_parahippocampal_part_of_cingulum_right,exploratory_focused_dmri,exploratory_focused_dmri,exploratory,25603.0,25495.0,primary,dMRI_weighted_mean,L2,parahippocampal part of cingulum (right),basket,False,False
dMRI_weighted_mean_L2_corticospinal_tract_left,exploratory_focused_dmri,exploratory_focused_dmri,exploratory,25604.0,25496.0,primary,dMRI_weighted_mean,L2,corticospinal tract (left),basket,False,False
dMRI_weighted_mean_L2_corticospinal_tract_right,exploratory_focused_dmri,exploratory_focused_dmri,exploratory,25605.0,25497.0,primary,dMRI_weighted_mean,L2,corticospinal tract (right),basket,False,False
dMRI_weighted_mean_L2_forceps_major,exploratory_focused_dmri,exploratory_focused_dmri,exploratory,25606.0,25498.0,primary,dMRI_weighted_mean,L2,forceps major,basket,False,False
dMRI_weighted_mean_L2_forceps_minor,exploratory_focused_dmri,exploratory_focused_dmri,exploratory,25607.0,25499.0,primary,dMRI_weighted_mean,L2,forceps minor,basket,False,False
dMRI_weighted_mean_L2_inferior_fronto_occipital_fasciculus_lef,unfocused_dmri,unfocused_dmri,background,25608.0,25500.0,primary,dMRI_weighted_mean,L2,inferior fronto-occipital fasciculus (left),basket,False,False
dMRI_weighted_mean_L2_inferior_fronto_occipital_fasciculus_rig,unfocused_dmri,unfocused_dmri,background,25609.0,25501.0,primary,dMRI_weighted_mean,L2,inferior fronto-occipital fasciculus (right),basket,False,False
dMRI_weighted_mean_L2_inferior_longitudinal_fasciculus_left,unfocused_dmri,unfocused_dmri,background,25610.0,25502.0,primary,dMRI_weighted_mean,L2,inferior longitudinal fasciculus (left),basket,False,False
dMRI_weighted_mean_L2_inferior_longitudinal_fasciculus_right,unfocused_dmri,unfocused_dmri,background,25611.0,25503.0,primary,dMRI_weighted_mean,L2,inferior longitudinal fasciculus (right),basket,False,False
dMRI_weighted_mean_L2_middle_cerebellar_peduncle,unfocused_dmri,unfocused_dmri,background,25612.0,25504.0,primary,dMRI_weighted_mean,L2,middle cerebellar peduncle,basket,False,False
dMRI_weighted_mean_L2_medial_lemniscus_left,unfocused_dmri,unfocused_dmri,background,25613.0,25505.0,primary,dMRI_weighted_mean,L2,medial lemniscus (left),basket,False,False
dMRI_weighted_mean_L2_medial_lemniscus_right,unfocused_dmri,unfocused_dmri,background,25614.0,25506.0,primary,dMRI_weighted_mean,L2,medial lemniscus (right),basket,False,False
dMRI_weighted_mean_L2_posterior_thalamic_radiation_left,exploratory_focused_dmri,exploratory_focused_dmri,exploratory,25615.0,25507.0,primary,dMRI_weighted_mean,L2,posterior thalamic radiation (left),basket,False,False
dMRI_weighted_mean_L2_posterior_thalamic_radiation_right,exploratory_focused_dmri,exploratory_focused_dmri,exploratory,25616.0,25508.0,primary,dMRI_weighted_mean,L2,posterior thalamic radiation (right),basket,False,False
dMRI_weighted_mean_L2_superior_longitudinal_fasciculus_left,exploratory_focused_dmri,exploratory_focused_dmri,exploratory,25617.0,25509.0,primary,dMRI_weighted_mean,L2,superior longitudinal fasciculus (left),basket,False,False
dMRI_weighted_mean_L2_superior_longitudinal_fasciculus_right,exploratory_focused_dmri,exploratory_focused_dmri,exploratory,25618.0,25510.0,primary,dMRI_weighted_mean,L2,superior longitudinal fasciculus (right),basket,False,False
dMRI_weighted_mean_L2_superior_thalamic_radiation_left,exploratory_focused_dmri,exploratory_focused_dmri,exploratory,25619.0,25511.0,primary,dMRI_weighted_mean,L2,superior thalamic radiation (left),basket,False,False
dMRI_weighted_mean_L2_superior_thalamic_radiation_right,exploratory_focused_dmri,exploratory_focused_dmri,exploratory,25620.0,25512.0,primary,dMRI_weighted_mean,L2,superior thalamic radiation (right),basket,False,False
dMRI_weighted_mean_L2_uncinate_fasciculus_left,exploratory_focused_dmri,exploratory_focused_dmri,exploratory,25621.0,25513.0,primary,dMRI_weighted_mean,L2,uncinate fasciculus (left),basket,False,False
dMRI_weighted_mean_L2_uncinate_fasciculus_right,exploratory_focused_dmri,exploratory_focused_dmri,exploratory,25622.0,25514.0,primary,dMRI_weighted_mean,L2,uncinate fasciculus (right),basket,False,False
dMRI_weighted_mean_L3_acoustic_radiation_left,unfocused_dmri,unfocused_dmri,background,25623.0,25488.0,primary,dMRI_weighted_mean,L3,acoustic radiation (left),basket,False,False
dMRI_weighted_mean_L3_acoustic_radiation_right,unfocused_dmri,unfocused_dmri,background,25624.0,25489.0,primary,dMRI_weighted_mean,L3,acoustic radiation (right),basket,False,False
dMRI_weighted_mean_L3_anterior_thalamic_radiation_left,unfocused_dmri,unfocused_dmri,background,25625.0,25490.0,primary,dMRI_weighted_mean,L3,anterior thalamic radiation (left),basket,False,False
dMRI_weighted_mean_L3_anterior_thalamic_radiation_right,unfocused_dmri,unfocused_dmri,background,25626.0,25491.0,primary,dMRI_weighted_mean,L3,anterior thalamic radiation (right),basket,False,False
dMRI_weighted_mean_L3_cingulate_gyrus_part_of_cingulum_left,exploratory_focused_dmri,exploratory_focused_dmri,exploratory,25627.0,25492.0,primary,dMRI_weighted_mean,L3,cingulate gyrus part of cingulum (left),basket,False,False
dMRI_weighted_mean_L3_cingulate_gyrus_part_of_cingulum_right,exploratory_focused_dmri,exploratory_focused_dmri,exploratory,25628.0,25493.0,primary,dMRI_weighted_mean,L3,cingulate gyrus part of cingulum (right),basket,False,False
dMRI_weighted_mean_L3_parahippocampal_part_of_cingulum_left,exploratory_focused_dmri,exploratory_focused_dmri,exploratory,25629.0,25494.0,primary,dMRI_weighted_mean,L3,parahippocampal part of cingulum (left),basket,False,False
dMRI_weighted_mean_L3_parahippocampal_part_of_cingulum_right,exploratory_focused_dmri,exploratory_focused_dmri,exploratory,25630.0,25495.0,primary,dMRI_weighted_mean,L3,parahippocampal part of cingulum (right),basket,False,False
dMRI_weighted_mean_L3_corticospinal_tract_left,exploratory_focused_dmri,exploratory_focused_dmri,exploratory,25631.0,25496.0,primary,dMRI_weighted_mean,L3,corticospinal tract (left),basket,False,False
dMRI_weighted_mean_L3_corticospinal_tract_right,exploratory_focused_dmri,exploratory_focused_dmri,exploratory,25632.0,25497.0,primary,dMRI_weighted_mean,L3,corticospinal tract (right),basket,False,False
dMRI_weighted_mean_L3_forceps_major,exploratory_focused_dmri,exploratory_focused_dmri,exploratory,25633.0,25498.0,primary,dMRI_weighted_mean,L3,forceps major,basket,False,False
dMRI_weighted_mean_L3_forceps_minor,exploratory_focused_dmri,exploratory_focused_dmri,exploratory,25634.0,25499.0,primary,dMRI_weighted_mean,L3,forceps minor,basket,False,False
dMRI_weighted_mean_L3_inferior_fronto_occipital_fasciculus_lef,unfocused_dmri,unfocused_dmri,background,25635.0,25500.0,primary,dMRI_weighted_mean,L3,inferior fronto-occipital fasciculus (left),basket,False,False
dMRI_weighted_mean_L3_inferior_fronto_occipital_fasciculus_rig,unfocused_dmri,unfocused_dmri,background,25636.0,25501.0,primary,dMRI_weighted_mean,L3,inferior fronto-occipital fasciculus (right),basket,False,False
dMRI_weighted_mean_L3_inferior_longitudinal_fasciculus_left,unfocused_dmri,unfocused_dmri,background,25637.0,25502.0,primary,dMRI_weighted_mean,L3,inferior longitudinal fasciculus (left),basket,False,False
dMRI_weighted_mean_L3_inferior_longitudinal_fasciculus_right,unfocused_dmri,unfocused_dmri,background,25638.0,25503.0,primary,dMRI_weighted_mean,L3,inferior longitudinal fasciculus (right),basket,False,False
dMRI_weighted_mean_L3_middle_cerebellar_peduncle,unfocused_dmri,unfocused_dmri,background,25639.0,25504.0,primary,dMRI_weighted_mean,L3,middle cerebellar peduncle,basket,False,False
dMRI_weighted_mean_L3_medial_lemniscus_left,unfocused_dmri,unfocused_dmri,background,25640.0,25505.0,primary,dMRI_weighted_mean,L3,medial lemniscus (left),basket,False,False
dMRI_weighted_mean_L3_medial_lemniscus_right,unfocused_dmri,unfocused_dmri,background,25641.0,25506.0,primary,dMRI_weighted_mean,L3,medial lemniscus (right),basket,False,False
dMRI_weighted_mean_L3_posterior_thalamic_radiation_left,exploratory_focused_dmri,exploratory_focused_dmri,exploratory,25642.0,25507.0,primary,dMRI_weighted_mean,L3,posterior thalamic radiation (left),basket,False,False
dMRI_weighted_mean_L3_posterior_thalamic_radiation_right,exploratory_focused_dmri,exploratory_focused_dmri,exploratory,25643.0,25508.0,primary,dMRI_weighted_mean,L3,posterior thalamic radiation (right),basket,False,False
dMRI_weighted_mean_L3_superior_longitudinal_fasciculus_left,exploratory_focused_dmri,exploratory_focused_dmri,exploratory,25644.0,25509.0,primary,dMRI_weighted_mean,L3,superior longitudinal fasciculus (left),basket,False,False
dMRI_weighted_mean_L3_superior_longitudinal_fasciculus_right,exploratory_focused_dmri,exploratory_focused_dmri,exploratory,25645.0,25510.0,primary,dMRI_weighted_mean,L3,superior longitudinal fasciculus (right),basket,False,False
dMRI_weighted_mean_L3_superior_thalamic_radiation_left,exploratory_focused_dmri,exploratory_focused_dmri,exploratory,25646.0,25511.0,primary,dMRI_weighted_mean,L3,superior thalamic radiation (left),basket,False,False
dMRI_weighted_mean_L3_superior_thalamic_radiation_right,exploratory_focused_dmri,exploratory_focused_dmri,exploratory,25647.0,25512.0,primary,dMRI_weighted_mean,L3,superior thalamic radiation (right),basket,False,False
dMRI_weighted_mean_L3_uncinate_fasciculus_left,exploratory_focused_dmri,exploratory_focused_dmri,exploratory,25648.0,25513.0,primary,dMRI_weighted_mean,L3,uncinate fasciculus (left),basket,False,False
dMRI_weighted_mean_L3_uncinate_fasciculus_right,exploratory_focused_dmri,exploratory_focused_dmri,exploratory,25649.0,25514.0,primary,dMRI_weighted_mean,L3,uncinate fasciculus (right),basket,False,False
dMRI_weighted_mean_ICVF_acoustic_radiation_left,unfocused_dmri,unfocused_dmri,background,25650.0,25488.0,primary,dMRI_weighted_mean,ICVF,acoustic radiation (left),basket,False,False
dMRI_weighted_mean_ICVF_acoustic_radiation_right,unfocused_dmri,unfocused_dmri,background,25651.0,25489.0,primary,dMRI_weighted_mean,ICVF,acoustic radiation (right),basket,False,False
dMRI_weighted_mean_ICVF_anterior_thalamic_radiation_left,unfocused_dmri,unfocused_dmri,background,25652.0,25490.0,primary,dMRI_weighted_mean,ICVF,anterior thalamic radiation (left),basket,False,False
dMRI_weighted_mean_ICVF_anterior_thalamic_radiation_right,unfocused_dmri,unfocused_dmri,background,25653.0,25491.0,primary,dMRI_weighted_mean,ICVF,anterior thalamic radiation (right),basket,False,False
dMRI_weighted_mean_ICVF_cingulate_gyrus_part_of_cingulum_left,replication_mechanistic,replication_mechanistic,replication_support,25654.0,25492.0,primary,dMRI_weighted_mean,ICVF,cingulate gyrus part of cingulum (left),basket,True,True
dMRI_weighted_mean_ICVF_cingulate_gyrus_part_of_cingulum_right,replication_mechanistic,replication_mechanistic,replication_support,25655.0,25493.0,primary,dMRI_weighted_mean,ICVF,cingulate gyrus part of cingulum (right),basket,True,True
dMRI_weighted_mean_ICVF_parahippocampal_part_of_cingulum_left,replication_mechanistic,replication_mechanistic,replication_support,25656.0,25494.0,primary,dMRI_weighted_mean,ICVF,parahippocampal part of cingulum (left),basket,True,True
dMRI_weighted_mean_ICVF_parahippocampal_part_of_cingulum_right,replication_mechanistic,replication_mechanistic,replication_support,25657.0,25495.0,primary,dMRI_weighted_mean,ICVF,parahippocampal part of cingulum (right),basket,True,True
dMRI_weighted_mean_ICVF_corticospinal_tract_left,replication_mechanistic,replication_mechanistic,replication_support,25658.0,25496.0,primary,dMRI_weighted_mean,ICVF,corticospinal tract (left),basket,True,True
dMRI_weighted_mean_ICVF_corticospinal_tract_right,replication_mechanistic,replication_mechanistic,replication_support,25659.0,25497.0,primary,dMRI_weighted_mean,ICVF,corticospinal tract (right),basket,True,True
dMRI_weighted_mean_ICVF_forceps_major,replication_mechanistic,replication_mechanistic,replication_support,25660.0,25498.0,primary,dMRI_weighted_mean,ICVF,forceps major,basket,True,True
dMRI_weighted_mean_ICVF_forceps_minor,replication_mechanistic,replication_mechanistic,replication_support,25661.0,25499.0,primary,dMRI_weighted_mean,ICVF,forceps minor,basket,True,True
dMRI_weighted_mean_ICVF_inferior_fronto_occipital_fasciculus_lef,unfocused_dmri,unfocused_dmri,background,25662.0,25500.0,primary,dMRI_weighted_mean,ICVF,inferior fronto-occipital fasciculus (left),basket,False,False
dMRI_weighted_mean_ICVF_inferior_fronto_occipital_fasciculus_rig,unfocused_dmri,unfocused_dmri,background,25663.0,25501.0,primary,dMRI_weighted_mean,ICVF,inferior fronto-occipital fasciculus (right),basket,False,False
dMRI_weighted_mean_ICVF_inferior_longitudinal_fasciculus_left,unfocused_dmri,unfocused_dmri,background,25664.0,25502.0,primary,dMRI_weighted_mean,ICVF,inferior longitudinal fasciculus (left),basket,False,False
dMRI_weighted_mean_ICVF_inferior_longitudinal_fasciculus_right,unfocused_dmri,unfocused_dmri,background,25665.0,25503.0,primary,dMRI_weighted_mean,ICVF,inferior longitudinal fasciculus (right),basket,False,False
dMRI_weighted_mean_ICVF_middle_cerebellar_peduncle,unfocused_dmri,unfocused_dmri,background,25666.0,25504.0,primary,dMRI_weighted_mean,ICVF,middle cerebellar peduncle,basket,False,False
dMRI_weighted_mean_ICVF_medial_lemniscus_left,unfocused_dmri,unfocused_dmri,background,25667.0,25505.0,primary,dMRI_weighted_mean,ICVF,medial lemniscus (left),basket,False,False
dMRI_weighted_mean_ICVF_medial_lemniscus_right,unfocused_dmri,unfocused_dmri,background,25668.0,25506.0,primary,dMRI_weighted_mean,ICVF,medial lemniscus (right),basket,False,False
dMRI_weighted_mean_ICVF_posterior_thalamic_radiation_left,replication_mechanistic,replication_mechanistic,replication_support,25669.0,25507.0,primary,dMRI_weighted_mean,ICVF,posterior thalamic radiation (left),basket,True,True
dMRI_weighted_mean_ICVF_posterior_thalamic_radiation_right,replication_mechanistic,replication_mechanistic,replication_support,25670.0,25508.0,primary,dMRI_weighted_mean,ICVF,posterior thalamic radiation (right),basket,True,True
dMRI_weighted_mean_ICVF_superior_longitudinal_fasciculus_left,replication_mechanistic,replication_mechanistic,replication_support,25671.0,25509.0,primary,dMRI_weighted_mean,ICVF,superior longitudinal fasciculus (left),basket,True,True
dMRI_weighted_mean_ICVF_superior_longitudinal_fasciculus_right,replication_mechanistic,replication_mechanistic,replication_support,25672.0,25510.0,primary,dMRI_weighted_mean,ICVF,superior longitudinal fasciculus (right),basket,True,True
dMRI_weighted_mean_ICVF_superior_thalamic_radiation_left,replication_mechanistic,replication_mechanistic,replication_support,25673.0,25511.0,primary,dMRI_weighted_mean,ICVF,superior thalamic radiation (left),basket,True,True
dMRI_weighted_mean_ICVF_superior_thalamic_radiation_right,replication_mechanistic,replication_mechanistic,replication_support,25674.0,25512.0,primary,dMRI_weighted_mean,ICVF,superior thalamic radiation (right),basket,True,True
dMRI_weighted_mean_ICVF_uncinate_fasciculus_left,replication_mechanistic,replication_mechanistic,replication_support,25675.0,25513.0,primary,dMRI_weighted_mean,ICVF,uncinate fasciculus (left),basket,True,True
dMRI_weighted_mean_ICVF_uncinate_fasciculus_right,replication_mechanistic,replication_mechanistic,replication_support,25676.0,25514.0,primary,dMRI_weighted_mean,ICVF,uncinate fasciculus (right),basket,True,True
dMRI_weighted_mean_OD_acoustic_radiation_left,unfocused_dmri,unfocused_dmri,background,25677.0,25488.0,primary,dMRI_weighted_mean,OD,acoustic radiation (left),basket,False,False
dMRI_weighted_mean_OD_acoustic_radiation_right,unfocused_dmri,unfocused_dmri,background,25678.0,25489.0,primary,dMRI_weighted_mean,OD,acoustic radiation (right),basket,False,False
dMRI_weighted_mean_OD_anterior_thalamic_radiation_left,unfocused_dmri,unfocused_dmri,background,25679.0,25490.0,primary,dMRI_weighted_mean,OD,anterior thalamic radiation (left),basket,False,False
dMRI_weighted_mean_OD_anterior_thalamic_radiation_right,unfocused_dmri,unfocused_dmri,background,25680.0,25491.0,primary,dMRI_weighted_mean,OD,anterior thalamic radiation (right),basket,False,False
dMRI_weighted_mean_OD_cingulate_gyrus_part_of_cingulum_left,exploratory_focused_dmri,exploratory_focused_dmri,exploratory,25681.0,25492.0,primary,dMRI_weighted_mean,OD,cingulate gyrus part of cingulum (left),basket,False,False
dMRI_weighted_mean_OD_cingulate_gyrus_part_of_cingulum_right,exploratory_focused_dmri,exploratory_focused_dmri,exploratory,25682.0,25493.0,primary,dMRI_weighted_mean,OD,cingulate gyrus part of cingulum (right),basket,False,False
dMRI_weighted_mean_OD_parahippocampal_part_of_cingulum_left,exploratory_focused_dmri,exploratory_focused_dmri,exploratory,25683.0,25494.0,primary,dMRI_weighted_mean,OD,parahippocampal part of cingulum (left),basket,False,False
dMRI_weighted_mean_OD_parahippocampal_part_of_cingulum_right,exploratory_focused_dmri,exploratory_focused_dmri,exploratory,25684.0,25495.0,primary,dMRI_weighted_mean,OD,parahippocampal part of cingulum (right),basket,False,False
dMRI_weighted_mean_OD_corticospinal_tract_left,exploratory_focused_dmri,exploratory_focused_dmri,exploratory,25685.0,25496.0,primary,dMRI_weighted_mean,OD,corticospinal tract (left),basket,False,False
dMRI_weighted_mean_OD_corticospinal_tract_right,exploratory_focused_dmri,exploratory_focused_dmri,exploratory,25686.0,25497.0,primary,dMRI_weighted_mean,OD,corticospinal tract (right),basket,False,False
dMRI_weighted_mean_OD_forceps_major,exploratory_focused_dmri,exploratory_focused_dmri,exploratory,25687.0,25498.0,primary,dMRI_weighted_mean,OD,forceps major,basket,False,False
dMRI_weighted_mean_OD_forceps_minor,exploratory_focused_dmri,exploratory_focused_dmri,exploratory,25688.0,25499.0,primary,dMRI_weighted_mean,OD,forceps minor,basket,False,False
dMRI_weighted_mean_OD_inferior_fronto_occipital_fasciculus_lef,unfocused_dmri,unfocused_dmri,background,25689.0,25500.0,primary,dMRI_weighted_mean,OD,inferior fronto-occipital fasciculus (left),basket,False,False
dMRI_weighted_mean_OD_inferior_fronto_occipital_fasciculus_rig,unfocused_dmri,unfocused_dmri,background,25690.0,25501.0,primary,dMRI_weighted_mean,OD,inferior fronto-occipital fasciculus (right),basket,False,False
dMRI_weighted_mean_OD_inferior_longitudinal_fasciculus_left,unfocused_dmri,unfocused_dmri,background,25691.0,25502.0,primary,dMRI_weighted_mean,OD,inferior longitudinal fasciculus (left),basket,False,False
dMRI_weighted_mean_OD_inferior_longitudinal_fasciculus_right,unfocused_dmri,unfocused_dmri,background,25692.0,25503.0,primary,dMRI_weighted_mean,OD,inferior longitudinal fasciculus (right),basket,False,False
dMRI_weighted_mean_OD_middle_cerebellar_peduncle,unfocused_dmri,unfocused_dmri,background,25693.0,25504.0,primary,dMRI_weighted_mean,OD,middle cerebellar peduncle,basket,False,False
dMRI_weighted_mean_OD_medial_lemniscus_left,unfocused_dmri,unfocused_dmri,background,25694.0,25505.0,primary,dMRI_weighted_mean,OD,medial lemniscus (left),basket,False,False
dMRI_weighted_mean_OD_medial_lemniscus_right,unfocused_dmri,unfocused_dmri,background,25695.0,25506.0,primary,dMRI_weighted_mean,OD,medial lemniscus (right),basket,False,False
dMRI_weighted_mean_OD_posterior_thalamic_radiation_left,exploratory_focused_dmri,exploratory_focused_dmri,exploratory,25696.0,25507.0,primary,dMRI_weighted_mean,OD,posterior thalamic radiation (left),basket,False,False
dMRI_weighted_mean_OD_posterior_thalamic_radiation_right,exploratory_focused_dmri,exploratory_focused_dmri,exploratory,25697.0,25508.0,primary,dMRI_weighted_mean,OD,posterior thalamic radiation (right),basket,False,False
dMRI_weighted_mean_OD_superior_longitudinal_fasciculus_left,exploratory_focused_dmri,exploratory_focused_dmri,exploratory,25698.0,25509.0,primary,dMRI_weighted_mean,OD,superior longitudinal fasciculus (left),basket,False,False
dMRI_weighted_mean_OD_superior_longitudinal_fasciculus_right,exploratory_focused_dmri,exploratory_focused_dmri,exploratory,25699.0,25510.0,primary,dMRI_weighted_mean,OD,superior longitudinal fasciculus (right),basket,False,False
dMRI_weighted_mean_OD_superior_thalamic_radiation_left,exploratory_focused_dmri,exploratory_focused_dmri,exploratory,25700.0,25511.0,primary,dMRI_weighted_mean,OD,superior thalamic radiation (left),basket,False,False
dMRI_weighted_mean_OD_superior_thalamic_radiation_right,exploratory_focused_dmri,exploratory_focused_dmri,exploratory,25701.0,25512.0,primary,dMRI_weighted_mean,OD,superior thalamic radiation (right),basket,False,False
dMRI_weighted_mean_OD_uncinate_fasciculus_left,exploratory_focused_dmri,exploratory_focused_dmri,exploratory,25702.0,25513.0,primary,dMRI_weighted_mean,OD,uncinate fasciculus (left),basket,False,False
dMRI_weighted_mean_OD_uncinate_fasciculus_right,exploratory_focused_dmri,exploratory_focused_dmri,exploratory,25703.0,25514.0,primary,dMRI_weighted_mean,OD,uncinate fasciculus (right),basket,False,False
dMRI_weighted_mean_ISOVF_acoustic_radiation_left,unfocused_dmri,unfocused_dmri,background,25704.0,25488.0,primary,dMRI_weighted_mean,ISOVF,acoustic radiation (left),basket,False,False
dMRI_weighted_mean_ISOVF_acoustic_radiation_right,unfocused_dmri,unfocused_dmri,background,25705.0,25489.0,primary,dMRI_weighted_mean,ISOVF,acoustic radiation (right),basket,False,False
dMRI_weighted_mean_ISOVF_anterior_thalamic_radiation_left,unfocused_dmri,unfocused_dmri,background,25706.0,25490.0,primary,dMRI_weighted_mean,ISOVF,anterior thalamic radiation (left),basket,False,False
dMRI_weighted_mean_ISOVF_anterior_thalamic_radiation_right,unfocused_dmri,unfocused_dmri,background,25707.0,25491.0,primary,dMRI_weighted_mean,ISOVF,anterior thalamic radiation (right),basket,False,False
dMRI_weighted_mean_ISOVF_cingulate_gyrus_part_of_cingulum_left,replication_mechanistic,replication_mechanistic,replication_support,25708.0,25492.0,primary,dMRI_weighted_mean,ISOVF,cingulate gyrus part of cingulum (left),basket,True,True
dMRI_weighted_mean_ISOVF_cingulate_gyrus_part_of_cingulum_right,replication_mechanistic,replication_mechanistic,replication_support,25709.0,25493.0,primary,dMRI_weighted_mean,ISOVF,cingulate gyrus part of cingulum (right),basket,True,True
dMRI_weighted_mean_ISOVF_parahippocampal_part_of_cingulum_left,replication_mechanistic,replication_mechanistic,replication_support,25710.0,25494.0,primary,dMRI_weighted_mean,ISOVF,parahippocampal part of cingulum (left),basket,True,True
dMRI_weighted_mean_ISOVF_parahippocampal_part_of_cingulum_right,replication_mechanistic,replication_mechanistic,replication_support,25711.0,25495.0,primary,dMRI_weighted_mean,ISOVF,parahippocampal part of cingulum (right),basket,True,True
dMRI_weighted_mean_ISOVF_corticospinal_tract_left,replication_mechanistic,replication_mechanistic,replication_support,25712.0,25496.0,primary,dMRI_weighted_mean,ISOVF,corticospinal tract (left),basket,True,True
dMRI_weighted_mean_ISOVF_corticospinal_tract_right,replication_mechanistic,replication_mechanistic,replication_support,25713.0,25497.0,primary,dMRI_weighted_mean,ISOVF,corticospinal tract (right),basket,True,True
dMRI_weighted_mean_ISOVF_forceps_major,replication_mechanistic,replication_mechanistic,replication_support,25714.0,25498.0,primary,dMRI_weighted_mean,ISOVF,forceps major,basket,True,True
dMRI_weighted_mean_ISOVF_forceps_minor,replication_mechanistic,replication_mechanistic,replication_support,25715.0,25499.0,primary,dMRI_weighted_mean,ISOVF,forceps minor,basket,True,True
dMRI_weighted_mean_ISOVF_inferior_fronto_occipital_fasciculus_lef,unfocused_dmri,unfocused_dmri,background,25716.0,25500.0,primary,dMRI_weighted_mean,ISOVF,inferior fronto-occipital fasciculus (left),basket,False,False
dMRI_weighted_mean_ISOVF_inferior_fronto_occipital_fasciculus_rig,unfocused_dmri,unfocused_dmri,background,25717.0,25501.0,primary,dMRI_weighted_mean,ISOVF,inferior fronto-occipital fasciculus (right),basket,False,False
dMRI_weighted_mean_ISOVF_inferior_longitudinal_fasciculus_left,unfocused_dmri,unfocused_dmri,background,25718.0,25502.0,primary,dMRI_weighted_mean,ISOVF,inferior longitudinal fasciculus (left),basket,False,False
dMRI_weighted_mean_ISOVF_inferior_longitudinal_fasciculus_right,unfocused_dmri,unfocused_dmri,background,25719.0,25503.0,primary,dMRI_weighted_mean,ISOVF,inferior longitudinal fasciculus (right),basket,False,False
dMRI_weighted_mean_ISOVF_middle_cerebellar_peduncle,unfocused_dmri,unfocused_dmri,background,25720.0,25504.0,primary,dMRI_weighted_mean,ISOVF,middle cerebellar peduncle,basket,False,False
dMRI_weighted_mean_ISOVF_medial_lemniscus_left,unfocused_dmri,unfocused_dmri,background,25721.0,25505.0,primary,dMRI_weighted_mean,ISOVF,medial lemniscus (left),basket,False,False
dMRI_weighted_mean_ISOVF_medial_lemniscus_right,unfocused_dmri,unfocused_dmri,background,25722.0,25506.0,primary,dMRI_weighted_mean,ISOVF,medial lemniscus (right),basket,False,False
dMRI_weighted_mean_ISOVF_posterior_thalamic_radiation_left,replication_mechanistic,replication_mechanistic,replication_support,25723.0,25507.0,primary,dMRI_weighted_mean,ISOVF,posterior thalamic radiation (left),basket,True,True
dMRI_weighted_mean_ISOVF_posterior_thalamic_radiation_right,replication_mechanistic,replication_mechanistic,replication_support,25724.0,25508.0,primary,dMRI_weighted_mean,ISOVF,posterior thalamic radiation (right),basket,True,True
dMRI_weighted_mean_ISOVF_superior_longitudinal_fasciculus_left,replication_mechanistic,replication_mechanistic,replication_support,25725.0,25509.0,primary,dMRI_weighted_mean,ISOVF,superior longitudinal fasciculus (left),basket,True,True
dMRI_weighted_mean_ISOVF_superior_longitudinal_fasciculus_right,replication_mechanistic,replication_mechanistic,replication_support,25726.0,25510.0,primary,dMRI_weighted_mean,ISOVF,superior longitudinal fasciculus (right),basket,True,True
dMRI_weighted_mean_ISOVF_superior_thalamic_radiation_left,replication_mechanistic,replication_mechanistic,replication_support,25727.0,25511.0,primary,dMRI_weighted_mean,ISOVF,superior thalamic radiation (left),basket,True,True
dMRI_weighted_mean_ISOVF_superior_thalamic_radiation_right,replication_mechanistic,replication_mechanistic,replication_support,25728.0,25512.0,primary,dMRI_weighted_mean,ISOVF,superior thalamic radiation (right),basket,True,True
dMRI_weighted_mean_ISOVF_uncinate_fasciculus_left,replication_mechanistic,replication_mechanistic,replication_support,25729.0,25513.0,primary,dMRI_weighted_mean,ISOVF,uncinate fasciculus (left),basket,True,True
dMRI_weighted_mean_ISOVF_uncinate_fasciculus_right,replication_mechanistic,replication_mechanistic,replication_support,25730.0,25514.0,primary,dMRI_weighted_mean,ISOVF,uncinate fasciculus (right),basket,True,True
rfMRI_motion,unfocused,unfocused,excluded,25741.0,25741.0,exploratory,rfMRI,rfMRI_motion,"Mean rfMRI head motion, averaged across space and time points",basket,False,False
tfMRI_motion,unfocused,unfocused,excluded,25742.0,25742.0,exploratory,tfMRI,tfMRI_motion,"Mean tfMRI head motion, averaged across space and time points",basket,False,False
dMRI_outlier_slices,unfocused,unfocused,excluded,25746.0,25746.0,exploratory,dMRI,dMRI_outlier_slices,Number of dMRI outlier slices detected and corrected,basket,False,False
WMH_volume,controls,controls_pathology,control,25781.0,25781.0,secondary,T2_FLAIR,WMH_volume,Total volume of white matter hyperintensities (from T1 and T2_FLAIR images),basket,True,True
T1_GWC_GWC_grey_white_contrast_in_unknown_left_hemisphe,exploratory_context,exploratory_context,exploratory,26989.0,26989.0,exploratory,T1_GWC,GWC,Grey-white contrast in unknown (left hemisphere),basket,True,False
T1_GWC_GWC_grey_white_contrast_in_bankssts_left_hemisph,exploratory_context,exploratory_context,exploratory,26990.0,26990.0,exploratory,T1_GWC,GWC,Grey-white contrast in bankssts (left hemisphere),basket,True,False
T1_GWC_GWC_grey_white_contrast_in_caudalanteriorcingula_f26991,exploratory_context,exploratory_context,exploratory,26991.0,26991.0,exploratory,T1_GWC,GWC,Grey-white contrast in caudalanteriorcingulate (left hemisphere),basket,True,False
T1_GWC_GWC_grey_white_contrast_in_caudalmiddlefrontal_l,exploratory_context,exploratory_context,exploratory,26992.0,26992.0,exploratory,T1_GWC,GWC,Grey-white contrast in caudalmiddlefrontal (left hemisphere),basket,True,False
T1_GWC_GWC_grey_white_contrast_in_cuneus_left_hemispher,exploratory_context,exploratory_context,exploratory,26993.0,26993.0,exploratory,T1_GWC,GWC,Grey-white contrast in cuneus (left hemisphere),basket,True,False
T1_GWC_GWC_grey_white_contrast_in_entorhinal_left_hemis,exploratory_context,exploratory_context,exploratory,26994.0,26994.0,exploratory,T1_GWC,GWC,Grey-white contrast in entorhinal (left hemisphere),basket,True,False
T1_GWC_GWC_grey_white_contrast_in_fusiform_left_hemisph,exploratory_context,exploratory_context,exploratory,26995.0,26995.0,exploratory,T1_GWC,GWC,Grey-white contrast in fusiform (left hemisphere),basket,True,False
T1_GWC_GWC_grey_white_contrast_in_inferiorparietal_left,exploratory_context,exploratory_context,exploratory,26996.0,26996.0,exploratory,T1_GWC,GWC,Grey-white contrast in inferiorparietal (left hemisphere),basket,True,False
T1_GWC_GWC_grey_white_contrast_in_inferiortemporal_left,exploratory_context,exploratory_context,exploratory,26997.0,26997.0,exploratory,T1_GWC,GWC,Grey-white contrast in inferiortemporal (left hemisphere),basket,True,False
T1_GWC_GWC_grey_white_contrast_in_isthmuscingulate_left,exploratory_context,exploratory_context,exploratory,26998.0,26998.0,exploratory,T1_GWC,GWC,Grey-white contrast in isthmuscingulate (left hemisphere),basket,True,False
T1_GWC_GWC_grey_white_contrast_in_lateraloccipital_left,exploratory_context,exploratory_context,exploratory,26999.0,26999.0,exploratory,T1_GWC,GWC,Grey-white contrast in lateraloccipital (left hemisphere),basket,True,False
T1_GWC_GWC_grey_white_contrast_in_lateralorbitofrontal__f27000,exploratory_context,exploratory_context,exploratory,27000.0,27000.0,exploratory,T1_GWC,GWC,Grey-white contrast in lateralorbitofrontal (left hemisphere),basket,True,False
T1_GWC_GWC_grey_white_contrast_in_lingual_left_hemisphe,exploratory_context,exploratory_context,exploratory,27001.0,27001.0,exploratory,T1_GWC,GWC,Grey-white contrast in lingual (left hemisphere),basket,True,False
T1_GWC_GWC_grey_white_contrast_in_medialorbitofrontal_l,exploratory_context,exploratory_context,exploratory,27002.0,27002.0,exploratory,T1_GWC,GWC,Grey-white contrast in medialorbitofrontal (left hemisphere),basket,True,False
T1_GWC_GWC_grey_white_contrast_in_middletemporal_left_h,exploratory_context,exploratory_context,exploratory,27003.0,27003.0,exploratory,T1_GWC,GWC,Grey-white contrast in middletemporal (left hemisphere),basket,True,False
T1_GWC_GWC_grey_white_contrast_in_parahippocampal_left_,exploratory_context,exploratory_context,exploratory,27004.0,27004.0,exploratory,T1_GWC,GWC,Grey-white contrast in parahippocampal (left hemisphere),basket,True,False
T1_GWC_GWC_grey_white_contrast_in_paracentral_left_hemi,exploratory_context,exploratory_context,exploratory,27005.0,27005.0,exploratory,T1_GWC,GWC,Grey-white contrast in paracentral (left hemisphere),basket,True,False
T1_GWC_GWC_grey_white_contrast_in_parsopercularis_left_,exploratory_context,exploratory_context,exploratory,27006.0,27006.0,exploratory,T1_GWC,GWC,Grey-white contrast in parsopercularis (left hemisphere),basket,True,False
T1_GWC_GWC_grey_white_contrast_in_parsorbitalis_left_he,exploratory_context,exploratory_context,exploratory,27007.0,27007.0,exploratory,T1_GWC,GWC,Grey-white contrast in parsorbitalis (left hemisphere),basket,True,False
T1_GWC_GWC_grey_white_contrast_in_parstriangularis_left,exploratory_context,exploratory_context,exploratory,27008.0,27008.0,exploratory,T1_GWC,GWC,Grey-white contrast in parstriangularis (left hemisphere),basket,True,False
T1_GWC_GWC_grey_white_contrast_in_pericalcarine_left_he,exploratory_context,exploratory_context,exploratory,27009.0,27009.0,exploratory,T1_GWC,GWC,Grey-white contrast in pericalcarine (left hemisphere),basket,True,False
T1_GWC_GWC_grey_white_contrast_in_postcentral_left_hemi,exploratory_context,exploratory_context,exploratory,27010.0,27010.0,exploratory,T1_GWC,GWC,Grey-white contrast in postcentral (left hemisphere),basket,True,False
T1_GWC_GWC_grey_white_contrast_in_posteriorcingulate_le,exploratory_context,exploratory_context,exploratory,27011.0,27011.0,exploratory,T1_GWC,GWC,Grey-white contrast in posteriorcingulate (left hemisphere),basket,True,False
T1_GWC_GWC_grey_white_contrast_in_precentral_left_hemis,exploratory_context,exploratory_context,exploratory,27012.0,27012.0,exploratory,T1_GWC,GWC,Grey-white contrast in precentral (left hemisphere),basket,True,False
T1_GWC_GWC_grey_white_contrast_in_precuneus_left_hemisp,exploratory_context,exploratory_context,exploratory,27013.0,27013.0,exploratory,T1_GWC,GWC,Grey-white contrast in precuneus (left hemisphere),basket,True,False
T1_GWC_GWC_grey_white_contrast_in_rostralanteriorcingul_f27014,exploratory_context,exploratory_context,exploratory,27014.0,27014.0,exploratory,T1_GWC,GWC,Grey-white contrast in rostralanteriorcingulate (left hemisphere),basket,True,False
T1_GWC_GWC_grey_white_contrast_in_rostralmiddlefrontal__f27015,exploratory_context,exploratory_context,exploratory,27015.0,27015.0,exploratory,T1_GWC,GWC,Grey-white contrast in rostralmiddlefrontal (left hemisphere),basket,True,False
T1_GWC_GWC_grey_white_contrast_in_superiorfrontal_left_,exploratory_context,exploratory_context,exploratory,27016.0,27016.0,exploratory,T1_GWC,GWC,Grey-white contrast in superiorfrontal (left hemisphere),basket,True,False
T1_GWC_GWC_grey_white_contrast_in_superiorparietal_left,exploratory_context,exploratory_context,exploratory,27017.0,27017.0,exploratory,T1_GWC,GWC,Grey-white contrast in superiorparietal (left hemisphere),basket,True,False
T1_GWC_GWC_grey_white_contrast_in_superiortemporal_left,exploratory_context,exploratory_context,exploratory,27018.0,27018.0,exploratory,T1_GWC,GWC,Grey-white contrast in superiortemporal (left hemisphere),basket,True,False
T1_GWC_GWC_grey_white_contrast_in_supramarginal_left_he,exploratory_context,exploratory_context,exploratory,27019.0,27019.0,exploratory,T1_GWC,GWC,Grey-white contrast in supramarginal (left hemisphere),basket,True,False
T1_GWC_GWC_grey_white_contrast_in_frontalpole_left_hemi,exploratory_context,exploratory_context,exploratory,27020.0,27020.0,exploratory,T1_GWC,GWC,Grey-white contrast in frontalpole (left hemisphere),basket,True,False
T1_GWC_GWC_grey_white_contrast_in_temporalpole_left_hem,exploratory_context,exploratory_context,exploratory,27021.0,27021.0,exploratory,T1_GWC,GWC,Grey-white contrast in temporalpole (left hemisphere),basket,True,False
T1_GWC_GWC_grey_white_contrast_in_transversetemporal_le,exploratory_context,exploratory_context,exploratory,27022.0,27022.0,exploratory,T1_GWC,GWC,Grey-white contrast in transversetemporal (left hemisphere),basket,True,False
T1_GWC_GWC_grey_white_contrast_in_insula_left_hemispher,exploratory_context,exploratory_context,exploratory,27023.0,27023.0,exploratory,T1_GWC,GWC,Grey-white contrast in insula (left hemisphere),basket,True,False
T1_GWC_GWC_grey_white_contrast_in_unknown_right_hemisph,exploratory_context,exploratory_context,exploratory,27024.0,27024.0,exploratory,T1_GWC,GWC,Grey-white contrast in unknown (right hemisphere),basket,True,False
T1_GWC_GWC_grey_white_contrast_in_bankssts_right_hemisp,exploratory_context,exploratory_context,exploratory,27025.0,27025.0,exploratory,T1_GWC,GWC,Grey-white contrast in bankssts (right hemisphere),basket,True,False
T1_GWC_GWC_grey_white_contrast_in_caudalanteriorcingula_f27026,exploratory_context,exploratory_context,exploratory,27026.0,27026.0,exploratory,T1_GWC,GWC,Grey-white contrast in caudalanteriorcingulate (right hemisphere),basket,True,False
T1_GWC_GWC_grey_white_contrast_in_caudalmiddlefrontal_r,exploratory_context,exploratory_context,exploratory,27027.0,27027.0,exploratory,T1_GWC,GWC,Grey-white contrast in caudalmiddlefrontal (right hemisphere),basket,True,False
T1_GWC_GWC_grey_white_contrast_in_cuneus_right_hemisphe,exploratory_context,exploratory_context,exploratory,27028.0,27028.0,exploratory,T1_GWC,GWC,Grey-white contrast in cuneus (right hemisphere),basket,True,False
T1_GWC_GWC_grey_white_contrast_in_entorhinal_right_hemi,exploratory_context,exploratory_context,exploratory,27029.0,27029.0,exploratory,T1_GWC,GWC,Grey-white contrast in entorhinal (right hemisphere),basket,True,False
T1_GWC_GWC_grey_white_contrast_in_fusiform_right_hemisp,exploratory_context,exploratory_context,exploratory,27030.0,27030.0,exploratory,T1_GWC,GWC,Grey-white contrast in fusiform (right hemisphere),basket,True,False
T1_GWC_GWC_grey_white_contrast_in_inferiorparietal_righ,exploratory_context,exploratory_context,exploratory,27031.0,27031.0,exploratory,T1_GWC,GWC,Grey-white contrast in inferiorparietal (right hemisphere),basket,True,False
T1_GWC_GWC_grey_white_contrast_in_inferiortemporal_righ,exploratory_context,exploratory_context,exploratory,27032.0,27032.0,exploratory,T1_GWC,GWC,Grey-white contrast in inferiortemporal (right hemisphere),basket,True,False
T1_GWC_GWC_grey_white_contrast_in_isthmuscingulate_righ,exploratory_context,exploratory_context,exploratory,27033.0,27033.0,exploratory,T1_GWC,GWC,Grey-white contrast in isthmuscingulate (right hemisphere),basket,True,False
T1_GWC_GWC_grey_white_contrast_in_lateraloccipital_righ,exploratory_context,exploratory_context,exploratory,27034.0,27034.0,exploratory,T1_GWC,GWC,Grey-white contrast in lateraloccipital (right hemisphere),basket,True,False
T1_GWC_GWC_grey_white_contrast_in_lateralorbitofrontal__f27035,exploratory_context,exploratory_context,exploratory,27035.0,27035.0,exploratory,T1_GWC,GWC,Grey-white contrast in lateralorbitofrontal (right hemisphere),basket,True,False
T1_GWC_GWC_grey_white_contrast_in_lingual_right_hemisph,exploratory_context,exploratory_context,exploratory,27036.0,27036.0,exploratory,T1_GWC,GWC,Grey-white contrast in lingual (right hemisphere),basket,True,False
T1_GWC_GWC_grey_white_contrast_in_medialorbitofrontal_r,exploratory_context,exploratory_context,exploratory,27037.0,27037.0,exploratory,T1_GWC,GWC,Grey-white contrast in medialorbitofrontal (right hemisphere),basket,True,False
T1_GWC_GWC_grey_white_contrast_in_middletemporal_right_,exploratory_context,exploratory_context,exploratory,27038.0,27038.0,exploratory,T1_GWC,GWC,Grey-white contrast in middletemporal (right hemisphere),basket,True,False
T1_GWC_GWC_grey_white_contrast_in_parahippocampal_right,exploratory_context,exploratory_context,exploratory,27039.0,27039.0,exploratory,T1_GWC,GWC,Grey-white contrast in parahippocampal (right hemisphere),basket,True,False
T1_GWC_GWC_grey_white_contrast_in_paracentral_right_hem,exploratory_context,exploratory_context,exploratory,27040.0,27040.0,exploratory,T1_GWC,GWC,Grey-white contrast in paracentral (right hemisphere),basket,True,False
T1_GWC_GWC_grey_white_contrast_in_parsopercularis_right,exploratory_context,exploratory_context,exploratory,27041.0,27041.0,exploratory,T1_GWC,GWC,Grey-white contrast in parsopercularis (right hemisphere),basket,True,False
T1_GWC_GWC_grey_white_contrast_in_parsorbitalis_right_h,exploratory_context,exploratory_context,exploratory,27042.0,27042.0,exploratory,T1_GWC,GWC,Grey-white contrast in parsorbitalis (right hemisphere),basket,True,False
T1_GWC_GWC_grey_white_contrast_in_parstriangularis_righ,exploratory_context,exploratory_context,exploratory,27043.0,27043.0,exploratory,T1_GWC,GWC,Grey-white contrast in parstriangularis (right hemisphere),basket,True,False
T1_GWC_GWC_grey_white_contrast_in_pericalcarine_right_h,exploratory_context,exploratory_context,exploratory,27044.0,27044.0,exploratory,T1_GWC,GWC,Grey-white contrast in pericalcarine (right hemisphere),basket,True,False
T1_GWC_GWC_grey_white_contrast_in_postcentral_right_hem,exploratory_context,exploratory_context,exploratory,27045.0,27045.0,exploratory,T1_GWC,GWC,Grey-white contrast in postcentral (right hemisphere),basket,True,False
T1_GWC_GWC_grey_white_contrast_in_posteriorcingulate_ri,exploratory_context,exploratory_context,exploratory,27046.0,27046.0,exploratory,T1_GWC,GWC,Grey-white contrast in posteriorcingulate (right hemisphere),basket,True,False
T1_GWC_GWC_grey_white_contrast_in_precentral_right_hemi,exploratory_context,exploratory_context,exploratory,27047.0,27047.0,exploratory,T1_GWC,GWC,Grey-white contrast in precentral (right hemisphere),basket,True,False
T1_GWC_GWC_grey_white_contrast_in_precuneus_right_hemis,exploratory_context,exploratory_context,exploratory,27048.0,27048.0,exploratory,T1_GWC,GWC,Grey-white contrast in precuneus (right hemisphere),basket,True,False
T1_GWC_GWC_grey_white_contrast_in_rostralanteriorcingul_f27049,exploratory_context,exploratory_context,exploratory,27049.0,27049.0,exploratory,T1_GWC,GWC,Grey-white contrast in rostralanteriorcingulate (right hemisphere),basket,True,False
T1_GWC_GWC_grey_white_contrast_in_rostralmiddlefrontal__f27050,exploratory_context,exploratory_context,exploratory,27050.0,27050.0,exploratory,T1_GWC,GWC,Grey-white contrast in rostralmiddlefrontal (right hemisphere),basket,True,False
T1_GWC_GWC_grey_white_contrast_in_superiorfrontal_right,exploratory_context,exploratory_context,exploratory,27051.0,27051.0,exploratory,T1_GWC,GWC,Grey-white contrast in superiorfrontal (right hemisphere),basket,True,False
T1_GWC_GWC_grey_white_contrast_in_superiorparietal_righ,exploratory_context,exploratory_context,exploratory,27052.0,27052.0,exploratory,T1_GWC,GWC,Grey-white contrast in superiorparietal (right hemisphere),basket,True,False
T1_GWC_GWC_grey_white_contrast_in_superiortemporal_righ,exploratory_context,exploratory_context,exploratory,27053.0,27053.0,exploratory,T1_GWC,GWC,Grey-white contrast in superiortemporal (right hemisphere),basket,True,False
T1_GWC_GWC_grey_white_contrast_in_supramarginal_right_h,exploratory_context,exploratory_context,exploratory,27054.0,27054.0,exploratory,T1_GWC,GWC,Grey-white contrast in supramarginal (right hemisphere),basket,True,False
T1_GWC_GWC_grey_white_contrast_in_frontalpole_right_hem,exploratory_context,exploratory_context,exploratory,27055.0,27055.0,exploratory,T1_GWC,GWC,Grey-white contrast in frontalpole (right hemisphere),basket,True,False
T1_GWC_GWC_grey_white_contrast_in_temporalpole_right_he,exploratory_context,exploratory_context,exploratory,27056.0,27056.0,exploratory,T1_GWC,GWC,Grey-white contrast in temporalpole (right hemisphere),basket,True,False
T1_GWC_GWC_grey_white_contrast_in_transversetemporal_ri,exploratory_context,exploratory_context,exploratory,27057.0,27057.0,exploratory,T1_GWC,GWC,Grey-white contrast in transversetemporal (right hemisphere),basket,True,False
T1_GWC_GWC_grey_white_contrast_in_insula_right_hemisphe,exploratory_context,exploratory_context,exploratory,27058.0,27058.0,exploratory,T1_GWC,GWC,Grey-white contrast in insula (right hemisphere),basket,True,False
dMRI_TBSS_RD_anterior_corona_radiata_left,primary_skeleton_tensor,primary_skeleton_tensor,primary,,25079.0,primary,dMRI_TBSS,RD,anterior corona radiata (left),derived,True,True
dMRI_TBSS_RD_anterior_corona_radiata_right,primary_skeleton_tensor,primary_skeleton_tensor,primary,,25078.0,primary,dMRI_TBSS,RD,anterior corona radiata (right),derived,True,True
dMRI_TBSS_RD_anterior_limb_of_internal_capsule_left,unfocused_dmri,unfocused_dmri,background,,25073.0,primary,dMRI_TBSS,RD,anterior limb of internal capsule (left),derived,False,False
dMRI_TBSS_RD_anterior_limb_of_internal_capsule_right,unfocused_dmri,unfocused_dmri,background,,25072.0,primary,dMRI_TBSS,RD,anterior limb of internal capsule (right),derived,False,False
dMRI_TBSS_RD_body_of_corpus_callosum,primary_skeleton_tensor,primary_skeleton_tensor,primary,,25059.0,primary,dMRI_TBSS,RD,body of corpus callosum,derived,True,True
dMRI_TBSS_RD_cerebral_peduncle_left,primary_skeleton_tensor,primary_skeleton_tensor,primary,,25071.0,primary,dMRI_TBSS,RD,cerebral peduncle (left),derived,True,True
dMRI_TBSS_RD_cerebral_peduncle_right,primary_skeleton_tensor,primary_skeleton_tensor,primary,,25070.0,primary,dMRI_TBSS,RD,cerebral peduncle (right),derived,True,True
dMRI_TBSS_RD_cingulum_cingulate_gyrus_left,unfocused_dmri,unfocused_dmri,background,,25091.0,primary,dMRI_TBSS,RD,cingulum cingulate gyrus (left),derived,False,False
dMRI_TBSS_RD_cingulum_cingulate_gyrus_right,unfocused_dmri,unfocused_dmri,background,,25090.0,primary,dMRI_TBSS,RD,cingulum cingulate gyrus (right),derived,False,False
dMRI_TBSS_RD_cingulum_hippocampus_left,unfocused_dmri,unfocused_dmri,background,,25093.0,primary,dMRI_TBSS,RD,cingulum hippocampus (left),derived,False,False
dMRI_TBSS_RD_cingulum_hippocampus_right,unfocused_dmri,unfocused_dmri,background,,25092.0,primary,dMRI_TBSS,RD,cingulum hippocampus (right),derived,False,False
dMRI_TBSS_RD_corticospinal_tract_left,primary_skeleton_tensor,primary_skeleton_tensor,primary,,25063.0,primary,dMRI_TBSS,RD,corticospinal tract (left),derived,True,True
dMRI_TBSS_RD_corticospinal_tract_right,primary_skeleton_tensor,primary_skeleton_tensor,primary,,25062.0,primary,dMRI_TBSS,RD,corticospinal tract (right),derived,True,True
dMRI_TBSS_RD_external_capsule_left,unfocused_dmri,unfocused_dmri,background,,25089.0,primary,dMRI_TBSS,RD,external capsule (left),derived,False,False
dMRI_TBSS_RD_external_capsule_right,unfocused_dmri,unfocused_dmri,background,,25088.0,primary,dMRI_TBSS,RD,external capsule (right),derived,False,False
dMRI_TBSS_RD_fornix,unfocused_dmri,unfocused_dmri,background,,25061.0,primary,dMRI_TBSS,RD,fornix,derived,False,False
dMRI_TBSS_RD_fornix_cres_stria_terminalis_left,unfocused_dmri,unfocused_dmri,background,,25095.0,primary,dMRI_TBSS,RD,fornix cres+stria terminalis (left),derived,False,False
dMRI_TBSS_RD_fornix_cres_stria_terminalis_right,unfocused_dmri,unfocused_dmri,background,,25094.0,primary,dMRI_TBSS,RD,fornix cres+stria terminalis (right),derived,False,False
dMRI_TBSS_RD_genu_of_corpus_callosum,primary_skeleton_tensor,primary_skeleton_tensor,primary,,25058.0,primary,dMRI_TBSS,RD,genu of corpus callosum,derived,True,True
dMRI_TBSS_RD_inferior_cerebellar_peduncle_left,unfocused_dmri,unfocused_dmri,background,,25067.0,primary,dMRI_TBSS,RD,inferior cerebellar peduncle (left),derived,False,False
dMRI_TBSS_RD_inferior_cerebellar_peduncle_right,unfocused_dmri,unfocused_dmri,background,,25066.0,primary,dMRI_TBSS,RD,inferior cerebellar peduncle (right),derived,False,False
dMRI_TBSS_RD_medial_lemniscus_left,unfocused_dmri,unfocused_dmri,background,,25065.0,primary,dMRI_TBSS,RD,medial lemniscus (left),derived,False,False
dMRI_TBSS_RD_medial_lemniscus_right,unfocused_dmri,unfocused_dmri,background,,25064.0,primary,dMRI_TBSS,RD,medial lemniscus (right),derived,False,False
dMRI_TBSS_RD_middle_cerebellar_peduncle,unfocused_dmri,unfocused_dmri,background,,25056.0,primary,dMRI_TBSS,RD,middle cerebellar peduncle,derived,False,False
dMRI_TBSS_RD_pontine_crossing_tract,unfocused_dmri,unfocused_dmri,background,,25057.0,primary,dMRI_TBSS,RD,pontine crossing tract,derived,False,False
dMRI_TBSS_RD_posterior_corona_radiata_left,primary_skeleton_tensor,primary_skeleton_tensor,primary,,25083.0,primary,dMRI_TBSS,RD,posterior corona radiata (left),derived,True,True
dMRI_TBSS_RD_posterior_corona_radiata_right,primary_skeleton_tensor,primary_skeleton_tensor,primary,,25082.0,primary,dMRI_TBSS,RD,posterior corona radiata (right),derived,True,True
dMRI_TBSS_RD_posterior_limb_of_internal_capsule_left,primary_skeleton_tensor,primary_skeleton_tensor,primary,,25075.0,primary,dMRI_TBSS,RD,posterior limb of internal capsule (left),derived,True,True
dMRI_TBSS_RD_posterior_limb_of_internal_capsule_right,primary_skeleton_tensor,primary_skeleton_tensor,primary,,25074.0,primary,dMRI_TBSS,RD,posterior limb of internal capsule (right),derived,True,True
dMRI_TBSS_RD_posterior_thalamic_radiation_left,primary_skeleton_tensor,primary_skeleton_tensor,primary,,25085.0,primary,dMRI_TBSS,RD,posterior thalamic radiation (left),derived,True,True
dMRI_TBSS_RD_posterior_thalamic_radiation_right,primary_skeleton_tensor,primary_skeleton_tensor,primary,,25084.0,primary,dMRI_TBSS,RD,posterior thalamic radiation (right),derived,True,True
dMRI_TBSS_RD_sagittal_stratum_left,unfocused_dmri,unfocused_dmri,background,,25087.0,primary,dMRI_TBSS,RD,sagittal stratum (left),derived,False,False
dMRI_TBSS_RD_sagittal_stratum_right,unfocused_dmri,unfocused_dmri,background,,25086.0,primary,dMRI_TBSS,RD,sagittal stratum (right),derived,False,False
dMRI_TBSS_RD_splenium_of_corpus_callosum,primary_skeleton_tensor,primary_skeleton_tensor,primary,,25060.0,primary,dMRI_TBSS,RD,splenium of corpus callosum,derived,True,True
dMRI_TBSS_RD_superior_cerebellar_peduncle_left,unfocused_dmri,unfocused_dmri,background,,25069.0,primary,dMRI_TBSS,RD,superior cerebellar peduncle (left),derived,False,False
dMRI_TBSS_RD_superior_cerebellar_peduncle_right,unfocused_dmri,unfocused_dmri,background,,25068.0,primary,dMRI_TBSS,RD,superior cerebellar peduncle (right),derived,False,False
dMRI_TBSS_RD_superior_corona_radiata_left,primary_skeleton_tensor,primary_skeleton_tensor,primary,,25081.0,primary,dMRI_TBSS,RD,superior corona radiata (left),derived,True,True
dMRI_TBSS_RD_superior_corona_radiata_right,primary_skeleton_tensor,primary_skeleton_tensor,primary,,25080.0,primary,dMRI_TBSS,RD,superior corona radiata (right),derived,True,True
dMRI_TBSS_RD_superior_fronto_occipital_fasciculus_lef,unfocused_dmri,unfocused_dmri,background,,25099.0,primary,dMRI_TBSS,RD,superior fronto-occipital fasciculus (left),derived,False,False
dMRI_TBSS_RD_superior_fronto_occipital_fasciculus_rig,unfocused_dmri,unfocused_dmri,background,,25098.0,primary,dMRI_TBSS,RD,superior fronto-occipital fasciculus (right),derived,False,False
dMRI_TBSS_RD_superior_longitudinal_fasciculus_left,unfocused_dmri,unfocused_dmri,background,,25097.0,primary,dMRI_TBSS,RD,superior longitudinal fasciculus (left),derived,False,False
dMRI_TBSS_RD_superior_longitudinal_fasciculus_right,unfocused_dmri,unfocused_dmri,background,,25096.0,primary,dMRI_TBSS,RD,superior longitudinal fasciculus (right),derived,False,False
dMRI_TBSS_RD_tapetum_left,unfocused_dmri,unfocused_dmri,background,,25103.0,primary,dMRI_TBSS,RD,tapetum (left),derived,False,False
dMRI_TBSS_RD_tapetum_right,unfocused_dmri,unfocused_dmri,background,,25102.0,primary,dMRI_TBSS,RD,tapetum (right),derived,False,False
dMRI_TBSS_RD_uncinate_fasciculus_left,unfocused_dmri,unfocused_dmri,background,,25101.0,primary,dMRI_TBSS,RD,uncinate fasciculus (left),derived,False,False
dMRI_TBSS_RD_uncinate_fasciculus_right,unfocused_dmri,unfocused_dmri,background,,25100.0,primary,dMRI_TBSS,RD,uncinate fasciculus (right),derived,False,False
dMRI_weighted_mean_RD_acoustic_radiation_left,unfocused_dmri,unfocused_dmri,background,,25488.0,primary,dMRI_weighted_mean,RD,acoustic radiation (left),derived,False,False
dMRI_weighted_mean_RD_acoustic_radiation_right,unfocused_dmri,unfocused_dmri,background,,25489.0,primary,dMRI_weighted_mean,RD,acoustic radiation (right),derived,False,False
dMRI_weighted_mean_RD_anterior_thalamic_radiation_left,unfocused_dmri,unfocused_dmri,background,,25490.0,primary,dMRI_weighted_mean,RD,anterior thalamic radiation (left),derived,False,False
dMRI_weighted_mean_RD_anterior_thalamic_radiation_right,unfocused_dmri,unfocused_dmri,background,,25491.0,primary,dMRI_weighted_mean,RD,anterior thalamic radiation (right),derived,False,False
dMRI_weighted_mean_RD_cingulate_gyrus_part_of_cingulum_left,replication_weighted_tensor,replication_weighted_tensor,replication,,25492.0,primary,dMRI_weighted_mean,RD,cingulate gyrus part of cingulum (left),derived,True,True
dMRI_weighted_mean_RD_cingulate_gyrus_part_of_cingulum_right,replication_weighted_tensor,replication_weighted_tensor,replication,,25493.0,primary,dMRI_weighted_mean,RD,cingulate gyrus part of cingulum (right),derived,True,True
dMRI_weighted_mean_RD_corticospinal_tract_left,replication_weighted_tensor,replication_weighted_tensor,replication,,25496.0,primary,dMRI_weighted_mean,RD,corticospinal tract (left),derived,True,True
dMRI_weighted_mean_RD_corticospinal_tract_right,replication_weighted_tensor,replication_weighted_tensor,replication,,25497.0,primary,dMRI_weighted_mean,RD,corticospinal tract (right),derived,True,True
dMRI_weighted_mean_RD_forceps_major,replication_weighted_tensor,replication_weighted_tensor,replication,,25498.0,primary,dMRI_weighted_mean,RD,forceps major,derived,True,True
dMRI_weighted_mean_RD_forceps_minor,replication_weighted_tensor,replication_weighted_tensor,replication,,25499.0,primary,dMRI_weighted_mean,RD,forceps minor,derived,True,True
dMRI_weighted_mean_RD_inferior_fronto_occipital_fasciculus_lef,unfocused_dmri,unfocused_dmri,background,,25500.0,primary,dMRI_weighted_mean,RD,inferior fronto-occipital fasciculus (left),derived,False,False
dMRI_weighted_mean_RD_inferior_fronto_occipital_fasciculus_rig,unfocused_dmri,unfocused_dmri,background,,25501.0,primary,dMRI_weighted_mean,RD,inferior fronto-occipital fasciculus (right),derived,False,False
dMRI_weighted_mean_RD_inferior_longitudinal_fasciculus_left,unfocused_dmri,unfocused_dmri,background,,25502.0,primary,dMRI_weighted_mean,RD,inferior longitudinal fasciculus (left),derived,False,False
dMRI_weighted_mean_RD_inferior_longitudinal_fasciculus_right,unfocused_dmri,unfocused_dmri,background,,25503.0,primary,dMRI_weighted_mean,RD,inferior longitudinal fasciculus (right),derived,False,False
dMRI_weighted_mean_RD_medial_lemniscus_left,unfocused_dmri,unfocused_dmri,background,,25505.0,primary,dMRI_weighted_mean,RD,medial lemniscus (left),derived,False,False
dMRI_weighted_mean_RD_medial_lemniscus_right,unfocused_dmri,unfocused_dmri,background,,25506.0,primary,dMRI_weighted_mean,RD,medial lemniscus (right),derived,False,False
dMRI_weighted_mean_RD_middle_cerebellar_peduncle,unfocused_dmri,unfocused_dmri,background,,25504.0,primary,dMRI_weighted_mean,RD,middle cerebellar peduncle,derived,False,False
dMRI_weighted_mean_RD_parahippocampal_part_of_cingulum_left,replication_weighted_tensor,replication_weighted_tensor,replication,,25494.0,primary,dMRI_weighted_mean,RD,parahippocampal part of cingulum (left),derived,True,True
dMRI_weighted_mean_RD_parahippocampal_part_of_cingulum_right,replication_weighted_tensor,replication_weighted_tensor,replication,,25495.0,primary,dMRI_weighted_mean,RD,parahippocampal part of cingulum (right),derived,True,True
dMRI_weighted_mean_RD_posterior_thalamic_radiation_left,replication_weighted_tensor,replication_weighted_tensor,replication,,25507.0,primary,dMRI_weighted_mean,RD,posterior thalamic radiation (left),derived,True,True
dMRI_weighted_mean_RD_posterior_thalamic_radiation_right,replication_weighted_tensor,replication_weighted_tensor,replication,,25508.0,primary,dMRI_weighted_mean,RD,posterior thalamic radiation (right),derived,True,True
dMRI_weighted_mean_RD_superior_longitudinal_fasciculus_left,replication_weighted_tensor,replication_weighted_tensor,replication,,25509.0,primary,dMRI_weighted_mean,RD,superior longitudinal fasciculus (left),derived,True,True
dMRI_weighted_mean_RD_superior_longitudinal_fasciculus_right,replication_weighted_tensor,replication_weighted_tensor,replication,,25510.0,primary,dMRI_weighted_mean,RD,superior longitudinal fasciculus (right),derived,True,True
dMRI_weighted_mean_RD_superior_thalamic_radiation_left,replication_weighted_tensor,replication_weighted_tensor,replication,,25511.0,primary,dMRI_weighted_mean,RD,superior thalamic radiation (left),derived,True,True
dMRI_weighted_mean_RD_superior_thalamic_radiation_right,replication_weighted_tensor,replication_weighted_tensor,replication,,25512.0,primary,dMRI_weighted_mean,RD,superior thalamic radiation (right),derived,True,True
dMRI_weighted_mean_RD_uncinate_fasciculus_left,replication_weighted_tensor,replication_weighted_tensor,replication,,25513.0,primary,dMRI_weighted_mean,RD,uncinate fasciculus (left),derived,True,True
dMRI_weighted_mean_RD_uncinate_fasciculus_right,replication_weighted_tensor,replication_weighted_tensor,replication,,25514.0,primary,dMRI_weighted_mean,RD,uncinate fasciculus (right),derived,True,True
demyelination_like__wm__acoustic_radiation_left,secondary_composite,secondary_composite,mechanistic_composite,,,secondary,dMRI_composite_wm,demyelination_like,acoustic radiation (left),composite,True,False
demyelination_like__wm__acoustic_radiation_right,secondary_composite,secondary_composite,mechanistic_composite,,,secondary,dMRI_composite_wm,demyelination_like,acoustic radiation (right),composite,True,False
demyelination_like__tbss__anterior_corona_radiata_left,secondary_composite,secondary_composite,mechanistic_composite,,,secondary,dMRI_composite_tbss,demyelination_like,anterior corona radiata (left),composite,True,False
demyelination_like__tbss__anterior_corona_radiata_right,secondary_composite,secondary_composite,mechanistic_composite,,,secondary,dMRI_composite_tbss,demyelination_like,anterior corona radiata (right),composite,True,False
demyelination_like__tbss__anterior_limb_of_internal_capsule_left,secondary_composite,secondary_composite,mechanistic_composite,,,secondary,dMRI_composite_tbss,demyelination_like,anterior limb of internal capsule (left),composite,True,False
demyelination_like__tbss__anterior_limb_of_internal_capsule_right,secondary_composite,secondary_composite,mechanistic_composite,,,secondary,dMRI_composite_tbss,demyelination_like,anterior limb of internal capsule (right),composite,True,False
demyelination_like__wm__anterior_thalamic_radiation_left,secondary_composite,secondary_composite,mechanistic_composite,,,secondary,dMRI_composite_wm,demyelination_like,anterior thalamic radiation (left),composite,True,False
demyelination_like__wm__anterior_thalamic_radiation_right,secondary_composite,secondary_composite,mechanistic_composite,,,secondary,dMRI_composite_wm,demyelination_like,anterior thalamic radiation (right),composite,True,False
demyelination_like__tbss__body_of_corpus_callosum,secondary_composite,secondary_composite,mechanistic_composite,,,secondary,dMRI_composite_tbss,demyelination_like,body of corpus callosum,composite,True,False
demyelination_like__tbss__cerebral_peduncle_left,secondary_composite,secondary_composite,mechanistic_composite,,,secondary,dMRI_composite_tbss,demyelination_like,cerebral peduncle (left),composite,True,False
demyelination_like__tbss__cerebral_peduncle_right,secondary_composite,secondary_composite,mechanistic_composite,,,secondary,dMRI_composite_tbss,demyelination_like,cerebral peduncle (right),composite,True,False
demyelination_like__wm__cingulate_gyrus_part_of_cingulum_left,secondary_composite,secondary_composite,mechanistic_composite,,,secondary,dMRI_composite_wm,demyelination_like,cingulate gyrus part of cingulum (left),composite,True,False
demyelination_like__wm__cingulate_gyrus_part_of_cingulum_right,secondary_composite,secondary_composite,mechanistic_composite,,,secondary,dMRI_composite_wm,demyelination_like,cingulate gyrus part of cingulum (right),composite,True,False
demyelination_like__tbss__cingulum_cingulate_gyrus_left,secondary_composite,secondary_composite,mechanistic_composite,,,secondary,dMRI_composite_tbss,demyelination_like,cingulum cingulate gyrus (left),composite,True,False
demyelination_like__tbss__cingulum_cingulate_gyrus_right,secondary_composite,secondary_composite,mechanistic_composite,,,secondary,dMRI_composite_tbss,demyelination_like,cingulum cingulate gyrus (right),composite,True,False
demyelination_like__tbss__cingulum_hippocampus_left,secondary_composite,secondary_composite,mechanistic_composite,,,secondary,dMRI_composite_tbss,demyelination_like,cingulum hippocampus (left),composite,True,False
demyelination_like__tbss__cingulum_hippocampus_right,secondary_composite,secondary_composite,mechanistic_composite,,,secondary,dMRI_composite_tbss,demyelination_like,cingulum hippocampus (right),composite,True,False
demyelination_like__tbss__corticospinal_tract_left,secondary_composite,secondary_composite,mechanistic_composite,,,secondary,dMRI_composite_tbss,demyelination_like,corticospinal tract (left),composite,True,False
demyelination_like__wm__corticospinal_tract_left,secondary_composite,secondary_composite,mechanistic_composite,,,secondary,dMRI_composite_wm,demyelination_like,corticospinal tract (left),composite,True,False
demyelination_like__tbss__corticospinal_tract_right,secondary_composite,secondary_composite,mechanistic_composite,,,secondary,dMRI_composite_tbss,demyelination_like,corticospinal tract (right),composite,True,False
demyelination_like__wm__corticospinal_tract_right,secondary_composite,secondary_composite,mechanistic_composite,,,secondary,dMRI_composite_wm,demyelination_like,corticospinal tract (right),composite,True,False
demyelination_like__tbss__external_capsule_left,secondary_composite,secondary_composite,mechanistic_composite,,,secondary,dMRI_composite_tbss,demyelination_like,external capsule (left),composite,True,False
demyelination_like__tbss__external_capsule_right,secondary_composite,secondary_composite,mechanistic_composite,,,secondary,dMRI_composite_tbss,demyelination_like,external capsule (right),composite,True,False
demyelination_like__wm__forceps_major,secondary_composite,secondary_composite,mechanistic_composite,,,secondary,dMRI_composite_wm,demyelination_like,forceps major,composite,True,False
demyelination_like__wm__forceps_minor,secondary_composite,secondary_composite,mechanistic_composite,,,secondary,dMRI_composite_wm,demyelination_like,forceps minor,composite,True,False
demyelination_like__tbss__fornix,secondary_composite,secondary_composite,mechanistic_composite,,,secondary,dMRI_composite_tbss,demyelination_like,fornix,composite,True,False
demyelination_like__tbss__fornix_cres_stria_terminalis_left,secondary_composite,secondary_composite,mechanistic_composite,,,secondary,dMRI_composite_tbss,demyelination_like,fornix cres+stria terminalis (left),composite,True,False
demyelination_like__tbss__fornix_cres_stria_terminalis_right,secondary_composite,secondary_composite,mechanistic_composite,,,secondary,dMRI_composite_tbss,demyelination_like,fornix cres+stria terminalis (right),composite,True,False
demyelination_like__tbss__genu_of_corpus_callosum,secondary_composite,secondary_composite,mechanistic_composite,,,secondary,dMRI_composite_tbss,demyelination_like,genu of corpus callosum,composite,True,False
demyelination_like__tbss__inferior_cerebellar_peduncle_left,secondary_composite,secondary_composite,mechanistic_composite,,,secondary,dMRI_composite_tbss,demyelination_like,inferior cerebellar peduncle (left),composite,True,False
demyelination_like__tbss__inferior_cerebellar_peduncle_right,secondary_composite,secondary_composite,mechanistic_composite,,,secondary,dMRI_composite_tbss,demyelination_like,inferior cerebellar peduncle (right),composite,True,False
demyelination_like__wm__inferior_fronto_occipital_fasciculus_lef,secondary_composite,secondary_composite,mechanistic_composite,,,secondary,dMRI_composite_wm,demyelination_like,inferior fronto-occipital fasciculus (left),composite,True,False
demyelination_like__wm__inferior_fronto_occipital_fasciculus_rig,secondary_composite,secondary_composite,mechanistic_composite,,,secondary,dMRI_composite_wm,demyelination_like,inferior fronto-occipital fasciculus (right),composite,True,False
demyelination_like__wm__inferior_longitudinal_fasciculus_left,secondary_composite,secondary_composite,mechanistic_composite,,,secondary,dMRI_composite_wm,demyelination_like,inferior longitudinal fasciculus (left),composite,True,False
demyelination_like__wm__inferior_longitudinal_fasciculus_right,secondary_composite,secondary_composite,mechanistic_composite,,,secondary,dMRI_composite_wm,demyelination_like,inferior longitudinal fasciculus (right),composite,True,False
demyelination_like__tbss__medial_lemniscus_left,secondary_composite,secondary_composite,mechanistic_composite,,,secondary,dMRI_composite_tbss,demyelination_like,medial lemniscus (left),composite,True,False
demyelination_like__wm__medial_lemniscus_left,secondary_composite,secondary_composite,mechanistic_composite,,,secondary,dMRI_composite_wm,demyelination_like,medial lemniscus (left),composite,True,False
demyelination_like__tbss__medial_lemniscus_right,secondary_composite,secondary_composite,mechanistic_composite,,,secondary,dMRI_composite_tbss,demyelination_like,medial lemniscus (right),composite,True,False
demyelination_like__wm__medial_lemniscus_right,secondary_composite,secondary_composite,mechanistic_composite,,,secondary,dMRI_composite_wm,demyelination_like,medial lemniscus (right),composite,True,False
demyelination_like__tbss__middle_cerebellar_peduncle,secondary_composite,secondary_composite,mechanistic_composite,,,secondary,dMRI_composite_tbss,demyelination_like,middle cerebellar peduncle,composite,True,False
demyelination_like__wm__middle_cerebellar_peduncle,secondary_composite,secondary_composite,mechanistic_composite,,,secondary,dMRI_composite_wm,demyelination_like,middle cerebellar peduncle,composite,True,False
demyelination_like__wm__parahippocampal_part_of_cingulum_left,secondary_composite,secondary_composite,mechanistic_composite,,,secondary,dMRI_composite_wm,demyelination_like,parahippocampal part of cingulum (left),composite,True,False
demyelination_like__wm__parahippocampal_part_of_cingulum_right,secondary_composite,secondary_composite,mechanistic_composite,,,secondary,dMRI_composite_wm,demyelination_like,parahippocampal part of cingulum (right),composite,True,False
demyelination_like__tbss__pontine_crossing_tract,secondary_composite,secondary_composite,mechanistic_composite,,,secondary,dMRI_composite_tbss,demyelination_like,pontine crossing tract,composite,True,False
demyelination_like__tbss__posterior_corona_radiata_left,secondary_composite,secondary_composite,mechanistic_composite,,,secondary,dMRI_composite_tbss,demyelination_like,posterior corona radiata (left),composite,True,False
demyelination_like__tbss__posterior_corona_radiata_right,secondary_composite,secondary_composite,mechanistic_composite,,,secondary,dMRI_composite_tbss,demyelination_like,posterior corona radiata (right),composite,True,False
demyelination_like__tbss__posterior_limb_of_internal_capsule_left,secondary_composite,secondary_composite,mechanistic_composite,,,secondary,dMRI_composite_tbss,demyelination_like,posterior limb of internal capsule (left),composite,True,False
demyelination_like__tbss__posterior_limb_of_internal_capsule_right,secondary_composite,secondary_composite,mechanistic_composite,,,secondary,dMRI_composite_tbss,demyelination_like,posterior limb of internal capsule (right),composite,True,False
demyelination_like__tbss__posterior_thalamic_radiation_left,secondary_composite,secondary_composite,mechanistic_composite,,,secondary,dMRI_composite_tbss,demyelination_like,posterior thalamic radiation (left),composite,True,False
demyelination_like__wm__posterior_thalamic_radiation_left,secondary_composite,secondary_composite,mechanistic_composite,,,secondary,dMRI_composite_wm,demyelination_like,posterior thalamic radiation (left),composite,True,False
demyelination_like__tbss__posterior_thalamic_radiation_right,secondary_composite,secondary_composite,mechanistic_composite,,,secondary,dMRI_composite_tbss,demyelination_like,posterior thalamic radiation (right),composite,True,False
demyelination_like__wm__posterior_thalamic_radiation_right,secondary_composite,secondary_composite,mechanistic_composite,,,secondary,dMRI_composite_wm,demyelination_like,posterior thalamic radiation (right),composite,True,False
demyelination_like__tbss__retrolenticular_part_of_internal_capsule,secondary_composite,secondary_composite,mechanistic_composite,,,secondary,dMRI_composite_tbss,demyelination_like,retrolenticular part of internal capsule (left),composite,True,False
demyelination_like__tbss__retrolenticular_part_of_internal_capsule,secondary_composite,secondary_composite,mechanistic_composite,,,secondary,dMRI_composite_tbss,demyelination_like,retrolenticular part of internal capsule (right),composite,True,False
demyelination_like__tbss__sagittal_stratum_left,secondary_composite,secondary_composite,mechanistic_composite,,,secondary,dMRI_composite_tbss,demyelination_like,sagittal stratum (left),composite,True,False
demyelination_like__tbss__sagittal_stratum_right,secondary_composite,secondary_composite,mechanistic_composite,,,secondary,dMRI_composite_tbss,demyelination_like,sagittal stratum (right),composite,True,False
demyelination_like__tbss__splenium_of_corpus_callosum,secondary_composite,secondary_composite,mechanistic_composite,,,secondary,dMRI_composite_tbss,demyelination_like,splenium of corpus callosum,composite,True,False
demyelination_like__tbss__superior_cerebellar_peduncle_left,secondary_composite,secondary_composite,mechanistic_composite,,,secondary,dMRI_composite_tbss,demyelination_like,superior cerebellar peduncle (left),composite,True,False
demyelination_like__tbss__superior_cerebellar_peduncle_right,secondary_composite,secondary_composite,mechanistic_composite,,,secondary,dMRI_composite_tbss,demyelination_like,superior cerebellar peduncle (right),composite,True,False
demyelination_like__tbss__superior_corona_radiata_left,secondary_composite,secondary_composite,mechanistic_composite,,,secondary,dMRI_composite_tbss,demyelination_like,superior corona radiata (left),composite,True,False
demyelination_like__tbss__superior_corona_radiata_right,secondary_composite,secondary_composite,mechanistic_composite,,,secondary,dMRI_composite_tbss,demyelination_like,superior corona radiata (right),composite,True,False
demyelination_like__tbss__superior_fronto_occipital_fasciculus_lef,secondary_composite,secondary_composite,mechanistic_composite,,,secondary,dMRI_composite_tbss,demyelination_like,superior fronto-occipital fasciculus (left),composite,True,False
demyelination_like__tbss__superior_fronto_occipital_fasciculus_rig,secondary_composite,secondary_composite,mechanistic_composite,,,secondary,dMRI_composite_tbss,demyelination_like,superior fronto-occipital fasciculus (right),composite,True,False
demyelination_like__tbss__superior_longitudinal_fasciculus_left,secondary_composite,secondary_composite,mechanistic_composite,,,secondary,dMRI_composite_tbss,demyelination_like,superior longitudinal fasciculus (left),composite,True,False
demyelination_like__wm__superior_longitudinal_fasciculus_left,secondary_composite,secondary_composite,mechanistic_composite,,,secondary,dMRI_composite_wm,demyelination_like,superior longitudinal fasciculus (left),composite,True,False
demyelination_like__tbss__superior_longitudinal_fasciculus_right,secondary_composite,secondary_composite,mechanistic_composite,,,secondary,dMRI_composite_tbss,demyelination_like,superior longitudinal fasciculus (right),composite,True,False
demyelination_like__wm__superior_longitudinal_fasciculus_right,secondary_composite,secondary_composite,mechanistic_composite,,,secondary,dMRI_composite_wm,demyelination_like,superior longitudinal fasciculus (right),composite,True,False
demyelination_like__wm__superior_thalamic_radiation_left,secondary_composite,secondary_composite,mechanistic_composite,,,secondary,dMRI_composite_wm,demyelination_like,superior thalamic radiation (left),composite,True,False
demyelination_like__wm__superior_thalamic_radiation_right,secondary_composite,secondary_composite,mechanistic_composite,,,secondary,dMRI_composite_wm,demyelination_like,superior thalamic radiation (right),composite,True,False
demyelination_like__tbss__tapetum_left,secondary_composite,secondary_composite,mechanistic_composite,,,secondary,dMRI_composite_tbss,demyelination_like,tapetum (left),composite,True,False
demyelination_like__tbss__tapetum_right,secondary_composite,secondary_composite,mechanistic_composite,,,secondary,dMRI_composite_tbss,demyelination_like,tapetum (right),composite,True,False
demyelination_like__tbss__uncinate_fasciculus_left,secondary_composite,secondary_composite,mechanistic_composite,,,secondary,dMRI_composite_tbss,demyelination_like,uncinate fasciculus (left),composite,True,False
demyelination_like__wm__uncinate_fasciculus_left,secondary_composite,secondary_composite,mechanistic_composite,,,secondary,dMRI_composite_wm,demyelination_like,uncinate fasciculus (left),composite,True,False
demyelination_like__tbss__uncinate_fasciculus_right,secondary_composite,secondary_composite,mechanistic_composite,,,secondary,dMRI_composite_tbss,demyelination_like,uncinate fasciculus (right),composite,True,False
demyelination_like__wm__uncinate_fasciculus_right,secondary_composite,secondary_composite,mechanistic_composite,,,secondary,dMRI_composite_wm,demyelination_like,uncinate fasciculus (right),composite,True,False
free_water_like__wm__acoustic_radiation_left,secondary_composite,secondary_composite,mechanistic_composite,,,secondary,dMRI_composite_wm,free_water_like,acoustic radiation (left),composite,True,False
free_water_like__wm__acoustic_radiation_right,secondary_composite,secondary_composite,mechanistic_composite,,,secondary,dMRI_composite_wm,free_water_like,acoustic radiation (right),composite,True,False
free_water_like__tbss__anterior_corona_radiata_left,secondary_composite,secondary_composite,mechanistic_composite,,,secondary,dMRI_composite_tbss,free_water_like,anterior corona radiata (left),composite,True,False
free_water_like__tbss__anterior_corona_radiata_right,secondary_composite,secondary_composite,mechanistic_composite,,,secondary,dMRI_composite_tbss,free_water_like,anterior corona radiata (right),composite,True,False
free_water_like__tbss__anterior_limb_of_internal_capsule_left,secondary_composite,secondary_composite,mechanistic_composite,,,secondary,dMRI_composite_tbss,free_water_like,anterior limb of internal capsule (left),composite,True,False
free_water_like__tbss__anterior_limb_of_internal_capsule_right,secondary_composite,secondary_composite,mechanistic_composite,,,secondary,dMRI_composite_tbss,free_water_like,anterior limb of internal capsule (right),composite,True,False
free_water_like__wm__anterior_thalamic_radiation_left,secondary_composite,secondary_composite,mechanistic_composite,,,secondary,dMRI_composite_wm,free_water_like,anterior thalamic radiation (left),composite,True,False
free_water_like__wm__anterior_thalamic_radiation_right,secondary_composite,secondary_composite,mechanistic_composite,,,secondary,dMRI_composite_wm,free_water_like,anterior thalamic radiation (right),composite,True,False
free_water_like__tbss__body_of_corpus_callosum,secondary_composite,secondary_composite,mechanistic_composite,,,secondary,dMRI_composite_tbss,free_water_like,body of corpus callosum,composite,True,False
free_water_like__tbss__cerebral_peduncle_left,secondary_composite,secondary_composite,mechanistic_composite,,,secondary,dMRI_composite_tbss,free_water_like,cerebral peduncle (left),composite,True,False
free_water_like__tbss__cerebral_peduncle_right,secondary_composite,secondary_composite,mechanistic_composite,,,secondary,dMRI_composite_tbss,free_water_like,cerebral peduncle (right),composite,True,False
free_water_like__wm__cingulate_gyrus_part_of_cingulum_left,secondary_composite,secondary_composite,mechanistic_composite,,,secondary,dMRI_composite_wm,free_water_like,cingulate gyrus part of cingulum (left),composite,True,False
free_water_like__wm__cingulate_gyrus_part_of_cingulum_right,secondary_composite,secondary_composite,mechanistic_composite,,,secondary,dMRI_composite_wm,free_water_like,cingulate gyrus part of cingulum (right),composite,True,False
free_water_like__tbss__cingulum_cingulate_gyrus_left,secondary_composite,secondary_composite,mechanistic_composite,,,secondary,dMRI_composite_tbss,free_water_like,cingulum cingulate gyrus (left),composite,True,False
free_water_like__tbss__cingulum_cingulate_gyrus_right,secondary_composite,secondary_composite,mechanistic_composite,,,secondary,dMRI_composite_tbss,free_water_like,cingulum cingulate gyrus (right),composite,True,False
free_water_like__tbss__cingulum_hippocampus_left,secondary_composite,secondary_composite,mechanistic_composite,,,secondary,dMRI_composite_tbss,free_water_like,cingulum hippocampus (left),composite,True,False
free_water_like__tbss__cingulum_hippocampus_right,secondary_composite,secondary_composite,mechanistic_composite,,,secondary,dMRI_composite_tbss,free_water_like,cingulum hippocampus (right),composite,True,False
free_water_like__tbss__corticospinal_tract_left,secondary_composite,secondary_composite,mechanistic_composite,,,secondary,dMRI_composite_tbss,free_water_like,corticospinal tract (left),composite,True,False
free_water_like__wm__corticospinal_tract_left,secondary_composite,secondary_composite,mechanistic_composite,,,secondary,dMRI_composite_wm,free_water_like,corticospinal tract (left),composite,True,False
free_water_like__tbss__corticospinal_tract_right,secondary_composite,secondary_composite,mechanistic_composite,,,secondary,dMRI_composite_tbss,free_water_like,corticospinal tract (right),composite,True,False
free_water_like__wm__corticospinal_tract_right,secondary_composite,secondary_composite,mechanistic_composite,,,secondary,dMRI_composite_wm,free_water_like,corticospinal tract (right),composite,True,False
free_water_like__tbss__external_capsule_left,secondary_composite,secondary_composite,mechanistic_composite,,,secondary,dMRI_composite_tbss,free_water_like,external capsule (left),composite,True,False
free_water_like__tbss__external_capsule_right,secondary_composite,secondary_composite,mechanistic_composite,,,secondary,dMRI_composite_tbss,free_water_like,external capsule (right),composite,True,False
free_water_like__wm__forceps_major,secondary_composite,secondary_composite,mechanistic_composite,,,secondary,dMRI_composite_wm,free_water_like,forceps major,composite,True,False
free_water_like__wm__forceps_minor,secondary_composite,secondary_composite,mechanistic_composite,,,secondary,dMRI_composite_wm,free_water_like,forceps minor,composite,True,False
free_water_like__tbss__fornix,secondary_composite,secondary_composite,mechanistic_composite,,,secondary,dMRI_composite_tbss,free_water_like,fornix,composite,True,False
free_water_like__tbss__fornix_cres_stria_terminalis_left,secondary_composite,secondary_composite,mechanistic_composite,,,secondary,dMRI_composite_tbss,free_water_like,fornix cres+stria terminalis (left),composite,True,False
free_water_like__tbss__fornix_cres_stria_terminalis_right,secondary_composite,secondary_composite,mechanistic_composite,,,secondary,dMRI_composite_tbss,free_water_like,fornix cres+stria terminalis (right),composite,True,False
free_water_like__tbss__genu_of_corpus_callosum,secondary_composite,secondary_composite,mechanistic_composite,,,secondary,dMRI_composite_tbss,free_water_like,genu of corpus callosum,composite,True,False
free_water_like__tbss__inferior_cerebellar_peduncle_left,secondary_composite,secondary_composite,mechanistic_composite,,,secondary,dMRI_composite_tbss,free_water_like,inferior cerebellar peduncle (left),composite,True,False
free_water_like__tbss__inferior_cerebellar_peduncle_right,secondary_composite,secondary_composite,mechanistic_composite,,,secondary,dMRI_composite_tbss,free_water_like,inferior cerebellar peduncle (right),composite,True,False
free_water_like__wm__inferior_fronto_occipital_fasciculus_lef,secondary_composite,secondary_composite,mechanistic_composite,,,secondary,dMRI_composite_wm,free_water_like,inferior fronto-occipital fasciculus (left),composite,True,False
free_water_like__wm__inferior_fronto_occipital_fasciculus_rig,secondary_composite,secondary_composite,mechanistic_composite,,,secondary,dMRI_composite_wm,free_water_like,inferior fronto-occipital fasciculus (right),composite,True,False
free_water_like__wm__inferior_longitudinal_fasciculus_left,secondary_composite,secondary_composite,mechanistic_composite,,,secondary,dMRI_composite_wm,free_water_like,inferior longitudinal fasciculus (left),composite,True,False
free_water_like__wm__inferior_longitudinal_fasciculus_right,secondary_composite,secondary_composite,mechanistic_composite,,,secondary,dMRI_composite_wm,free_water_like,inferior longitudinal fasciculus (right),composite,True,False
free_water_like__tbss__medial_lemniscus_left,secondary_composite,secondary_composite,mechanistic_composite,,,secondary,dMRI_composite_tbss,free_water_like,medial lemniscus (left),composite,True,False
free_water_like__wm__medial_lemniscus_left,secondary_composite,secondary_composite,mechanistic_composite,,,secondary,dMRI_composite_wm,free_water_like,medial lemniscus (left),composite,True,False
free_water_like__tbss__medial_lemniscus_right,secondary_composite,secondary_composite,mechanistic_composite,,,secondary,dMRI_composite_tbss,free_water_like,medial lemniscus (right),composite,True,False
free_water_like__wm__medial_lemniscus_right,secondary_composite,secondary_composite,mechanistic_composite,,,secondary,dMRI_composite_wm,free_water_like,medial lemniscus (right),composite,True,False
free_water_like__tbss__middle_cerebellar_peduncle,secondary_composite,secondary_composite,mechanistic_composite,,,secondary,dMRI_composite_tbss,free_water_like,middle cerebellar peduncle,composite,True,False
free_water_like__wm__middle_cerebellar_peduncle,secondary_composite,secondary_composite,mechanistic_composite,,,secondary,dMRI_composite_wm,free_water_like,middle cerebellar peduncle,composite,True,False
free_water_like__wm__parahippocampal_part_of_cingulum_left,secondary_composite,secondary_composite,mechanistic_composite,,,secondary,dMRI_composite_wm,free_water_like,parahippocampal part of cingulum (left),composite,True,False
free_water_like__wm__parahippocampal_part_of_cingulum_right,secondary_composite,secondary_composite,mechanistic_composite,,,secondary,dMRI_composite_wm,free_water_like,parahippocampal part of cingulum (right),composite,True,False
free_water_like__tbss__pontine_crossing_tract,secondary_composite,secondary_composite,mechanistic_composite,,,secondary,dMRI_composite_tbss,free_water_like,pontine crossing tract,composite,True,False
free_water_like__tbss__posterior_corona_radiata_left,secondary_composite,secondary_composite,mechanistic_composite,,,secondary,dMRI_composite_tbss,free_water_like,posterior corona radiata (left),composite,True,False
free_water_like__tbss__posterior_corona_radiata_right,secondary_composite,secondary_composite,mechanistic_composite,,,secondary,dMRI_composite_tbss,free_water_like,posterior corona radiata (right),composite,True,False
free_water_like__tbss__posterior_limb_of_internal_capsule_left,secondary_composite,secondary_composite,mechanistic_composite,,,secondary,dMRI_composite_tbss,free_water_like,posterior limb of internal capsule (left),composite,True,False
free_water_like__tbss__posterior_limb_of_internal_capsule_right,secondary_composite,secondary_composite,mechanistic_composite,,,secondary,dMRI_composite_tbss,free_water_like,posterior limb of internal capsule (right),composite,True,False
free_water_like__tbss__posterior_thalamic_radiation_left,secondary_composite,secondary_composite,mechanistic_composite,,,secondary,dMRI_composite_tbss,free_water_like,posterior thalamic radiation (left),composite,True,False
free_water_like__wm__posterior_thalamic_radiation_left,secondary_composite,secondary_composite,mechanistic_composite,,,secondary,dMRI_composite_wm,free_water_like,posterior thalamic radiation (left),composite,True,False
free_water_like__tbss__posterior_thalamic_radiation_right,secondary_composite,secondary_composite,mechanistic_composite,,,secondary,dMRI_composite_tbss,free_water_like,posterior thalamic radiation (right),composite,True,False
free_water_like__wm__posterior_thalamic_radiation_right,secondary_composite,secondary_composite,mechanistic_composite,,,secondary,dMRI_composite_wm,free_water_like,posterior thalamic radiation (right),composite,True,False
free_water_like__tbss__retrolenticular_part_of_internal_capsule,secondary_composite,secondary_composite,mechanistic_composite,,,secondary,dMRI_composite_tbss,free_water_like,retrolenticular part of internal capsule (left),composite,True,False
free_water_like__tbss__retrolenticular_part_of_internal_capsule,secondary_composite,secondary_composite,mechanistic_composite,,,secondary,dMRI_composite_tbss,free_water_like,retrolenticular part of internal capsule (right),composite,True,False
free_water_like__tbss__sagittal_stratum_left,secondary_composite,secondary_composite,mechanistic_composite,,,secondary,dMRI_composite_tbss,free_water_like,sagittal stratum (left),composite,True,False
free_water_like__tbss__sagittal_stratum_right,secondary_composite,secondary_composite,mechanistic_composite,,,secondary,dMRI_composite_tbss,free_water_like,sagittal stratum (right),composite,True,False
free_water_like__tbss__splenium_of_corpus_callosum,secondary_composite,secondary_composite,mechanistic_composite,,,secondary,dMRI_composite_tbss,free_water_like,splenium of corpus callosum,composite,True,False
free_water_like__tbss__superior_cerebellar_peduncle_left,secondary_composite,secondary_composite,mechanistic_composite,,,secondary,dMRI_composite_tbss,free_water_like,superior cerebellar peduncle (left),composite,True,False
free_water_like__tbss__superior_cerebellar_peduncle_right,secondary_composite,secondary_composite,mechanistic_composite,,,secondary,dMRI_composite_tbss,free_water_like,superior cerebellar peduncle (right),composite,True,False
free_water_like__tbss__superior_corona_radiata_left,secondary_composite,secondary_composite,mechanistic_composite,,,secondary,dMRI_composite_tbss,free_water_like,superior corona radiata (left),composite,True,False
free_water_like__tbss__superior_corona_radiata_right,secondary_composite,secondary_composite,mechanistic_composite,,,secondary,dMRI_composite_tbss,free_water_like,superior corona radiata (right),composite,True,False
free_water_like__tbss__superior_fronto_occipital_fasciculus_lef,secondary_composite,secondary_composite,mechanistic_composite,,,secondary,dMRI_composite_tbss,free_water_like,superior fronto-occipital fasciculus (left),composite,True,False
free_water_like__tbss__superior_fronto_occipital_fasciculus_rig,secondary_composite,secondary_composite,mechanistic_composite,,,secondary,dMRI_composite_tbss,free_water_like,superior fronto-occipital fasciculus (right),composite,True,False
free_water_like__tbss__superior_longitudinal_fasciculus_left,secondary_composite,secondary_composite,mechanistic_composite,,,secondary,dMRI_composite_tbss,free_water_like,superior longitudinal fasciculus (left),composite,True,False
free_water_like__wm__superior_longitudinal_fasciculus_left,secondary_composite,secondary_composite,mechanistic_composite,,,secondary,dMRI_composite_wm,free_water_like,superior longitudinal fasciculus (left),composite,True,False
free_water_like__tbss__superior_longitudinal_fasciculus_right,secondary_composite,secondary_composite,mechanistic_composite,,,secondary,dMRI_composite_tbss,free_water_like,superior longitudinal fasciculus (right),composite,True,False
free_water_like__wm__superior_longitudinal_fasciculus_right,secondary_composite,secondary_composite,mechanistic_composite,,,secondary,dMRI_composite_wm,free_water_like,superior longitudinal fasciculus (right),composite,True,False
free_water_like__wm__superior_thalamic_radiation_left,secondary_composite,secondary_composite,mechanistic_composite,,,secondary,dMRI_composite_wm,free_water_like,superior thalamic radiation (left),composite,True,False
free_water_like__wm__superior_thalamic_radiation_right,secondary_composite,secondary_composite,mechanistic_composite,,,secondary,dMRI_composite_wm,free_water_like,superior thalamic radiation (right),composite,True,False
free_water_like__tbss__tapetum_left,secondary_composite,secondary_composite,mechanistic_composite,,,secondary,dMRI_composite_tbss,free_water_like,tapetum (left),composite,True,False
free_water_like__tbss__tapetum_right,secondary_composite,secondary_composite,mechanistic_composite,,,secondary,dMRI_composite_tbss,free_water_like,tapetum (right),composite,True,False
free_water_like__tbss__uncinate_fasciculus_left,secondary_composite,secondary_composite,mechanistic_composite,,,secondary,dMRI_composite_tbss,free_water_like,uncinate fasciculus (left),composite,True,False
free_water_like__wm__uncinate_fasciculus_left,secondary_composite,secondary_composite,mechanistic_composite,,,secondary,dMRI_composite_wm,free_water_like,uncinate fasciculus (left),composite,True,False
free_water_like__tbss__uncinate_fasciculus_right,secondary_composite,secondary_composite,mechanistic_composite,,,secondary,dMRI_composite_tbss,free_water_like,uncinate fasciculus (right),composite,True,False
free_water_like__wm__uncinate_fasciculus_right,secondary_composite,secondary_composite,mechanistic_composite,,,secondary,dMRI_composite_wm,free_water_like,uncinate fasciculus (right),composite,True,False
axonal_loss_like__wm__acoustic_radiation_left,secondary_composite,secondary_composite,mechanistic_composite,,,secondary,dMRI_composite_wm,axonal_loss_like,acoustic radiation (left),composite,True,False
axonal_loss_like__wm__acoustic_radiation_right,secondary_composite,secondary_composite,mechanistic_composite,,,secondary,dMRI_composite_wm,axonal_loss_like,acoustic radiation (right),composite,True,False
axonal_loss_like__tbss__anterior_corona_radiata_left,secondary_composite,secondary_composite,mechanistic_composite,,,secondary,dMRI_composite_tbss,axonal_loss_like,anterior corona radiata (left),composite,True,False
axonal_loss_like__tbss__anterior_corona_radiata_right,secondary_composite,secondary_composite,mechanistic_composite,,,secondary,dMRI_composite_tbss,axonal_loss_like,anterior corona radiata (right),composite,True,False
axonal_loss_like__tbss__anterior_limb_of_internal_capsule_left,secondary_composite,secondary_composite,mechanistic_composite,,,secondary,dMRI_composite_tbss,axonal_loss_like,anterior limb of internal capsule (left),composite,True,False
axonal_loss_like__tbss__anterior_limb_of_internal_capsule_right,secondary_composite,secondary_composite,mechanistic_composite,,,secondary,dMRI_composite_tbss,axonal_loss_like,anterior limb of internal capsule (right),composite,True,False
axonal_loss_like__wm__anterior_thalamic_radiation_left,secondary_composite,secondary_composite,mechanistic_composite,,,secondary,dMRI_composite_wm,axonal_loss_like,anterior thalamic radiation (left),composite,True,False
axonal_loss_like__wm__anterior_thalamic_radiation_right,secondary_composite,secondary_composite,mechanistic_composite,,,secondary,dMRI_composite_wm,axonal_loss_like,anterior thalamic radiation (right),composite,True,False
axonal_loss_like__tbss__body_of_corpus_callosum,secondary_composite,secondary_composite,mechanistic_composite,,,secondary,dMRI_composite_tbss,axonal_loss_like,body of corpus callosum,composite,True,False
axonal_loss_like__tbss__cerebral_peduncle_left,secondary_composite,secondary_composite,mechanistic_composite,,,secondary,dMRI_composite_tbss,axonal_loss_like,cerebral peduncle (left),composite,True,False
axonal_loss_like__tbss__cerebral_peduncle_right,secondary_composite,secondary_composite,mechanistic_composite,,,secondary,dMRI_composite_tbss,axonal_loss_like,cerebral peduncle (right),composite,True,False
axonal_loss_like__wm__cingulate_gyrus_part_of_cingulum_left,secondary_composite,secondary_composite,mechanistic_composite,,,secondary,dMRI_composite_wm,axonal_loss_like,cingulate gyrus part of cingulum (left),composite,True,False
axonal_loss_like__wm__cingulate_gyrus_part_of_cingulum_right,secondary_composite,secondary_composite,mechanistic_composite,,,secondary,dMRI_composite_wm,axonal_loss_like,cingulate gyrus part of cingulum (right),composite,True,False
axonal_loss_like__tbss__cingulum_cingulate_gyrus_left,secondary_composite,secondary_composite,mechanistic_composite,,,secondary,dMRI_composite_tbss,axonal_loss_like,cingulum cingulate gyrus (left),composite,True,False
axonal_loss_like__tbss__cingulum_cingulate_gyrus_right,secondary_composite,secondary_composite,mechanistic_composite,,,secondary,dMRI_composite_tbss,axonal_loss_like,cingulum cingulate gyrus (right),composite,True,False
axonal_loss_like__tbss__cingulum_hippocampus_left,secondary_composite,secondary_composite,mechanistic_composite,,,secondary,dMRI_composite_tbss,axonal_loss_like,cingulum hippocampus (left),composite,True,False
axonal_loss_like__tbss__cingulum_hippocampus_right,secondary_composite,secondary_composite,mechanistic_composite,,,secondary,dMRI_composite_tbss,axonal_loss_like,cingulum hippocampus (right),composite,True,False
axonal_loss_like__tbss__corticospinal_tract_left,secondary_composite,secondary_composite,mechanistic_composite,,,secondary,dMRI_composite_tbss,axonal_loss_like,corticospinal tract (left),composite,True,False
axonal_loss_like__wm__corticospinal_tract_left,secondary_composite,secondary_composite,mechanistic_composite,,,secondary,dMRI_composite_wm,axonal_loss_like,corticospinal tract (left),composite,True,False
axonal_loss_like__tbss__corticospinal_tract_right,secondary_composite,secondary_composite,mechanistic_composite,,,secondary,dMRI_composite_tbss,axonal_loss_like,corticospinal tract (right),composite,True,False
axonal_loss_like__wm__corticospinal_tract_right,secondary_composite,secondary_composite,mechanistic_composite,,,secondary,dMRI_composite_wm,axonal_loss_like,corticospinal tract (right),composite,True,False
axonal_loss_like__tbss__external_capsule_left,secondary_composite,secondary_composite,mechanistic_composite,,,secondary,dMRI_composite_tbss,axonal_loss_like,external capsule (left),composite,True,False
axonal_loss_like__tbss__external_capsule_right,secondary_composite,secondary_composite,mechanistic_composite,,,secondary,dMRI_composite_tbss,axonal_loss_like,external capsule (right),composite,True,False
axonal_loss_like__wm__forceps_major,secondary_composite,secondary_composite,mechanistic_composite,,,secondary,dMRI_composite_wm,axonal_loss_like,forceps major,composite,True,False
axonal_loss_like__wm__forceps_minor,secondary_composite,secondary_composite,mechanistic_composite,,,secondary,dMRI_composite_wm,axonal_loss_like,forceps minor,composite,True,False
axonal_loss_like__tbss__fornix,secondary_composite,secondary_composite,mechanistic_composite,,,secondary,dMRI_composite_tbss,axonal_loss_like,fornix,composite,True,False
axonal_loss_like__tbss__fornix_cres_stria_terminalis_left,secondary_composite,secondary_composite,mechanistic_composite,,,secondary,dMRI_composite_tbss,axonal_loss_like,fornix cres+stria terminalis (left),composite,True,False
axonal_loss_like__tbss__fornix_cres_stria_terminalis_right,secondary_composite,secondary_composite,mechanistic_composite,,,secondary,dMRI_composite_tbss,axonal_loss_like,fornix cres+stria terminalis (right),composite,True,False
axonal_loss_like__tbss__genu_of_corpus_callosum,secondary_composite,secondary_composite,mechanistic_composite,,,secondary,dMRI_composite_tbss,axonal_loss_like,genu of corpus callosum,composite,True,False
axonal_loss_like__tbss__inferior_cerebellar_peduncle_left,secondary_composite,secondary_composite,mechanistic_composite,,,secondary,dMRI_composite_tbss,axonal_loss_like,inferior cerebellar peduncle (left),composite,True,False
axonal_loss_like__tbss__inferior_cerebellar_peduncle_right,secondary_composite,secondary_composite,mechanistic_composite,,,secondary,dMRI_composite_tbss,axonal_loss_like,inferior cerebellar peduncle (right),composite,True,False
axonal_loss_like__wm__inferior_fronto_occipital_fasciculus_lef,secondary_composite,secondary_composite,mechanistic_composite,,,secondary,dMRI_composite_wm,axonal_loss_like,inferior fronto-occipital fasciculus (left),composite,True,False
axonal_loss_like__wm__inferior_fronto_occipital_fasciculus_rig,secondary_composite,secondary_composite,mechanistic_composite,,,secondary,dMRI_composite_wm,axonal_loss_like,inferior fronto-occipital fasciculus (right),composite,True,False
axonal_loss_like__wm__inferior_longitudinal_fasciculus_left,secondary_composite,secondary_composite,mechanistic_composite,,,secondary,dMRI_composite_wm,axonal_loss_like,inferior longitudinal fasciculus (left),composite,True,False
axonal_loss_like__wm__inferior_longitudinal_fasciculus_right,secondary_composite,secondary_composite,mechanistic_composite,,,secondary,dMRI_composite_wm,axonal_loss_like,inferior longitudinal fasciculus (right),composite,True,False
axonal_loss_like__tbss__medial_lemniscus_left,secondary_composite,secondary_composite,mechanistic_composite,,,secondary,dMRI_composite_tbss,axonal_loss_like,medial lemniscus (left),composite,True,False
axonal_loss_like__wm__medial_lemniscus_left,secondary_composite,secondary_composite,mechanistic_composite,,,secondary,dMRI_composite_wm,axonal_loss_like,medial lemniscus (left),composite,True,False
axonal_loss_like__tbss__medial_lemniscus_right,secondary_composite,secondary_composite,mechanistic_composite,,,secondary,dMRI_composite_tbss,axonal_loss_like,medial lemniscus (right),composite,True,False
axonal_loss_like__wm__medial_lemniscus_right,secondary_composite,secondary_composite,mechanistic_composite,,,secondary,dMRI_composite_wm,axonal_loss_like,medial lemniscus (right),composite,True,False
axonal_loss_like__tbss__middle_cerebellar_peduncle,secondary_composite,secondary_composite,mechanistic_composite,,,secondary,dMRI_composite_tbss,axonal_loss_like,middle cerebellar peduncle,composite,True,False
axonal_loss_like__wm__middle_cerebellar_peduncle,secondary_composite,secondary_composite,mechanistic_composite,,,secondary,dMRI_composite_wm,axonal_loss_like,middle cerebellar peduncle,composite,True,False
axonal_loss_like__wm__parahippocampal_part_of_cingulum_left,secondary_composite,secondary_composite,mechanistic_composite,,,secondary,dMRI_composite_wm,axonal_loss_like,parahippocampal part of cingulum (left),composite,True,False
axonal_loss_like__wm__parahippocampal_part_of_cingulum_right,secondary_composite,secondary_composite,mechanistic_composite,,,secondary,dMRI_composite_wm,axonal_loss_like,parahippocampal part of cingulum (right),composite,True,False
axonal_loss_like__tbss__pontine_crossing_tract,secondary_composite,secondary_composite,mechanistic_composite,,,secondary,dMRI_composite_tbss,axonal_loss_like,pontine crossing tract,composite,True,False
axonal_loss_like__tbss__posterior_corona_radiata_left,secondary_composite,secondary_composite,mechanistic_composite,,,secondary,dMRI_composite_tbss,axonal_loss_like,posterior corona radiata (left),composite,True,False
axonal_loss_like__tbss__posterior_corona_radiata_right,secondary_composite,secondary_composite,mechanistic_composite,,,secondary,dMRI_composite_tbss,axonal_loss_like,posterior corona radiata (right),composite,True,False
axonal_loss_like__tbss__posterior_limb_of_internal_capsule_left,secondary_composite,secondary_composite,mechanistic_composite,,,secondary,dMRI_composite_tbss,axonal_loss_like,posterior limb of internal capsule (left),composite,True,False
axonal_loss_like__tbss__posterior_limb_of_internal_capsule_right,secondary_composite,secondary_composite,mechanistic_composite,,,secondary,dMRI_composite_tbss,axonal_loss_like,posterior limb of internal capsule (right),composite,True,False
axonal_loss_like__tbss__posterior_thalamic_radiation_left,secondary_composite,secondary_composite,mechanistic_composite,,,secondary,dMRI_composite_tbss,axonal_loss_like,posterior thalamic radiation (left),composite,True,False
axonal_loss_like__wm__posterior_thalamic_radiation_left,secondary_composite,secondary_composite,mechanistic_composite,,,secondary,dMRI_composite_wm,axonal_loss_like,posterior thalamic radiation (left),composite,True,False
axonal_loss_like__tbss__posterior_thalamic_radiation_right,secondary_composite,secondary_composite,mechanistic_composite,,,secondary,dMRI_composite_tbss,axonal_loss_like,posterior thalamic radiation (right),composite,True,False
axonal_loss_like__wm__posterior_thalamic_radiation_right,secondary_composite,secondary_composite,mechanistic_composite,,,secondary,dMRI_composite_wm,axonal_loss_like,posterior thalamic radiation (right),composite,True,False
axonal_loss_like__tbss__retrolenticular_part_of_internal_capsule,secondary_composite,secondary_composite,mechanistic_composite,,,secondary,dMRI_composite_tbss,axonal_loss_like,retrolenticular part of internal capsule (left),composite,True,False
axonal_loss_like__tbss__retrolenticular_part_of_internal_capsule,secondary_composite,secondary_composite,mechanistic_composite,,,secondary,dMRI_composite_tbss,axonal_loss_like,retrolenticular part of internal capsule (right),composite,True,False
axonal_loss_like__tbss__sagittal_stratum_left,secondary_composite,secondary_composite,mechanistic_composite,,,secondary,dMRI_composite_tbss,axonal_loss_like,sagittal stratum (left),composite,True,False
axonal_loss_like__tbss__sagittal_stratum_right,secondary_composite,secondary_composite,mechanistic_composite,,,secondary,dMRI_composite_tbss,axonal_loss_like,sagittal stratum (right),composite,True,False
axonal_loss_like__tbss__splenium_of_corpus_callosum,secondary_composite,secondary_composite,mechanistic_composite,,,secondary,dMRI_composite_tbss,axonal_loss_like,splenium of corpus callosum,composite,True,False
axonal_loss_like__tbss__superior_cerebellar_peduncle_left,secondary_composite,secondary_composite,mechanistic_composite,,,secondary,dMRI_composite_tbss,axonal_loss_like,superior cerebellar peduncle (left),composite,True,False
axonal_loss_like__tbss__superior_cerebellar_peduncle_right,secondary_composite,secondary_composite,mechanistic_composite,,,secondary,dMRI_composite_tbss,axonal_loss_like,superior cerebellar peduncle (right),composite,True,False
axonal_loss_like__tbss__superior_corona_radiata_left,secondary_composite,secondary_composite,mechanistic_composite,,,secondary,dMRI_composite_tbss,axonal_loss_like,superior corona radiata (left),composite,True,False
axonal_loss_like__tbss__superior_corona_radiata_right,secondary_composite,secondary_composite,mechanistic_composite,,,secondary,dMRI_composite_tbss,axonal_loss_like,superior corona radiata (right),composite,True,False
axonal_loss_like__tbss__superior_fronto_occipital_fasciculus_lef,secondary_composite,secondary_composite,mechanistic_composite,,,secondary,dMRI_composite_tbss,axonal_loss_like,superior fronto-occipital fasciculus (left),composite,True,False
axonal_loss_like__tbss__superior_fronto_occipital_fasciculus_rig,secondary_composite,secondary_composite,mechanistic_composite,,,secondary,dMRI_composite_tbss,axonal_loss_like,superior fronto-occipital fasciculus (right),composite,True,False
axonal_loss_like__tbss__superior_longitudinal_fasciculus_left,secondary_composite,secondary_composite,mechanistic_composite,,,secondary,dMRI_composite_tbss,axonal_loss_like,superior longitudinal fasciculus (left),composite,True,False
axonal_loss_like__wm__superior_longitudinal_fasciculus_left,secondary_composite,secondary_composite,mechanistic_composite,,,secondary,dMRI_composite_wm,axonal_loss_like,superior longitudinal fasciculus (left),composite,True,False
axonal_loss_like__tbss__superior_longitudinal_fasciculus_right,secondary_composite,secondary_composite,mechanistic_composite,,,secondary,dMRI_composite_tbss,axonal_loss_like,superior longitudinal fasciculus (right),composite,True,False
axonal_loss_like__wm__superior_longitudinal_fasciculus_right,secondary_composite,secondary_composite,mechanistic_composite,,,secondary,dMRI_composite_wm,axonal_loss_like,superior longitudinal fasciculus (right),composite,True,False
axonal_loss_like__wm__superior_thalamic_radiation_left,secondary_composite,secondary_composite,mechanistic_composite,,,secondary,dMRI_composite_wm,axonal_loss_like,superior thalamic radiation (left),composite,True,False
axonal_loss_like__wm__superior_thalamic_radiation_right,secondary_composite,secondary_composite,mechanistic_composite,,,secondary,dMRI_composite_wm,axonal_loss_like,superior thalamic radiation (right),composite,True,False
axonal_loss_like__tbss__tapetum_left,secondary_composite,secondary_composite,mechanistic_composite,,,secondary,dMRI_composite_tbss,axonal_loss_like,tapetum (left),composite,True,False
axonal_loss_like__tbss__tapetum_right,secondary_composite,secondary_composite,mechanistic_composite,,,secondary,dMRI_composite_tbss,axonal_loss_like,tapetum (right),composite,True,False
axonal_loss_like__tbss__uncinate_fasciculus_left,secondary_composite,secondary_composite,mechanistic_composite,,,secondary,dMRI_composite_tbss,axonal_loss_like,uncinate fasciculus (left),composite,True,False
axonal_loss_like__wm__uncinate_fasciculus_left,secondary_composite,secondary_composite,mechanistic_composite,,,secondary,dMRI_composite_wm,axonal_loss_like,uncinate fasciculus (left),composite,True,False
axonal_loss_like__tbss__uncinate_fasciculus_right,secondary_composite,secondary_composite,mechanistic_composite,,,secondary,dMRI_composite_tbss,axonal_loss_like,uncinate fasciculus (right),composite,True,False
axonal_loss_like__wm__uncinate_fasciculus_right,secondary_composite,secondary_composite,mechanistic_composite,,,secondary,dMRI_composite_wm,axonal_loss_like,uncinate fasciculus (right),composite,True,False
tract_geometry_like__wm__acoustic_radiation_left,secondary_composite,secondary_composite,mechanistic_composite,,,secondary,dMRI_composite_wm,tract_geometry_like,acoustic radiation (left),composite,True,False
tract_geometry_like__wm__acoustic_radiation_right,secondary_composite,secondary_composite,mechanistic_composite,,,secondary,dMRI_composite_wm,tract_geometry_like,acoustic radiation (right),composite,True,False
tract_geometry_like__tbss__anterior_corona_radiata_left,secondary_composite,secondary_composite,mechanistic_composite,,,secondary,dMRI_composite_tbss,tract_geometry_like,anterior corona radiata (left),composite,True,False
tract_geometry_like__tbss__anterior_corona_radiata_right,secondary_composite,secondary_composite,mechanistic_composite,,,secondary,dMRI_composite_tbss,tract_geometry_like,anterior corona radiata (right),composite,True,False
tract_geometry_like__tbss__anterior_limb_of_internal_capsule_left,secondary_composite,secondary_composite,mechanistic_composite,,,secondary,dMRI_composite_tbss,tract_geometry_like,anterior limb of internal capsule (left),composite,True,False
tract_geometry_like__tbss__anterior_limb_of_internal_capsule_right,secondary_composite,secondary_composite,mechanistic_composite,,,secondary,dMRI_composite_tbss,tract_geometry_like,anterior limb of internal capsule (right),composite,True,False
tract_geometry_like__wm__anterior_thalamic_radiation_left,secondary_composite,secondary_composite,mechanistic_composite,,,secondary,dMRI_composite_wm,tract_geometry_like,anterior thalamic radiation (left),composite,True,False
tract_geometry_like__wm__anterior_thalamic_radiation_right,secondary_composite,secondary_composite,mechanistic_composite,,,secondary,dMRI_composite_wm,tract_geometry_like,anterior thalamic radiation (right),composite,True,False
tract_geometry_like__tbss__body_of_corpus_callosum,secondary_composite,secondary_composite,mechanistic_composite,,,secondary,dMRI_composite_tbss,tract_geometry_like,body of corpus callosum,composite,True,False
tract_geometry_like__tbss__cerebral_peduncle_left,secondary_composite,secondary_composite,mechanistic_composite,,,secondary,dMRI_composite_tbss,tract_geometry_like,cerebral peduncle (left),composite,True,False
tract_geometry_like__tbss__cerebral_peduncle_right,secondary_composite,secondary_composite,mechanistic_composite,,,secondary,dMRI_composite_tbss,tract_geometry_like,cerebral peduncle (right),composite,True,False
tract_geometry_like__wm__cingulate_gyrus_part_of_cingulum_left,secondary_composite,secondary_composite,mechanistic_composite,,,secondary,dMRI_composite_wm,tract_geometry_like,cingulate gyrus part of cingulum (left),composite,True,False
tract_geometry_like__wm__cingulate_gyrus_part_of_cingulum_right,secondary_composite,secondary_composite,mechanistic_composite,,,secondary,dMRI_composite_wm,tract_geometry_like,cingulate gyrus part of cingulum (right),composite,True,False
tract_geometry_like__tbss__cingulum_cingulate_gyrus_left,secondary_composite,secondary_composite,mechanistic_composite,,,secondary,dMRI_composite_tbss,tract_geometry_like,cingulum cingulate gyrus (left),composite,True,False
tract_geometry_like__tbss__cingulum_cingulate_gyrus_right,secondary_composite,secondary_composite,mechanistic_composite,,,secondary,dMRI_composite_tbss,tract_geometry_like,cingulum cingulate gyrus (right),composite,True,False
tract_geometry_like__tbss__cingulum_hippocampus_left,secondary_composite,secondary_composite,mechanistic_composite,,,secondary,dMRI_composite_tbss,tract_geometry_like,cingulum hippocampus (left),composite,True,False
tract_geometry_like__tbss__cingulum_hippocampus_right,secondary_composite,secondary_composite,mechanistic_composite,,,secondary,dMRI_composite_tbss,tract_geometry_like,cingulum hippocampus (right),composite,True,False
tract_geometry_like__tbss__corticospinal_tract_left,secondary_composite,secondary_composite,mechanistic_composite,,,secondary,dMRI_composite_tbss,tract_geometry_like,corticospinal tract (left),composite,True,False
tract_geometry_like__wm__corticospinal_tract_left,secondary_composite,secondary_composite,mechanistic_composite,,,secondary,dMRI_composite_wm,tract_geometry_like,corticospinal tract (left),composite,True,False
tract_geometry_like__tbss__corticospinal_tract_right,secondary_composite,secondary_composite,mechanistic_composite,,,secondary,dMRI_composite_tbss,tract_geometry_like,corticospinal tract (right),composite,True,False
tract_geometry_like__wm__corticospinal_tract_right,secondary_composite,secondary_composite,mechanistic_composite,,,secondary,dMRI_composite_wm,tract_geometry_like,corticospinal tract (right),composite,True,False
tract_geometry_like__tbss__external_capsule_left,secondary_composite,secondary_composite,mechanistic_composite,,,secondary,dMRI_composite_tbss,tract_geometry_like,external capsule (left),composite,True,False
tract_geometry_like__tbss__external_capsule_right,secondary_composite,secondary_composite,mechanistic_composite,,,secondary,dMRI_composite_tbss,tract_geometry_like,external capsule (right),composite,True,False
tract_geometry_like__wm__forceps_major,secondary_composite,secondary_composite,mechanistic_composite,,,secondary,dMRI_composite_wm,tract_geometry_like,forceps major,composite,True,False
tract_geometry_like__wm__forceps_minor,secondary_composite,secondary_composite,mechanistic_composite,,,secondary,dMRI_composite_wm,tract_geometry_like,forceps minor,composite,True,False
tract_geometry_like__tbss__fornix,secondary_composite,secondary_composite,mechanistic_composite,,,secondary,dMRI_composite_tbss,tract_geometry_like,fornix,composite,True,False
tract_geometry_like__tbss__fornix_cres_stria_terminalis_left,secondary_composite,secondary_composite,mechanistic_composite,,,secondary,dMRI_composite_tbss,tract_geometry_like,fornix cres+stria terminalis (left),composite,True,False
tract_geometry_like__tbss__fornix_cres_stria_terminalis_right,secondary_composite,secondary_composite,mechanistic_composite,,,secondary,dMRI_composite_tbss,tract_geometry_like,fornix cres+stria terminalis (right),composite,True,False
tract_geometry_like__tbss__genu_of_corpus_callosum,secondary_composite,secondary_composite,mechanistic_composite,,,secondary,dMRI_composite_tbss,tract_geometry_like,genu of corpus callosum,composite,True,False
tract_geometry_like__tbss__inferior_cerebellar_peduncle_left,secondary_composite,secondary_composite,mechanistic_composite,,,secondary,dMRI_composite_tbss,tract_geometry_like,inferior cerebellar peduncle (left),composite,True,False
tract_geometry_like__tbss__inferior_cerebellar_peduncle_right,secondary_composite,secondary_composite,mechanistic_composite,,,secondary,dMRI_composite_tbss,tract_geometry_like,inferior cerebellar peduncle (right),composite,True,False
tract_geometry_like__wm__inferior_fronto_occipital_fasciculus_lef,secondary_composite,secondary_composite,mechanistic_composite,,,secondary,dMRI_composite_wm,tract_geometry_like,inferior fronto-occipital fasciculus (left),composite,True,False
tract_geometry_like__wm__inferior_fronto_occipital_fasciculus_rig,secondary_composite,secondary_composite,mechanistic_composite,,,secondary,dMRI_composite_wm,tract_geometry_like,inferior fronto-occipital fasciculus (right),composite,True,False
tract_geometry_like__wm__inferior_longitudinal_fasciculus_left,secondary_composite,secondary_composite,mechanistic_composite,,,secondary,dMRI_composite_wm,tract_geometry_like,inferior longitudinal fasciculus (left),composite,True,False
tract_geometry_like__wm__inferior_longitudinal_fasciculus_right,secondary_composite,secondary_composite,mechanistic_composite,,,secondary,dMRI_composite_wm,tract_geometry_like,inferior longitudinal fasciculus (right),composite,True,False
tract_geometry_like__tbss__medial_lemniscus_left,secondary_composite,secondary_composite,mechanistic_composite,,,secondary,dMRI_composite_tbss,tract_geometry_like,medial lemniscus (left),composite,True,False
tract_geometry_like__wm__medial_lemniscus_left,secondary_composite,secondary_composite,mechanistic_composite,,,secondary,dMRI_composite_wm,tract_geometry_like,medial lemniscus (left),composite,True,False
tract_geometry_like__tbss__medial_lemniscus_right,secondary_composite,secondary_composite,mechanistic_composite,,,secondary,dMRI_composite_tbss,tract_geometry_like,medial lemniscus (right),composite,True,False
tract_geometry_like__wm__medial_lemniscus_right,secondary_composite,secondary_composite,mechanistic_composite,,,secondary,dMRI_composite_wm,tract_geometry_like,medial lemniscus (right),composite,True,False
tract_geometry_like__tbss__middle_cerebellar_peduncle,secondary_composite,secondary_composite,mechanistic_composite,,,secondary,dMRI_composite_tbss,tract_geometry_like,middle cerebellar peduncle,composite,True,False
tract_geometry_like__wm__middle_cerebellar_peduncle,secondary_composite,secondary_composite,mechanistic_composite,,,secondary,dMRI_composite_wm,tract_geometry_like,middle cerebellar peduncle,composite,True,False
tract_geometry_like__wm__parahippocampal_part_of_cingulum_left,secondary_composite,secondary_composite,mechanistic_composite,,,secondary,dMRI_composite_wm,tract_geometry_like,parahippocampal part of cingulum (left),composite,True,False
tract_geometry_like__wm__parahippocampal_part_of_cingulum_right,secondary_composite,secondary_composite,mechanistic_composite,,,secondary,dMRI_composite_wm,tract_geometry_like,parahippocampal part of cingulum (right),composite,True,False
tract_geometry_like__tbss__pontine_crossing_tract,secondary_composite,secondary_composite,mechanistic_composite,,,secondary,dMRI_composite_tbss,tract_geometry_like,pontine crossing tract,composite,True,False
tract_geometry_like__tbss__posterior_corona_radiata_left,secondary_composite,secondary_composite,mechanistic_composite,,,secondary,dMRI_composite_tbss,tract_geometry_like,posterior corona radiata (left),composite,True,False
tract_geometry_like__tbss__posterior_corona_radiata_right,secondary_composite,secondary_composite,mechanistic_composite,,,secondary,dMRI_composite_tbss,tract_geometry_like,posterior corona radiata (right),composite,True,False
tract_geometry_like__tbss__posterior_limb_of_internal_capsule_left,secondary_composite,secondary_composite,mechanistic_composite,,,secondary,dMRI_composite_tbss,tract_geometry_like,posterior limb of internal capsule (left),composite,True,False
tract_geometry_like__tbss__posterior_limb_of_internal_capsule_right,secondary_composite,secondary_composite,mechanistic_composite,,,secondary,dMRI_composite_tbss,tract_geometry_like,posterior limb of internal capsule (right),composite,True,False
tract_geometry_like__tbss__posterior_thalamic_radiation_left,secondary_composite,secondary_composite,mechanistic_composite,,,secondary,dMRI_composite_tbss,tract_geometry_like,posterior thalamic radiation (left),composite,True,False
tract_geometry_like__wm__posterior_thalamic_radiation_left,secondary_composite,secondary_composite,mechanistic_composite,,,secondary,dMRI_composite_wm,tract_geometry_like,posterior thalamic radiation (left),composite,True,False
tract_geometry_like__tbss__posterior_thalamic_radiation_right,secondary_composite,secondary_composite,mechanistic_composite,,,secondary,dMRI_composite_tbss,tract_geometry_like,posterior thalamic radiation (right),composite,True,False
tract_geometry_like__wm__posterior_thalamic_radiation_right,secondary_composite,secondary_composite,mechanistic_composite,,,secondary,dMRI_composite_wm,tract_geometry_like,posterior thalamic radiation (right),composite,True,False
tract_geometry_like__tbss__retrolenticular_part_of_internal_capsule,secondary_composite,secondary_composite,mechanistic_composite,,,secondary,dMRI_composite_tbss,tract_geometry_like,retrolenticular part of internal capsule (left),composite,True,False
tract_geometry_like__tbss__retrolenticular_part_of_internal_capsule,secondary_composite,secondary_composite,mechanistic_composite,,,secondary,dMRI_composite_tbss,tract_geometry_like,retrolenticular part of internal capsule (right),composite,True,False
tract_geometry_like__tbss__sagittal_stratum_left,secondary_composite,secondary_composite,mechanistic_composite,,,secondary,dMRI_composite_tbss,tract_geometry_like,sagittal stratum (left),composite,True,False
tract_geometry_like__tbss__sagittal_stratum_right,secondary_composite,secondary_composite,mechanistic_composite,,,secondary,dMRI_composite_tbss,tract_geometry_like,sagittal stratum (right),composite,True,False
tract_geometry_like__tbss__splenium_of_corpus_callosum,secondary_composite,secondary_composite,mechanistic_composite,,,secondary,dMRI_composite_tbss,tract_geometry_like,splenium of corpus callosum,composite,True,False
tract_geometry_like__tbss__superior_cerebellar_peduncle_left,secondary_composite,secondary_composite,mechanistic_composite,,,secondary,dMRI_composite_tbss,tract_geometry_like,superior cerebellar peduncle (left),composite,True,False
tract_geometry_like__tbss__superior_cerebellar_peduncle_right,secondary_composite,secondary_composite,mechanistic_composite,,,secondary,dMRI_composite_tbss,tract_geometry_like,superior cerebellar peduncle (right),composite,True,False
tract_geometry_like__tbss__superior_corona_radiata_left,secondary_composite,secondary_composite,mechanistic_composite,,,secondary,dMRI_composite_tbss,tract_geometry_like,superior corona radiata (left),composite,True,False
tract_geometry_like__tbss__superior_corona_radiata_right,secondary_composite,secondary_composite,mechanistic_composite,,,secondary,dMRI_composite_tbss,tract_geometry_like,superior corona radiata (right),composite,True,False
tract_geometry_like__tbss__superior_fronto_occipital_fasciculus_lef,secondary_composite,secondary_composite,mechanistic_composite,,,secondary,dMRI_composite_tbss,tract_geometry_like,superior fronto-occipital fasciculus (left),composite,True,False
tract_geometry_like__tbss__superior_fronto_occipital_fasciculus_rig,secondary_composite,secondary_composite,mechanistic_composite,,,secondary,dMRI_composite_tbss,tract_geometry_like,superior fronto-occipital fasciculus (right),composite,True,False
tract_geometry_like__tbss__superior_longitudinal_fasciculus_left,secondary_composite,secondary_composite,mechanistic_composite,,,secondary,dMRI_composite_tbss,tract_geometry_like,superior longitudinal fasciculus (left),composite,True,False
tract_geometry_like__wm__superior_longitudinal_fasciculus_left,secondary_composite,secondary_composite,mechanistic_composite,,,secondary,dMRI_composite_wm,tract_geometry_like,superior longitudinal fasciculus (left),composite,True,False
tract_geometry_like__tbss__superior_longitudinal_fasciculus_right,secondary_composite,secondary_composite,mechanistic_composite,,,secondary,dMRI_composite_tbss,tract_geometry_like,superior longitudinal fasciculus (right),composite,True,False
tract_geometry_like__wm__superior_longitudinal_fasciculus_right,secondary_composite,secondary_composite,mechanistic_composite,,,secondary,dMRI_composite_wm,tract_geometry_like,superior longitudinal fasciculus (right),composite,True,False
tract_geometry_like__wm__superior_thalamic_radiation_left,secondary_composite,secondary_composite,mechanistic_composite,,,secondary,dMRI_composite_wm,tract_geometry_like,superior thalamic radiation (left),composite,True,False
tract_geometry_like__wm__superior_thalamic_radiation_right,secondary_composite,secondary_composite,mechanistic_composite,,,secondary,dMRI_composite_wm,tract_geometry_like,superior thalamic radiation (right),composite,True,False
tract_geometry_like__tbss__tapetum_left,secondary_composite,secondary_composite,mechanistic_composite,,,secondary,dMRI_composite_tbss,tract_geometry_like,tapetum (left),composite,True,False
tract_geometry_like__tbss__tapetum_right,secondary_composite,secondary_composite,mechanistic_composite,,,secondary,dMRI_composite_tbss,tract_geometry_like,tapetum (right),composite,True,False
tract_geometry_like__tbss__uncinate_fasciculus_left,secondary_composite,secondary_composite,mechanistic_composite,,,secondary,dMRI_composite_tbss,tract_geometry_like,uncinate fasciculus (left),composite,True,False
tract_geometry_like__wm__uncinate_fasciculus_left,secondary_composite,secondary_composite,mechanistic_composite,,,secondary,dMRI_composite_wm,tract_geometry_like,uncinate fasciculus (left),composite,True,False
tract_geometry_like__tbss__uncinate_fasciculus_right,secondary_composite,secondary_composite,mechanistic_composite,,,secondary,dMRI_composite_tbss,tract_geometry_like,uncinate fasciculus (right),composite,True,False
tract_geometry_like__wm__uncinate_fasciculus_right,secondary_composite,secondary_composite,mechanistic_composite,,,secondary,dMRI_composite_wm,tract_geometry_like,uncinate fasciculus (right),composite,True,False
roi__superior_cerebellar_peduncle_left__PC1,secondary_roi_pca,secondary_roi_pca,dimension_reduction,,,secondary,dMRI_roi_pca,PC1,superior cerebellar peduncle (left),roi_pca,True,False
roi__superior_cerebellar_peduncle_left__PC2,secondary_roi_pca,secondary_roi_pca,dimension_reduction,,,secondary,dMRI_roi_pca,PC2,superior cerebellar peduncle (left),roi_pca,True,False
roi__superior_cerebellar_peduncle_right__PC1,secondary_roi_pca,secondary_roi_pca,dimension_reduction,,,secondary,dMRI_roi_pca,PC1,superior cerebellar peduncle (right),roi_pca,True,False
roi__superior_cerebellar_peduncle_right__PC2,secondary_roi_pca,secondary_roi_pca,dimension_reduction,,,secondary,dMRI_roi_pca,PC2,superior cerebellar peduncle (right),roi_pca,True,False
roi__body_of_corpus_callosum__PC1,secondary_roi_pca,secondary_roi_pca,dimension_reduction,,,secondary,dMRI_roi_pca,PC1,body of corpus callosum,roi_pca,True,False
roi__body_of_corpus_callosum__PC2,secondary_roi_pca,secondary_roi_pca,dimension_reduction,,,secondary,dMRI_roi_pca,PC2,body of corpus callosum,roi_pca,True,False
roi__genu_of_corpus_callosum__PC1,secondary_roi_pca,secondary_roi_pca,dimension_reduction,,,secondary,dMRI_roi_pca,PC1,genu of corpus callosum,roi_pca,True,False
roi__genu_of_corpus_callosum__PC2,secondary_roi_pca,secondary_roi_pca,dimension_reduction,,,secondary,dMRI_roi_pca,PC2,genu of corpus callosum,roi_pca,True,False
roi__splenium_of_corpus_callosum__PC1,secondary_roi_pca,secondary_roi_pca,dimension_reduction,,,secondary,dMRI_roi_pca,PC1,splenium of corpus callosum,roi_pca,True,False
roi__splenium_of_corpus_callosum__PC2,secondary_roi_pca,secondary_roi_pca,dimension_reduction,,,secondary,dMRI_roi_pca,PC2,splenium of corpus callosum,roi_pca,True,False
roi__genu_of_corpus_callosum__PC1,secondary_roi_pca,secondary_roi_pca,dimension_reduction,,,secondary,dMRI_roi_pca,PC1,genu of corpus callosum,roi_pca,True,False
roi__genu_of_corpus_callosum__PC2,secondary_roi_pca,secondary_roi_pca,dimension_reduction,,,secondary,dMRI_roi_pca,PC2,genu of corpus callosum,roi_pca,True,False
roi__splenium_of_corpus_callosum__PC1,secondary_roi_pca,secondary_roi_pca,dimension_reduction,,,secondary,dMRI_roi_pca,PC1,splenium of corpus callosum,roi_pca,True,False
roi__splenium_of_corpus_callosum__PC2,secondary_roi_pca,secondary_roi_pca,dimension_reduction,,,secondary,dMRI_roi_pca,PC2,splenium of corpus callosum,roi_pca,True,False
roi__anterior_limb_of_internal_capsule_left__PC1,secondary_roi_pca,secondary_roi_pca,dimension_reduction,,,secondary,dMRI_roi_pca,PC1,anterior limb of internal capsule (left),roi_pca,True,False
roi__anterior_limb_of_internal_capsule_left__PC2,secondary_roi_pca,secondary_roi_pca,dimension_reduction,,,secondary,dMRI_roi_pca,PC2,anterior limb of internal capsule (left),roi_pca,True,False
roi__anterior_limb_of_internal_capsule_right__PC1,secondary_roi_pca,secondary_roi_pca,dimension_reduction,,,secondary,dMRI_roi_pca,PC1,anterior limb of internal capsule (right),roi_pca,True,False
roi__anterior_limb_of_internal_capsule_right__PC2,secondary_roi_pca,secondary_roi_pca,dimension_reduction,,,secondary,dMRI_roi_pca,PC2,anterior limb of internal capsule (right),roi_pca,True,False
roi__posterior_limb_of_internal_capsule_left__PC1,secondary_roi_pca,secondary_roi_pca,dimension_reduction,,,secondary,dMRI_roi_pca,PC1,posterior limb of internal capsule (left),roi_pca,True,False
roi__posterior_limb_of_internal_capsule_left__PC2,secondary_roi_pca,secondary_roi_pca,dimension_reduction,,,secondary,dMRI_roi_pca,PC2,posterior limb of internal capsule (left),roi_pca,True,False
roi__posterior_limb_of_internal_capsule_right__PC1,secondary_roi_pca,secondary_roi_pca,dimension_reduction,,,secondary,dMRI_roi_pca,PC1,posterior limb of internal capsule (right),roi_pca,True,False
roi__posterior_limb_of_internal_capsule_right__PC2,secondary_roi_pca,secondary_roi_pca,dimension_reduction,,,secondary,dMRI_roi_pca,PC2,posterior limb of internal capsule (right),roi_pca,True,False
roi__retrolenticular_part_of_internal_capsule__PC1,secondary_roi_pca,secondary_roi_pca,dimension_reduction,,,secondary,dMRI_roi_pca,PC1,retrolenticular part of internal capsule (left),roi_pca,True,False
roi__retrolenticular_part_of_internal_capsule__PC2,secondary_roi_pca,secondary_roi_pca,dimension_reduction,,,secondary,dMRI_roi_pca,PC2,retrolenticular part of internal capsule (left),roi_pca,True,False
roi__retrolenticular_part_of_internal_capsule__PC1,secondary_roi_pca,secondary_roi_pca,dimension_reduction,,,secondary,dMRI_roi_pca,PC1,retrolenticular part of internal capsule (right),roi_pca,True,False
roi__retrolenticular_part_of_internal_capsule__PC2,secondary_roi_pca,secondary_roi_pca,dimension_reduction,,,secondary,dMRI_roi_pca,PC2,retrolenticular part of internal capsule (right),roi_pca,True,False
roi__corticospinal_tract_left__PC1,secondary_roi_pca,secondary_roi_pca,dimension_reduction,,,secondary,dMRI_roi_pca,PC1,corticospinal tract (left),roi_pca,True,False
roi__corticospinal_tract_left__PC2,secondary_roi_pca,secondary_roi_pca,dimension_reduction,,,secondary,dMRI_roi_pca,PC2,corticospinal tract (left),roi_pca,True,False
roi__corticospinal_tract_right__PC1,secondary_roi_pca,secondary_roi_pca,dimension_reduction,,,secondary,dMRI_roi_pca,PC1,corticospinal tract (right),roi_pca,True,False
roi__corticospinal_tract_right__PC2,secondary_roi_pca,secondary_roi_pca,dimension_reduction,,,secondary,dMRI_roi_pca,PC2,corticospinal tract (right),roi_pca,True,False
roi__posterior_thalamic_radiation_left__PC1,secondary_roi_pca,secondary_roi_pca,dimension_reduction,,,secondary,dMRI_roi_pca,PC1,posterior thalamic radiation (left),roi_pca,True,False
roi__posterior_thalamic_radiation_left__PC2,secondary_roi_pca,secondary_roi_pca,dimension_reduction,,,secondary,dMRI_roi_pca,PC2,posterior thalamic radiation (left),roi_pca,True,False
roi__posterior_thalamic_radiation_right__PC1,secondary_roi_pca,secondary_roi_pca,dimension_reduction,,,secondary,dMRI_roi_pca,PC1,posterior thalamic radiation (right),roi_pca,True,False
roi__posterior_thalamic_radiation_right__PC2,secondary_roi_pca,secondary_roi_pca,dimension_reduction,,,secondary,dMRI_roi_pca,PC2,posterior thalamic radiation (right),roi_pca,True,False
roi__inferior_longitudinal_fasciculus_left__PC1,secondary_roi_pca,secondary_roi_pca,dimension_reduction,,,secondary,dMRI_roi_pca,PC1,inferior longitudinal fasciculus (left),roi_pca,True,False
roi__inferior_longitudinal_fasciculus_left__PC2,secondary_roi_pca,secondary_roi_pca,dimension_reduction,,,secondary,dMRI_roi_pca,PC2,inferior longitudinal fasciculus (left),roi_pca,True,False
roi__inferior_longitudinal_fasciculus_right__PC1,secondary_roi_pca,secondary_roi_pca,dimension_reduction,,,secondary,dMRI_roi_pca,PC1,inferior longitudinal fasciculus (right),roi_pca,True,False
roi__inferior_longitudinal_fasciculus_right__PC2,secondary_roi_pca,secondary_roi_pca,dimension_reduction,,,secondary,dMRI_roi_pca,PC2,inferior longitudinal fasciculus (right),roi_pca,True,False
roi__sagittal_stratum_left__PC1,secondary_roi_pca,secondary_roi_pca,dimension_reduction,,,secondary,dMRI_roi_pca,PC1,sagittal stratum (left),roi_pca,True,False
roi__sagittal_stratum_left__PC2,secondary_roi_pca,secondary_roi_pca,dimension_reduction,,,secondary,dMRI_roi_pca,PC2,sagittal stratum (left),roi_pca,True,False
roi__sagittal_stratum_right__PC1,secondary_roi_pca,secondary_roi_pca,dimension_reduction,,,secondary,dMRI_roi_pca,PC1,sagittal stratum (right),roi_pca,True,False
roi__sagittal_stratum_right__PC2,secondary_roi_pca,secondary_roi_pca,dimension_reduction,,,secondary,dMRI_roi_pca,PC2,sagittal stratum (right),roi_pca,True,False
